ubicacion fin,Código,Fecha inicio,Departamento,Departamento_1,Posición,Modalidad,Género,Fecha de nacimiento,Fecha de ingreso,Fecha de Cese
Pvea Miraflores,10712,2026-05-01 00:00:00,'-,Administración,Asistente De Tienda,Full Time,Femenino,1987-05-15 00:00:00,2009-06-01 00:00:00,
Pvea Miraflores,108279,2026-05-01 00:00:00,'-,Almacén,Repres. De Servicios,Full Time,Masculino,1999-06-19 00:00:00,2024-11-01 00:00:00,2026-05-15 00:00:00
Pvea Miraflores,10922,2026-05-01 00:00:00,'-,Administración,Subgerente De Tienda,Full Time,Masculino,1989-05-26 00:00:00,2008-04-02 00:00:00,
Pvea Miraflores,11215671,2026-05-01 00:00:00,'-,Cajas,Supervisor De Cajeros,Full Time,Masculino,2002-07-27 00:00:00,2024-04-01 00:00:00,
Pvea Miraflores,11244,2026-05-01 00:00:00,'-,Recepción E Inventarios,Auxiliar De Inventarios,Full Time,Masculino,1992-07-22 00:00:00,2013-07-11 00:00:00,
Pvea Miraflores,11471369,2026-05-01 00:00:00,'-,Cajas,Multifuncional 5X2 1Er Turno,Part Time,Masculino,2001-11-07 00:00:00,2022-10-28 00:00:00,
Pvea Miraflores,116,2026-05-01 00:00:00,'-,Administración,Subgerente De Tienda,Full Time,Masculino,1980-12-29 00:00:00,2003-06-01 00:00:00,
Pvea Miraflores,11639932,2026-05-01 00:00:00,'-,Sala Frescos,Repres. De Servicios,Part Time,Masculino,2004-11-02 00:00:00,2023-01-24 00:00:00,
Pvea Miraflores,11640264,2026-05-01 00:00:00,'-,Cajas,Repres. De Servicios,Part Time,Masculino,2002-09-28 00:00:00,2022-12-01 00:00:00,
Pvea Miraflores,11670565,2026-05-01 00:00:00,'-,Cajas,Multifuncional,Part Time,Femenino,1990-06-09 00:00:00,2022-12-06 00:00:00,
Pvea Miraflores,11721792,2026-05-01 00:00:00,'-,Recepción E Inventarios,Auxiliar De Inventarios,Full Time,Masculino,2002-04-17 00:00:00,2024-04-03 00:00:00,
Pvea Miraflores,1173,2026-05-01 00:00:00,'-,Sala Frescos,Repres. De Servicios I,Full Time,Femenino,1980-08-21 00:00:00,2014-08-05 00:00:00,
Pvea Miraflores,11919846,2026-05-01 00:00:00,'-,Recepción,Repres. De Servicios,Full Time,Masculino,2004-10-27 00:00:00,2024-05-01 00:00:00,
Pvea Miraflores,11968470,2026-05-01 00:00:00,'-,Sala Frescos,Repres. De Servicios,Full Time,Femenino,2004-12-19 00:00:00,2023-03-21 00:00:00,
Pvea Miraflores,11975834,2026-05-01 00:00:00,'-,Sala Frescos,Repres. De Servicios,Full Time,Femenino,1990-07-17 00:00:00,2023-03-24 00:00:00,2026-05-03 00:00:00
Pvea Miraflores,11995789,2026-05-01 00:00:00,'-,Sala Frescos,Jefe De Seccion,Full Time,Masculino,2001-01-20 00:00:00,2024-04-01 00:00:00,
Pvea Miraflores,12064373,2026-05-01 00:00:00,'-,Almacén Frescos,Repres. De Servicios I,Full Time,Masculino,1995-10-25 00:00:00,2024-04-01 00:00:00,
Pvea Miraflores,12103937,2026-05-01 00:00:00,'-,Almacén Frescos,Repres. De Servicios,Full Time,Masculino,1993-04-22 00:00:00,2023-04-27 00:00:00,
Pvea Miraflores,12179728,2026-05-01 00:00:00,'-,Sala,Multifuncional,Full Time,Masculino,1991-06-16 00:00:00,2025-03-01 00:00:00,
Pvea Miraflores,12302,2026-05-01 00:00:00,'-,Recepción,Repres. De Servicios,Full Time,Masculino,1974-10-26 00:00:00,2019-01-22 00:00:00,
Pvea Miraflores,12341116,2026-05-01 00:00:00,'-,Cajas,Supervisor De Cajeros,Full Time,Femenino,2002-07-31 00:00:00,2026-04-01 00:00:00,
Pvea Miraflores,12478604,2026-05-01 00:00:00,'-,Cajas,Multifuncional 5X2,Part Time,Masculino,2003-06-28 00:00:00,2023-08-17 00:00:00,
Pvea Miraflores,13800552,2026-05-01 00:00:00,'-,Almacén Frescos,Repres. De Servicios,Full Time,Masculino,1975-09-29 00:00:00,2024-01-10 00:00:00,
Pvea Miraflores,14029100,2026-05-01 00:00:00,'-,Recepción E Inventarios,Auxiliar De Inventarios,Full Time,Masculino,1996-08-14 00:00:00,2024-02-07 00:00:00,
Pvea Miraflores,14198239,2026-05-01 00:00:00,'-,Cajas,Multifuncional,Part Time,Femenino,2005-08-10 00:00:00,2024-02-14 00:00:00,2026-06-05 00:00:00
Pvea Miraflores,14574,2026-05-01 00:00:00,'-,Sala,Repres. De Servicios I,Full Time,Masculino,1969-09-18 00:00:00,2013-09-19 00:00:00,
Pvea Miraflores,14788217,2026-05-01 00:00:00,'-,Cajas,Multifuncional,Full Time,Femenino,1998-11-15 00:00:00,2025-04-01 00:00:00,
Pvea Miraflores,14858577,2026-05-01 00:00:00,'-,Electro,Repres. De Servicios,Full Time,Masculino,2006-01-14 00:00:00,2026-05-27 00:00:00,
Pvea Miraflores,14858766,2026-05-01 00:00:00,'-,Sala Frescos,Repres. De Servicios,Full Time,Femenino,1975-10-04 00:00:00,2025-01-01 00:00:00,
Pvea Miraflores,15874352,2026-05-01 00:00:00,'-,Cajas,Multifuncional 5X2 1Er Turno,Part Time,Masculino,2003-05-10 00:00:00,2024-05-23 00:00:00,
Pvea Miraflores,15985097,2026-05-01 00:00:00,'-,Sala Frescos,Repres. De Servicios,Part Time,Masculino,2002-01-04 00:00:00,2024-06-06 00:00:00,
Pvea Miraflores,16025222,2026-05-01 00:00:00,'-,Sala,Multifuncional,Part Time,Masculino,2006-03-03 00:00:00,2024-06-17 00:00:00,
Pvea Miraflores,16599143,2026-05-01 00:00:00,'-,Sala Frescos,Repres. De Servicios,Part Time,Masculino,1979-07-19 00:00:00,2024-08-09 00:00:00,
Pvea Miraflores,16867095,2026-05-01 00:00:00,'-,Cajas,Multifuncional 5X2 1Er Turno,Part Time,Femenino,2006-03-15 00:00:00,2024-09-11 00:00:00,
Pvea Miraflores,17293470,2026-05-01 00:00:00,'-,Cajas,Multifuncional,Full Time,Femenino,2006-10-08 00:00:00,2025-06-01 00:00:00,
Pvea Miraflores,17304094,2026-05-01 00:00:00,'-,Recepción,Repres. De Servicios,Full Time,Masculino,2004-07-30 00:00:00,2025-05-01 00:00:00,
Pvea Miraflores,17533983,2026-05-01 00:00:00,'-,Cajas,Representante De Servicio 5X2 D,Part Time,Masculino,1995-04-11 00:00:00,2024-11-19 00:00:00,
Pvea Miraflores,17659,2026-05-01 00:00:00,'-,Sala,Jefe De Seccion,Full Time,Femenino,1979-09-22 00:00:00,2012-01-15 00:00:00,
Pvea Miraflores,17732286,2026-05-01 00:00:00,'-,Cajas,Multifuncional,Part Time,Femenino,1988-11-21 00:00:00,2024-12-06 00:00:00,
Pvea Miraflores,17732526,2026-05-01 00:00:00,'-,Cajas,Repres. De Servicios,Full Time,Femenino,2004-07-24 00:00:00,2024-12-06 00:00:00,
Pvea Miraflores,17835529,2026-05-01 00:00:00,'-,Cajas,Multifuncional,Part Time,Femenino,1979-03-14 00:00:00,2024-12-19 00:00:00,
Pvea Miraflores,17943,2026-05-01 00:00:00,'-,Administración,Gerente De Tienda,Full Time,Femenino,1987-03-27 00:00:00,2007-02-01 00:00:00,
Pvea Miraflores,17955881,2026-05-01 00:00:00,'-,Sala,Repres. De Servicios,Part Time,Masculino,2002-06-08 00:00:00,2025-01-23 00:00:00,
Pvea Miraflores,18028642,2026-05-01 00:00:00,'-,Sala Frescos,Repres. De Servicios,Full Time,Femenino,2006-08-25 00:00:00,2025-02-06 00:00:00,
Pvea Miraflores,18085472,2026-05-01 00:00:00,'-,Sala,Repres. De Servicios,Part Time,Femenino,2007-01-17 00:00:00,2025-02-14 00:00:00,
Pvea Miraflores,18154,2026-05-01 00:00:00,'-,Sala Frescos,Repres. De Servicios,Part Time,Masculino,1995-05-26 00:00:00,2024-07-01 00:00:00,2026-06-01 00:00:00
Pvea Miraflores,18329320,2026-05-01 00:00:00,'-,Sala Frescos,Repres. De Servicios,Full Time,Femenino,1977-06-11 00:00:00,2025-03-21 00:00:00,
Pvea Miraflores,18329447,2026-05-01 00:00:00,'-,Sala,Repres. De Servicios,Part Time,Femenino,2006-05-20 00:00:00,2025-03-21 00:00:00,
Pvea Miraflores,18329456,2026-05-01 00:00:00,'-,Sala Frescos,Repres. De Servicios,Part Time,Femenino,1977-10-13 00:00:00,2025-03-21 00:00:00,
Pvea Miraflores,18357026,2026-05-01 00:00:00,'-,Cajas,Representante De Servicio 5X2 D,Part Time,Masculino,2002-02-11 00:00:00,2025-04-03 00:00:00,
Pvea Miraflores,18625925,2026-05-01 00:00:00,'-,Cajas,Multifuncional,Full Time,Masculino,1997-06-21 00:00:00,2025-04-25 00:00:00,
Pvea Miraflores,18628261,2026-05-01 00:00:00,'-,Cajas,Multifuncional,Part Time,Masculino,2006-10-05 00:00:00,2025-04-29 00:00:00,2026-05-08 00:00:00
Pvea Miraflores,18633780,2026-05-01 00:00:00,'-,Cajas,Multifuncional 5X2,Part Time,Femenino,1997-03-11 00:00:00,2025-05-02 00:00:00,
Pvea Miraflores,18633816,2026-05-01 00:00:00,'-,Cajas,Multifuncional Fds,Part Time,Masculino,2004-10-10 00:00:00,2025-05-02 00:00:00,
Pvea Miraflores,18704492,2026-05-01 00:00:00,'-,Cajas,Asistente De Self Check Out,Full Time,Femenino,1999-12-02 00:00:00,2025-05-23 00:00:00,
Pvea Miraflores,18833623,2026-05-01 00:00:00,'-,Sala Frescos,Repres. De Servicios,Part Time,Masculino,2005-01-16 00:00:00,2025-07-09 00:00:00,
Pvea Miraflores,18904963,2026-05-01 00:00:00,'-,Almacén,Repres. De Servicios,Part Time,Masculino,2005-02-18 00:00:00,2025-07-22 00:00:00,
Pvea Miraflores,18955453,2026-05-01 00:00:00,'-,Almacén Frescos,Repres. De Servicios,Part Time,Masculino,1989-01-08 00:00:00,2025-08-13 00:00:00,
Pvea Miraflores,18958496,2026-05-01 00:00:00,'-,Almacén Frescos,Repres. De Servicios,Part Time,Masculino,2005-11-21 00:00:00,2025-08-22 00:00:00,
Pvea Miraflores,18961460,2026-05-01 00:00:00,'-,Cajas,Multifuncional Fds,Part Time,Femenino,2003-03-12 00:00:00,2025-09-02 00:00:00,
Pvea Miraflores,18961461,2026-05-01 00:00:00,'-,Cajas,Multifuncional 5X2 1Er Turno,Part Time,Masculino,2002-03-08 00:00:00,2025-09-02 00:00:00,
Pvea Miraflores,18961462,2026-05-01 00:00:00,'-,Cajas,Multifuncional 5X2 1Er Turno,Part Time,Femenino,2007-02-11 00:00:00,2025-09-02 00:00:00,
Pvea Miraflores,18961480,2026-05-01 00:00:00,'-,Cajas,Multifuncional,Full Time,Femenino,2006-04-24 00:00:00,2025-09-02 00:00:00,
Pvea Miraflores,18962085,2026-05-01 00:00:00,'-,Cajas,Multifuncional,Part Time,Femenino,2001-06-24 00:00:00,2025-09-02 00:00:00,
Pvea Miraflores,18964543,2026-05-01 00:00:00,'-,Sala,Repres. De Servicios,Part Time,Femenino,2005-05-12 00:00:00,2025-09-10 00:00:00,
Pvea Miraflores,18964544,2026-05-01 00:00:00,'-,Sala,Multifuncional,Part Time,Masculino,2006-01-07 00:00:00,2025-09-10 00:00:00,
Pvea Miraflores,18964545,2026-05-01 00:00:00,'-,Almacén,Repres. De Servicios,Part Time,Masculino,2002-07-04 00:00:00,2025-09-10 00:00:00,2026-06-01 00:00:00
Pvea Miraflores,18965163,2026-05-01 00:00:00,'-,Almacén,Repres. De Servicios,Part Time,Masculino,2006-11-17 00:00:00,2025-09-12 00:00:00,
Pvea Miraflores,18965167,2026-05-01 00:00:00,'-,Almacén,Repres. De Servicios,Part Time,Masculino,2006-02-26 00:00:00,2025-09-12 00:00:00,2026-05-01 00:00:00
Pvea Miraflores,18967914,2026-05-01 00:00:00,'-,Almacén,Repres. De Servicios,Part Time,Masculino,2005-02-02 00:00:00,2025-09-22 00:00:00,2026-05-31 00:00:00
Pvea Miraflores,18969913,2026-05-01 00:00:00,'-,Sala Frescos,Repres. De Servicios,Full Time,Femenino,2005-02-25 00:00:00,2026-05-22 00:00:00,
Pvea Miraflores,18971586,2026-05-01 00:00:00,'-,Sala Frescos,Repres. De Servicios,Full Time,Femenino,2001-05-27 00:00:00,2026-02-01 00:00:00,
Pvea Miraflores,18971973,2026-05-01 00:00:00,'-,Sala Frescos,Repres. De Servicios,Part Time,Femenino,2007-09-18 00:00:00,2025-10-06 00:00:00,
Pvea Miraflores,18975262,2026-05-01 00:00:00,'-,Cajas,Multifuncional 5X2 1Er Turno,Part Time,Femenino,2006-04-05 00:00:00,2025-10-22 00:00:00,
Pvea Miraflores,18975264,2026-05-01 00:00:00,'-,Almacén Frescos,Repres. De Servicios,Part Time,Masculino,1997-07-30 00:00:00,2025-10-22 00:00:00,
Pvea Miraflores,18975970,2026-05-01 00:00:00,'-,Sala Frescos,Repres. De Servicios,Part Time,Femenino,2007-09-05 00:00:00,2025-10-24 00:00:00,2026-05-10 00:00:00
Pvea Miraflores,18975971,2026-05-01 00:00:00,'-,Sala Frescos,Repres. De Servicios,Part Time,Masculino,2007-03-01 00:00:00,2025-10-24 00:00:00,
Pvea Miraflores,18975999,2026-05-01 00:00:00,'-,Sala Frescos,Repres. De Servicios,Part Time,Masculino,1995-12-20 00:00:00,2025-10-24 00:00:00,
Pvea Miraflores,18982833,2026-05-01 00:00:00,'-,Sala Frescos,Repres. De Servicios,Part Time,Masculino,2003-03-16 00:00:00,2025-11-27 00:00:00,2026-05-01 00:00:00
Pvea Miraflores,18982901,2026-05-01 00:00:00,'-,Cajas,Multifuncional 5X2,Part Time,Femenino,2007-01-09 00:00:00,2025-11-27 00:00:00,
Pvea Miraflores,18984990,2026-05-01 00:00:00,'-,Cajas,Multifuncional 5X2 1Er Turno,Part Time,Femenino,2001-06-15 00:00:00,2025-12-04 00:00:00,
Pvea Miraflores,18985922,2026-05-01 00:00:00,'-,Cajas,Multifuncional Fds,Part Time,Femenino,2000-02-28 00:00:00,2025-12-05 00:00:00,2026-05-01 00:00:00
Pvea Miraflores,18985924,2026-05-01 00:00:00,'-,Sala Frescos,Repres. De Servicios,Part Time,Femenino,2005-05-08 00:00:00,2025-12-05 00:00:00,
Pvea Miraflores,18986401,2026-05-01 00:00:00,'-,Sala Frescos,Repres. De Servicios,Part Time,Masculino,2005-05-24 00:00:00,2025-12-06 00:00:00,2026-05-01 00:00:00
Pvea Miraflores,18986416,2026-05-01 00:00:00,'-,Sala Frescos,Repres. De Servicios,Part Time,Femenino,2007-11-16 00:00:00,2025-12-06 00:00:00,
Pvea Miraflores,18987519,2026-05-01 00:00:00,'-,Sala,Repres. De Servicios,Part Time,Femenino,1978-05-25 00:00:00,2025-12-13 00:00:00,
Pvea Miraflores,18987521,2026-05-01 00:00:00,'-,Sala,Repres. De Servicios,Part Time,Masculino,2006-03-20 00:00:00,2025-12-13 00:00:00,
Pvea Miraflores,18988240,2026-05-01 00:00:00,'-,Sala,Multifuncional,Part Time,Femenino,2007-08-29 00:00:00,2025-12-12 00:00:00,
Pvea Miraflores,18990387,2026-05-01 00:00:00,'-,Almacén,Repres. De Servicios,Part Time,Masculino,2000-08-30 00:00:00,2025-12-22 00:00:00,
Pvea Miraflores,18995135,2026-05-01 00:00:00,'-,Sala,Repres. De Servicios,Part Time,Masculino,2007-01-06 00:00:00,2026-01-14 00:00:00,
Pvea Miraflores,18995138,2026-05-01 00:00:00,'-,Sala Frescos,Repres. De Servicios,Part Time,Femenino,2004-09-26 00:00:00,2026-01-14 00:00:00,
Pvea Miraflores,18997736,2026-05-01 00:00:00,'-,Cajas,Multifuncional 5X2 1Er Turno,Part Time,Femenino,1979-08-25 00:00:00,2026-01-23 00:00:00,
Pvea Miraflores,18998934,2026-05-01 00:00:00,'-,Sala Frescos,Repres. De Servicios,Part Time,Masculino,2004-07-30 00:00:00,2026-01-28 00:00:00,
Pvea Miraflores,18998935,2026-05-01 00:00:00,'-,Sala Frescos,Repres. De Servicios,Part Time,Femenino,2007-02-04 00:00:00,2026-01-28 00:00:00,
Pvea Miraflores,18998999,2026-05-01 00:00:00,'-,Cajas,Asistente De Self Check Out Pt,Part Time,Femenino,2001-11-14 00:00:00,2026-01-28 00:00:00,
Pvea Miraflores,18999785,2026-05-01 00:00:00,'-,Cajas,Multifuncional,Part Time,Femenino,2003-01-12 00:00:00,2026-02-02 00:00:00,
Pvea Miraflores,18999803,2026-05-01 00:00:00,'-,Sala,Repres. De Servicios,Part Time,Femenino,2000-09-22 00:00:00,2026-02-02 00:00:00,
Pvea Miraflores,18999814,2026-05-01 00:00:00,'-,Administración,Trainee Gerente De Tienda,Full Time,Femenino,1990-01-07 00:00:00,2026-02-02 00:00:00,
Pvea Miraflores,19001144,2026-05-01 00:00:00,'-,Cajas,Multifuncional 5X2 1Er Turno,Part Time,Femenino,2004-11-09 00:00:00,2026-02-06 00:00:00,
Pvea Miraflores,19001147,2026-05-01 00:00:00,'-,Electro,Repres. De Servicios,Part Time,Masculino,2002-03-20 00:00:00,2026-02-06 00:00:00,
Pvea Miraflores,19001178,2026-05-01 00:00:00,'-,Sala,Multifuncional,Full Time,Femenino,1969-09-29 00:00:00,2026-02-06 00:00:00,2026-05-05 00:00:00
Pvea Miraflores,19001204,2026-05-01 00:00:00,'-,Sala Frescos,Repres. De Servicios,Part Time,Masculino,2007-11-26 00:00:00,2026-02-06 00:00:00,
Pvea Miraflores,19001208,2026-05-01 00:00:00,'-,Cajas,Multifuncional,Full Time,Femenino,2004-11-02 00:00:00,2026-02-06 00:00:00,
Pvea Miraflores,19001209,2026-05-01 00:00:00,'-,Sala,Repres. De Servicios Fds,Part Time,Masculino,2004-02-25 00:00:00,2026-02-06 00:00:00,
Pvea Miraflores,19001302,2026-05-01 00:00:00,'-,Sala,Repres. De Servicios,Part Time,Masculino,2004-03-26 00:00:00,2026-02-06 00:00:00,
Pvea Miraflores,19001303,2026-05-01 00:00:00,'-,Sala,Repres. De Servicios,Part Time,Femenino,2002-06-28 00:00:00,2026-02-06 00:00:00,
Pvea Miraflores,19003143,2026-05-01 00:00:00,'-,Sala,Multifuncional 5X2 Campaña,Part Time,Femenino,2006-06-11 00:00:00,2026-02-13 00:00:00,
Pvea Miraflores,19003572,2026-05-01 00:00:00,'-,Administración,Trainee Subgerente De Tienda,Full Time,Femenino,1986-08-17 00:00:00,2026-02-16 00:00:00,2026-05-09 00:00:00
Pvea Miraflores,19006519,2026-05-01 00:00:00,'-,Recepción E Inventarios,Auxiliar De Inventarios,Full Time,Masculino,2002-02-21 00:00:00,2026-03-02 00:00:00,
Pvea Miraflores,19007212,2026-05-01 00:00:00,'-,Sala,Multifuncional 5X2 1Er Turno,Part Time,Masculino,2003-08-27 00:00:00,2026-03-04 00:00:00,
Pvea Miraflores,19007213,2026-05-01 00:00:00,'-,Sala Frescos,Repres. De Servicios,Part Time,Femenino,2004-05-03 00:00:00,2026-03-04 00:00:00,2026-05-13 00:00:00
Pvea Miraflores,19007217,2026-05-01 00:00:00,'-,Sala Frescos,Repres. De Servicios,Part Time,Femenino,2006-07-10 00:00:00,2026-03-04 00:00:00,
Pvea Miraflores,19007278,2026-05-01 00:00:00,'-,Sala Frescos,Repres. De Servicios,Part Time,Femenino,2006-10-15 00:00:00,2026-03-04 00:00:00,
Pvea Miraflores,19007792,2026-05-01 00:00:00,'-,Sala Frescos,Repres. De Servicios,Part Time,Masculino,2004-08-26 00:00:00,2026-03-06 00:00:00,
Pvea Miraflores,19009195,2026-05-01 00:00:00,'-,Sala,Multifuncional,Part Time,Masculino,2006-06-25 00:00:00,2026-03-13 00:00:00,
Pvea Miraflores,19009215,2026-05-01 00:00:00,'-,Sala Frescos,Repres. De Servicios,Part Time,Masculino,2003-09-15 00:00:00,2026-03-13 00:00:00,2026-05-31 00:00:00
Pvea Miraflores,19009231,2026-05-01 00:00:00,'-,Sala,Multifuncional,Part Time,Masculino,2007-02-26 00:00:00,2026-03-13 00:00:00,
Pvea Miraflores,19009234,2026-05-01 00:00:00,'-,Cajas,Multifuncional,Part Time,Femenino,2007-11-29 00:00:00,2026-03-13 00:00:00,2026-06-01 00:00:00
Pvea Miraflores,19010337,2026-05-01 00:00:00,'-,Sala Frescos,Repres. De Servicios Fds,Part Time,Masculino,2006-11-11 00:00:00,2026-03-18 00:00:00,
Pvea Miraflores,19011067,2026-05-01 00:00:00,'-,Sala,Repres. De Servicios,Part Time,Femenino,2007-02-25 00:00:00,2026-03-20 00:00:00,
Pvea Miraflores,19011122,2026-05-01 00:00:00,'-,Sala Frescos,Repres. De Servicios Fds,Part Time,Masculino,2000-09-07 00:00:00,2026-03-20 00:00:00,
Pvea Miraflores,19011123,2026-05-01 00:00:00,'-,Sala,Multifuncional,Part Time,Masculino,2007-07-31 00:00:00,2026-03-20 00:00:00,
Pvea Miraflores,19012601,2026-05-01 00:00:00,'-,Sala Frescos,Repres. De Servicios,Full Time,Femenino,2005-12-09 00:00:00,2026-03-27 00:00:00,
Pvea Miraflores,19013802,2026-05-01 00:00:00,'-,Cajas,Repres. De Servicios,Part Time,Masculino,2008-01-13 00:00:00,2026-04-01 00:00:00,2026-06-01 00:00:00
Pvea Miraflores,19013803,2026-05-01 00:00:00,'-,Cajas,Multifuncional 5X2 1Er Turno,Part Time,Femenino,1994-12-06 00:00:00,2026-04-01 00:00:00,
Pvea Miraflores,19014238,2026-05-01 00:00:00,'-,Cajas,Multifuncional,Part Time,Femenino,2003-04-24 00:00:00,2026-04-06 00:00:00,
Pvea Miraflores,19014239,2026-05-01 00:00:00,'-,Cajas,Multifuncional 5X2 1Er Turno,Part Time,Femenino,2005-09-09 00:00:00,2026-04-06 00:00:00,
Pvea Miraflores,19014278,2026-05-01 00:00:00,'-,Cajas,Multifuncional 5X2,Part Time,Masculino,2005-10-18 00:00:00,2026-04-06 00:00:00,
Pvea Miraflores,19014735,2026-05-01 00:00:00,'-,Sala Frescos,Repres. De Servicios,Full Time,Masculino,2007-01-08 00:00:00,2026-04-01 00:00:00,
Pvea Miraflores,19015975,2026-05-01 00:00:00,'-,Recepción,Repres. De Servicios,Part Time,Masculino,2001-11-26 00:00:00,2026-04-10 00:00:00,2026-05-01 00:00:00
Pvea Miraflores,19016059,2026-05-01 00:00:00,'-,Recepción,Repres. De Servicios,Full Time,Masculino,2001-08-23 00:00:00,2026-04-10 00:00:00,
Pvea Miraflores,19017433,2026-05-01 00:00:00,'-,Cajas,Asistente De Self Check Out Pt,Part Time,Femenino,2007-09-01 00:00:00,2026-04-15 00:00:00,
Pvea Miraflores,19018248,2026-05-01 00:00:00,'-,Cajas,Multifuncional,Part Time,Femenino,2006-04-24 00:00:00,2026-04-17 00:00:00,
Pvea Miraflores,19021541,2026-05-01 00:00:00,'-,Cajas,Multifuncional,Full Time,Femenino,2006-03-06 00:00:00,2026-04-30 00:00:00,
Pvea Miraflores,19021547,2026-05-01 00:00:00,'-,Cajas,Asistente De Self Check Out Pt,Part Time,Femenino,2008-04-02 00:00:00,2026-04-30 00:00:00,
Pvea Miraflores,19021559,2026-05-01 00:00:00,'-,Sala Frescos,Repres. De Servicios,Part Time,Masculino,2007-10-02 00:00:00,2026-04-30 00:00:00,
Pvea Miraflores,19021817,2026-05-01 00:00:00,'-,Sala Frescos,Repres. De Servicios,Part Time,Femenino,2005-02-04 00:00:00,2026-05-04 00:00:00,
Pvea Miraflores,19022663,2026-05-01 00:00:00,'-,Sala Frescos,Jefe De Seccion,Full Time,Masculino,1986-04-18 00:00:00,2026-05-07 00:00:00,
Pvea Miraflores,19022903,2026-05-01 00:00:00,'-,Cajas,Multifuncional 5X2 1Er Turno,Part Time,Femenino,2006-12-31 00:00:00,2026-05-08 00:00:00,
Pvea Miraflores,19022908,2026-05-01 00:00:00,'-,Sala Frescos,Repres. De Servicios,Part Time,Masculino,2006-09-09 00:00:00,2026-05-08 00:00:00,2026-06-01 00:00:00
Pvea Miraflores,19022909,2026-05-01 00:00:00,'-,Sala Frescos,Repres. De Servicios,Full Time,Masculino,2007-03-03 00:00:00,2026-05-08 00:00:00,
Pvea Miraflores,19022913,2026-05-01 00:00:00,'-,Sala,Repres. De Servicios,Part Time,Femenino,2007-05-11 00:00:00,2026-05-08 00:00:00,
Pvea Miraflores,19022914,2026-05-01 00:00:00,'-,Cajas,Multifuncional 5X2 1Er Turno,Part Time,Femenino,2004-06-25 00:00:00,2026-05-08 00:00:00,
Pvea Miraflores,19023392,2026-05-01 00:00:00,'-,Sala Frescos,Jefe De Seccion,Full Time,Masculino,1994-08-09 00:00:00,2026-05-11 00:00:00,
Pvea Miraflores,19023462,2026-05-01 00:00:00,'-,Cajas,Multifuncional,Full Time,Femenino,2004-12-08 00:00:00,2026-05-11 00:00:00,
Pvea Miraflores,19024231,2026-05-01 00:00:00,'-,Sala Frescos,Repres. De Servicios,Full Time,Masculino,2001-04-02 00:00:00,2026-05-13 00:00:00,2026-06-01 00:00:00
Pvea Miraflores,19024906,2026-05-01 00:00:00,'-,Sala Frescos,Repres. De Servicios,Full Time,Femenino,1975-02-10 00:00:00,2026-05-16 00:00:00,
Pvea Miraflores,19025787,2026-05-01 00:00:00,'-,Sala,Multifuncional,Full Time,Femenino,2006-08-28 00:00:00,2026-05-21 00:00:00,
Pvea Miraflores,19025966,2026-05-01 00:00:00,'-,Sala Frescos,Repres. De Servicios,Full Time,Femenino,2006-11-02 00:00:00,2026-05-22 00:00:00,
Pvea Miraflores,19026908,2026-05-01 00:00:00,'-,Almacén,Repres. De Servicios,Full Time,Masculino,2000-01-05 00:00:00,2026-05-27 00:00:00,
Pvea Miraflores,19026909,2026-05-01 00:00:00,'-,Sala,Repres. De Servicios,Part Time,Femenino,2007-02-26 00:00:00,2026-05-27 00:00:00,
Pvea Miraflores,19027163,2026-05-01 00:00:00,'-,Cajas,Multifuncional,Full Time,Femenino,1995-09-08 00:00:00,2026-05-28 00:00:00,
Pvea Miraflores,19027461,2026-05-01 00:00:00,'-,Sala Frescos,Repres. De Servicios,Part Time,Femenino,2008-04-15 00:00:00,2026-05-29 00:00:00,
Pvea Miraflores,203013,2026-05-01 00:00:00,'-,Electro,Vendedor,Full Time,Femenino,1968-11-24 00:00:00,2018-05-23 00:00:00,
Pvea Miraflores,203489,2026-05-01 00:00:00,'-,Cajas,Supervisor De Cajeros,Full Time,Femenino,1991-08-18 00:00:00,2025-05-01 00:00:00,
Pvea Miraflores,21147,2026-05-01 00:00:00,'-,Sala Frescos,Repres. De Servicios,Full Time,Masculino,1978-04-26 00:00:00,2011-03-01 00:00:00,
Pvea Miraflores,21448,2026-05-01 00:00:00,'-,Sala,Jefe De Seccion,Full Time,Femenino,1974-03-22 00:00:00,2012-10-01 00:00:00,
Pvea Miraflores,244437,2026-05-01 00:00:00,'-,Cajas,Jefe De Seccion,Full Time,Masculino,2000-05-19 00:00:00,2024-01-19 00:00:00,
Pvea Miraflores,24531,2026-05-01 00:00:00,'-,Almacén,Jefe De Seccion,Full Time,Masculino,1972-04-28 00:00:00,2008-09-01 00:00:00,
Pvea Miraflores,272289,2026-05-01 00:00:00,'-,Cajas,Supervisor De Cajeros,Full Time,Femenino,2000-01-19 00:00:00,2025-05-01 00:00:00,
Pvea Miraflores,298588,2026-05-01 00:00:00,'-,Sala,Multifuncional 5X2 1Er Turno,Part Time,Femenino,1985-12-22 00:00:00,2024-12-02 00:00:00,
Pvea Miraflores,301805,2026-05-01 00:00:00,'-,Sala,Multifuncional,Full Time,Masculino,1995-12-13 00:00:00,2020-01-20 00:00:00,
Pvea Miraflores,31455,2026-05-01 00:00:00,'-,Sala Frescos,Jefe De Seccion,Full Time,Masculino,1981-11-10 00:00:00,2016-01-18 00:00:00,
Pvea Miraflores,36202,2026-05-01 00:00:00,'-,Sala Frescos,Repres. De Servicios I,Full Time,Femenino,1992-05-22 00:00:00,2016-03-02 00:00:00,
Pvea Miraflores,41844,2026-05-01 00:00:00,'-,Sala Frescos,Repres. De Servicios,Full Time,Masculino,1984-09-10 00:00:00,2016-07-04 00:00:00,
Pvea Miraflores,42739,2026-05-01 00:00:00,'-,Sala,Jefe De Seccion,Full Time,Femenino,1998-06-14 00:00:00,2016-08-01 00:00:00,
Pvea Miraflores,4471156,2026-05-01 00:00:00,'-,Administración,Trainee Subgerente De Tienda,Full Time,Femenino,1997-03-27 00:00:00,2020-05-28 00:00:00,
Pvea Miraflores,52521,2026-05-01 00:00:00,'-,Sala Frescos,Chef,Full Time,Femenino,1978-06-24 00:00:00,2017-06-01 00:00:00,
Pvea Miraflores,55309,2026-05-01 00:00:00,'-,Sala Frescos,Repres. De Servicios,Full Time,Femenino,1990-10-28 00:00:00,2026-05-01 00:00:00,
Pvea Miraflores,7319599,2026-05-01 00:00:00,'-,Sala,Multifuncional,Full Time,Masculino,2000-02-10 00:00:00,2025-02-01 00:00:00,
Pvea Miraflores,7333607,2026-05-01 00:00:00,'-,Cajas,Asistente De Self Check Out Pt,Part Time,Femenino,1979-09-11 00:00:00,2021-09-22 00:00:00,
Pvea Miraflores,7333614,2026-05-01 00:00:00,'-,Cajas,Multifuncional,Full Time,Femenino,2003-03-03 00:00:00,2023-08-01 00:00:00,
Pvea Miraflores,811,2026-05-01 00:00:00,'-,Sala,Especialista En Bebidas,Full Time,Masculino,1977-11-17 00:00:00,2016-07-13 00:00:00,
Pvea Miraflores,919,2026-05-01 00:00:00,'-,Sala Frescos,Repres. De Servicios,Full Time,Femenino,1973-08-07 00:00:00,2014-05-05 00:00:00,
Pvea Miraflores,9278728,2026-05-01 00:00:00,'-,Sala,Multifuncional 5X2 1Er Turno,Part Time,Femenino,1989-10-12 00:00:00,2021-11-02 00:00:00,
Pvea Miraflores,98053,2026-05-01 00:00:00,'-,Cajas,Supervisor De Cajeros,Full Time,Masculino,1982-02-15 00:00:00,2019-03-05 00:00:00,
Pvea Miraflores,98931,2026-05-01 00:00:00,'-,Cajas,Multifuncional Eo,Full Time,Masculino,1960-11-16 00:00:00,2017-08-01 00:00:00,
Svea Corpac,103603,2026-05-01 00:00:00,'-,Cajas,Cajero 6X1,Full Time,Masculino,1986-06-08 00:00:00,2026-05-01 00:00:00,
Svea Corpac,10444413,2026-05-01 00:00:00,'-,Almacén,Repres. De Servicios,Part Time,Masculino,1997-07-27 00:00:00,2025-12-18 00:00:00,
Svea Corpac,104636,2026-05-01 00:00:00,'-,Almacén Frescos,Repres. De Servicios,Full Time,Femenino,1980-07-16 00:00:00,2023-06-15 00:00:00,
Svea Corpac,10618702,2026-05-01 00:00:00,'-,Sala Frescos,Jefe De Seccion,Full Time,Femenino,2000-12-25 00:00:00,2022-05-06 00:00:00,
Svea Corpac,11405933,2026-05-01 00:00:00,'-,Sala Frescos,Jefe De Seccion,Full Time,Masculino,2002-08-30 00:00:00,2023-02-01 00:00:00,
Svea Corpac,11448207,2026-05-01 00:00:00,'-,Cajas,Jefe De Seccion,Full Time,Femenino,2003-06-05 00:00:00,2024-06-01 00:00:00,
Svea Corpac,1198235,2026-05-01 00:00:00,'-,Sala,Jefe De Seccion,Full Time,Femenino,1994-03-19 00:00:00,2020-03-17 00:00:00,
Svea Corpac,12309872,2026-05-01 00:00:00,'-,Cajas,Cajero 6X1,Full Time,Femenino,2001-11-20 00:00:00,2026-04-01 00:00:00,
Svea Corpac,13351200,2026-05-01 00:00:00,'-,Sala,Repres. De Servicios,Full Time,Femenino,1999-01-28 00:00:00,2023-11-24 00:00:00,
Svea Corpac,14343,2026-05-01 00:00:00,'-,Almacén,Repres. De Servicios Eo,Full Time,Masculino,1958-09-28 00:00:00,2007-05-01 00:00:00,
Svea Corpac,14906401,2026-05-01 00:00:00,'-,Administración,Subgerente De Tienda,Full Time,Femenino,1990-05-26 00:00:00,2024-04-01 00:00:00,
Svea Corpac,15662741,2026-05-01 00:00:00,'-,Cajas,Supervisor De Cajeros,Full Time,Femenino,1999-08-09 00:00:00,2024-05-08 00:00:00,
Svea Corpac,15958778,2026-05-01 00:00:00,'-,Cajas,Cajero 5X2,Part Time,Masculino,1998-06-03 00:00:00,2024-06-03 00:00:00,
Svea Corpac,17487114,2026-05-01 00:00:00,'-,Sala Frescos,Repres. De Servicios,Full Time,Femenino,1974-07-29 00:00:00,2024-11-14 00:00:00,
Svea Corpac,17837560,2026-05-01 00:00:00,'-,Sala Frescos,Repres. De Servicios,Part Time,Masculino,2006-06-05 00:00:00,2024-12-20 00:00:00,
Svea Corpac,18304720,2026-05-01 00:00:00,'-,Almacén Frescos,Repres. De Servicios,Part Time,Masculino,1998-04-28 00:00:00,2025-03-13 00:00:00,
Svea Corpac,18339046,2026-05-01 00:00:00,'-,Cajas,Repres. De Servicios 5X2 Eo,Part Time,Masculino,1959-04-07 00:00:00,2025-03-24 00:00:00,
Svea Corpac,18720166,2026-05-01 00:00:00,'-,Sala Frescos,Repres. De Servicios,Full Time,Masculino,2005-07-03 00:00:00,2026-05-01 00:00:00,
Svea Corpac,18963005,2026-05-01 00:00:00,'-,Cajas,Cajero 5X2,Part Time,Masculino,2004-09-23 00:00:00,2025-09-06 00:00:00,
Svea Corpac,18964535,2026-05-01 00:00:00,'-,Cajas,Cajero 5X2,Part Time,Femenino,2005-09-23 00:00:00,2025-09-10 00:00:00,
Svea Corpac,18975493,2026-05-01 00:00:00,'-,Sala,Representante De Servicio 5X2 D,Part Time,Masculino,2003-03-23 00:00:00,2025-10-23 00:00:00,
Svea Corpac,18984722,2026-05-01 00:00:00,'-,Sala,Repres. De Servicios,Full Time,Femenino,2003-01-18 00:00:00,2026-05-13 00:00:00,
Svea Corpac,18987363,2026-05-01 00:00:00,'-,Almacén Frescos,Repres. De Servicios,Part Time,Masculino,2006-12-04 00:00:00,2025-12-11 00:00:00,
Svea Corpac,18987376,2026-05-01 00:00:00,'-,Sala Frescos,Repres. De Servicios,Part Time,Masculino,2007-05-13 00:00:00,2025-12-11 00:00:00,2026-05-06 00:00:00
Svea Corpac,18989492,2026-05-01 00:00:00,'-,Sala Frescos,Repres. De Servicios,Full Time,Femenino,2004-08-23 00:00:00,2026-05-01 00:00:00,
Svea Corpac,18989506,2026-05-01 00:00:00,'-,Almacén Frescos,Repres. De Servicios,Part Time,Masculino,2000-06-05 00:00:00,2025-12-18 00:00:00,
Svea Corpac,18992240,2026-05-01 00:00:00,'-,Almacén,Repres. De Servicios,Part Time,Masculino,2003-10-31 00:00:00,2026-01-02 00:00:00,
Svea Corpac,18993470,2026-05-01 00:00:00,'-,Sala,Repres. De Servicios,Full Time,Femenino,1999-05-13 00:00:00,2026-01-08 00:00:00,
Svea Corpac,18994401,2026-05-01 00:00:00,'-,Almacén,Repres. De Servicios,Part Time,Masculino,2005-12-29 00:00:00,2026-01-12 00:00:00,
Svea Corpac,18995823,2026-05-01 00:00:00,'-,Sala,Repres. De Servicios,Full Time,Masculino,2007-02-22 00:00:00,2026-01-16 00:00:00,
Svea Corpac,18996742,2026-05-01 00:00:00,'-,Almacén Frescos,Repres. De Servicios,Part Time,Masculino,2004-10-01 00:00:00,2026-01-20 00:00:00,
Svea Corpac,18996754,2026-05-01 00:00:00,'-,Almacén Frescos,Repres. De Servicios,Part Time,Masculino,2003-07-14 00:00:00,2026-01-20 00:00:00,
Svea Corpac,18996767,2026-05-01 00:00:00,'-,Sala Frescos,Repres. De Servicios,Part Time,Femenino,2005-03-08 00:00:00,2026-01-20 00:00:00,
Svea Corpac,18996785,2026-05-01 00:00:00,'-,Almacén Frescos,Repres. De Servicios,Part Time,Masculino,2007-08-15 00:00:00,2026-01-20 00:00:00,
Svea Corpac,18999000,2026-05-01 00:00:00,'-,Cajas,Cajero 6X1,Full Time,Femenino,1995-05-09 00:00:00,2026-01-28 00:00:00,2026-06-01 00:00:00
Svea Corpac,18999002,2026-05-01 00:00:00,'-,Cajas,Cajero 6X1,Full Time,Femenino,2007-07-22 00:00:00,2026-01-28 00:00:00,
Svea Corpac,19000739,2026-05-01 00:00:00,'-,Almacén Frescos,Repres. De Servicios,Part Time,Masculino,2003-09-12 00:00:00,2026-02-04 00:00:00,
Svea Corpac,19000741,2026-05-01 00:00:00,'-,Almacén,Repres. De Servicios,Part Time,Masculino,2007-11-26 00:00:00,2026-02-04 00:00:00,
Svea Corpac,19001610,2026-05-01 00:00:00,'-,Administración,Trainee Gerente De Tienda,Full Time,Masculino,1981-04-07 00:00:00,2026-02-09 00:00:00,
Svea Corpac,19002229,2026-05-01 00:00:00,'-,Sala,Repres. De Servicios,Full Time,Femenino,2001-04-22 00:00:00,2026-02-11 00:00:00,
Svea Corpac,19008731,2026-05-01 00:00:00,'-,Sala Frescos,Repres. De Servicios,Part Time,Femenino,2005-06-18 00:00:00,2026-03-11 00:00:00,
Svea Corpac,19009977,2026-05-01 00:00:00,'-,Sala Frescos,Repres. De Servicios,Part Time,Femenino,2007-09-21 00:00:00,2026-03-17 00:00:00,2026-05-01 00:00:00
Svea Corpac,19009980,2026-05-01 00:00:00,'-,Sala Frescos,Repres. De Servicios,Part Time,Masculino,2005-02-24 00:00:00,2026-03-17 00:00:00,
Svea Corpac,19010970,2026-05-01 00:00:00,'-,Sala,Repres. De Servicios,Part Time,Femenino,2002-05-15 00:00:00,2026-03-20 00:00:00,2026-06-01 00:00:00
Svea Corpac,19011050,2026-05-01 00:00:00,'-,Sala,Repres. De Servicios,Full Time,Femenino,2006-02-08 00:00:00,2026-03-20 00:00:00,
Svea Corpac,19011825,2026-05-01 00:00:00,'-,Cajas,Cajero 5X2,Part Time,Femenino,2006-11-21 00:00:00,2026-03-24 00:00:00,
Svea Corpac,19011843,2026-05-01 00:00:00,'-,Sala Frescos,Repres. De Servicios,Part Time,Femenino,2005-09-22 00:00:00,2026-03-24 00:00:00,2026-05-15 00:00:00
Svea Corpac,19012076,2026-05-01 00:00:00,'-,Sala,Repres. De Servicios,Full Time,Masculino,1994-01-05 00:00:00,2026-03-25 00:00:00,
Svea Corpac,19014689,2026-05-01 00:00:00,'-,Almacén,Jefe De Seccion,Full Time,Masculino,1989-07-23 00:00:00,2026-04-06 00:00:00,2026-05-04 00:00:00
Svea Corpac,19014692,2026-05-01 00:00:00,'-,Cajas,Cajero 5X2,Part Time,Masculino,2006-01-18 00:00:00,2026-04-06 00:00:00,
Svea Corpac,19017024,2026-05-01 00:00:00,'-,Sala Frescos,Repres. De Servicios,Full Time,Masculino,2007-06-02 00:00:00,2026-04-14 00:00:00,
Svea Corpac,19017026,2026-05-01 00:00:00,'-,Cajas,Cajero 6X1,Full Time,Masculino,2006-01-21 00:00:00,2026-04-14 00:00:00,
Svea Corpac,19020960,2026-05-01 00:00:00,'-,Recepción,Repres. De Servicios Nochero,Full Time,Masculino,2000-11-04 00:00:00,2026-04-28 00:00:00,2026-05-04 00:00:00
Svea Corpac,19022048,2026-05-01 00:00:00,'-,Cajas,Cajero 6X1,Full Time,Femenino,2006-08-24 00:00:00,2026-05-04 00:00:00,
Svea Corpac,19022613,2026-05-01 00:00:00,'-,Cajas,Cajero 6X1,Full Time,Masculino,1999-10-07 00:00:00,2026-05-07 00:00:00,
Svea Corpac,19022617,2026-05-01 00:00:00,'-,Cajas,Cajero 5X2,Part Time,Masculino,2007-08-21 00:00:00,2026-05-07 00:00:00,
Svea Corpac,19023401,2026-05-01 00:00:00,'-,Cajas,Cajero 6X1,Full Time,Masculino,2003-03-28 00:00:00,2026-05-11 00:00:00,
Svea Corpac,19023506,2026-05-01 00:00:00,'-,Sala Frescos,Repres. De Servicios,Full Time,Femenino,2005-01-14 00:00:00,2026-05-11 00:00:00,
Svea Corpac,19023614,2026-05-01 00:00:00,'-,Sala Frescos,Repres. De Servicios,Part Time,Femenino,2005-01-30 00:00:00,2026-05-11 00:00:00,
Svea Corpac,19024226,2026-05-01 00:00:00,'-,Sala Frescos,Repres. De Servicios,Part Time,Masculino,2006-10-12 00:00:00,2026-05-13 00:00:00,
Svea Corpac,19024713,2026-05-01 00:00:00,'-,Sala,Repres. De Servicios,Part Time,Masculino,2007-06-14 00:00:00,2026-05-15 00:00:00,
Svea Corpac,19024882,2026-05-01 00:00:00,'-,Sala Frescos,Repres. De Servicios,Part Time,Masculino,2002-03-19 00:00:00,2026-05-16 00:00:00,
Svea Corpac,19025947,2026-05-01 00:00:00,'-,Sala Frescos,Repres. De Servicios,Part Time,Masculino,2005-07-27 00:00:00,2026-05-22 00:00:00,
Svea Corpac,21115,2026-05-01 00:00:00,'-,Cajas,Representante De Servicio D,Full Time,Masculino,1981-02-25 00:00:00,2000-03-01 00:00:00,
Svea Corpac,21374,2026-05-01 00:00:00,'-,Recepción E Inventarios,Auxiliar De Inventarios,Full Time,Masculino,1988-09-09 00:00:00,2010-04-16 00:00:00,
Svea Corpac,24885,2026-05-01 00:00:00,'-,Administración,Subgerente De Tienda,Full Time,Masculino,1974-12-24 00:00:00,1998-09-01 00:00:00,
Svea Corpac,269102,2026-05-01 00:00:00,'-,Cajas,Supervisor De Cajeros,Full Time,Masculino,1990-08-17 00:00:00,2020-01-01 00:00:00,
Svea Corpac,44131,2026-05-01 00:00:00,'-,Cajas,Supervisor De Cajeros,Full Time,Femenino,1971-02-17 00:00:00,2016-09-05 00:00:00,
Svea Corpac,48590,2026-05-01 00:00:00,'-,Sala Frescos,Repres. De Servicios,Full Time,Femenino,1976-11-15 00:00:00,2016-12-14 00:00:00,
Svea Corpac,9278595,2026-05-01 00:00:00,'-,Cajas,Supervisor De Cajeros,Full Time,Masculino,1994-12-25 00:00:00,2023-07-01 00:00:00,
Viv Monterrico,104143,2026-05-01 00:00:00,'-,"Carnes, Pescados, Fiambres, Frutas & Verduras",Repres. De Servicios,Full Time,Femenino,1985-09-27 00:00:00,2017-10-01 00:00:00,2026-05-17 00:00:00
Viv Monterrico,10472,2026-05-01 00:00:00,'-,"Carnes, Pescados, Fiambres, Frutas & Verduras",Repres. De Servicios,Full Time,Femenino,1969-11-01 00:00:00,2015-10-16 00:00:00,
Viv Monterrico,10653,2026-05-01 00:00:00,'-,"Carnes, Pescados, Fiambres, Frutas & Verduras",Repres. De Servicios,Full Time,Masculino,1971-05-11 00:00:00,2002-10-19 00:00:00,
Viv Monterrico,10845,2026-05-01 00:00:00,'-,"Carnes, Pescados, Fiambres, Frutas & Verduras",Jefe De Seccion,Full Time,Femenino,1979-08-02 00:00:00,2012-08-01 00:00:00,
Viv Monterrico,110670,2026-05-01 00:00:00,'-,"Carnes, Pescados, Fiambres, Frutas & Verduras",Repres. De Servicios Fds,Part Time,Femenino,1993-10-16 00:00:00,2025-04-01 00:00:00,
Viv Monterrico,11965977,2026-05-01 00:00:00,'-,Sala,Jefe De Seccion,Full Time,Masculino,2003-05-03 00:00:00,2024-02-01 00:00:00,
Viv Monterrico,11968493,2026-05-01 00:00:00,'-,Cajas,Cajero 6X1,Full Time,Femenino,1983-01-31 00:00:00,2024-04-01 00:00:00,
Viv Monterrico,1205195,2026-05-01 00:00:00,'-,Cajas,Repres. De Servicios,Full Time,Femenino,1999-12-16 00:00:00,2026-03-01 00:00:00,
Viv Monterrico,12261783,2026-05-01 00:00:00,'-,"Carnes, Pescados, Fiambres, Frutas & Verduras",Repres. De Servicios,Full Time,Masculino,1993-02-04 00:00:00,2023-06-13 00:00:00,
Viv Monterrico,12318260,2026-05-01 00:00:00,'-,Administración,Gerente De Tienda,Full Time,Femenino,1988-11-05 00:00:00,2023-07-03 00:00:00,
Viv Monterrico,128607,2026-05-01 00:00:00,'-,Cajas,Repres. De Servicios Fds,Part Time,Femenino,1995-01-19 00:00:00,2018-02-08 00:00:00,
Viv Monterrico,13277255,2026-05-01 00:00:00,'-,Sala,Repres. De Servicios,Part Time,Masculino,2003-09-22 00:00:00,2023-11-14 00:00:00,
Viv Monterrico,1331,2026-05-01 00:00:00,'-,Cajas,Cajero 5X2,Full Time,Femenino,1987-10-26 00:00:00,2025-05-02 00:00:00,
Viv Monterrico,13619568,2026-05-01 00:00:00,'-,"Carnes, Pescados, Fiambres, Frutas & Verduras",Repres. De Servicios,Full Time,Femenino,1969-12-30 00:00:00,2023-12-12 00:00:00,
Viv Monterrico,13709716,2026-05-01 00:00:00,'-,Almacén,Repres. De Servicios,Part Time,Masculino,2003-07-01 00:00:00,2023-12-22 00:00:00,
Viv Monterrico,14270,2026-05-01 00:00:00,'-,"Carnes, Pescados, Fiambres, Frutas & Verduras",Repres. De Servicios,Full Time,Masculino,1972-02-18 00:00:00,2005-11-05 00:00:00,
Viv Monterrico,14290348,2026-05-01 00:00:00,'-,Cajas,Supervisor De Cajeros,Full Time,Masculino,2003-03-17 00:00:00,2025-07-01 00:00:00,
Viv Monterrico,14470,2026-05-01 00:00:00,'-,Comidas Preparadas Panadería Y Pastelería,Repres. De Servicios,Full Time,Femenino,1988-01-20 00:00:00,2018-07-01 00:00:00,
Viv Monterrico,14618,2026-05-01 00:00:00,'-,Cajas,Cajero 4X3,Part Time,Femenino,1980-03-15 00:00:00,2013-10-01 00:00:00,
Viv Monterrico,14625595,2026-05-01 00:00:00,'-,Cajas,Cajero 5X2,Part Time,Femenino,2003-12-25 00:00:00,2024-03-08 00:00:00,
Viv Monterrico,14685168,2026-05-01 00:00:00,'-,Cajas,Supervisor De Cajeros,Full Time,Femenino,2002-06-28 00:00:00,2026-04-01 00:00:00,
Viv Monterrico,15146,2026-05-01 00:00:00,'-,Recepción,Repres. De Servicios,Full Time,Masculino,1982-09-29 00:00:00,2014-04-01 00:00:00,
Viv Monterrico,15470432,2026-05-01 00:00:00,'-,Sala,Repres. De Servicios,Part Time,Femenino,1998-08-10 00:00:00,2024-04-29 00:00:00,
Viv Monterrico,15470435,2026-05-01 00:00:00,'-,Cajas,Cajero 3X4,Part Time,Femenino,2004-03-31 00:00:00,2024-04-29 00:00:00,2026-05-03 00:00:00
Viv Monterrico,15635412,2026-05-01 00:00:00,'-,Recepción,Repres. De Servicios,Full Time,Masculino,1999-05-06 00:00:00,2024-05-07 00:00:00,
Viv Monterrico,15933876,2026-05-01 00:00:00,'-,Comidas Preparadas Panadería Y Pastelería,Repres. De Servicios,Part Time,Femenino,2000-09-14 00:00:00,2024-05-30 00:00:00,
Viv Monterrico,16648173,2026-05-01 00:00:00,'-,Almacén,Repres. De Servicios,Part Time,Masculino,2006-04-14 00:00:00,2024-08-14 00:00:00,
Viv Monterrico,16674385,2026-05-01 00:00:00,'-,Cajas,Repres. De Servicios,Full Time,Masculino,2004-11-04 00:00:00,2026-05-01 00:00:00,
Viv Monterrico,16733509,2026-05-01 00:00:00,'-,"Carnes, Pescados, Fiambres, Frutas & Verduras",Repres. De Servicios,Full Time,Femenino,1996-05-24 00:00:00,2025-01-01 00:00:00,
Viv Monterrico,17002756,2026-05-01 00:00:00,'-,Cajas,Repres. De Servicios,Full Time,Masculino,2003-06-06 00:00:00,2026-04-01 00:00:00,2026-05-03 00:00:00
Viv Monterrico,17161673,2026-05-01 00:00:00,'-,Cajas,Repres. De Servicios,Part Time,Masculino,2002-07-09 00:00:00,2025-11-03 00:00:00,2026-06-01 00:00:00
Viv Monterrico,17164485,2026-05-01 00:00:00,'-,Cajas,Supervisor De Cajeros 5X2,Part Time,Masculino,2003-07-04 00:00:00,2024-10-14 00:00:00,
Viv Monterrico,17211153,2026-05-01 00:00:00,'-,Cajas,Cajero 5X2,Part Time,Femenino,1998-01-06 00:00:00,2024-10-17 00:00:00,
Viv Monterrico,17496663,2026-05-01 00:00:00,'-,Cajas,Cajero 5X2,Part Time,Masculino,2005-03-13 00:00:00,2024-11-15 00:00:00,
Viv Monterrico,17667696,2026-05-01 00:00:00,'-,Comidas Preparadas Panadería Y Pastelería,Repres. De Servicios,Part Time,Femenino,2001-03-14 00:00:00,2026-04-10 00:00:00,
Viv Monterrico,17680473,2026-05-01 00:00:00,'-,Cajas,Cajero 5X2,Part Time,Femenino,1988-03-13 00:00:00,2024-11-25 00:00:00,
Viv Monterrico,17783053,2026-05-01 00:00:00,'-,Cajas,Cajero 6X1,Full Time,Masculino,2004-01-16 00:00:00,2026-03-01 00:00:00,
Viv Monterrico,17914341,2026-05-01 00:00:00,'-,"Carnes, Pescados, Fiambres, Frutas & Verduras",Repres. De Servicios,Full Time,Femenino,2002-10-30 00:00:00,2026-04-28 00:00:00,2026-06-01 00:00:00
Viv Monterrico,17958127,2026-05-01 00:00:00,'-,Almacén,Repres. De Servicios,Part Time,Masculino,2003-05-02 00:00:00,2025-01-24 00:00:00,
Viv Monterrico,18216092,2026-05-01 00:00:00,'-,Cajas,Cajero 3X4,Part Time,Masculino,2002-04-17 00:00:00,2025-02-25 00:00:00,2026-05-04 00:00:00
Viv Monterrico,18294821,2026-05-01 00:00:00,'-,"Carnes, Pescados, Fiambres, Frutas & Verduras",Repres. De Servicios,Full Time,Masculino,2001-02-11 00:00:00,2025-03-11 00:00:00,
Viv Monterrico,18347,2026-05-01 00:00:00,'-,Cajas,Jefe De Seccion,Full Time,Masculino,1992-12-14 00:00:00,2020-02-03 00:00:00,
Viv Monterrico,18396,2026-05-01 00:00:00,'-,"Carnes, Pescados, Fiambres, Frutas & Verduras",Repres. De Servicios I,Full Time,Femenino,1982-06-03 00:00:00,2013-09-09 00:00:00,
Viv Monterrico,18488612,2026-05-01 00:00:00,'-,Cajas,Cajero 5X2,Part Time,Femenino,2006-09-20 00:00:00,2025-04-16 00:00:00,
Viv Monterrico,18625750,2026-05-01 00:00:00,'-,Cajas,Cajero 5X2,Full Time,Femenino,1986-12-26 00:00:00,2025-04-24 00:00:00,
Viv Monterrico,18625784,2026-05-01 00:00:00,'-,Cajas,Asistente De Self Check Out Pt,Part Time,Femenino,2007-03-29 00:00:00,2025-04-24 00:00:00,
Viv Monterrico,18678006,2026-05-01 00:00:00,'-,Cajas,Asistente De Self Check Out Pt,Part Time,Femenino,2007-01-23 00:00:00,2026-03-01 00:00:00,
Viv Monterrico,18715415,2026-05-01 00:00:00,'-,Sala,Repres. De Servicios Fds,Part Time,Masculino,2005-03-23 00:00:00,2025-05-28 00:00:00,
Viv Monterrico,18743530,2026-05-01 00:00:00,'-,Comidas Preparadas Panadería Y Pastelería,Repres. De Servicios,Full Time,Masculino,2006-08-18 00:00:00,2026-05-01 00:00:00,
Viv Monterrico,18965310,2026-05-01 00:00:00,'-,Sala,Repres. De Servicios,Full Time,Masculino,1996-08-27 00:00:00,2026-05-01 00:00:00,
Viv Monterrico,18965477,2026-05-01 00:00:00,'-,Cajas,Cajero 3X4,Part Time,Femenino,1987-04-29 00:00:00,2025-09-15 00:00:00,
Viv Monterrico,18966219,2026-05-01 00:00:00,'-,Cajas,Cajero 3X4,Part Time,Masculino,2006-03-03 00:00:00,2025-09-16 00:00:00,
Viv Monterrico,18966277,2026-05-01 00:00:00,'-,Cajas,Cajero 5X2,Part Time,Femenino,2006-11-21 00:00:00,2025-09-16 00:00:00,
Viv Monterrico,18966649,2026-05-01 00:00:00,'-,"Carnes, Pescados, Fiambres, Frutas & Verduras",Repres. De Servicios,Part Time,Femenino,2006-10-19 00:00:00,2026-03-31 00:00:00,
Viv Monterrico,18969479,2026-05-01 00:00:00,'-,Almacén,Repres. De Servicios,Full Time,Masculino,2007-02-10 00:00:00,2026-05-01 00:00:00,
Viv Monterrico,18969915,2026-05-01 00:00:00,'-,"Carnes, Pescados, Fiambres, Frutas & Verduras",Repres. De Servicios,Full Time,Masculino,2003-12-24 00:00:00,2026-03-01 00:00:00,
Viv Monterrico,18973226,2026-05-01 00:00:00,'-,Almacén,Repres. De Servicios,Part Time,Masculino,2005-07-16 00:00:00,2025-10-13 00:00:00,
Viv Monterrico,18973686,2026-05-01 00:00:00,'-,Comidas Preparadas Panadería Y Pastelería,Repres. De Servicios Fds,Part Time,Femenino,2005-01-22 00:00:00,2025-10-14 00:00:00,
Viv Monterrico,18982923,2026-05-01 00:00:00,'-,Cajas,Repres. De Servicios,Part Time,Femenino,2007-04-16 00:00:00,2026-04-13 00:00:00,
Viv Monterrico,18983929,2026-05-01 00:00:00,'-,Sala,Repres. De Servicios,Part Time,Femenino,2006-06-06 00:00:00,2025-12-01 00:00:00,
Viv Monterrico,18987384,2026-05-01 00:00:00,'-,Comidas Preparadas Panadería Y Pastelería,Repres. De Servicios,Part Time,Femenino,2002-07-16 00:00:00,2026-05-13 00:00:00,
Viv Monterrico,18987928,2026-05-01 00:00:00,'-,Almacén,Repres. De Servicios,Part Time,Masculino,2005-12-02 00:00:00,2025-12-12 00:00:00,
Viv Monterrico,18989582,2026-05-01 00:00:00,'-,Sala,Repres. De Servicios,Part Time,Masculino,2002-01-13 00:00:00,2025-12-18 00:00:00,2026-06-01 00:00:00
Viv Monterrico,18989583,2026-05-01 00:00:00,'-,Cajas,Cajero 5X2,Part Time,Femenino,2003-08-15 00:00:00,2025-12-18 00:00:00,
Viv Monterrico,18989860,2026-05-01 00:00:00,'-,"Carnes, Pescados, Fiambres, Frutas & Verduras",Repres. De Servicios,Part Time,Masculino,2007-02-28 00:00:00,2025-12-19 00:00:00,
Viv Monterrico,18989895,2026-05-01 00:00:00,'-,Sala,Repres. De Servicios,Part Time,Masculino,2000-12-15 00:00:00,2025-12-19 00:00:00,
Viv Monterrico,18989928,2026-05-01 00:00:00,'-,Cajas,Cajero 3X4,Part Time,Femenino,2006-10-28 00:00:00,2025-12-19 00:00:00,
Viv Monterrico,18990976,2026-05-01 00:00:00,'-,Comidas Preparadas Panadería Y Pastelería,Repres. De Servicios,Part Time,Femenino,2006-01-04 00:00:00,2025-12-24 00:00:00,
Viv Monterrico,18990996,2026-05-01 00:00:00,'-,Comidas Preparadas Panadería Y Pastelería,Repres. De Servicios Fds,Part Time,Femenino,2007-05-12 00:00:00,2025-12-24 00:00:00,
Viv Monterrico,18990999,2026-05-01 00:00:00,'-,"Carnes, Pescados, Fiambres, Frutas & Verduras",Repres. De Servicios,Part Time,Masculino,2006-06-14 00:00:00,2025-12-24 00:00:00,
Viv Monterrico,18995791,2026-05-01 00:00:00,'-,Sala,Repres. De Servicios,Part Time,Masculino,2003-08-21 00:00:00,2026-01-16 00:00:00,
Viv Monterrico,18998563,2026-05-01 00:00:00,'-,Cajas,Repres. De Servicios,Part Time,Femenino,2005-12-08 00:00:00,2026-01-27 00:00:00,
Viv Monterrico,18998585,2026-05-01 00:00:00,'-,Comidas Preparadas Panadería Y Pastelería,Repres. De Servicios Fds,Part Time,Femenino,2005-06-06 00:00:00,2026-01-27 00:00:00,
Viv Monterrico,18998586,2026-05-01 00:00:00,'-,Comidas Preparadas Panadería Y Pastelería,Repres. De Servicios,Full Time,Masculino,2006-09-28 00:00:00,2026-01-27 00:00:00,
Viv Monterrico,18998588,2026-05-01 00:00:00,'-,Cajas,Asistente De Self Check Out Pt,Part Time,Femenino,2004-12-23 00:00:00,2026-01-27 00:00:00,
Viv Monterrico,18998607,2026-05-01 00:00:00,'-,Comidas Preparadas Panadería Y Pastelería,Repres. De Servicios,Part Time,Masculino,2007-09-05 00:00:00,2026-01-27 00:00:00,2026-06-15 00:00:00
Viv Monterrico,18998609,2026-05-01 00:00:00,'-,Comidas Preparadas Panadería Y Pastelería,Repres. De Servicios,Part Time,Femenino,2006-03-17 00:00:00,2026-01-27 00:00:00,
Viv Monterrico,18998669,2026-05-01 00:00:00,'-,"Carnes, Pescados, Fiambres, Frutas & Verduras",Repres. De Servicios,Part Time,Femenino,2002-04-19 00:00:00,2026-01-27 00:00:00,
Viv Monterrico,19004356,2026-05-01 00:00:00,'-,Cajas,Asistente De Self Check Out Pt,Part Time,Femenino,2007-07-04 00:00:00,2026-02-18 00:00:00,
Viv Monterrico,19004391,2026-05-01 00:00:00,'-,Cajas,Cajero 6X1,Full Time,Femenino,1996-05-14 00:00:00,2026-02-18 00:00:00,
Viv Monterrico,19004393,2026-05-01 00:00:00,'-,"Carnes, Pescados, Fiambres, Frutas & Verduras",Repres. De Servicios Fds,Part Time,Femenino,2007-08-21 00:00:00,2026-02-18 00:00:00,2026-05-12 00:00:00
Viv Monterrico,19004450,2026-05-01 00:00:00,'-,Sala,Repres. De Servicios,Part Time,Femenino,2005-02-27 00:00:00,2026-02-18 00:00:00,
Viv Monterrico,19004834,2026-05-01 00:00:00,'-,Cajas,Cajero 3X4,Part Time,Femenino,2002-05-02 00:00:00,2026-02-20 00:00:00,
Viv Monterrico,19004838,2026-05-01 00:00:00,'-,Sala,Repres. De Servicios,Part Time,Femenino,2006-06-13 00:00:00,2026-02-20 00:00:00,
Viv Monterrico,19004839,2026-05-01 00:00:00,'-,"Carnes, Pescados, Fiambres, Frutas & Verduras",Repres. De Servicios,Part Time,Femenino,2007-10-28 00:00:00,2026-02-20 00:00:00,
Viv Monterrico,19004840,2026-05-01 00:00:00,'-,"Carnes, Pescados, Fiambres, Frutas & Verduras",Repres. De Servicios,Part Time,Masculino,2005-01-25 00:00:00,2026-02-20 00:00:00,
Viv Monterrico,19004844,2026-05-01 00:00:00,'-,Cajas,Cajero 5X2,Part Time,Femenino,2007-06-13 00:00:00,2026-02-20 00:00:00,
Viv Monterrico,19004849,2026-05-01 00:00:00,'-,Sala,Repres. De Servicios,Full Time,Femenino,2006-05-07 00:00:00,2026-02-20 00:00:00,
Viv Monterrico,19007232,2026-05-01 00:00:00,'-,Cajas,Cajero 5X2,Part Time,Femenino,2007-05-17 00:00:00,2026-03-04 00:00:00,
Viv Monterrico,19007264,2026-05-01 00:00:00,'-,Comidas Preparadas,Chef,Full Time,Femenino,1984-02-21 00:00:00,2026-03-04 00:00:00,
Viv Monterrico,19007295,2026-05-01 00:00:00,'-,Sala,Repres. De Servicios,Full Time,Femenino,2007-09-30 00:00:00,2026-03-04 00:00:00,
Viv Monterrico,19009004,2026-05-01 00:00:00,'-,Cajas,Cajero 5X2,Part Time,Masculino,2005-02-20 00:00:00,2026-03-12 00:00:00,
Viv Monterrico,19009131,2026-05-01 00:00:00,'-,Cajas,Cajero 5X2,Part Time,Femenino,2003-11-12 00:00:00,2026-03-13 00:00:00,
Viv Monterrico,19010894,2026-05-01 00:00:00,'-,Cajas,Cajero 6X1,Full Time,Femenino,1987-06-30 00:00:00,2026-03-20 00:00:00,2026-05-01 00:00:00
Viv Monterrico,19011387,2026-05-01 00:00:00,'-,Cajas,Cajero 5X2,Part Time,Femenino,2004-04-10 00:00:00,2026-03-23 00:00:00,2026-05-16 00:00:00
Viv Monterrico,19012232,2026-05-01 00:00:00,'-,Cajas,Cajero 5X2,Part Time,Femenino,2006-10-30 00:00:00,2026-03-25 00:00:00,
Viv Monterrico,19012879,2026-05-01 00:00:00,'-,Comidas Preparadas Panadería Y Pastelería,Repres. De Servicios,Part Time,Femenino,2007-09-13 00:00:00,2026-03-30 00:00:00,
Viv Monterrico,19013357,2026-05-01 00:00:00,'-,Almacén,Repres. De Servicios,Part Time,Masculino,2004-04-06 00:00:00,2026-03-31 00:00:00,
Viv Monterrico,19013358,2026-05-01 00:00:00,'-,"Carnes, Pescados, Fiambres, Frutas & Verduras",Repres. De Servicios,Full Time,Femenino,2004-10-15 00:00:00,2026-03-31 00:00:00,
Viv Monterrico,19013592,2026-05-01 00:00:00,'-,Cajas,Cajero 3X4,Part Time,Femenino,2004-01-25 00:00:00,2026-04-01 00:00:00,
Viv Monterrico,19016051,2026-05-01 00:00:00,'-,"Carnes, Pescados, Fiambres, Frutas & Verduras",Repres. De Servicios,Full Time,Femenino,2005-03-17 00:00:00,2026-04-10 00:00:00,
Viv Monterrico,19017596,2026-05-01 00:00:00,'-,"Carnes, Pescados, Fiambres, Frutas & Verduras",Repres. De Servicios,Part Time,Masculino,2003-08-31 00:00:00,2026-04-15 00:00:00,
Viv Monterrico,19018125,2026-05-01 00:00:00,'-,Almacén,Repres. De Servicios,Part Time,Masculino,2000-04-29 00:00:00,2026-04-17 00:00:00,
Viv Monterrico,19018129,2026-05-01 00:00:00,'-,Comidas Preparadas Panadería Y Pastelería,Repres. De Servicios,Part Time,Femenino,2007-07-01 00:00:00,2026-04-17 00:00:00,
Viv Monterrico,19020975,2026-05-01 00:00:00,'-,Cajas,Cajero 3X4,Part Time,Femenino,2006-08-08 00:00:00,2026-04-28 00:00:00,2026-06-01 00:00:00
Viv Monterrico,19020976,2026-05-01 00:00:00,'-,Comidas Preparadas Panadería Y Pastelería,Repres. De Servicios,Part Time,Masculino,2000-05-29 00:00:00,2026-04-28 00:00:00,
Viv Monterrico,19021109,2026-05-01 00:00:00,'-,"Carnes, Pescados, Fiambres, Frutas & Verduras",Repres. De Servicios,Full Time,Femenino,1992-02-13 00:00:00,2026-04-28 00:00:00,2026-05-18 00:00:00
Viv Monterrico,19022849,2026-05-01 00:00:00,'-,Cajas,Cajero 5X2,Part Time,Femenino,2003-04-10 00:00:00,2026-05-08 00:00:00,2026-05-11 00:00:00
Viv Monterrico,19023804,2026-05-01 00:00:00,'-,Comidas Preparadas Panadería Y Pastelería,Repres. De Servicios,Part Time,Femenino,1987-10-28 00:00:00,2026-05-12 00:00:00,
Viv Monterrico,19024227,2026-05-01 00:00:00,'-,Cajas,Cajero 3X4,Part Time,Femenino,2005-08-25 00:00:00,2026-05-13 00:00:00,
Viv Monterrico,19024291,2026-05-01 00:00:00,'-,Cajas,Cajero 3X4,Part Time,Masculino,2007-09-14 00:00:00,2026-05-13 00:00:00,
Viv Monterrico,19024701,2026-05-01 00:00:00,'-,Comidas Preparadas Panadería Y Pastelería,Repres. De Servicios,Part Time,Femenino,2005-09-28 00:00:00,2026-05-15 00:00:00,
Viv Monterrico,19024735,2026-05-01 00:00:00,'-,"Carnes, Pescados, Fiambres, Frutas & Verduras",Repres. De Servicios,Part Time,Masculino,2006-10-28 00:00:00,2026-05-15 00:00:00,
Viv Monterrico,19024836,2026-05-01 00:00:00,'-,Cajas,Cajero 5X2,Part Time,Femenino,2005-07-05 00:00:00,2026-05-15 00:00:00,
Viv Monterrico,19024978,2026-05-01 00:00:00,'-,Cajas,Cajero 5X2,Part Time,Femenino,2004-05-11 00:00:00,2026-05-18 00:00:00,
Viv Monterrico,19025474,2026-05-01 00:00:00,'-,Cajas,Cajero 3X4,Part Time,Masculino,2007-12-11 00:00:00,2026-05-20 00:00:00,
Viv Monterrico,19025924,2026-05-01 00:00:00,'-,Sala,Repres. De Servicios,Part Time,Femenino,2000-10-04 00:00:00,2026-05-22 00:00:00,
Viv Monterrico,19027159,2026-05-01 00:00:00,'-,Comidas Preparadas Panadería Y Pastelería,Repres. De Servicios Fds,Part Time,Femenino,2001-08-21 00:00:00,2026-05-28 00:00:00,
Viv Monterrico,202700,2026-05-01 00:00:00,'-,Administración,Subgerente De Tienda,Full Time,Femenino,1998-03-05 00:00:00,2018-08-01 00:00:00,
Viv Monterrico,203493,2026-05-01 00:00:00,'-,Comidas Preparadas Panadería Y Pastelería,Jefe De Seccion,Full Time,Femenino,1993-07-18 00:00:00,2020-03-11 00:00:00,2026-05-06 00:00:00
Viv Monterrico,21073,2026-05-01 00:00:00,'-,Comidas Preparadas Panadería Y Pastelería,Repres. De Servicios,Full Time,Masculino,1978-11-03 00:00:00,2008-09-01 00:00:00,
Viv Monterrico,21097,2026-05-01 00:00:00,'-,Almacén,Jefe De Seccion Eo,Full Time,Masculino,1965-04-05 00:00:00,1988-04-02 00:00:00,
Viv Monterrico,21347,2026-05-01 00:00:00,'-,Sala,Repres. De Servicios I,Full Time,Masculino,1979-04-19 00:00:00,2011-02-10 00:00:00,
Viv Monterrico,235488,2026-05-01 00:00:00,'-,Cajas,Repres. De Servicios,Full Time,Femenino,1977-09-25 00:00:00,2020-01-01 00:00:00,
Viv Monterrico,241468,2026-05-01 00:00:00,'-,Sala,Especialista En Bebidas,Full Time,Masculino,1985-11-16 00:00:00,2018-11-15 00:00:00,
Viv Monterrico,25286,2026-05-01 00:00:00,'-,"Carnes, Pescados, Fiambres, Frutas & Verduras",Jefe De Seccion,Full Time,Masculino,1994-09-15 00:00:00,2013-12-16 00:00:00,
Viv Monterrico,27172,2026-05-01 00:00:00,'-,Comidas Preparadas Panadería Y Pastelería,Repres. De Servicios I,Full Time,Femenino,1992-08-05 00:00:00,2015-06-08 00:00:00,
Viv Monterrico,27570,2026-05-01 00:00:00,'-,Comidas Preparadas Panadería Y Pastelería,Repres. De Servicios,Full Time,Femenino,1979-03-22 00:00:00,2015-09-01 00:00:00,
Viv Monterrico,276932,2026-05-01 00:00:00,'-,Cajas,Representante De Servicio 5X2 D,Part Time,Masculino,1979-03-26 00:00:00,2019-08-02 00:00:00,
Viv Monterrico,299199,2026-05-01 00:00:00,'-,Sala,Representante De Servicio 5X2 D,Part Time,Femenino,1965-08-29 00:00:00,2019-12-10 00:00:00,
Viv Monterrico,31001,2026-05-01 00:00:00,'-,Recepción E Inventarios,Auxiliar De Inventarios,Full Time,Femenino,1993-09-25 00:00:00,2016-01-01 00:00:00,
Viv Monterrico,31936,2026-05-01 00:00:00,'-,Cajas,Supervisor De Cajeros,Full Time,Femenino,1985-02-13 00:00:00,2016-02-01 00:00:00,
Viv Monterrico,34551,2026-05-01 00:00:00,'-,Recepción,Repres. De Servicios,Full Time,Femenino,1987-11-06 00:00:00,2016-02-17 00:00:00,
Viv Monterrico,36599,2026-05-01 00:00:00,'-,"Carnes, Pescados, Fiambres, Frutas & Verduras",Repres. De Servicios,Full Time,Femenino,1982-11-15 00:00:00,2016-03-02 00:00:00,
Viv Monterrico,3705,2026-05-01 00:00:00,'-,Administración,Jefe Entrenador,Full Time,Masculino,1968-12-14 00:00:00,2004-04-01 00:00:00,
Viv Monterrico,38464,2026-05-01 00:00:00,'-,Cajas,Cajero 5X2,Full Time,Femenino,1976-11-28 00:00:00,2018-02-01 00:00:00,
Viv Monterrico,40160,2026-05-01 00:00:00,'-,Cajas,Repres. De Servicios,Part Time,Masculino,1992-12-07 00:00:00,2016-05-04 00:00:00,
Viv Monterrico,41959,2026-05-01 00:00:00,'-,"Carnes, Pescados, Fiambres, Frutas & Verduras",Repres. De Servicios,Full Time,Femenino,1973-06-24 00:00:00,2016-07-08 00:00:00,
Viv Monterrico,51730,2026-05-01 00:00:00,'-,"Carnes, Pescados, Fiambres, Frutas & Verduras",Repres. De Servicios I,Full Time,Femenino,1994-11-10 00:00:00,2019-05-01 00:00:00,
Viv Monterrico,51793,2026-05-01 00:00:00,'-,Administración,Coordinador De Operaciones Iga,Full Time,Femenino,1993-11-12 00:00:00,2022-02-01 00:00:00,
Viv Monterrico,53621,2026-05-01 00:00:00,'-,Administración,Asistente De Tienda,Full Time,Femenino,1998-04-09 00:00:00,2020-03-01 00:00:00,
Viv Monterrico,6990,2026-05-01 00:00:00,'-,Comidas Preparadas Panadería Y Pastelería,Maestro En Panaderia,Full Time,Masculino,1964-03-29 00:00:00,2007-09-01 00:00:00,
Viv Monterrico,7178,2026-05-01 00:00:00,'-,Comidas Preparadas Panadería Y Pastelería,Repres. De Servicios,Full Time,Femenino,1991-04-30 00:00:00,2012-04-01 00:00:00,
Viv Monterrico,7280,2026-05-01 00:00:00,'-,"Carnes, Pescados, Fiambres, Frutas & Verduras",Repres. De Servicios Eo,Full Time,Femenino,1962-07-30 00:00:00,1997-12-01 00:00:00,
Viv Monterrico,7325,2026-05-01 00:00:00,'-,Cajas,Supervisor De Cajeros,Full Time,Femenino,1992-07-21 00:00:00,2019-11-29 00:00:00,
Viv Monterrico,9734259,2026-05-01 00:00:00,'-,Sala,Repres. De Servicios,Part Time,Femenino,2001-04-22 00:00:00,2022-01-21 00:00:00,
Viv Monterrico,9864173,2026-05-01 00:00:00,'-,Cajas,Asistente De Self Check Out Pt,Part Time,Masculino,2002-04-18 00:00:00,2024-02-21 00:00:00,
Pvea Miraflores,10712,2026-04-01 00:00:00,'-,Administración,Asistente De Tienda,Full Time,Femenino,1987-05-15 00:00:00,2009-06-01 00:00:00,
Pvea Miraflores,108279,2026-04-01 00:00:00,'-,Almacén,Repres. De Servicios,Full Time,Masculino,1999-06-19 00:00:00,2024-11-01 00:00:00,
Pvea Miraflores,10922,2026-04-01 00:00:00,'-,Administración,Subgerente De Tienda,Full Time,Masculino,1989-05-26 00:00:00,2008-04-02 00:00:00,
Pvea Miraflores,11215671,2026-04-01 00:00:00,'-,Cajas,Supervisor De Cajeros,Full Time,Masculino,2002-07-27 00:00:00,2024-04-01 00:00:00,
Pvea Miraflores,11244,2026-04-01 00:00:00,'-,Recepción E Inventarios,Auxiliar De Inventarios,Full Time,Masculino,1992-07-22 00:00:00,2013-07-11 00:00:00,
Pvea Miraflores,11471369,2026-04-01 00:00:00,'-,Cajas,Multifuncional 5X2 1Er Turno,Part Time,Masculino,2001-11-07 00:00:00,2022-10-28 00:00:00,
Pvea Miraflores,116,2026-04-01 00:00:00,'-,Administración,Subgerente De Tienda,Full Time,Masculino,1980-12-29 00:00:00,2003-06-01 00:00:00,
Pvea Miraflores,11639932,2026-04-01 00:00:00,'-,Sala Frescos,Repres. De Servicios,Part Time,Masculino,2004-11-02 00:00:00,2023-01-24 00:00:00,
Pvea Miraflores,11640264,2026-04-01 00:00:00,'-,Cajas,Repres. De Servicios,Part Time,Masculino,2002-09-28 00:00:00,2022-12-01 00:00:00,
Pvea Miraflores,11670565,2026-04-01 00:00:00,'-,Cajas,Multifuncional,Part Time,Femenino,1990-06-09 00:00:00,2022-12-06 00:00:00,
Pvea Miraflores,11721792,2026-04-01 00:00:00,'-,Recepción E Inventarios,Auxiliar De Inventarios,Full Time,Masculino,2002-04-17 00:00:00,2024-04-03 00:00:00,
Pvea Miraflores,1173,2026-04-01 00:00:00,'-,Sala Frescos,Repres. De Servicios I,Full Time,Femenino,1980-08-21 00:00:00,2014-08-05 00:00:00,
Pvea Miraflores,11919846,2026-04-01 00:00:00,'-,Recepción,Repres. De Servicios,Full Time,Masculino,2004-10-27 00:00:00,2024-05-01 00:00:00,
Pvea Miraflores,11968470,2026-04-01 00:00:00,'-,Sala Frescos,Repres. De Servicios,Full Time,Femenino,2004-12-19 00:00:00,2023-03-21 00:00:00,
Pvea Miraflores,11975834,2026-04-01 00:00:00,'-,Sala Frescos,Repres. De Servicios,Full Time,Femenino,1990-07-17 00:00:00,2023-03-24 00:00:00,2026-05-03 00:00:00
Pvea Miraflores,11995789,2026-04-01 00:00:00,'-,Sala Frescos,Jefe De Seccion,Full Time,Masculino,2001-01-20 00:00:00,2024-04-01 00:00:00,
Pvea Miraflores,12064373,2026-04-01 00:00:00,'-,Almacén Frescos,Repres. De Servicios I,Full Time,Masculino,1995-10-25 00:00:00,2024-04-01 00:00:00,
Pvea Miraflores,12069362,2026-04-01 00:00:00,'-,Almacén,Repres. De Servicios,Part Time,Masculino,2003-04-10 00:00:00,2023-04-20 00:00:00,2026-04-07 00:00:00
Pvea Miraflores,12103937,2026-04-01 00:00:00,'-,Almacén Frescos,Repres. De Servicios,Full Time,Masculino,1993-04-22 00:00:00,2023-04-27 00:00:00,
Pvea Miraflores,12179728,2026-04-01 00:00:00,'-,Sala,Multifuncional,Full Time,Masculino,1991-06-16 00:00:00,2025-03-01 00:00:00,
Pvea Miraflores,12302,2026-04-01 00:00:00,'-,Recepción,Repres. De Servicios,Full Time,Masculino,1974-10-26 00:00:00,2019-01-22 00:00:00,
Pvea Miraflores,12341116,2026-04-01 00:00:00,'-,Cajas,Supervisor De Cajeros,Full Time,Femenino,2002-07-31 00:00:00,2026-04-01 00:00:00,
Pvea Miraflores,12478604,2026-04-01 00:00:00,'-,Cajas,Multifuncional 5X2,Part Time,Masculino,2003-06-28 00:00:00,2023-08-17 00:00:00,
Pvea Miraflores,13800552,2026-04-01 00:00:00,'-,Almacén Frescos,Repres. De Servicios,Full Time,Masculino,1975-09-29 00:00:00,2024-01-10 00:00:00,
Pvea Miraflores,14029100,2026-04-01 00:00:00,'-,Recepción E Inventarios,Auxiliar De Inventarios,Full Time,Masculino,1996-08-14 00:00:00,2024-02-07 00:00:00,
Pvea Miraflores,14198239,2026-04-01 00:00:00,'-,Cajas,Multifuncional,Part Time,Femenino,2005-08-10 00:00:00,2024-02-14 00:00:00,
Pvea Miraflores,14574,2026-04-01 00:00:00,'-,Sala,Repres. De Servicios I,Full Time,Masculino,1969-09-18 00:00:00,2013-09-19 00:00:00,
Pvea Miraflores,14788217,2026-04-01 00:00:00,'-,Cajas,Multifuncional,Full Time,Femenino,1998-11-15 00:00:00,2025-04-01 00:00:00,
Pvea Miraflores,14858766,2026-04-01 00:00:00,'-,Sala Frescos,Repres. De Servicios,Full Time,Femenino,1975-10-04 00:00:00,2025-01-01 00:00:00,
Pvea Miraflores,15329,2026-04-01 00:00:00,'-,Sala Frescos,Repres. De Servicios,Full Time,Masculino,1980-09-20 00:00:00,2014-10-15 00:00:00,
Pvea Miraflores,15874352,2026-04-01 00:00:00,'-,Cajas,Multifuncional 5X2 1Er Turno,Part Time,Masculino,2003-05-10 00:00:00,2024-05-23 00:00:00,
Pvea Miraflores,15985097,2026-04-01 00:00:00,'-,Sala Frescos,Repres. De Servicios,Part Time,Masculino,2002-01-04 00:00:00,2024-06-06 00:00:00,
Pvea Miraflores,16025222,2026-04-01 00:00:00,'-,Sala,Multifuncional,Part Time,Masculino,2006-03-03 00:00:00,2024-06-17 00:00:00,
Pvea Miraflores,16599143,2026-04-01 00:00:00,'-,Sala Frescos,Repres. De Servicios,Part Time,Masculino,1979-07-19 00:00:00,2024-08-09 00:00:00,
Pvea Miraflores,16867095,2026-04-01 00:00:00,'-,Cajas,Multifuncional 5X2 1Er Turno,Part Time,Femenino,2006-03-15 00:00:00,2024-09-11 00:00:00,
Pvea Miraflores,17293470,2026-04-01 00:00:00,'-,Cajas,Multifuncional,Full Time,Femenino,2006-10-08 00:00:00,2025-06-01 00:00:00,
Pvea Miraflores,17304094,2026-04-01 00:00:00,'-,Recepción,Repres. De Servicios,Full Time,Masculino,2004-07-30 00:00:00,2025-05-01 00:00:00,
Pvea Miraflores,17533983,2026-04-01 00:00:00,'-,Cajas,Representante De Servicio 5X2 D,Part Time,Masculino,1995-04-11 00:00:00,2024-11-19 00:00:00,
Pvea Miraflores,17577248,2026-04-01 00:00:00,'-,Cajas,Multifuncional 5X2 1Er Turno,Part Time,Femenino,2002-04-09 00:00:00,2024-11-25 00:00:00,2026-04-30 00:00:00
Pvea Miraflores,17659,2026-04-01 00:00:00,'-,Sala,Jefe De Seccion,Full Time,Femenino,1979-09-22 00:00:00,2012-01-15 00:00:00,
Pvea Miraflores,17732286,2026-04-01 00:00:00,'-,Cajas,Multifuncional,Part Time,Femenino,1988-11-21 00:00:00,2024-12-06 00:00:00,
Pvea Miraflores,17732526,2026-04-01 00:00:00,'-,Cajas,Repres. De Servicios,Full Time,Femenino,2004-07-24 00:00:00,2024-12-06 00:00:00,
Pvea Miraflores,17835529,2026-04-01 00:00:00,'-,Cajas,Multifuncional,Part Time,Femenino,1979-03-14 00:00:00,2024-12-19 00:00:00,
Pvea Miraflores,17943,2026-04-01 00:00:00,'-,Administración,Gerente De Tienda,Full Time,Femenino,1987-03-27 00:00:00,2007-02-01 00:00:00,
Pvea Miraflores,17955881,2026-04-01 00:00:00,'-,Sala,Repres. De Servicios,Part Time,Masculino,2002-06-08 00:00:00,2025-01-23 00:00:00,
Pvea Miraflores,18028642,2026-04-01 00:00:00,'-,Sala Frescos,Repres. De Servicios,Full Time,Femenino,2006-08-25 00:00:00,2025-02-06 00:00:00,
Pvea Miraflores,18085472,2026-04-01 00:00:00,'-,Sala,Repres. De Servicios,Part Time,Femenino,2007-01-17 00:00:00,2025-02-14 00:00:00,
Pvea Miraflores,18154,2026-04-01 00:00:00,'-,Sala Frescos,Repres. De Servicios,Part Time,Masculino,1995-05-26 00:00:00,2024-07-01 00:00:00,
Pvea Miraflores,18329320,2026-04-01 00:00:00,'-,Sala Frescos,Repres. De Servicios,Full Time,Femenino,1977-06-11 00:00:00,2025-03-21 00:00:00,
Pvea Miraflores,18329447,2026-04-01 00:00:00,'-,Sala,Repres. De Servicios,Part Time,Femenino,2006-05-20 00:00:00,2025-03-21 00:00:00,
Pvea Miraflores,18329456,2026-04-01 00:00:00,'-,Sala Frescos,Repres. De Servicios,Part Time,Femenino,1977-10-13 00:00:00,2025-03-21 00:00:00,
Pvea Miraflores,18357026,2026-04-01 00:00:00,'-,Cajas,Representante De Servicio 5X2 D,Part Time,Masculino,2002-02-11 00:00:00,2025-04-03 00:00:00,
Pvea Miraflores,18625925,2026-04-01 00:00:00,'-,Cajas,Multifuncional,Full Time,Masculino,1997-06-21 00:00:00,2025-04-25 00:00:00,
Pvea Miraflores,18628261,2026-04-01 00:00:00,'-,Cajas,Multifuncional,Part Time,Masculino,2006-10-05 00:00:00,2025-04-29 00:00:00,
Pvea Miraflores,18633780,2026-04-01 00:00:00,'-,Cajas,Multifuncional 5X2,Part Time,Femenino,1997-03-11 00:00:00,2025-05-02 00:00:00,
Pvea Miraflores,18633816,2026-04-01 00:00:00,'-,Cajas,Multifuncional Fds,Part Time,Masculino,2004-10-10 00:00:00,2025-05-02 00:00:00,
Pvea Miraflores,18704492,2026-04-01 00:00:00,'-,Cajas,Asistente De Self Check Out,Full Time,Femenino,1999-12-02 00:00:00,2025-05-23 00:00:00,
Pvea Miraflores,18833623,2026-04-01 00:00:00,'-,Sala Frescos,Repres. De Servicios,Part Time,Masculino,2005-01-16 00:00:00,2025-07-09 00:00:00,
Pvea Miraflores,18837955,2026-04-01 00:00:00,'-,Sala Frescos,Repres. De Servicios,Part Time,Femenino,2005-10-07 00:00:00,2025-07-11 00:00:00,2026-04-15 00:00:00
Pvea Miraflores,18904963,2026-04-01 00:00:00,'-,Almacén,Repres. De Servicios,Part Time,Masculino,2005-02-18 00:00:00,2025-07-22 00:00:00,
Pvea Miraflores,18955453,2026-04-01 00:00:00,'-,Almacén Frescos,Repres. De Servicios,Part Time,Masculino,1989-01-08 00:00:00,2025-08-13 00:00:00,
Pvea Miraflores,18958496,2026-04-01 00:00:00,'-,Almacén Frescos,Repres. De Servicios,Part Time,Masculino,2005-11-21 00:00:00,2025-08-22 00:00:00,
Pvea Miraflores,18961460,2026-04-01 00:00:00,'-,Cajas,Multifuncional Fds,Part Time,Femenino,2003-03-12 00:00:00,2025-09-02 00:00:00,
Pvea Miraflores,18961461,2026-04-01 00:00:00,'-,Cajas,Multifuncional 5X2 1Er Turno,Part Time,Masculino,2002-03-08 00:00:00,2025-09-02 00:00:00,
Pvea Miraflores,18961462,2026-04-01 00:00:00,'-,Cajas,Multifuncional 5X2 1Er Turno,Part Time,Femenino,2007-02-11 00:00:00,2025-09-02 00:00:00,
Pvea Miraflores,18961480,2026-04-01 00:00:00,'-,Cajas,Multifuncional,Full Time,Femenino,2006-04-24 00:00:00,2025-09-02 00:00:00,
Pvea Miraflores,18962085,2026-04-01 00:00:00,'-,Cajas,Multifuncional,Part Time,Femenino,2001-06-24 00:00:00,2025-09-02 00:00:00,
Pvea Miraflores,18964543,2026-04-01 00:00:00,'-,Sala,Repres. De Servicios,Part Time,Femenino,2005-05-12 00:00:00,2025-09-10 00:00:00,
Pvea Miraflores,18964544,2026-04-01 00:00:00,'-,Sala,Multifuncional,Part Time,Masculino,2006-01-07 00:00:00,2025-09-10 00:00:00,
Pvea Miraflores,18964545,2026-04-01 00:00:00,'-,Almacén,Repres. De Servicios,Part Time,Masculino,2002-07-04 00:00:00,2025-09-10 00:00:00,
Pvea Miraflores,18965163,2026-04-01 00:00:00,'-,Almacén,Repres. De Servicios,Part Time,Masculino,2006-11-17 00:00:00,2025-09-12 00:00:00,
Pvea Miraflores,18965167,2026-04-01 00:00:00,'-,Almacén,Repres. De Servicios,Part Time,Masculino,2006-02-26 00:00:00,2025-09-12 00:00:00,2026-05-01 00:00:00
Pvea Miraflores,18967914,2026-04-01 00:00:00,'-,Almacén,Repres. De Servicios,Part Time,Masculino,2005-02-02 00:00:00,2025-09-22 00:00:00,
Pvea Miraflores,18971586,2026-04-01 00:00:00,'-,Sala Frescos,Repres. De Servicios,Full Time,Femenino,2001-05-27 00:00:00,2026-02-01 00:00:00,
Pvea Miraflores,18971973,2026-04-01 00:00:00,'-,Sala Frescos,Repres. De Servicios,Part Time,Femenino,2007-09-18 00:00:00,2025-10-06 00:00:00,
Pvea Miraflores,18975262,2026-04-01 00:00:00,'-,Cajas,Multifuncional 5X2 1Er Turno,Part Time,Femenino,2006-04-05 00:00:00,2025-10-22 00:00:00,
Pvea Miraflores,18975264,2026-04-01 00:00:00,'-,Almacén Frescos,Repres. De Servicios,Part Time,Masculino,1997-07-30 00:00:00,2025-10-22 00:00:00,
Pvea Miraflores,18975970,2026-04-01 00:00:00,'-,Sala Frescos,Repres. De Servicios,Part Time,Femenino,2007-09-05 00:00:00,2025-10-24 00:00:00,
Pvea Miraflores,18975971,2026-04-01 00:00:00,'-,Sala Frescos,Repres. De Servicios,Part Time,Masculino,2007-03-01 00:00:00,2025-10-24 00:00:00,
Pvea Miraflores,18975999,2026-04-01 00:00:00,'-,Sala Frescos,Repres. De Servicios,Part Time,Masculino,1995-12-20 00:00:00,2025-10-24 00:00:00,
Pvea Miraflores,18982833,2026-04-01 00:00:00,'-,Sala Frescos,Repres. De Servicios,Part Time,Masculino,2003-03-16 00:00:00,2025-11-27 00:00:00,2026-05-01 00:00:00
Pvea Miraflores,18982901,2026-04-01 00:00:00,'-,Cajas,Multifuncional 5X2,Part Time,Femenino,2007-01-09 00:00:00,2025-11-27 00:00:00,
Pvea Miraflores,18984990,2026-04-01 00:00:00,'-,Cajas,Multifuncional 5X2 1Er Turno,Part Time,Femenino,2001-06-15 00:00:00,2025-12-04 00:00:00,
Pvea Miraflores,18985922,2026-04-01 00:00:00,'-,Cajas,Multifuncional Fds,Part Time,Femenino,2000-02-28 00:00:00,2025-12-05 00:00:00,2026-05-01 00:00:00
Pvea Miraflores,18985924,2026-04-01 00:00:00,'-,Sala Frescos,Repres. De Servicios,Part Time,Femenino,2005-05-08 00:00:00,2025-12-05 00:00:00,
Pvea Miraflores,18986401,2026-04-01 00:00:00,'-,Sala Frescos,Repres. De Servicios,Part Time,Masculino,2005-05-24 00:00:00,2025-12-06 00:00:00,2026-05-01 00:00:00
Pvea Miraflores,18986416,2026-04-01 00:00:00,'-,Sala Frescos,Repres. De Servicios,Part Time,Femenino,2007-11-16 00:00:00,2025-12-06 00:00:00,
Pvea Miraflores,18987519,2026-04-01 00:00:00,'-,Sala,Repres. De Servicios,Part Time,Femenino,1978-05-25 00:00:00,2025-12-13 00:00:00,
Pvea Miraflores,18987521,2026-04-01 00:00:00,'-,Sala,Repres. De Servicios,Part Time,Masculino,2006-03-20 00:00:00,2025-12-13 00:00:00,
Pvea Miraflores,18987525,2026-04-01 00:00:00,'-,Sala,Repres. De Servicios,Part Time,Femenino,2004-02-10 00:00:00,2025-12-13 00:00:00,2026-04-01 00:00:00
Pvea Miraflores,18988240,2026-04-01 00:00:00,'-,Sala,Multifuncional,Part Time,Femenino,2007-08-29 00:00:00,2025-12-12 00:00:00,
Pvea Miraflores,18990387,2026-04-01 00:00:00,'-,Almacén,Repres. De Servicios,Part Time,Masculino,2000-08-30 00:00:00,2025-12-22 00:00:00,
Pvea Miraflores,18990833,2026-04-01 00:00:00,'-,Sala Frescos,Repres. De Servicios,Part Time,Masculino,2007-04-21 00:00:00,2025-12-23 00:00:00,2026-04-06 00:00:00
Pvea Miraflores,18990910,2026-04-01 00:00:00,'-,Sala Frescos,Repres. De Servicios Fds,Part Time,Masculino,2005-09-10 00:00:00,2025-12-23 00:00:00,2026-04-04 00:00:00
Pvea Miraflores,18995134,2026-04-01 00:00:00,'-,Recepción,Repres. De Servicios,Part Time,Masculino,2001-03-19 00:00:00,2026-01-14 00:00:00,2026-04-06 00:00:00
Pvea Miraflores,18995135,2026-04-01 00:00:00,'-,Sala,Repres. De Servicios,Part Time,Masculino,2007-01-06 00:00:00,2026-01-14 00:00:00,
Pvea Miraflores,18995137,2026-04-01 00:00:00,'-,Sala Frescos,Repres. De Servicios,Part Time,Femenino,2005-10-18 00:00:00,2026-01-14 00:00:00,2026-04-01 00:00:00
Pvea Miraflores,18995138,2026-04-01 00:00:00,'-,Sala Frescos,Repres. De Servicios,Part Time,Femenino,2004-09-26 00:00:00,2026-01-14 00:00:00,
Pvea Miraflores,18995897,2026-04-01 00:00:00,'-,Cajas,Repres. De Servicios,Part Time,Femenino,2005-05-14 00:00:00,2026-01-16 00:00:00,2026-04-09 00:00:00
Pvea Miraflores,18997736,2026-04-01 00:00:00,'-,Cajas,Multifuncional 5X2 1Er Turno,Part Time,Femenino,1979-08-25 00:00:00,2026-01-23 00:00:00,
Pvea Miraflores,18998934,2026-04-01 00:00:00,'-,Sala Frescos,Repres. De Servicios,Part Time,Masculino,2004-07-30 00:00:00,2026-01-28 00:00:00,
Pvea Miraflores,18998935,2026-04-01 00:00:00,'-,Sala Frescos,Repres. De Servicios,Part Time,Femenino,2007-02-04 00:00:00,2026-01-28 00:00:00,
Pvea Miraflores,18998938,2026-04-01 00:00:00,'-,Cajas,Asistente De Self Check Out Pt,Part Time,Femenino,2006-10-07 00:00:00,2026-01-28 00:00:00,2026-04-01 00:00:00
Pvea Miraflores,18998999,2026-04-01 00:00:00,'-,Cajas,Asistente De Self Check Out Pt,Part Time,Femenino,2001-11-14 00:00:00,2026-01-28 00:00:00,
Pvea Miraflores,18999785,2026-04-01 00:00:00,'-,Cajas,Multifuncional,Part Time,Femenino,2003-01-12 00:00:00,2026-02-02 00:00:00,
Pvea Miraflores,18999803,2026-04-01 00:00:00,'-,Sala,Repres. De Servicios,Part Time,Femenino,2000-09-22 00:00:00,2026-02-02 00:00:00,
Pvea Miraflores,18999814,2026-04-01 00:00:00,'-,Administración,Trainee Gerente De Tienda,Full Time,Femenino,1990-01-07 00:00:00,2026-02-02 00:00:00,
Pvea Miraflores,19001144,2026-04-01 00:00:00,'-,Cajas,Multifuncional 5X2 1Er Turno,Part Time,Femenino,2004-11-09 00:00:00,2026-02-06 00:00:00,
Pvea Miraflores,19001147,2026-04-01 00:00:00,'-,Electro,Repres. De Servicios,Part Time,Masculino,2002-03-20 00:00:00,2026-02-06 00:00:00,
Pvea Miraflores,19001178,2026-04-01 00:00:00,'-,Sala,Multifuncional,Full Time,Femenino,1969-09-29 00:00:00,2026-02-06 00:00:00,
Pvea Miraflores,19001204,2026-04-01 00:00:00,'-,Sala Frescos,Repres. De Servicios,Part Time,Masculino,2007-11-26 00:00:00,2026-02-06 00:00:00,
Pvea Miraflores,19001205,2026-04-01 00:00:00,'-,Sala,Repres. De Servicios,Part Time,Masculino,2004-09-24 00:00:00,2026-02-06 00:00:00,2026-04-01 00:00:00
Pvea Miraflores,19001208,2026-04-01 00:00:00,'-,Cajas,Multifuncional,Full Time,Femenino,2004-11-02 00:00:00,2026-02-06 00:00:00,
Pvea Miraflores,19001209,2026-04-01 00:00:00,'-,Sala,Repres. De Servicios Fds,Part Time,Masculino,2004-02-25 00:00:00,2026-02-06 00:00:00,
Pvea Miraflores,19001302,2026-04-01 00:00:00,'-,Sala,Repres. De Servicios,Part Time,Masculino,2004-03-26 00:00:00,2026-02-06 00:00:00,
Pvea Miraflores,19001303,2026-04-01 00:00:00,'-,Sala,Repres. De Servicios,Part Time,Femenino,2002-06-28 00:00:00,2026-02-06 00:00:00,
Pvea Miraflores,19003143,2026-04-01 00:00:00,'-,Sala,Multifuncional 5X2 Campaña,Part Time,Femenino,2006-06-11 00:00:00,2026-02-13 00:00:00,
Pvea Miraflores,19003572,2026-04-01 00:00:00,'-,Administración,Trainee Subgerente De Tienda,Full Time,Femenino,1986-08-17 00:00:00,2026-02-16 00:00:00,
Pvea Miraflores,19006519,2026-04-01 00:00:00,'-,Recepción E Inventarios,Auxiliar De Inventarios,Full Time,Masculino,2002-02-21 00:00:00,2026-03-02 00:00:00,
Pvea Miraflores,19007212,2026-04-01 00:00:00,'-,Sala,Multifuncional 5X2 1Er Turno,Part Time,Masculino,2003-08-27 00:00:00,2026-03-04 00:00:00,
Pvea Miraflores,19007213,2026-04-01 00:00:00,'-,Sala Frescos,Repres. De Servicios,Part Time,Femenino,2004-05-03 00:00:00,2026-03-04 00:00:00,2026-05-13 00:00:00
Pvea Miraflores,19007217,2026-04-01 00:00:00,'-,Sala Frescos,Repres. De Servicios,Part Time,Femenino,2006-07-10 00:00:00,2026-03-04 00:00:00,
Pvea Miraflores,19007278,2026-04-01 00:00:00,'-,Sala Frescos,Repres. De Servicios,Part Time,Femenino,2006-10-15 00:00:00,2026-03-04 00:00:00,
Pvea Miraflores,19007792,2026-04-01 00:00:00,'-,Sala Frescos,Repres. De Servicios,Part Time,Masculino,2004-08-26 00:00:00,2026-03-06 00:00:00,
Pvea Miraflores,19009195,2026-04-01 00:00:00,'-,Sala,Multifuncional,Part Time,Masculino,2006-06-25 00:00:00,2026-03-13 00:00:00,
Pvea Miraflores,19009215,2026-04-01 00:00:00,'-,Sala Frescos,Repres. De Servicios,Part Time,Masculino,2003-09-15 00:00:00,2026-03-13 00:00:00,
Pvea Miraflores,19009231,2026-04-01 00:00:00,'-,Sala,Multifuncional,Part Time,Masculino,2007-02-26 00:00:00,2026-03-13 00:00:00,
Pvea Miraflores,19009234,2026-04-01 00:00:00,'-,Cajas,Multifuncional,Part Time,Femenino,2007-11-29 00:00:00,2026-03-13 00:00:00,
Pvea Miraflores,19010337,2026-04-01 00:00:00,'-,Sala Frescos,Repres. De Servicios Fds,Part Time,Masculino,2006-11-11 00:00:00,2026-03-18 00:00:00,
Pvea Miraflores,19011067,2026-04-01 00:00:00,'-,Sala,Repres. De Servicios,Part Time,Femenino,2007-02-25 00:00:00,2026-03-20 00:00:00,
Pvea Miraflores,19011122,2026-04-01 00:00:00,'-,Sala Frescos,Repres. De Servicios Fds,Part Time,Masculino,2000-09-07 00:00:00,2026-03-20 00:00:00,
Pvea Miraflores,19011123,2026-04-01 00:00:00,'-,Sala,Multifuncional,Part Time,Masculino,2007-07-31 00:00:00,2026-03-20 00:00:00,
Pvea Miraflores,19012601,2026-04-01 00:00:00,'-,Sala Frescos,Repres. De Servicios,Full Time,Femenino,2005-12-09 00:00:00,2026-03-27 00:00:00,
Pvea Miraflores,19013802,2026-04-01 00:00:00,'-,Cajas,Repres. De Servicios,Part Time,Masculino,2008-01-13 00:00:00,2026-04-01 00:00:00,
Pvea Miraflores,19013803,2026-04-01 00:00:00,'-,Cajas,Multifuncional 5X2 1Er Turno,Part Time,Femenino,1994-12-06 00:00:00,2026-04-01 00:00:00,
Pvea Miraflores,19014238,2026-04-01 00:00:00,'-,Cajas,Multifuncional,Part Time,Femenino,2003-04-24 00:00:00,2026-04-06 00:00:00,
Pvea Miraflores,19014239,2026-04-01 00:00:00,'-,Cajas,Multifuncional 5X2 1Er Turno,Part Time,Femenino,2005-09-09 00:00:00,2026-04-06 00:00:00,
Pvea Miraflores,19014240,2026-04-01 00:00:00,'-,Cajas,Multifuncional,Part Time,Femenino,2004-09-04 00:00:00,2026-04-06 00:00:00,2026-04-15 00:00:00
Pvea Miraflores,19014278,2026-04-01 00:00:00,'-,Cajas,Multifuncional 5X2,Part Time,Masculino,2005-10-18 00:00:00,2026-04-06 00:00:00,
Pvea Miraflores,19014735,2026-04-01 00:00:00,'-,Sala Frescos,Repres. De Servicios,Full Time,Masculino,2007-01-08 00:00:00,2026-04-01 00:00:00,
Pvea Miraflores,19015975,2026-04-01 00:00:00,'-,Recepción,Repres. De Servicios,Part Time,Masculino,2001-11-26 00:00:00,2026-04-10 00:00:00,2026-05-01 00:00:00
Pvea Miraflores,19016059,2026-04-01 00:00:00,'-,Recepción,Repres. De Servicios,Full Time,Masculino,2001-08-23 00:00:00,2026-04-10 00:00:00,
Pvea Miraflores,19017433,2026-04-01 00:00:00,'-,Cajas,Asistente De Self Check Out Pt,Part Time,Femenino,2007-09-01 00:00:00,2026-04-15 00:00:00,
Pvea Miraflores,19018248,2026-04-01 00:00:00,'-,Cajas,Multifuncional,Part Time,Femenino,2006-04-24 00:00:00,2026-04-17 00:00:00,
Pvea Miraflores,19021541,2026-04-01 00:00:00,'-,Cajas,Multifuncional,Full Time,Femenino,2006-03-06 00:00:00,2026-04-30 00:00:00,
Pvea Miraflores,19021547,2026-04-01 00:00:00,'-,Cajas,Asistente De Self Check Out Pt,Part Time,Femenino,2008-04-02 00:00:00,2026-04-30 00:00:00,
Pvea Miraflores,19021559,2026-04-01 00:00:00,'-,Sala Frescos,Repres. De Servicios,Part Time,Masculino,2007-10-02 00:00:00,2026-04-30 00:00:00,
Pvea Miraflores,203013,2026-04-01 00:00:00,'-,Electro,Vendedor,Full Time,Femenino,1968-11-24 00:00:00,2018-05-23 00:00:00,
Pvea Miraflores,203489,2026-04-01 00:00:00,'-,Cajas,Supervisor De Cajeros,Full Time,Femenino,1991-08-18 00:00:00,2025-05-01 00:00:00,
Pvea Miraflores,21147,2026-04-01 00:00:00,'-,Sala Frescos,Repres. De Servicios,Full Time,Masculino,1978-04-26 00:00:00,2011-03-01 00:00:00,
Pvea Miraflores,21448,2026-04-01 00:00:00,'-,Electro,Jefe De Seccion,Full Time,Femenino,1974-03-22 00:00:00,2012-10-01 00:00:00,
Pvea Miraflores,244437,2026-04-01 00:00:00,'-,Cajas,Jefe De Seccion,Full Time,Masculino,2000-05-19 00:00:00,2024-01-19 00:00:00,
Pvea Miraflores,272289,2026-04-01 00:00:00,'-,Cajas,Supervisor De Cajeros,Full Time,Femenino,2000-01-19 00:00:00,2025-05-01 00:00:00,
Pvea Miraflores,298588,2026-04-01 00:00:00,'-,Sala,Multifuncional 5X2 1Er Turno,Part Time,Femenino,1985-12-22 00:00:00,2024-12-02 00:00:00,
Pvea Miraflores,301805,2026-04-01 00:00:00,'-,Sala,Multifuncional,Full Time,Masculino,1995-12-13 00:00:00,2020-01-20 00:00:00,
Pvea Miraflores,31455,2026-04-01 00:00:00,'-,Sala Frescos,Jefe De Seccion,Full Time,Masculino,1981-11-10 00:00:00,2016-01-18 00:00:00,
Pvea Miraflores,34546,2026-04-01 00:00:00,'-,Sala Frescos,Repres. De Servicios,Full Time,Femenino,1967-05-24 00:00:00,2016-02-17 00:00:00,
Pvea Miraflores,36202,2026-04-01 00:00:00,'-,Sala Frescos,Repres. De Servicios I,Full Time,Femenino,1992-05-22 00:00:00,2016-03-02 00:00:00,
Pvea Miraflores,41844,2026-04-01 00:00:00,'-,Sala Frescos,Repres. De Servicios,Full Time,Masculino,1984-09-10 00:00:00,2016-07-04 00:00:00,
Pvea Miraflores,42739,2026-04-01 00:00:00,'-,Sala,Jefe De Seccion,Full Time,Femenino,1998-06-14 00:00:00,2016-08-01 00:00:00,
Pvea Miraflores,4471156,2026-04-01 00:00:00,'-,Administración,Trainee Subgerente De Tienda,Full Time,Femenino,1997-03-27 00:00:00,2020-05-28 00:00:00,
Pvea Miraflores,52521,2026-04-01 00:00:00,'-,Sala Frescos,Chef,Full Time,Femenino,1978-06-24 00:00:00,2017-06-01 00:00:00,
Pvea Miraflores,55309,2026-04-01 00:00:00,'-,Sala Frescos,Repres. De Servicios,Part Time,Femenino,1990-10-28 00:00:00,2025-08-01 00:00:00,2026-04-30 00:00:00
Pvea Miraflores,7318884,2026-04-01 00:00:00,'-,Cajas,Multifuncional 5X2 1Er Turno,Part Time,Femenino,1995-02-25 00:00:00,2021-09-22 00:00:00,2026-04-01 00:00:00
Pvea Miraflores,7319542,2026-04-01 00:00:00,'-,Sala,Jefe De Seccion,Full Time,Femenino,2001-05-26 00:00:00,2022-11-01 00:00:00,2026-04-12 00:00:00
Pvea Miraflores,7319599,2026-04-01 00:00:00,'-,Sala,Multifuncional,Full Time,Masculino,2000-02-10 00:00:00,2025-02-01 00:00:00,
Pvea Miraflores,7333607,2026-04-01 00:00:00,'-,Cajas,Asistente De Self Check Out Pt,Part Time,Femenino,1979-09-11 00:00:00,2021-09-22 00:00:00,
Pvea Miraflores,7333614,2026-04-01 00:00:00,'-,Cajas,Multifuncional,Full Time,Femenino,2003-03-03 00:00:00,2023-08-01 00:00:00,
Pvea Miraflores,811,2026-04-01 00:00:00,'-,Sala,Especialista En Bebidas,Full Time,Masculino,1977-11-17 00:00:00,2016-07-13 00:00:00,
Pvea Miraflores,919,2026-04-01 00:00:00,'-,Sala Frescos,Repres. De Servicios,Full Time,Femenino,1973-08-07 00:00:00,2014-05-05 00:00:00,
Pvea Miraflores,9278728,2026-04-01 00:00:00,'-,Sala,Multifuncional 5X2 1Er Turno,Part Time,Femenino,1989-10-12 00:00:00,2021-11-02 00:00:00,
Pvea Miraflores,98053,2026-04-01 00:00:00,'-,Cajas,Supervisor De Cajeros,Full Time,Masculino,1982-02-15 00:00:00,2019-03-05 00:00:00,
Pvea Miraflores,98931,2026-04-01 00:00:00,'-,Cajas,Multifuncional Eo,Full Time,Masculino,1960-11-16 00:00:00,2017-08-01 00:00:00,
Pvea Miraflores,99177,2026-04-01 00:00:00,'-,Almacén,Jefe De Seccion,Full Time,Masculino,1998-07-09 00:00:00,2021-08-24 00:00:00,
Svea Corpac,103603,2026-04-01 00:00:00,'-,Cajas,Cajero 5X2,Part Time,Masculino,1986-06-08 00:00:00,2017-09-13 00:00:00,2026-04-30 00:00:00
Svea Corpac,10444413,2026-04-01 00:00:00,'-,Almacén,Repres. De Servicios,Part Time,Masculino,1997-07-27 00:00:00,2025-12-18 00:00:00,
Svea Corpac,104636,2026-04-01 00:00:00,'-,Almacén Frescos,Repres. De Servicios,Full Time,Femenino,1980-07-16 00:00:00,2023-06-15 00:00:00,
Svea Corpac,11405933,2026-04-01 00:00:00,'-,Sala Frescos,Jefe De Seccion,Full Time,Masculino,2002-08-30 00:00:00,2023-02-01 00:00:00,
Svea Corpac,11448207,2026-04-01 00:00:00,'-,Cajas,Jefe De Seccion,Full Time,Femenino,2003-06-05 00:00:00,2024-06-01 00:00:00,
Svea Corpac,1198235,2026-04-01 00:00:00,'-,Sala,Jefe De Seccion,Full Time,Femenino,1994-03-19 00:00:00,2020-03-17 00:00:00,
Svea Corpac,12309872,2026-04-01 00:00:00,'-,Cajas,Cajero 6X1,Full Time,Femenino,2001-11-20 00:00:00,2026-04-01 00:00:00,
Svea Corpac,13351200,2026-04-01 00:00:00,'-,Sala,Repres. De Servicios,Full Time,Femenino,1999-01-28 00:00:00,2023-11-24 00:00:00,
Svea Corpac,14343,2026-04-01 00:00:00,'-,Almacén,Repres. De Servicios Eo,Full Time,Masculino,1958-09-28 00:00:00,2007-05-01 00:00:00,
Svea Corpac,15662741,2026-04-01 00:00:00,'-,Cajas,Supervisor De Cajeros,Full Time,Femenino,1999-08-09 00:00:00,2024-05-08 00:00:00,
Svea Corpac,15958778,2026-04-01 00:00:00,'-,Cajas,Cajero 5X2,Part Time,Masculino,1998-06-03 00:00:00,2024-06-03 00:00:00,
Svea Corpac,17487114,2026-04-01 00:00:00,'-,Sala Frescos,Repres. De Servicios,Full Time,Femenino,1974-07-29 00:00:00,2024-11-14 00:00:00,
Svea Corpac,17837560,2026-04-01 00:00:00,'-,Sala Frescos,Repres. De Servicios,Part Time,Masculino,2006-06-05 00:00:00,2024-12-20 00:00:00,
Svea Corpac,18304720,2026-04-01 00:00:00,'-,Almacén Frescos,Repres. De Servicios,Part Time,Masculino,1998-04-28 00:00:00,2025-03-13 00:00:00,
Svea Corpac,18339046,2026-04-01 00:00:00,'-,Cajas,Repres. De Servicios 5X2 Eo,Part Time,Masculino,1959-04-07 00:00:00,2025-03-24 00:00:00,
Svea Corpac,18704607,2026-04-01 00:00:00,'-,Sala Frescos,Repres. De Servicios,Full Time,Masculino,2005-06-04 00:00:00,2025-05-23 00:00:00,2026-04-01 00:00:00
Svea Corpac,18720166,2026-04-01 00:00:00,'-,Sala Frescos,Repres. De Servicios,Part Time,Masculino,2005-07-03 00:00:00,2025-05-30 00:00:00,2026-04-30 00:00:00
Svea Corpac,18963005,2026-04-01 00:00:00,'-,Cajas,Cajero 5X2,Part Time,Masculino,2004-09-23 00:00:00,2025-09-06 00:00:00,
Svea Corpac,18964535,2026-04-01 00:00:00,'-,Cajas,Cajero 5X2,Part Time,Femenino,2005-09-23 00:00:00,2025-09-10 00:00:00,
Svea Corpac,18975493,2026-04-01 00:00:00,'-,Sala,Representante De Servicio 5X2 D,Part Time,Masculino,2003-03-23 00:00:00,2025-10-23 00:00:00,
Svea Corpac,18987363,2026-04-01 00:00:00,'-,Almacén Frescos,Repres. De Servicios,Part Time,Masculino,2006-12-04 00:00:00,2025-12-11 00:00:00,
Svea Corpac,18987376,2026-04-01 00:00:00,'-,Sala Frescos,Repres. De Servicios,Part Time,Masculino,2007-05-13 00:00:00,2025-12-11 00:00:00,
Svea Corpac,18989369,2026-04-01 00:00:00,'-,Sala Frescos,Repres. De Servicios,Part Time,Femenino,2006-03-26 00:00:00,2025-12-18 00:00:00,2026-04-05 00:00:00
Svea Corpac,18989492,2026-04-01 00:00:00,'-,Sala Frescos,Repres. De Servicios,Part Time,Femenino,2004-08-23 00:00:00,2025-12-18 00:00:00,2026-04-30 00:00:00
Svea Corpac,18989506,2026-04-01 00:00:00,'-,Almacén Frescos,Repres. De Servicios,Part Time,Masculino,2000-06-05 00:00:00,2025-12-18 00:00:00,
Svea Corpac,18992240,2026-04-01 00:00:00,'-,Almacén,Repres. De Servicios,Part Time,Masculino,2003-10-31 00:00:00,2026-01-02 00:00:00,
Svea Corpac,18992638,2026-04-01 00:00:00,'-,Recepción,Repres. De Servicios,Full Time,Masculino,2004-07-22 00:00:00,2026-01-05 00:00:00,2026-04-15 00:00:00
Svea Corpac,18993470,2026-04-01 00:00:00,'-,Sala,Repres. De Servicios,Full Time,Femenino,1999-05-13 00:00:00,2026-01-08 00:00:00,
Svea Corpac,18993882,2026-04-01 00:00:00,'-,Sala Frescos,Repres. De Servicios,Part Time,Femenino,2006-04-10 00:00:00,2026-01-09 00:00:00,2026-04-05 00:00:00
Svea Corpac,18994113,2026-04-01 00:00:00,'-,Sala Frescos,Repres. De Servicios,Part Time,Femenino,2004-11-09 00:00:00,2026-01-09 00:00:00,2026-04-01 00:00:00
Svea Corpac,18994401,2026-04-01 00:00:00,'-,Almacén,Repres. De Servicios,Part Time,Masculino,2005-12-29 00:00:00,2026-01-12 00:00:00,
Svea Corpac,18996742,2026-04-01 00:00:00,'-,Almacén Frescos,Repres. De Servicios,Part Time,Masculino,2004-10-01 00:00:00,2026-01-20 00:00:00,
Svea Corpac,18996754,2026-04-01 00:00:00,'-,Almacén Frescos,Repres. De Servicios,Part Time,Masculino,2003-07-14 00:00:00,2026-01-20 00:00:00,
Svea Corpac,18996767,2026-04-01 00:00:00,'-,Sala Frescos,Repres. De Servicios,Part Time,Femenino,2005-03-08 00:00:00,2026-01-20 00:00:00,
Svea Corpac,18996785,2026-04-01 00:00:00,'-,Almacén Frescos,Repres. De Servicios,Part Time,Masculino,2007-08-15 00:00:00,2026-01-20 00:00:00,
Svea Corpac,18998976,2026-04-01 00:00:00,'-,Sala Frescos,Repres. De Servicios,Part Time,Femenino,2007-04-29 00:00:00,2026-01-28 00:00:00,2026-04-01 00:00:00
Svea Corpac,18999000,2026-04-01 00:00:00,'-,Cajas,Cajero 6X1,Full Time,Femenino,1995-05-09 00:00:00,2026-01-28 00:00:00,
Svea Corpac,18999002,2026-04-01 00:00:00,'-,Cajas,Cajero 6X1,Full Time,Femenino,2007-07-22 00:00:00,2026-01-28 00:00:00,
Svea Corpac,19000739,2026-04-01 00:00:00,'-,Almacén Frescos,Repres. De Servicios,Part Time,Masculino,2003-09-12 00:00:00,2026-02-04 00:00:00,
Svea Corpac,19000741,2026-04-01 00:00:00,'-,Almacén,Repres. De Servicios,Part Time,Masculino,2007-11-26 00:00:00,2026-02-04 00:00:00,
Svea Corpac,19000746,2026-04-01 00:00:00,'-,Almacén Frescos,Repres. De Servicios,Part Time,Masculino,2006-02-17 00:00:00,2026-02-04 00:00:00,2026-04-07 00:00:00
Svea Corpac,19002229,2026-04-01 00:00:00,'-,Sala,Repres. De Servicios,Full Time,Femenino,2001-04-22 00:00:00,2026-02-11 00:00:00,
Svea Corpac,19008731,2026-04-01 00:00:00,'-,Sala Frescos,Repres. De Servicios,Part Time,Femenino,2005-06-18 00:00:00,2026-03-11 00:00:00,
Svea Corpac,19009977,2026-04-01 00:00:00,'-,Sala Frescos,Repres. De Servicios,Part Time,Femenino,2007-09-21 00:00:00,2026-03-17 00:00:00,2026-05-01 00:00:00
Svea Corpac,19009980,2026-04-01 00:00:00,'-,Sala Frescos,Repres. De Servicios,Part Time,Masculino,2005-02-24 00:00:00,2026-03-17 00:00:00,
Svea Corpac,19010970,2026-04-01 00:00:00,'-,Sala,Repres. De Servicios,Part Time,Femenino,2002-05-15 00:00:00,2026-03-20 00:00:00,
Svea Corpac,19011825,2026-04-01 00:00:00,'-,Cajas,Cajero 5X2,Part Time,Femenino,2006-11-21 00:00:00,2026-03-24 00:00:00,
Svea Corpac,19011843,2026-04-01 00:00:00,'-,Sala Frescos,Repres. De Servicios,Part Time,Femenino,2005-09-22 00:00:00,2026-03-24 00:00:00,
Svea Corpac,19012076,2026-04-01 00:00:00,'-,Cajas,Cajero 6X1,Full Time,Masculino,1994-01-05 00:00:00,2026-03-25 00:00:00,
Svea Corpac,19014689,2026-04-01 00:00:00,'-,Almacén,Jefe De Seccion,Full Time,Masculino,1989-07-23 00:00:00,2026-04-06 00:00:00,
Svea Corpac,19014692,2026-04-01 00:00:00,'-,Cajas,Cajero 5X2,Part Time,Masculino,2006-01-18 00:00:00,2026-04-06 00:00:00,
Svea Corpac,19017024,2026-04-01 00:00:00,'-,Sala Frescos,Repres. De Servicios,Full Time,Masculino,2007-06-02 00:00:00,2026-04-14 00:00:00,
Svea Corpac,19017026,2026-04-01 00:00:00,'-,Cajas,Cajero 6X1,Full Time,Masculino,2006-01-21 00:00:00,2026-04-14 00:00:00,
Svea Corpac,19020960,2026-04-01 00:00:00,'-,Recepción,Repres. De Servicios Nochero,Full Time,Masculino,2000-11-04 00:00:00,2026-04-28 00:00:00,
Svea Corpac,21115,2026-04-01 00:00:00,'-,Cajas,Representante De Servicio D,Full Time,Masculino,1981-02-25 00:00:00,2000-03-01 00:00:00,
Svea Corpac,21374,2026-04-01 00:00:00,'-,Recepción E Inventarios,Auxiliar De Inventarios,Full Time,Masculino,1988-09-09 00:00:00,2010-04-16 00:00:00,
Svea Corpac,24885,2026-04-01 00:00:00,'-,Administración,Subgerente De Tienda,Full Time,Masculino,1974-12-24 00:00:00,1998-09-01 00:00:00,
Svea Corpac,44131,2026-04-01 00:00:00,'-,Cajas,Supervisor De Cajeros,Full Time,Femenino,1971-02-17 00:00:00,2016-09-05 00:00:00,
Svea Corpac,48590,2026-04-01 00:00:00,'-,Sala Frescos,Repres. De Servicios,Full Time,Femenino,1976-11-15 00:00:00,2016-12-14 00:00:00,
Svea Corpac,9278595,2026-04-01 00:00:00,'-,Cajas,Supervisor De Cajeros,Full Time,Masculino,1994-12-25 00:00:00,2023-07-01 00:00:00,
Viv Monterrico,104143,2026-04-01 00:00:00,'-,"Carnes, Pescados, Fiambres, Frutas & Verduras",Repres. De Servicios,Full Time,Femenino,1985-09-27 00:00:00,2017-10-01 00:00:00,
Viv Monterrico,10472,2026-04-01 00:00:00,'-,"Carnes, Pescados, Fiambres, Frutas & Verduras",Repres. De Servicios,Full Time,Femenino,1969-11-01 00:00:00,2015-10-16 00:00:00,
Viv Monterrico,10653,2026-04-01 00:00:00,'-,"Carnes, Pescados, Fiambres, Frutas & Verduras",Repres. De Servicios,Full Time,Masculino,1971-05-11 00:00:00,2002-10-19 00:00:00,
Viv Monterrico,10845,2026-04-01 00:00:00,'-,"Carnes, Pescados, Fiambres, Frutas & Verduras",Jefe De Seccion,Full Time,Femenino,1979-08-02 00:00:00,2012-08-01 00:00:00,
Viv Monterrico,110670,2026-04-01 00:00:00,'-,"Carnes, Pescados, Fiambres, Frutas & Verduras",Repres. De Servicios Fds,Part Time,Femenino,1993-10-16 00:00:00,2025-04-01 00:00:00,
Viv Monterrico,11965977,2026-04-01 00:00:00,'-,Sala,Jefe De Seccion,Full Time,Masculino,2003-05-03 00:00:00,2024-02-01 00:00:00,
Viv Monterrico,11966759,2026-04-01 00:00:00,'-,Cajas,Cajero 4X3,Part Time,Masculino,2003-04-07 00:00:00,2023-03-09 00:00:00,2026-04-15 00:00:00
Viv Monterrico,11968493,2026-04-01 00:00:00,'-,Cajas,Cajero 6X1,Full Time,Femenino,1983-01-31 00:00:00,2024-04-01 00:00:00,
Viv Monterrico,1205195,2026-04-01 00:00:00,'-,Cajas,Repres. De Servicios,Full Time,Femenino,1999-12-16 00:00:00,2026-03-01 00:00:00,
Viv Monterrico,12261783,2026-04-01 00:00:00,'-,"Carnes, Pescados, Fiambres, Frutas & Verduras",Repres. De Servicios,Full Time,Masculino,1993-02-04 00:00:00,2023-06-13 00:00:00,
Viv Monterrico,12318260,2026-04-01 00:00:00,'-,Administración,Gerente De Tienda,Full Time,Femenino,1988-11-05 00:00:00,2023-07-03 00:00:00,
Viv Monterrico,128607,2026-04-01 00:00:00,'-,Cajas,Repres. De Servicios Fds,Part Time,Femenino,1995-01-19 00:00:00,2018-02-08 00:00:00,
Viv Monterrico,13227322,2026-04-01 00:00:00,'-,Cajas,Cajero 5X2,Part Time,Masculino,2004-01-31 00:00:00,2023-11-07 00:00:00,2026-04-14 00:00:00
Viv Monterrico,13277255,2026-04-01 00:00:00,'-,Sala,Repres. De Servicios,Part Time,Masculino,2003-09-22 00:00:00,2023-11-14 00:00:00,
Viv Monterrico,1331,2026-04-01 00:00:00,'-,Cajas,Cajero 5X2,Full Time,Femenino,1987-10-26 00:00:00,2025-05-02 00:00:00,
Viv Monterrico,13619568,2026-04-01 00:00:00,'-,"Carnes, Pescados, Fiambres, Frutas & Verduras",Repres. De Servicios,Full Time,Femenino,1969-12-30 00:00:00,2023-12-12 00:00:00,
Viv Monterrico,13709716,2026-04-01 00:00:00,'-,Almacén,Repres. De Servicios,Part Time,Masculino,2003-07-01 00:00:00,2023-12-22 00:00:00,
Viv Monterrico,13816913,2026-04-01 00:00:00,'-,Cajas,Asistente De Self Check Out Pt,Part Time,Femenino,2002-02-03 00:00:00,2024-01-12 00:00:00,2026-04-30 00:00:00
Viv Monterrico,14270,2026-04-01 00:00:00,'-,"Carnes, Pescados, Fiambres, Frutas & Verduras",Repres. De Servicios,Full Time,Masculino,1972-02-18 00:00:00,2005-11-05 00:00:00,
Viv Monterrico,14290348,2026-04-01 00:00:00,'-,Cajas,Supervisor De Cajeros,Full Time,Masculino,2003-03-17 00:00:00,2025-07-01 00:00:00,
Viv Monterrico,14470,2026-04-01 00:00:00,'-,Comidas Preparadas Panadería Y Pastelería,Repres. De Servicios,Full Time,Femenino,1988-01-20 00:00:00,2018-07-01 00:00:00,
Viv Monterrico,14618,2026-04-01 00:00:00,'-,Cajas,Cajero 4X3,Part Time,Femenino,1980-03-15 00:00:00,2013-10-01 00:00:00,
Viv Monterrico,14625595,2026-04-01 00:00:00,'-,Cajas,Cajero 5X2,Part Time,Femenino,2003-12-25 00:00:00,2024-03-08 00:00:00,
Viv Monterrico,14685168,2026-04-01 00:00:00,'-,Cajas,Supervisor De Cajeros,Full Time,Femenino,2002-06-28 00:00:00,2026-04-01 00:00:00,
Viv Monterrico,14685194,2026-04-01 00:00:00,'-,Comidas Preparadas Panadería Y Pastelería,Repres. De Servicios,Part Time,Masculino,2004-10-08 00:00:00,2025-10-01 00:00:00,2026-04-01 00:00:00
Viv Monterrico,15146,2026-04-01 00:00:00,'-,Recepción,Repres. De Servicios,Full Time,Masculino,1982-09-29 00:00:00,2014-04-01 00:00:00,
Viv Monterrico,15470432,2026-04-01 00:00:00,'-,Sala,Repres. De Servicios,Part Time,Femenino,1998-08-10 00:00:00,2024-04-29 00:00:00,
Viv Monterrico,15470435,2026-04-01 00:00:00,'-,Cajas,Cajero 3X4,Part Time,Femenino,2004-03-31 00:00:00,2024-04-29 00:00:00,
Viv Monterrico,15635412,2026-04-01 00:00:00,'-,Recepción,Repres. De Servicios,Full Time,Masculino,1999-05-06 00:00:00,2024-05-07 00:00:00,
Viv Monterrico,15933876,2026-04-01 00:00:00,'-,Comidas Preparadas Panadería Y Pastelería,Repres. De Servicios,Part Time,Femenino,2000-09-14 00:00:00,2024-05-30 00:00:00,
Viv Monterrico,16648173,2026-04-01 00:00:00,'-,Almacén,Repres. De Servicios,Part Time,Masculino,2006-04-14 00:00:00,2024-08-14 00:00:00,
Viv Monterrico,16674385,2026-04-01 00:00:00,'-,Cajas,Cajero 5X2,Part Time,Masculino,2004-11-04 00:00:00,2024-08-16 00:00:00,2026-04-30 00:00:00
Viv Monterrico,16733509,2026-04-01 00:00:00,'-,"Carnes, Pescados, Fiambres, Frutas & Verduras",Repres. De Servicios,Full Time,Femenino,1996-05-24 00:00:00,2025-01-01 00:00:00,
Viv Monterrico,16936646,2026-04-01 00:00:00,'-,Cajas,Cajero 3X4,Part Time,Masculino,2005-05-23 00:00:00,2024-09-13 00:00:00,2026-04-14 00:00:00
Viv Monterrico,17002756,2026-04-01 00:00:00,'-,Cajas,Repres. De Servicios,Full Time,Masculino,2003-06-06 00:00:00,2026-04-01 00:00:00,
Viv Monterrico,17161673,2026-04-01 00:00:00,'-,Cajas,Repres. De Servicios,Part Time,Masculino,2002-07-09 00:00:00,2025-11-03 00:00:00,
Viv Monterrico,17164485,2026-04-01 00:00:00,'-,Cajas,Cajero 5X2,Part Time,Masculino,2003-07-04 00:00:00,2024-10-14 00:00:00,
Viv Monterrico,17211153,2026-04-01 00:00:00,'-,Cajas,Cajero 5X2,Part Time,Femenino,1998-01-06 00:00:00,2024-10-17 00:00:00,
Viv Monterrico,17496663,2026-04-01 00:00:00,'-,Cajas,Cajero 5X2,Part Time,Masculino,2005-03-13 00:00:00,2024-11-15 00:00:00,
Viv Monterrico,17667696,2026-04-01 00:00:00,'-,Comidas Preparadas Panadería Y Pastelería,Repres. De Servicios,Part Time,Femenino,2001-03-14 00:00:00,2026-04-10 00:00:00,
Viv Monterrico,17680473,2026-04-01 00:00:00,'-,Cajas,Cajero 5X2,Part Time,Femenino,1988-03-13 00:00:00,2024-11-25 00:00:00,
Viv Monterrico,17783053,2026-04-01 00:00:00,'-,Cajas,Cajero 6X1,Full Time,Masculino,2004-01-16 00:00:00,2026-03-01 00:00:00,
Viv Monterrico,17914341,2026-04-01 00:00:00,'-,"Carnes, Pescados, Fiambres, Frutas & Verduras",Repres. De Servicios,Full Time,Femenino,2002-10-30 00:00:00,2026-04-28 00:00:00,
Viv Monterrico,17958127,2026-04-01 00:00:00,'-,Almacén,Repres. De Servicios,Part Time,Masculino,2003-05-02 00:00:00,2025-01-24 00:00:00,
Viv Monterrico,18216092,2026-04-01 00:00:00,'-,Cajas,Cajero 3X4,Part Time,Masculino,2002-04-17 00:00:00,2025-02-25 00:00:00,
Viv Monterrico,18294821,2026-04-01 00:00:00,'-,"Carnes, Pescados, Fiambres, Frutas & Verduras",Repres. De Servicios,Full Time,Masculino,2001-02-11 00:00:00,2025-03-11 00:00:00,
Viv Monterrico,18347,2026-04-01 00:00:00,'-,Cajas,Jefe De Seccion,Full Time,Masculino,1992-12-14 00:00:00,2020-02-03 00:00:00,
Viv Monterrico,18396,2026-04-01 00:00:00,'-,"Carnes, Pescados, Fiambres, Frutas & Verduras",Repres. De Servicios I,Full Time,Femenino,1982-06-03 00:00:00,2013-09-09 00:00:00,
Viv Monterrico,18488612,2026-04-01 00:00:00,'-,Cajas,Cajero 5X2,Part Time,Femenino,2006-09-20 00:00:00,2025-04-16 00:00:00,
Viv Monterrico,18625750,2026-04-01 00:00:00,'-,Cajas,Cajero 5X2,Full Time,Femenino,1986-12-26 00:00:00,2025-04-24 00:00:00,
Viv Monterrico,18625784,2026-04-01 00:00:00,'-,Cajas,Asistente De Self Check Out Pt,Part Time,Femenino,2007-03-29 00:00:00,2025-04-24 00:00:00,
Viv Monterrico,18626066,2026-04-01 00:00:00,'-,Cajas,Cajero 6X1,Full Time,Masculino,2004-05-07 00:00:00,2025-04-28 00:00:00,
Viv Monterrico,18678006,2026-04-01 00:00:00,'-,Cajas,Asistente De Self Check Out Pt,Part Time,Femenino,2007-01-23 00:00:00,2026-03-01 00:00:00,
Viv Monterrico,18715415,2026-04-01 00:00:00,'-,Sala,Repres. De Servicios Fds,Part Time,Masculino,2005-03-23 00:00:00,2025-05-28 00:00:00,
Viv Monterrico,18743530,2026-04-01 00:00:00,'-,Comidas Preparadas Panadería Y Pastelería,Repres. De Servicios,Part Time,Masculino,2006-08-18 00:00:00,2025-06-10 00:00:00,2026-04-30 00:00:00
Viv Monterrico,18965310,2026-04-01 00:00:00,'-,Almacén,Repres. De Servicios,Part Time,Masculino,1996-08-27 00:00:00,2025-09-15 00:00:00,2026-04-30 00:00:00
Viv Monterrico,18965477,2026-04-01 00:00:00,'-,Cajas,Cajero 3X4,Part Time,Femenino,1987-04-29 00:00:00,2025-09-15 00:00:00,
Viv Monterrico,18966219,2026-04-01 00:00:00,'-,Cajas,Cajero 3X4,Part Time,Masculino,2006-03-03 00:00:00,2025-09-16 00:00:00,
Viv Monterrico,18966277,2026-04-01 00:00:00,'-,Cajas,Cajero 5X2,Part Time,Femenino,2006-11-21 00:00:00,2025-09-16 00:00:00,
Viv Monterrico,18966649,2026-04-01 00:00:00,'-,"Carnes, Pescados, Fiambres, Frutas & Verduras",Repres. De Servicios,Part Time,Femenino,2006-10-19 00:00:00,2026-03-31 00:00:00,
Viv Monterrico,18967200,2026-04-01 00:00:00,'-,Cajas,Cajero 3X4,Part Time,Femenino,2004-12-22 00:00:00,2025-09-19 00:00:00,2026-04-19 00:00:00
Viv Monterrico,18969479,2026-04-01 00:00:00,'-,Almacén,Repres. De Servicios,Part Time,Masculino,2007-02-10 00:00:00,2025-09-26 00:00:00,2026-04-30 00:00:00
Viv Monterrico,18969915,2026-04-01 00:00:00,'-,"Carnes, Pescados, Fiambres, Frutas & Verduras",Repres. De Servicios,Full Time,Masculino,2003-12-24 00:00:00,2026-03-01 00:00:00,
Viv Monterrico,18973226,2026-04-01 00:00:00,'-,Comidas Preparadas Panadería Y Pastelería,Repres. De Servicios Fds,Part Time,Masculino,2005-07-16 00:00:00,2025-10-13 00:00:00,
Viv Monterrico,18973686,2026-04-01 00:00:00,'-,Comidas Preparadas Panadería Y Pastelería,Repres. De Servicios Fds,Part Time,Femenino,2005-01-22 00:00:00,2025-10-14 00:00:00,
Viv Monterrico,18977151,2026-04-01 00:00:00,'-,Cajas,Repres. De Servicios,Part Time,Masculino,2003-07-22 00:00:00,2025-10-31 00:00:00,2026-04-01 00:00:00
Viv Monterrico,18982923,2026-04-01 00:00:00,'-,Cajas,Repres. De Servicios,Part Time,Femenino,2007-04-16 00:00:00,2026-04-13 00:00:00,
Viv Monterrico,18983929,2026-04-01 00:00:00,'-,Sala,Repres. De Servicios,Part Time,Femenino,2006-06-06 00:00:00,2025-12-01 00:00:00,
Viv Monterrico,18987833,2026-04-01 00:00:00,'-,Sala,Repres. De Servicios,Part Time,Femenino,2005-03-16 00:00:00,2025-12-12 00:00:00,2026-04-01 00:00:00
Viv Monterrico,18987928,2026-04-01 00:00:00,'-,Almacén,Repres. De Servicios,Part Time,Masculino,2005-12-02 00:00:00,2025-12-12 00:00:00,
Viv Monterrico,18989582,2026-04-01 00:00:00,'-,Sala,Repres. De Servicios,Part Time,Masculino,2002-01-13 00:00:00,2025-12-18 00:00:00,
Viv Monterrico,18989583,2026-04-01 00:00:00,'-,Cajas,Cajero 5X2,Part Time,Femenino,2003-08-15 00:00:00,2025-12-18 00:00:00,
Viv Monterrico,18989860,2026-04-01 00:00:00,'-,"Carnes, Pescados, Fiambres, Frutas & Verduras",Repres. De Servicios,Part Time,Masculino,2007-02-28 00:00:00,2025-12-19 00:00:00,
Viv Monterrico,18989895,2026-04-01 00:00:00,'-,Sala,Repres. De Servicios,Part Time,Masculino,2000-12-15 00:00:00,2025-12-19 00:00:00,
Viv Monterrico,18989928,2026-04-01 00:00:00,'-,Cajas,Cajero 3X4,Part Time,Femenino,2006-10-28 00:00:00,2025-12-19 00:00:00,
Viv Monterrico,18990976,2026-04-01 00:00:00,'-,Comidas Preparadas Panadería Y Pastelería,Repres. De Servicios,Part Time,Femenino,2006-01-04 00:00:00,2025-12-24 00:00:00,
Viv Monterrico,18990983,2026-04-01 00:00:00,'-,"Carnes, Pescados, Fiambres, Frutas & Verduras",Repres. De Servicios,Part Time,Masculino,2006-04-06 00:00:00,2025-12-24 00:00:00,2026-04-17 00:00:00
Viv Monterrico,18990996,2026-04-01 00:00:00,'-,Comidas Preparadas Panadería Y Pastelería,Repres. De Servicios Fds,Part Time,Femenino,2007-05-12 00:00:00,2025-12-24 00:00:00,
Viv Monterrico,18990999,2026-04-01 00:00:00,'-,"Carnes, Pescados, Fiambres, Frutas & Verduras",Repres. De Servicios,Part Time,Masculino,2006-06-14 00:00:00,2025-12-24 00:00:00,
Viv Monterrico,18991051,2026-04-01 00:00:00,'-,Almacén,Repres. De Servicios,Part Time,Masculino,2006-10-09 00:00:00,2025-12-24 00:00:00,2026-04-01 00:00:00
Viv Monterrico,18991053,2026-04-01 00:00:00,'-,Sala,Repres. De Servicios,Part Time,Femenino,2005-02-03 00:00:00,2025-12-24 00:00:00,2026-04-09 00:00:00
Viv Monterrico,18995791,2026-04-01 00:00:00,'-,Sala,Repres. De Servicios,Part Time,Masculino,2003-08-21 00:00:00,2026-01-16 00:00:00,
Viv Monterrico,18998557,2026-04-01 00:00:00,'-,Comidas Preparadas Panadería Y Pastelería,Repres. De Servicios,Part Time,Masculino,2007-09-08 00:00:00,2026-01-27 00:00:00,2026-04-30 00:00:00
Viv Monterrico,18998561,2026-04-01 00:00:00,'-,Cajas,Cajero 5X2,Part Time,Femenino,2006-04-13 00:00:00,2026-01-27 00:00:00,2026-04-15 00:00:00
Viv Monterrico,18998563,2026-04-01 00:00:00,'-,Comidas Preparadas Panadería Y Pastelería,Repres. De Servicios,Part Time,Femenino,2005-12-08 00:00:00,2026-01-27 00:00:00,
Viv Monterrico,18998585,2026-04-01 00:00:00,'-,Comidas Preparadas Panadería Y Pastelería,Repres. De Servicios,Part Time,Femenino,2005-06-06 00:00:00,2026-01-27 00:00:00,
Viv Monterrico,18998586,2026-04-01 00:00:00,'-,Comidas Preparadas Panadería Y Pastelería,Repres. De Servicios,Full Time,Masculino,2006-09-28 00:00:00,2026-01-27 00:00:00,
Viv Monterrico,18998588,2026-04-01 00:00:00,'-,Cajas,Asistente De Self Check Out Pt,Part Time,Femenino,2004-12-23 00:00:00,2026-01-27 00:00:00,
Viv Monterrico,18998607,2026-04-01 00:00:00,'-,Comidas Preparadas Panadería Y Pastelería,Repres. De Servicios,Part Time,Masculino,2007-09-05 00:00:00,2026-01-27 00:00:00,
Viv Monterrico,18998608,2026-04-01 00:00:00,'-,Comidas Preparadas Panadería Y Pastelería,Repres. De Servicios,Part Time,Masculino,2006-10-08 00:00:00,2026-01-27 00:00:00,2026-04-11 00:00:00
Viv Monterrico,18998609,2026-04-01 00:00:00,'-,Comidas Preparadas Panadería Y Pastelería,Repres. De Servicios,Part Time,Femenino,2006-03-17 00:00:00,2026-01-27 00:00:00,
Viv Monterrico,18998669,2026-04-01 00:00:00,'-,"Carnes, Pescados, Fiambres, Frutas & Verduras",Repres. De Servicios,Part Time,Femenino,2002-04-19 00:00:00,2026-01-27 00:00:00,
Viv Monterrico,18998674,2026-04-01 00:00:00,'-,Comidas Preparadas Panadería Y Pastelería,Repres. De Servicios,Part Time,Masculino,2006-10-16 00:00:00,2026-01-27 00:00:00,2026-04-05 00:00:00
Viv Monterrico,19001135,2026-04-01 00:00:00,'-,Cajas,Repres. De Servicios,Part Time,Femenino,2007-12-25 00:00:00,2026-02-06 00:00:00,2026-04-30 00:00:00
Viv Monterrico,19002296,2026-04-01 00:00:00,'-,Cajas,Repres. De Servicios,Full Time,Masculino,2006-08-04 00:00:00,2026-02-11 00:00:00,2026-04-13 00:00:00
Viv Monterrico,19004356,2026-04-01 00:00:00,'-,Cajas,Asistente De Self Check Out Pt,Part Time,Femenino,2007-07-04 00:00:00,2026-02-18 00:00:00,
Viv Monterrico,19004391,2026-04-01 00:00:00,'-,Cajas,Cajero 6X1,Full Time,Femenino,1996-05-14 00:00:00,2026-02-18 00:00:00,
Viv Monterrico,19004393,2026-04-01 00:00:00,'-,"Carnes, Pescados, Fiambres, Frutas & Verduras",Repres. De Servicios Fds,Part Time,Femenino,2007-08-21 00:00:00,2026-02-18 00:00:00,
Viv Monterrico,19004450,2026-04-01 00:00:00,'-,Sala,Repres. De Servicios,Part Time,Femenino,2005-02-27 00:00:00,2026-02-18 00:00:00,
Viv Monterrico,19004451,2026-04-01 00:00:00,'-,Cajas,Cajero 5X2,Part Time,Femenino,2004-05-06 00:00:00,2026-02-18 00:00:00,2026-04-01 00:00:00
Viv Monterrico,19004834,2026-04-01 00:00:00,'-,Cajas,Cajero 3X4,Part Time,Femenino,2002-05-02 00:00:00,2026-02-20 00:00:00,
Viv Monterrico,19004838,2026-04-01 00:00:00,'-,Sala,Repres. De Servicios,Part Time,Femenino,2006-06-13 00:00:00,2026-02-20 00:00:00,
Viv Monterrico,19004839,2026-04-01 00:00:00,'-,"Carnes, Pescados, Fiambres, Frutas & Verduras",Repres. De Servicios,Part Time,Femenino,2007-10-28 00:00:00,2026-02-20 00:00:00,
Viv Monterrico,19004840,2026-04-01 00:00:00,'-,"Carnes, Pescados, Fiambres, Frutas & Verduras",Repres. De Servicios,Part Time,Masculino,2005-01-25 00:00:00,2026-02-20 00:00:00,
Viv Monterrico,19004844,2026-04-01 00:00:00,'-,Cajas,Cajero 5X2,Part Time,Femenino,2007-06-13 00:00:00,2026-02-20 00:00:00,
Viv Monterrico,19004849,2026-04-01 00:00:00,'-,Sala,Repres. De Servicios,Full Time,Femenino,2006-05-07 00:00:00,2026-02-20 00:00:00,
Viv Monterrico,19005770,2026-04-01 00:00:00,'-,Cajas,Cajero 3X4,Part Time,Femenino,2006-09-15 00:00:00,2026-02-25 00:00:00,2026-04-30 00:00:00
Viv Monterrico,19007232,2026-04-01 00:00:00,'-,Cajas,Cajero 5X2,Part Time,Femenino,2007-05-17 00:00:00,2026-03-04 00:00:00,
Viv Monterrico,19007264,2026-04-01 00:00:00,'-,Comidas Preparadas,Chef,Full Time,Femenino,1984-02-21 00:00:00,2026-03-04 00:00:00,
Viv Monterrico,19007295,2026-04-01 00:00:00,'-,Sala,Repres. De Servicios,Full Time,Femenino,2007-09-30 00:00:00,2026-03-04 00:00:00,
Viv Monterrico,19009004,2026-04-01 00:00:00,'-,Cajas,Cajero 5X2,Part Time,Masculino,2005-02-20 00:00:00,2026-03-12 00:00:00,
Viv Monterrico,19009131,2026-04-01 00:00:00,'-,Cajas,Cajero 5X2,Part Time,Femenino,2003-11-12 00:00:00,2026-03-13 00:00:00,
Viv Monterrico,19010894,2026-04-01 00:00:00,'-,Cajas,Cajero 6X1,Full Time,Femenino,1987-06-30 00:00:00,2026-03-20 00:00:00,2026-05-01 00:00:00
Viv Monterrico,19011379,2026-04-01 00:00:00,'-,Cajas,Cajero 3X4,Part Time,Femenino,2001-06-27 00:00:00,2026-03-23 00:00:00,2026-04-10 00:00:00
Viv Monterrico,19011387,2026-04-01 00:00:00,'-,Cajas,Cajero 5X2,Part Time,Femenino,2004-04-10 00:00:00,2026-03-23 00:00:00,
Viv Monterrico,19012232,2026-04-01 00:00:00,'-,Cajas,Cajero 5X2,Part Time,Femenino,2006-10-30 00:00:00,2026-03-25 00:00:00,
Viv Monterrico,19012879,2026-04-01 00:00:00,'-,Comidas Preparadas Panadería Y Pastelería,Repres. De Servicios,Part Time,Femenino,2007-09-13 00:00:00,2026-03-30 00:00:00,
Viv Monterrico,19013357,2026-04-01 00:00:00,'-,Almacén,Repres. De Servicios,Part Time,Masculino,2004-04-06 00:00:00,2026-03-31 00:00:00,
Viv Monterrico,19013358,2026-04-01 00:00:00,'-,"Carnes, Pescados, Fiambres, Frutas & Verduras",Repres. De Servicios,Full Time,Femenino,2004-10-15 00:00:00,2026-03-31 00:00:00,
Viv Monterrico,19013592,2026-04-01 00:00:00,'-,Cajas,Cajero 3X4,Part Time,Femenino,2004-01-25 00:00:00,2026-04-01 00:00:00,
Viv Monterrico,19016051,2026-04-01 00:00:00,'-,"Carnes, Pescados, Fiambres, Frutas & Verduras",Repres. De Servicios,Full Time,Femenino,2005-03-17 00:00:00,2026-04-10 00:00:00,
Viv Monterrico,19017596,2026-04-01 00:00:00,'-,"Carnes, Pescados, Fiambres, Frutas & Verduras",Repres. De Servicios,Part Time,Masculino,2003-08-31 00:00:00,2026-04-15 00:00:00,
Viv Monterrico,19018125,2026-04-01 00:00:00,'-,Almacén,Repres. De Servicios,Part Time,Masculino,2000-04-29 00:00:00,2026-04-17 00:00:00,
Viv Monterrico,19018129,2026-04-01 00:00:00,'-,Comidas Preparadas Panadería Y Pastelería,Repres. De Servicios,Part Time,Femenino,2007-07-01 00:00:00,2026-04-17 00:00:00,
Viv Monterrico,19020975,2026-04-01 00:00:00,'-,Cajas,Cajero 3X4,Part Time,Femenino,2006-08-08 00:00:00,2026-04-28 00:00:00,
Viv Monterrico,19020976,2026-04-01 00:00:00,'-,Comidas Preparadas Panadería Y Pastelería,Repres. De Servicios,Part Time,Masculino,2000-05-29 00:00:00,2026-04-28 00:00:00,
Viv Monterrico,19021109,2026-04-01 00:00:00,'-,"Carnes, Pescados, Fiambres, Frutas & Verduras",Repres. De Servicios,Full Time,Femenino,1992-02-13 00:00:00,2026-04-28 00:00:00,
Viv Monterrico,202700,2026-04-01 00:00:00,'-,Administración,Subgerente De Tienda,Full Time,Femenino,1998-03-05 00:00:00,2018-08-01 00:00:00,
Viv Monterrico,203493,2026-04-01 00:00:00,'-,Comidas Preparadas Panadería Y Pastelería,Jefe De Seccion,Full Time,Femenino,1993-07-18 00:00:00,2020-03-11 00:00:00,
Viv Monterrico,21073,2026-04-01 00:00:00,'-,Comidas Preparadas Panadería Y Pastelería,Repres. De Servicios,Full Time,Masculino,1978-11-03 00:00:00,2008-09-01 00:00:00,
Viv Monterrico,21097,2026-04-01 00:00:00,'-,Almacén,Jefe De Seccion Eo,Full Time,Masculino,1965-04-05 00:00:00,1988-04-02 00:00:00,
Viv Monterrico,21347,2026-04-01 00:00:00,'-,Sala,Repres. De Servicios I,Full Time,Masculino,1979-04-19 00:00:00,2011-02-10 00:00:00,
Viv Monterrico,235488,2026-04-01 00:00:00,'-,Cajas,Repres. De Servicios,Full Time,Femenino,1977-09-25 00:00:00,2020-01-01 00:00:00,
Viv Monterrico,241468,2026-04-01 00:00:00,'-,Sala,Especialista En Bebidas,Full Time,Masculino,1985-11-16 00:00:00,2018-11-15 00:00:00,
Viv Monterrico,27172,2026-04-01 00:00:00,'-,Comidas Preparadas Panadería Y Pastelería,Repres. De Servicios I,Full Time,Femenino,1992-08-05 00:00:00,2015-06-08 00:00:00,
Viv Monterrico,273875,2026-04-01 00:00:00,'-,"Carnes, Pescados, Fiambres, Frutas & Verduras",Repres. De Servicios I,Full Time,Masculino,2000-06-16 00:00:00,2025-07-07 00:00:00,2026-04-17 00:00:00
Viv Monterrico,27570,2026-04-01 00:00:00,'-,Comidas Preparadas Panadería Y Pastelería,Repres. De Servicios,Full Time,Femenino,1979-03-22 00:00:00,2015-09-01 00:00:00,
Viv Monterrico,276932,2026-04-01 00:00:00,'-,Cajas,Representante De Servicio 5X2 D,Part Time,Masculino,1979-03-26 00:00:00,2019-08-02 00:00:00,
Viv Monterrico,299199,2026-04-01 00:00:00,'-,Sala,Representante De Servicio 5X2 D,Part Time,Femenino,1965-08-29 00:00:00,2019-12-10 00:00:00,
Viv Monterrico,31001,2026-04-01 00:00:00,'-,Recepción E Inventarios,Auxiliar De Inventarios,Full Time,Femenino,1993-09-25 00:00:00,2016-01-01 00:00:00,
Viv Monterrico,31936,2026-04-01 00:00:00,'-,Cajas,Supervisor De Cajeros,Full Time,Femenino,1985-02-13 00:00:00,2016-02-01 00:00:00,
Viv Monterrico,34551,2026-04-01 00:00:00,'-,Recepción,Repres. De Servicios,Full Time,Femenino,1987-11-06 00:00:00,2016-02-17 00:00:00,
Viv Monterrico,36599,2026-04-01 00:00:00,'-,"Carnes, Pescados, Fiambres, Frutas & Verduras",Repres. De Servicios,Full Time,Femenino,1982-11-15 00:00:00,2016-03-02 00:00:00,
Viv Monterrico,3705,2026-04-01 00:00:00,'-,Administración,Jefe Entrenador,Full Time,Masculino,1968-12-14 00:00:00,2004-04-01 00:00:00,
Viv Monterrico,38464,2026-04-01 00:00:00,'-,Cajas,Cajero 5X2,Full Time,Femenino,1976-11-28 00:00:00,2018-02-01 00:00:00,
Viv Monterrico,40160,2026-04-01 00:00:00,'-,Cajas,Repres. De Servicios,Part Time,Masculino,1992-12-07 00:00:00,2016-05-04 00:00:00,
Viv Monterrico,41959,2026-04-01 00:00:00,'-,"Carnes, Pescados, Fiambres, Frutas & Verduras",Repres. De Servicios,Full Time,Femenino,1973-06-24 00:00:00,2016-07-08 00:00:00,
Viv Monterrico,51730,2026-04-01 00:00:00,'-,"Carnes, Pescados, Fiambres, Frutas & Verduras",Repres. De Servicios I,Full Time,Femenino,1994-11-10 00:00:00,2019-05-01 00:00:00,
Viv Monterrico,51793,2026-04-01 00:00:00,'-,Administración,Coordinador De Operaciones Iga,Full Time,Femenino,1993-11-12 00:00:00,2022-02-01 00:00:00,
Viv Monterrico,53621,2026-04-01 00:00:00,'-,Administración,Asistente De Tienda,Full Time,Femenino,1998-04-09 00:00:00,2020-03-01 00:00:00,
Viv Monterrico,6990,2026-04-01 00:00:00,'-,Comidas Preparadas Panadería Y Pastelería,Repres. De Servicios Eo,Full Time,Masculino,1964-03-29 00:00:00,2007-09-01 00:00:00,
Viv Monterrico,7178,2026-04-01 00:00:00,'-,Comidas Preparadas Panadería Y Pastelería,Repres. De Servicios,Full Time,Femenino,1991-04-30 00:00:00,2012-04-01 00:00:00,
Viv Monterrico,7280,2026-04-01 00:00:00,'-,"Carnes, Pescados, Fiambres, Frutas & Verduras",Repres. De Servicios Eo,Full Time,Femenino,1962-07-30 00:00:00,1997-12-01 00:00:00,
Viv Monterrico,7325,2026-04-01 00:00:00,'-,Cajas,Supervisor De Cajeros,Full Time,Femenino,1992-07-21 00:00:00,2019-11-29 00:00:00,
Viv Monterrico,8668,2026-04-01 00:00:00,'-,Sala,Repres. De Servicios,Full Time,Femenino,1983-02-21 00:00:00,2020-02-26 00:00:00,2026-04-01 00:00:00
Viv Monterrico,9734259,2026-04-01 00:00:00,'-,Sala,Repres. De Servicios,Part Time,Femenino,2001-04-22 00:00:00,2022-01-21 00:00:00,
Viv Monterrico,9864173,2026-04-01 00:00:00,'-,Cajas,Asistente De Self Check Out Pt,Part Time,Masculino,2002-04-18 00:00:00,2024-02-21 00:00:00,
Pvea Miraflores,10712,2026-03-01 00:00:00,'-,Administración,Asistente De Tienda,Full Time,Femenino,1987-05-15 00:00:00,2009-06-01 00:00:00,
Pvea Miraflores,108279,2026-03-01 00:00:00,'-,Almacén,Repres. De Servicios,Full Time,Masculino,1999-06-19 00:00:00,2024-11-01 00:00:00,
Pvea Miraflores,10922,2026-03-01 00:00:00,'-,Administración,Subgerente De Tienda,Full Time,Masculino,1989-05-26 00:00:00,2008-04-02 00:00:00,
Pvea Miraflores,11215671,2026-03-01 00:00:00,'-,Cajas,Supervisor De Cajeros,Full Time,Masculino,2002-07-27 00:00:00,2024-04-01 00:00:00,
Pvea Miraflores,11244,2026-03-01 00:00:00,'-,Recepción E Inventarios,Auxiliar De Inventarios,Full Time,Masculino,1992-07-22 00:00:00,2013-07-11 00:00:00,
Pvea Miraflores,11467819,2026-03-01 00:00:00,'-,Sala Frescos,Repres. De Servicios,Part Time,Femenino,2002-08-04 00:00:00,2022-10-26 00:00:00,2026-03-01 00:00:00
Pvea Miraflores,11471369,2026-03-01 00:00:00,'-,Cajas,Multifuncional 5X2 1Er Turno,Part Time,Masculino,2001-11-07 00:00:00,2022-10-28 00:00:00,
Pvea Miraflores,116,2026-03-01 00:00:00,'-,Administración,Subgerente De Tienda,Full Time,Masculino,1980-12-29 00:00:00,2003-06-01 00:00:00,
Pvea Miraflores,11639932,2026-03-01 00:00:00,'-,Sala Frescos,Repres. De Servicios,Part Time,Masculino,2004-11-02 00:00:00,2023-01-24 00:00:00,
Pvea Miraflores,11640264,2026-03-01 00:00:00,'-,Cajas,Repres. De Servicios,Part Time,Masculino,2002-09-28 00:00:00,2022-12-01 00:00:00,
Pvea Miraflores,11670565,2026-03-01 00:00:00,'-,Cajas,Multifuncional,Part Time,Femenino,1990-06-09 00:00:00,2022-12-06 00:00:00,
Pvea Miraflores,11721792,2026-03-01 00:00:00,'-,Recepción E Inventarios,Auxiliar De Inventarios,Full Time,Masculino,2002-04-17 00:00:00,2024-04-03 00:00:00,
Pvea Miraflores,1173,2026-03-01 00:00:00,'-,Sala Frescos,Repres. De Servicios I,Full Time,Femenino,1980-08-21 00:00:00,2014-08-05 00:00:00,
Pvea Miraflores,11755194,2026-03-01 00:00:00,'-,Cajas,Multifuncional 5X2 1Er Turno,Part Time,Femenino,2004-07-24 00:00:00,2023-01-13 00:00:00,2026-03-06 00:00:00
Pvea Miraflores,11919846,2026-03-01 00:00:00,'-,Recepción,Repres. De Servicios,Full Time,Masculino,2004-10-27 00:00:00,2024-05-01 00:00:00,
Pvea Miraflores,11968470,2026-03-01 00:00:00,'-,Sala Frescos,Repres. De Servicios,Full Time,Femenino,2004-12-19 00:00:00,2023-03-21 00:00:00,
Pvea Miraflores,11975834,2026-03-01 00:00:00,'-,Sala Frescos,Repres. De Servicios,Full Time,Femenino,1990-07-17 00:00:00,2023-03-24 00:00:00,
Pvea Miraflores,11995789,2026-03-01 00:00:00,'-,Sala Frescos,Jefe De Seccion,Full Time,Masculino,2001-01-20 00:00:00,2024-04-01 00:00:00,
Pvea Miraflores,12064373,2026-03-01 00:00:00,'-,Almacén Frescos,Repres. De Servicios I,Full Time,Masculino,1995-10-25 00:00:00,2024-04-01 00:00:00,
Pvea Miraflores,12069362,2026-03-01 00:00:00,'-,Almacén,Repres. De Servicios,Part Time,Masculino,2003-04-10 00:00:00,2023-04-20 00:00:00,2026-04-07 00:00:00
Pvea Miraflores,12103937,2026-03-01 00:00:00,'-,Almacén Frescos,Repres. De Servicios,Full Time,Masculino,1993-04-22 00:00:00,2023-04-27 00:00:00,
Pvea Miraflores,12179728,2026-03-01 00:00:00,'-,Sala,Multifuncional,Full Time,Masculino,1991-06-16 00:00:00,2025-03-01 00:00:00,
Pvea Miraflores,12302,2026-03-01 00:00:00,'-,Recepción,Repres. De Servicios,Full Time,Masculino,1974-10-26 00:00:00,2019-01-22 00:00:00,
Pvea Miraflores,12341116,2026-03-01 00:00:00,'-,Cajas,Multifuncional 5X2 1Er Turno,Part Time,Femenino,2002-07-31 00:00:00,2023-07-14 00:00:00,2026-03-31 00:00:00
Pvea Miraflores,12478604,2026-03-01 00:00:00,'-,Cajas,Multifuncional 5X2,Part Time,Masculino,2003-06-28 00:00:00,2023-08-17 00:00:00,
Pvea Miraflores,13800552,2026-03-01 00:00:00,'-,Almacén Frescos,Repres. De Servicios,Full Time,Masculino,1975-09-29 00:00:00,2024-01-10 00:00:00,
Pvea Miraflores,14029100,2026-03-01 00:00:00,'-,Recepción E Inventarios,Auxiliar De Inventarios,Full Time,Masculino,1996-08-14 00:00:00,2024-02-07 00:00:00,
Pvea Miraflores,14198239,2026-03-01 00:00:00,'-,Cajas,Multifuncional,Part Time,Femenino,2005-08-10 00:00:00,2024-02-14 00:00:00,
Pvea Miraflores,14574,2026-03-01 00:00:00,'-,Sala,Repres. De Servicios I,Full Time,Masculino,1969-09-18 00:00:00,2013-09-19 00:00:00,
Pvea Miraflores,14788217,2026-03-01 00:00:00,'-,Cajas,Multifuncional,Full Time,Femenino,1998-11-15 00:00:00,2025-04-01 00:00:00,
Pvea Miraflores,14858766,2026-03-01 00:00:00,'-,Sala Frescos,Repres. De Servicios,Full Time,Femenino,1975-10-04 00:00:00,2025-01-01 00:00:00,
Pvea Miraflores,14860022,2026-03-01 00:00:00,'-,Cajas,Asistente De Self Check Out Pt,Part Time,Femenino,2004-12-28 00:00:00,2024-03-26 00:00:00,2026-03-03 00:00:00
Pvea Miraflores,15329,2026-03-01 00:00:00,'-,Sala Frescos,Repres. De Servicios,Full Time,Masculino,1980-09-20 00:00:00,2014-10-15 00:00:00,
Pvea Miraflores,15874352,2026-03-01 00:00:00,'-,Cajas,Multifuncional 5X2 1Er Turno,Part Time,Masculino,2003-05-10 00:00:00,2024-05-23 00:00:00,
Pvea Miraflores,15985097,2026-03-01 00:00:00,'-,Sala Frescos,Repres. De Servicios,Part Time,Masculino,2002-01-04 00:00:00,2024-06-06 00:00:00,
Pvea Miraflores,16025222,2026-03-01 00:00:00,'-,Sala,Multifuncional,Part Time,Masculino,2006-03-03 00:00:00,2024-06-17 00:00:00,
Pvea Miraflores,16599143,2026-03-01 00:00:00,'-,Sala Frescos,Repres. De Servicios,Part Time,Masculino,1979-07-19 00:00:00,2024-08-09 00:00:00,
Pvea Miraflores,16867095,2026-03-01 00:00:00,'-,Cajas,Multifuncional 5X2 1Er Turno,Part Time,Femenino,2006-03-15 00:00:00,2024-09-11 00:00:00,
Pvea Miraflores,17293470,2026-03-01 00:00:00,'-,Cajas,Multifuncional,Full Time,Femenino,2006-10-08 00:00:00,2025-06-01 00:00:00,
Pvea Miraflores,17304094,2026-03-01 00:00:00,'-,Recepción,Repres. De Servicios,Full Time,Masculino,2004-07-30 00:00:00,2025-05-01 00:00:00,
Pvea Miraflores,17533983,2026-03-01 00:00:00,'-,Cajas,Representante De Servicio 5X2 D,Part Time,Masculino,1995-04-11 00:00:00,2024-11-19 00:00:00,
Pvea Miraflores,17577248,2026-03-01 00:00:00,'-,Cajas,Multifuncional 5X2 1Er Turno,Part Time,Femenino,2002-04-09 00:00:00,2024-11-25 00:00:00,
Pvea Miraflores,17732286,2026-03-01 00:00:00,'-,Cajas,Multifuncional,Part Time,Femenino,1988-11-21 00:00:00,2024-12-06 00:00:00,
Pvea Miraflores,17732526,2026-03-01 00:00:00,'-,Cajas,Repres. De Servicios,Full Time,Femenino,2004-07-24 00:00:00,2024-12-06 00:00:00,
Pvea Miraflores,17835529,2026-03-01 00:00:00,'-,Cajas,Multifuncional,Part Time,Femenino,1979-03-14 00:00:00,2024-12-19 00:00:00,
Pvea Miraflores,17861149,2026-03-01 00:00:00,'-,Cajas,Multifuncional,Part Time,Masculino,2006-03-29 00:00:00,2024-12-23 00:00:00,2026-03-31 00:00:00
Pvea Miraflores,17943,2026-03-01 00:00:00,'-,Administración,Gerente De Tienda,Full Time,Femenino,1987-03-27 00:00:00,2007-02-01 00:00:00,
Pvea Miraflores,17955881,2026-03-01 00:00:00,'-,Sala,Repres. De Servicios,Part Time,Masculino,2002-06-08 00:00:00,2025-01-23 00:00:00,
Pvea Miraflores,18028642,2026-03-01 00:00:00,'-,Sala Frescos,Repres. De Servicios,Full Time,Femenino,2006-08-25 00:00:00,2025-02-06 00:00:00,
Pvea Miraflores,18085472,2026-03-01 00:00:00,'-,Sala,Repres. De Servicios,Part Time,Femenino,2007-01-17 00:00:00,2025-02-14 00:00:00,
Pvea Miraflores,18154,2026-03-01 00:00:00,'-,Sala Frescos,Repres. De Servicios,Part Time,Masculino,1995-05-26 00:00:00,2024-07-01 00:00:00,
Pvea Miraflores,18329320,2026-03-01 00:00:00,'-,Sala Frescos,Repres. De Servicios,Full Time,Femenino,1977-06-11 00:00:00,2025-03-21 00:00:00,
Pvea Miraflores,18329447,2026-03-01 00:00:00,'-,Sala,Repres. De Servicios,Part Time,Femenino,2006-05-20 00:00:00,2025-03-21 00:00:00,
Pvea Miraflores,18329456,2026-03-01 00:00:00,'-,Sala Frescos,Repres. De Servicios,Part Time,Femenino,1977-10-13 00:00:00,2025-03-21 00:00:00,
Pvea Miraflores,18357026,2026-03-01 00:00:00,'-,Cajas,Representante De Servicio 5X2 D,Part Time,Masculino,2002-02-11 00:00:00,2025-04-03 00:00:00,
Pvea Miraflores,18625925,2026-03-01 00:00:00,'-,Cajas,Multifuncional,Full Time,Masculino,1997-06-21 00:00:00,2025-04-25 00:00:00,
Pvea Miraflores,18628261,2026-03-01 00:00:00,'-,Cajas,Multifuncional,Part Time,Masculino,2006-10-05 00:00:00,2025-04-29 00:00:00,
Pvea Miraflores,18633780,2026-03-01 00:00:00,'-,Cajas,Multifuncional 5X2,Part Time,Femenino,1997-03-11 00:00:00,2025-05-02 00:00:00,
Pvea Miraflores,18633781,2026-03-01 00:00:00,'-,Cajas,Multifuncional,Full Time,Femenino,2006-01-10 00:00:00,2025-05-02 00:00:00,2026-03-16 00:00:00
Pvea Miraflores,18633816,2026-03-01 00:00:00,'-,Cajas,Multifuncional Fds,Part Time,Masculino,2004-10-10 00:00:00,2025-05-02 00:00:00,
Pvea Miraflores,18704492,2026-03-01 00:00:00,'-,Cajas,Asistente De Self Check Out,Full Time,Femenino,1999-12-02 00:00:00,2025-05-23 00:00:00,
Pvea Miraflores,18833623,2026-03-01 00:00:00,'-,Sala Frescos,Repres. De Servicios,Part Time,Masculino,2005-01-16 00:00:00,2025-07-09 00:00:00,
Pvea Miraflores,18837955,2026-03-01 00:00:00,'-,Sala Frescos,Repres. De Servicios,Part Time,Femenino,2005-10-07 00:00:00,2025-07-11 00:00:00,
Pvea Miraflores,18904963,2026-03-01 00:00:00,'-,Almacén,Repres. De Servicios,Part Time,Masculino,2005-02-18 00:00:00,2025-07-22 00:00:00,
Pvea Miraflores,18955453,2026-03-01 00:00:00,'-,Almacén Frescos,Repres. De Servicios,Part Time,Masculino,1989-01-08 00:00:00,2025-08-13 00:00:00,
Pvea Miraflores,18958496,2026-03-01 00:00:00,'-,Almacén Frescos,Repres. De Servicios,Part Time,Masculino,2005-11-21 00:00:00,2025-08-22 00:00:00,
Pvea Miraflores,18961460,2026-03-01 00:00:00,'-,Cajas,Multifuncional Fds,Part Time,Femenino,2003-03-12 00:00:00,2025-09-02 00:00:00,
Pvea Miraflores,18961461,2026-03-01 00:00:00,'-,Cajas,Multifuncional 5X2 1Er Turno,Part Time,Masculino,2002-03-08 00:00:00,2025-09-02 00:00:00,
Pvea Miraflores,18961462,2026-03-01 00:00:00,'-,Cajas,Multifuncional 5X2 1Er Turno,Part Time,Femenino,2007-02-11 00:00:00,2025-09-02 00:00:00,
Pvea Miraflores,18961480,2026-03-01 00:00:00,'-,Cajas,Multifuncional,Full Time,Femenino,2006-04-24 00:00:00,2025-09-02 00:00:00,
Pvea Miraflores,18962085,2026-03-01 00:00:00,'-,Cajas,Multifuncional,Part Time,Femenino,2001-06-24 00:00:00,2025-09-02 00:00:00,
Pvea Miraflores,18964543,2026-03-01 00:00:00,'-,Sala,Repres. De Servicios,Part Time,Femenino,2005-05-12 00:00:00,2025-09-10 00:00:00,
Pvea Miraflores,18964544,2026-03-01 00:00:00,'-,Sala,Multifuncional,Part Time,Masculino,2006-01-07 00:00:00,2025-09-10 00:00:00,
Pvea Miraflores,18964545,2026-03-01 00:00:00,'-,Almacén,Repres. De Servicios,Part Time,Masculino,2002-07-04 00:00:00,2025-09-10 00:00:00,
Pvea Miraflores,18965163,2026-03-01 00:00:00,'-,Almacén,Repres. De Servicios,Part Time,Masculino,2006-11-17 00:00:00,2025-09-12 00:00:00,
Pvea Miraflores,18965167,2026-03-01 00:00:00,'-,Almacén,Repres. De Servicios,Part Time,Masculino,2006-02-26 00:00:00,2025-09-12 00:00:00,
Pvea Miraflores,18967914,2026-03-01 00:00:00,'-,Almacén,Repres. De Servicios,Part Time,Masculino,2005-02-02 00:00:00,2025-09-22 00:00:00,
Pvea Miraflores,18971586,2026-03-01 00:00:00,'-,Sala Frescos,Repres. De Servicios,Full Time,Femenino,2001-05-27 00:00:00,2026-02-01 00:00:00,
Pvea Miraflores,18971973,2026-03-01 00:00:00,'-,Sala Frescos,Repres. De Servicios,Part Time,Femenino,2007-09-18 00:00:00,2025-10-06 00:00:00,
Pvea Miraflores,18975262,2026-03-01 00:00:00,'-,Cajas,Multifuncional 5X2 1Er Turno,Part Time,Femenino,2006-04-05 00:00:00,2025-10-22 00:00:00,
Pvea Miraflores,18975264,2026-03-01 00:00:00,'-,Almacén Frescos,Repres. De Servicios,Part Time,Masculino,1997-07-30 00:00:00,2025-10-22 00:00:00,
Pvea Miraflores,18975970,2026-03-01 00:00:00,'-,Sala Frescos,Repres. De Servicios,Part Time,Femenino,2007-09-05 00:00:00,2025-10-24 00:00:00,
Pvea Miraflores,18975971,2026-03-01 00:00:00,'-,Sala Frescos,Repres. De Servicios,Part Time,Masculino,2007-03-01 00:00:00,2025-10-24 00:00:00,
Pvea Miraflores,18975999,2026-03-01 00:00:00,'-,Sala Frescos,Repres. De Servicios,Part Time,Masculino,1995-12-20 00:00:00,2025-10-24 00:00:00,
Pvea Miraflores,18977928,2026-03-01 00:00:00,'-,Cajas,Multifuncional,Part Time,Femenino,1994-11-07 00:00:00,2025-11-04 00:00:00,2026-03-31 00:00:00
Pvea Miraflores,18982833,2026-03-01 00:00:00,'-,Sala Frescos,Repres. De Servicios,Part Time,Masculino,2003-03-16 00:00:00,2025-11-27 00:00:00,
Pvea Miraflores,18982901,2026-03-01 00:00:00,'-,Cajas,Multifuncional 5X2,Part Time,Femenino,2007-01-09 00:00:00,2025-11-27 00:00:00,
Pvea Miraflores,18984495,2026-03-01 00:00:00,'-,Cajas,Multifuncional 5X2,Part Time,Femenino,2005-09-04 00:00:00,2025-12-03 00:00:00,2026-03-15 00:00:00
Pvea Miraflores,18984970,2026-03-01 00:00:00,'-,Cajas,Multifuncional 5X2 1Er Turno,Part Time,Femenino,2005-05-08 00:00:00,2025-12-04 00:00:00,2026-03-31 00:00:00
Pvea Miraflores,18984990,2026-03-01 00:00:00,'-,Cajas,Multifuncional 5X2 1Er Turno,Part Time,Femenino,2001-06-15 00:00:00,2025-12-04 00:00:00,
Pvea Miraflores,18985922,2026-03-01 00:00:00,'-,Cajas,Multifuncional Fds,Part Time,Femenino,2000-02-28 00:00:00,2025-12-05 00:00:00,
Pvea Miraflores,18985924,2026-03-01 00:00:00,'-,Sala Frescos,Repres. De Servicios,Part Time,Femenino,2005-05-08 00:00:00,2025-12-05 00:00:00,
Pvea Miraflores,18985925,2026-03-01 00:00:00,'-,Sala Frescos,Repres. De Servicios,Part Time,Masculino,2007-04-16 00:00:00,2025-12-05 00:00:00,2026-03-31 00:00:00
Pvea Miraflores,18985926,2026-03-01 00:00:00,'-,Sala Frescos,Repres. De Servicios,Part Time,Masculino,2005-10-26 00:00:00,2025-12-05 00:00:00,2026-03-20 00:00:00
Pvea Miraflores,18985928,2026-03-01 00:00:00,'-,Sala Frescos,Repres. De Servicios,Part Time,Masculino,2006-08-11 00:00:00,2025-12-05 00:00:00,2026-03-31 00:00:00
Pvea Miraflores,18986401,2026-03-01 00:00:00,'-,Sala Frescos,Repres. De Servicios,Part Time,Masculino,2005-05-24 00:00:00,2025-12-06 00:00:00,
Pvea Miraflores,18986416,2026-03-01 00:00:00,'-,Sala Frescos,Repres. De Servicios,Part Time,Femenino,2007-11-16 00:00:00,2025-12-06 00:00:00,
Pvea Miraflores,18986810,2026-03-01 00:00:00,'-,Cajas,Multifuncional 5X2,Part Time,Femenino,2006-07-07 00:00:00,2025-12-10 00:00:00,2026-03-21 00:00:00
Pvea Miraflores,18986815,2026-03-01 00:00:00,'-,Cajas,Multifuncional 5X2,Part Time,Femenino,2007-06-10 00:00:00,2025-12-10 00:00:00,2026-03-31 00:00:00
Pvea Miraflores,18987362,2026-03-01 00:00:00,'-,Cajas,Multifuncional,Part Time,Masculino,2005-07-05 00:00:00,2025-12-11 00:00:00,2026-03-12 00:00:00
Pvea Miraflores,18987519,2026-03-01 00:00:00,'-,Sala,Repres. De Servicios,Part Time,Femenino,1978-05-25 00:00:00,2025-12-13 00:00:00,
Pvea Miraflores,18987521,2026-03-01 00:00:00,'-,Sala,Repres. De Servicios,Part Time,Masculino,2006-03-20 00:00:00,2025-12-13 00:00:00,
Pvea Miraflores,18987525,2026-03-01 00:00:00,'-,Sala,Repres. De Servicios,Part Time,Femenino,2004-02-10 00:00:00,2025-12-13 00:00:00,2026-04-01 00:00:00
Pvea Miraflores,18988240,2026-03-01 00:00:00,'-,Sala,Multifuncional,Part Time,Femenino,2007-08-29 00:00:00,2025-12-12 00:00:00,
Pvea Miraflores,18989415,2026-03-01 00:00:00,'-,Almacén Frescos,Repres. De Servicios,Part Time,Masculino,2005-04-30 00:00:00,2025-12-17 00:00:00,2026-03-01 00:00:00
Pvea Miraflores,18989612,2026-03-01 00:00:00,'-,Cajas,Asistente De Self Check Out Pt,Part Time,Femenino,2001-12-19 00:00:00,2025-12-16 00:00:00,2026-03-06 00:00:00
Pvea Miraflores,18989997,2026-03-01 00:00:00,'-,Sala,Multifuncional,Part Time,Masculino,2002-08-18 00:00:00,2025-12-19 00:00:00,2026-03-31 00:00:00
Pvea Miraflores,18990387,2026-03-01 00:00:00,'-,Almacén,Repres. De Servicios,Part Time,Masculino,2000-08-30 00:00:00,2025-12-22 00:00:00,
Pvea Miraflores,18990389,2026-03-01 00:00:00,'-,Sala Frescos,Repres. De Servicios,Full Time,Femenino,2003-02-19 00:00:00,2026-03-01 00:00:00,2026-03-16 00:00:00
Pvea Miraflores,18990833,2026-03-01 00:00:00,'-,Sala Frescos,Repres. De Servicios,Part Time,Masculino,2007-04-21 00:00:00,2025-12-23 00:00:00,2026-04-06 00:00:00
Pvea Miraflores,18990910,2026-03-01 00:00:00,'-,Sala Frescos,Repres. De Servicios Fds,Part Time,Masculino,2005-09-10 00:00:00,2025-12-23 00:00:00,2026-04-04 00:00:00
Pvea Miraflores,18995134,2026-03-01 00:00:00,'-,Recepción,Repres. De Servicios,Part Time,Masculino,2001-03-19 00:00:00,2026-01-14 00:00:00,
Pvea Miraflores,18995135,2026-03-01 00:00:00,'-,Sala,Repres. De Servicios,Part Time,Masculino,2007-01-06 00:00:00,2026-01-14 00:00:00,
Pvea Miraflores,18995137,2026-03-01 00:00:00,'-,Sala Frescos,Repres. De Servicios,Part Time,Femenino,2005-10-18 00:00:00,2026-01-14 00:00:00,2026-04-01 00:00:00
Pvea Miraflores,18995138,2026-03-01 00:00:00,'-,Sala Frescos,Repres. De Servicios,Part Time,Femenino,2004-09-26 00:00:00,2026-01-14 00:00:00,
Pvea Miraflores,18995139,2026-03-01 00:00:00,'-,Sala,Repres. De Servicios,Part Time,Femenino,2004-06-15 00:00:00,2026-01-14 00:00:00,2026-03-31 00:00:00
Pvea Miraflores,18995140,2026-03-01 00:00:00,'-,Sala Frescos,Repres. De Servicios,Part Time,Femenino,2007-12-27 00:00:00,2026-01-14 00:00:00,2026-03-01 00:00:00
Pvea Miraflores,18995141,2026-03-01 00:00:00,'-,Sala,Repres. De Servicios,Part Time,Femenino,2006-08-11 00:00:00,2026-01-14 00:00:00,2026-03-31 00:00:00
Pvea Miraflores,18995897,2026-03-01 00:00:00,'-,Cajas,Repres. De Servicios,Part Time,Femenino,2005-05-14 00:00:00,2026-01-16 00:00:00,2026-04-09 00:00:00
Pvea Miraflores,18997736,2026-03-01 00:00:00,'-,Cajas,Multifuncional 5X2 1Er Turno,Part Time,Femenino,1979-08-25 00:00:00,2026-01-23 00:00:00,
Pvea Miraflores,18998934,2026-03-01 00:00:00,'-,Sala Frescos,Repres. De Servicios,Part Time,Masculino,2004-07-30 00:00:00,2026-01-28 00:00:00,
Pvea Miraflores,18998935,2026-03-01 00:00:00,'-,Sala Frescos,Repres. De Servicios,Part Time,Femenino,2007-02-04 00:00:00,2026-01-28 00:00:00,
Pvea Miraflores,18998938,2026-03-01 00:00:00,'-,Cajas,Asistente De Self Check Out Pt,Part Time,Femenino,2006-10-07 00:00:00,2026-01-28 00:00:00,2026-04-01 00:00:00
Pvea Miraflores,18998999,2026-03-01 00:00:00,'-,Cajas,Asistente De Self Check Out Pt,Part Time,Femenino,2001-11-14 00:00:00,2026-01-28 00:00:00,
Pvea Miraflores,18999099,2026-03-01 00:00:00,'-,Sala Frescos,Repres. De Servicios,Part Time,Femenino,2006-03-07 00:00:00,2026-01-28 00:00:00,2026-03-31 00:00:00
Pvea Miraflores,18999785,2026-03-01 00:00:00,'-,Cajas,Multifuncional,Part Time,Femenino,2003-01-12 00:00:00,2026-02-02 00:00:00,
Pvea Miraflores,18999803,2026-03-01 00:00:00,'-,Sala,Repres. De Servicios,Part Time,Femenino,2000-09-22 00:00:00,2026-02-02 00:00:00,
Pvea Miraflores,18999814,2026-03-01 00:00:00,'-,Administración,Trainee Gerente De Tienda,Full Time,Femenino,1990-01-07 00:00:00,2026-02-02 00:00:00,
Pvea Miraflores,19001144,2026-03-01 00:00:00,'-,Cajas,Multifuncional 5X2 1Er Turno,Part Time,Femenino,2004-11-09 00:00:00,2026-02-06 00:00:00,
Pvea Miraflores,19001147,2026-03-01 00:00:00,'-,Electro,Repres. De Servicios,Part Time,Masculino,2002-03-20 00:00:00,2026-02-06 00:00:00,
Pvea Miraflores,19001178,2026-03-01 00:00:00,'-,Sala,Multifuncional,Full Time,Femenino,1967-09-29 00:00:00,2026-02-06 00:00:00,
Pvea Miraflores,19001204,2026-03-01 00:00:00,'-,Sala Frescos,Repres. De Servicios,Part Time,Masculino,2007-11-26 00:00:00,2026-02-06 00:00:00,
Pvea Miraflores,19001205,2026-03-01 00:00:00,'-,Sala,Repres. De Servicios,Part Time,Masculino,2004-09-24 00:00:00,2026-02-06 00:00:00,2026-04-01 00:00:00
Pvea Miraflores,19001206,2026-03-01 00:00:00,'-,Almacén Frescos,Repres. De Servicios,Part Time,Masculino,2007-12-27 00:00:00,2026-02-06 00:00:00,2026-03-01 00:00:00
Pvea Miraflores,19001207,2026-03-01 00:00:00,'-,Cajas,Multifuncional,Part Time,Femenino,2006-01-06 00:00:00,2026-02-06 00:00:00,2026-03-31 00:00:00
Pvea Miraflores,19001208,2026-03-01 00:00:00,'-,Cajas,Multifuncional,Full Time,Femenino,2004-11-02 00:00:00,2026-02-06 00:00:00,
Pvea Miraflores,19001209,2026-03-01 00:00:00,'-,Sala,Repres. De Servicios Fds,Part Time,Masculino,2004-02-25 00:00:00,2026-02-06 00:00:00,
Pvea Miraflores,19001210,2026-03-01 00:00:00,'-,Sala Frescos,Repres. De Servicios,Part Time,Femenino,2002-12-22 00:00:00,2026-02-06 00:00:00,2026-03-31 00:00:00
Pvea Miraflores,19001302,2026-03-01 00:00:00,'-,Sala,Repres. De Servicios,Part Time,Masculino,2004-03-26 00:00:00,2026-02-06 00:00:00,
Pvea Miraflores,19001303,2026-03-01 00:00:00,'-,Sala,Repres. De Servicios,Part Time,Femenino,2002-06-28 00:00:00,2026-02-06 00:00:00,
Pvea Miraflores,19003061,2026-03-01 00:00:00,'-,Sala,Multifuncional 5X2 Campaña,Part Time,Masculino,2006-03-13 00:00:00,2026-02-13 00:00:00,2026-03-31 00:00:00
Pvea Miraflores,19003143,2026-03-01 00:00:00,'-,Sala,Multifuncional 5X2 Campaña,Part Time,Femenino,2006-06-11 00:00:00,2026-02-13 00:00:00,
Pvea Miraflores,19003145,2026-03-01 00:00:00,'-,Sala,Multifuncional 5X2 Campaña,Part Time,Masculino,2007-12-23 00:00:00,2026-02-13 00:00:00,2026-03-31 00:00:00
Pvea Miraflores,19003572,2026-03-01 00:00:00,'-,Administración,Trainee Subgerente De Tienda,Full Time,Femenino,1986-08-17 00:00:00,2026-02-16 00:00:00,
Pvea Miraflores,19006519,2026-03-01 00:00:00,'-,Recepción E Inventarios,Auxiliar De Inventarios,Full Time,Masculino,2002-02-21 00:00:00,2026-03-02 00:00:00,
Pvea Miraflores,19007212,2026-03-01 00:00:00,'-,Sala,Multifuncional 5X2 1Er Turno,Part Time,Masculino,2003-08-27 00:00:00,2026-03-04 00:00:00,
Pvea Miraflores,19007213,2026-03-01 00:00:00,'-,Sala Frescos,Repres. De Servicios,Part Time,Femenino,2004-05-03 00:00:00,2026-03-04 00:00:00,
Pvea Miraflores,19007217,2026-03-01 00:00:00,'-,Sala Frescos,Repres. De Servicios,Part Time,Femenino,2006-07-10 00:00:00,2026-03-04 00:00:00,
Pvea Miraflores,19007278,2026-03-01 00:00:00,'-,Sala Frescos,Repres. De Servicios,Part Time,Femenino,2006-10-15 00:00:00,2026-03-04 00:00:00,
Pvea Miraflores,19007791,2026-03-01 00:00:00,'-,Sala Frescos,Repres. De Servicios,Part Time,Masculino,2001-11-22 00:00:00,2026-03-06 00:00:00,2026-03-31 00:00:00
Pvea Miraflores,19007792,2026-03-01 00:00:00,'-,Sala Frescos,Repres. De Servicios,Part Time,Masculino,2004-08-26 00:00:00,2026-03-06 00:00:00,
Pvea Miraflores,19007848,2026-03-01 00:00:00,'-,Sala,Multifuncional 5X2 1Er Turno,Part Time,Masculino,2006-10-19 00:00:00,2026-03-06 00:00:00,2026-03-31 00:00:00
Pvea Miraflores,19009195,2026-03-01 00:00:00,'-,Sala,Multifuncional,Part Time,Masculino,2006-06-25 00:00:00,2026-03-13 00:00:00,
Pvea Miraflores,19009215,2026-03-01 00:00:00,'-,Sala Frescos,Repres. De Servicios,Part Time,Masculino,2003-09-15 00:00:00,2026-03-13 00:00:00,
Pvea Miraflores,19009231,2026-03-01 00:00:00,'-,Sala,Multifuncional,Part Time,Masculino,2007-02-26 00:00:00,2026-03-13 00:00:00,
Pvea Miraflores,19009234,2026-03-01 00:00:00,'-,Cajas,Multifuncional,Part Time,Femenino,2007-11-29 00:00:00,2026-03-13 00:00:00,
Pvea Miraflores,19010337,2026-03-01 00:00:00,'-,Sala Frescos,Repres. De Servicios Fds,Part Time,Masculino,2006-11-11 00:00:00,2026-03-18 00:00:00,
Pvea Miraflores,19011067,2026-03-01 00:00:00,'-,Sala,Repres. De Servicios,Part Time,Femenino,2007-02-25 00:00:00,2026-03-20 00:00:00,
Pvea Miraflores,19011122,2026-03-01 00:00:00,'-,Sala Frescos,Repres. De Servicios Fds,Part Time,Masculino,2000-09-07 00:00:00,2026-03-20 00:00:00,
Pvea Miraflores,19011123,2026-03-01 00:00:00,'-,Sala,Multifuncional,Part Time,Masculino,2007-07-31 00:00:00,2026-03-20 00:00:00,
Pvea Miraflores,19012601,2026-03-01 00:00:00,'-,Sala Frescos,Repres. De Servicios,Full Time,Femenino,2005-12-09 00:00:00,2026-03-27 00:00:00,
Pvea Miraflores,203013,2026-03-01 00:00:00,'-,Electro,Vendedor,Full Time,Femenino,1968-11-24 00:00:00,2018-05-23 00:00:00,
Pvea Miraflores,203489,2026-03-01 00:00:00,'-,Cajas,Supervisor De Cajeros,Full Time,Femenino,1991-08-18 00:00:00,2025-05-01 00:00:00,
Pvea Miraflores,21147,2026-03-01 00:00:00,'-,Sala Frescos,Repres. De Servicios,Full Time,Masculino,1978-04-26 00:00:00,2011-03-01 00:00:00,
Pvea Miraflores,21448,2026-03-01 00:00:00,'-,Electro,Jefe De Seccion,Full Time,Femenino,1974-03-22 00:00:00,2012-10-01 00:00:00,
Pvea Miraflores,244437,2026-03-01 00:00:00,'-,Cajas,Jefe De Seccion,Full Time,Masculino,2000-05-19 00:00:00,2024-01-19 00:00:00,
Pvea Miraflores,25760,2026-03-01 00:00:00,'-,Almacén,Repres. De Servicios I,Full Time,Femenino,1973-10-12 00:00:00,2014-06-16 00:00:00,
Pvea Miraflores,272289,2026-03-01 00:00:00,'-,Cajas,Supervisor De Cajeros,Full Time,Femenino,2000-01-19 00:00:00,2025-05-01 00:00:00,
Pvea Miraflores,298588,2026-03-01 00:00:00,'-,Sala,Multifuncional 5X2 1Er Turno,Part Time,Femenino,1985-12-22 00:00:00,2024-12-02 00:00:00,
Pvea Miraflores,301805,2026-03-01 00:00:00,'-,Sala,Multifuncional,Full Time,Masculino,1995-12-13 00:00:00,2020-01-20 00:00:00,
Pvea Miraflores,31455,2026-03-01 00:00:00,'-,Sala Frescos,Jefe De Seccion,Full Time,Masculino,1981-11-10 00:00:00,2016-01-18 00:00:00,
Pvea Miraflores,34546,2026-03-01 00:00:00,'-,Sala Frescos,Repres. De Servicios,Full Time,Femenino,1967-05-24 00:00:00,2016-02-17 00:00:00,
Pvea Miraflores,36202,2026-03-01 00:00:00,'-,Sala Frescos,Repres. De Servicios I,Full Time,Femenino,1992-05-22 00:00:00,2016-03-02 00:00:00,
Pvea Miraflores,41844,2026-03-01 00:00:00,'-,Sala Frescos,Repres. De Servicios,Full Time,Masculino,1984-09-10 00:00:00,2016-07-04 00:00:00,
Pvea Miraflores,42739,2026-03-01 00:00:00,'-,Sala,Jefe De Seccion,Full Time,Femenino,1998-06-14 00:00:00,2016-08-01 00:00:00,
Pvea Miraflores,52521,2026-03-01 00:00:00,'-,Sala Frescos,Chef,Full Time,Femenino,1978-06-24 00:00:00,2017-06-01 00:00:00,
Pvea Miraflores,55309,2026-03-01 00:00:00,'-,Sala Frescos,Repres. De Servicios,Part Time,Femenino,1990-10-28 00:00:00,2025-08-01 00:00:00,
Pvea Miraflores,7318884,2026-03-01 00:00:00,'-,Cajas,Multifuncional 5X2 1Er Turno,Part Time,Femenino,1995-02-25 00:00:00,2021-09-22 00:00:00,2026-04-01 00:00:00
Pvea Miraflores,7319542,2026-03-01 00:00:00,'-,Sala,Jefe De Seccion,Full Time,Femenino,2001-05-26 00:00:00,2022-11-01 00:00:00,
Pvea Miraflores,7319599,2026-03-01 00:00:00,'-,Sala,Multifuncional,Full Time,Masculino,2000-02-10 00:00:00,2025-02-01 00:00:00,
Pvea Miraflores,7333607,2026-03-01 00:00:00,'-,Cajas,Asistente De Self Check Out Pt,Part Time,Femenino,1979-09-11 00:00:00,2021-09-22 00:00:00,
Pvea Miraflores,7333614,2026-03-01 00:00:00,'-,Cajas,Multifuncional,Full Time,Femenino,2003-03-03 00:00:00,2023-08-01 00:00:00,
Pvea Miraflores,73965,2026-03-01 00:00:00,'-,Almacén,Repres. De Servicios,Full Time,Masculino,1995-06-01 00:00:00,2025-12-17 00:00:00,2026-03-15 00:00:00
Pvea Miraflores,811,2026-03-01 00:00:00,'-,Sala,Especialista En Bebidas,Full Time,Masculino,1977-11-17 00:00:00,2016-07-13 00:00:00,
Pvea Miraflores,919,2026-03-01 00:00:00,'-,Sala Frescos,Repres. De Servicios,Full Time,Femenino,1973-08-07 00:00:00,2014-05-05 00:00:00,
Pvea Miraflores,9278728,2026-03-01 00:00:00,'-,Sala,Multifuncional 5X2 1Er Turno,Part Time,Femenino,1989-10-12 00:00:00,2021-11-02 00:00:00,
Pvea Miraflores,98053,2026-03-01 00:00:00,'-,Cajas,Supervisor De Cajeros,Full Time,Masculino,1982-02-15 00:00:00,2019-03-05 00:00:00,
Pvea Miraflores,98931,2026-03-01 00:00:00,'-,Cajas,Multifuncional Eo,Full Time,Masculino,1960-11-16 00:00:00,2017-08-01 00:00:00,
Pvea Miraflores,99177,2026-03-01 00:00:00,'-,Almacén,Jefe De Seccion,Full Time,Masculino,1998-07-09 00:00:00,2021-08-24 00:00:00,
Svea Corpac,103603,2026-03-01 00:00:00,'-,Cajas,Cajero 5X2,Part Time,Masculino,1986-06-08 00:00:00,2017-09-13 00:00:00,
Svea Corpac,10444413,2026-03-01 00:00:00,'-,Almacén,Repres. De Servicios,Part Time,Masculino,1997-07-27 00:00:00,2025-12-18 00:00:00,
Svea Corpac,104636,2026-03-01 00:00:00,'-,Almacén Frescos,Repres. De Servicios,Full Time,Femenino,1980-07-16 00:00:00,2023-06-15 00:00:00,
Svea Corpac,10844805,2026-03-01 00:00:00,'-,Almacén,Jefe De Seccion,Full Time,Masculino,2003-06-22 00:00:00,2026-03-11 00:00:00,2026-03-31 00:00:00
Svea Corpac,11405933,2026-03-01 00:00:00,'-,Sala Frescos,Jefe De Seccion,Full Time,Masculino,2002-08-30 00:00:00,2023-02-01 00:00:00,2026-04-15 00:00:00
Svea Corpac,11448207,2026-03-01 00:00:00,'-,Cajas,Jefe De Seccion,Full Time,Femenino,2003-06-05 00:00:00,2024-06-01 00:00:00,
Svea Corpac,1198235,2026-03-01 00:00:00,'-,Sala,Jefe De Seccion,Full Time,Femenino,1994-03-19 00:00:00,2020-03-17 00:00:00,
Svea Corpac,12309872,2026-03-01 00:00:00,'-,Cajas,Repres. De Servicios,Part Time,Femenino,2001-11-20 00:00:00,2023-06-27 00:00:00,2026-03-31 00:00:00
Svea Corpac,13351200,2026-03-01 00:00:00,'-,Sala,Repres. De Servicios,Full Time,Femenino,1999-01-28 00:00:00,2023-11-24 00:00:00,
Svea Corpac,14343,2026-03-01 00:00:00,'-,Almacén,Repres. De Servicios Eo,Full Time,Masculino,1958-09-28 00:00:00,2007-05-01 00:00:00,
Svea Corpac,15662741,2026-03-01 00:00:00,'-,Cajas,Supervisor De Cajeros,Full Time,Femenino,1999-08-09 00:00:00,2024-05-08 00:00:00,
Svea Corpac,15958778,2026-03-01 00:00:00,'-,Cajas,Cajero 5X2,Part Time,Masculino,1998-06-03 00:00:00,2024-06-03 00:00:00,
Svea Corpac,17487114,2026-03-01 00:00:00,'-,Sala Frescos,Repres. De Servicios,Full Time,Femenino,1974-07-29 00:00:00,2024-11-14 00:00:00,
Svea Corpac,17837560,2026-03-01 00:00:00,'-,Sala Frescos,Repres. De Servicios,Part Time,Masculino,2006-06-05 00:00:00,2024-12-20 00:00:00,
Svea Corpac,18304720,2026-03-01 00:00:00,'-,Almacén Frescos,Repres. De Servicios,Part Time,Masculino,1998-04-28 00:00:00,2025-03-13 00:00:00,
Svea Corpac,18339046,2026-03-01 00:00:00,'-,Cajas,Repres. De Servicios 5X2 Eo,Part Time,Masculino,1959-04-07 00:00:00,2025-03-24 00:00:00,
Svea Corpac,18480147,2026-03-01 00:00:00,'-,Almacén Frescos,Repres. De Servicios,Full Time,Masculino,2004-05-09 00:00:00,2025-04-15 00:00:00,2026-03-31 00:00:00
Svea Corpac,18704607,2026-03-01 00:00:00,'-,Sala Frescos,Repres. De Servicios,Full Time,Masculino,2005-06-04 00:00:00,2025-05-23 00:00:00,2026-04-01 00:00:00
Svea Corpac,18720166,2026-03-01 00:00:00,'-,Sala Frescos,Repres. De Servicios,Part Time,Masculino,2005-07-03 00:00:00,2025-05-30 00:00:00,
Svea Corpac,18961753,2026-03-01 00:00:00,'-,Cajas,Cajero 5X2,Part Time,Masculino,2005-05-31 00:00:00,2025-09-03 00:00:00,2026-03-08 00:00:00
Svea Corpac,18963005,2026-03-01 00:00:00,'-,Cajas,Cajero 5X2,Part Time,Masculino,2004-09-23 00:00:00,2025-09-06 00:00:00,
Svea Corpac,18964535,2026-03-01 00:00:00,'-,Cajas,Cajero 5X2,Part Time,Femenino,2005-09-23 00:00:00,2025-09-10 00:00:00,
Svea Corpac,18975493,2026-03-01 00:00:00,'-,Sala,Representante De Servicio 5X2 D,Part Time,Masculino,2003-03-23 00:00:00,2025-10-23 00:00:00,
Svea Corpac,18987363,2026-03-01 00:00:00,'-,Almacén Frescos,Repres. De Servicios,Part Time,Masculino,2006-12-04 00:00:00,2025-12-11 00:00:00,
Svea Corpac,18987376,2026-03-01 00:00:00,'-,Sala Frescos,Repres. De Servicios,Part Time,Masculino,2007-05-13 00:00:00,2025-12-11 00:00:00,
Svea Corpac,18987756,2026-03-01 00:00:00,'-,Cajas,Cajero 5X2,Part Time,Femenino,2007-02-26 00:00:00,2025-12-15 00:00:00,2026-03-31 00:00:00
Svea Corpac,18989369,2026-03-01 00:00:00,'-,Sala Frescos,Repres. De Servicios,Part Time,Femenino,2006-03-26 00:00:00,2025-12-18 00:00:00,2026-04-05 00:00:00
Svea Corpac,18989442,2026-03-01 00:00:00,'-,Cajas,Cajero 5X2,Part Time,Masculino,2006-03-09 00:00:00,2025-12-17 00:00:00,2026-03-15 00:00:00
Svea Corpac,18989492,2026-03-01 00:00:00,'-,Sala Frescos,Repres. De Servicios,Part Time,Femenino,2004-08-23 00:00:00,2025-12-18 00:00:00,
Svea Corpac,18989506,2026-03-01 00:00:00,'-,Almacén Frescos,Repres. De Servicios,Part Time,Masculino,2000-06-05 00:00:00,2025-12-18 00:00:00,
Svea Corpac,18992240,2026-03-01 00:00:00,'-,Almacén,Repres. De Servicios,Part Time,Masculino,2003-10-31 00:00:00,2026-01-02 00:00:00,
Svea Corpac,18992638,2026-03-01 00:00:00,'-,Recepción,Repres. De Servicios,Full Time,Masculino,2004-07-22 00:00:00,2026-01-05 00:00:00,2026-04-15 00:00:00
Svea Corpac,18993470,2026-03-01 00:00:00,'-,Sala,Repres. De Servicios,Full Time,Femenino,1999-05-13 00:00:00,2026-01-08 00:00:00,
Svea Corpac,18993882,2026-03-01 00:00:00,'-,Sala Frescos,Repres. De Servicios,Part Time,Femenino,2006-04-10 00:00:00,2026-01-09 00:00:00,2026-04-05 00:00:00
Svea Corpac,18993886,2026-03-01 00:00:00,'-,Sala,Repres. De Servicios,Part Time,Femenino,2004-12-16 00:00:00,2026-01-09 00:00:00,2026-03-31 00:00:00
Svea Corpac,18993894,2026-03-01 00:00:00,'-,Sala Frescos,Repres. De Servicios,Part Time,Masculino,2003-05-30 00:00:00,2026-01-09 00:00:00,2026-03-22 00:00:00
Svea Corpac,18994113,2026-03-01 00:00:00,'-,Sala Frescos,Repres. De Servicios,Part Time,Femenino,2004-11-09 00:00:00,2026-01-09 00:00:00,2026-04-01 00:00:00
Svea Corpac,18994401,2026-03-01 00:00:00,'-,Almacén,Repres. De Servicios,Part Time,Masculino,2005-12-29 00:00:00,2026-01-12 00:00:00,
Svea Corpac,18996742,2026-03-01 00:00:00,'-,Almacén Frescos,Repres. De Servicios,Part Time,Masculino,2004-10-01 00:00:00,2026-01-20 00:00:00,
Svea Corpac,18996754,2026-03-01 00:00:00,'-,Almacén Frescos,Repres. De Servicios,Part Time,Masculino,2003-07-14 00:00:00,2026-01-20 00:00:00,
Svea Corpac,18996766,2026-03-01 00:00:00,'-,Sala Frescos,Repres. De Servicios,Part Time,Femenino,2006-10-17 00:00:00,2026-01-20 00:00:00,2026-03-01 00:00:00
Svea Corpac,18996767,2026-03-01 00:00:00,'-,Sala Frescos,Repres. De Servicios,Part Time,Femenino,2005-03-08 00:00:00,2026-01-20 00:00:00,
Svea Corpac,18996785,2026-03-01 00:00:00,'-,Almacén Frescos,Repres. De Servicios,Part Time,Masculino,2007-08-15 00:00:00,2026-01-20 00:00:00,
Svea Corpac,18997466,2026-03-01 00:00:00,'-,Cajas,Cajero 5X2,Part Time,Masculino,2005-07-25 00:00:00,2026-01-22 00:00:00,2026-03-31 00:00:00
Svea Corpac,18998976,2026-03-01 00:00:00,'-,Sala Frescos,Repres. De Servicios,Part Time,Femenino,2007-04-29 00:00:00,2026-01-28 00:00:00,2026-04-01 00:00:00
Svea Corpac,18999000,2026-03-01 00:00:00,'-,Cajas,Cajero 6X1,Full Time,Femenino,1995-05-09 00:00:00,2026-01-28 00:00:00,
Svea Corpac,18999002,2026-03-01 00:00:00,'-,Cajas,Cajero 6X1,Full Time,Femenino,2007-07-22 00:00:00,2026-01-28 00:00:00,
Svea Corpac,18999114,2026-03-01 00:00:00,'-,Cajas,Cajero 5X2,Part Time,Masculino,2005-07-25 00:00:00,2026-01-28 00:00:00,2026-03-31 00:00:00
Svea Corpac,19000739,2026-03-01 00:00:00,'-,Almacén Frescos,Repres. De Servicios,Part Time,Masculino,2003-09-12 00:00:00,2026-02-04 00:00:00,
Svea Corpac,19000740,2026-03-01 00:00:00,'-,Sala Frescos,Repres. De Servicios,Full Time,Femenino,2005-10-05 00:00:00,2026-02-04 00:00:00,2026-03-08 00:00:00
Svea Corpac,19000741,2026-03-01 00:00:00,'-,Almacén,Repres. De Servicios,Part Time,Masculino,2007-11-26 00:00:00,2026-02-04 00:00:00,
Svea Corpac,19000746,2026-03-01 00:00:00,'-,Almacén Frescos,Repres. De Servicios,Part Time,Masculino,2006-02-17 00:00:00,2026-02-04 00:00:00,2026-04-07 00:00:00
Svea Corpac,19000755,2026-03-01 00:00:00,'-,Sala Frescos,Repres. De Servicios,Part Time,Femenino,2005-02-17 00:00:00,2026-02-04 00:00:00,2026-03-01 00:00:00
Svea Corpac,19001212,2026-03-01 00:00:00,'-,Almacén Frescos,Repres. De Servicios,Part Time,Masculino,2007-12-30 00:00:00,2026-02-06 00:00:00,2026-03-06 00:00:00
Svea Corpac,19002226,2026-03-01 00:00:00,'-,Almacén,Repres. De Servicios,Full Time,Masculino,2005-11-02 00:00:00,2026-02-11 00:00:00,2026-03-31 00:00:00
Svea Corpac,19002228,2026-03-01 00:00:00,'-,Sala,Repres. De Servicios,Part Time,Femenino,2008-01-18 00:00:00,2026-02-11 00:00:00,2026-03-01 00:00:00
Svea Corpac,19002229,2026-03-01 00:00:00,'-,Sala,Repres. De Servicios,Full Time,Femenino,2001-04-22 00:00:00,2026-02-11 00:00:00,
Svea Corpac,19003071,2026-03-01 00:00:00,'-,Almacén,Repres. De Servicios,Part Time,Masculino,2000-11-06 00:00:00,2026-02-13 00:00:00,2026-03-16 00:00:00
Svea Corpac,19004135,2026-03-01 00:00:00,'-,Almacén,Repres. De Servicios,Full Time,Masculino,2007-03-13 00:00:00,2026-02-16 00:00:00,2026-03-01 00:00:00
Svea Corpac,19008731,2026-03-01 00:00:00,'-,Sala Frescos,Repres. De Servicios,Part Time,Femenino,2005-06-18 00:00:00,2026-03-11 00:00:00,
Svea Corpac,19009977,2026-03-01 00:00:00,'-,Sala Frescos,Repres. De Servicios,Part Time,Femenino,2007-09-21 00:00:00,2026-03-17 00:00:00,
Svea Corpac,19009980,2026-03-01 00:00:00,'-,Sala Frescos,Repres. De Servicios,Part Time,Masculino,2005-02-24 00:00:00,2026-03-17 00:00:00,
Svea Corpac,19010970,2026-03-01 00:00:00,'-,Sala,Repres. De Servicios,Part Time,Femenino,2002-05-15 00:00:00,2026-03-20 00:00:00,
Svea Corpac,19011825,2026-03-01 00:00:00,'-,Cajas,Cajero 5X2,Part Time,Femenino,2006-11-21 00:00:00,2026-03-24 00:00:00,
Svea Corpac,19011843,2026-03-01 00:00:00,'-,Sala Frescos,Repres. De Servicios,Part Time,Femenino,2005-09-22 00:00:00,2026-03-24 00:00:00,
Svea Corpac,19012076,2026-03-01 00:00:00,'-,Cajas,Cajero 6X1,Full Time,Masculino,1994-01-05 00:00:00,2026-03-25 00:00:00,
Svea Corpac,21115,2026-03-01 00:00:00,'-,Cajas,Representante De Servicio D,Full Time,Masculino,1981-02-25 00:00:00,2000-03-01 00:00:00,
Svea Corpac,21374,2026-03-01 00:00:00,'-,Recepción E Inventarios,Auxiliar De Inventarios,Full Time,Masculino,1988-09-09 00:00:00,2010-04-16 00:00:00,
Svea Corpac,243668,2026-03-01 00:00:00,'-,Sala Frescos,Repres. De Servicios,Full Time,Femenino,1994-04-04 00:00:00,2026-02-01 00:00:00,2026-03-04 00:00:00
Svea Corpac,24885,2026-03-01 00:00:00,'-,Administración,Subgerente De Tienda,Full Time,Masculino,1974-12-24 00:00:00,1998-09-01 00:00:00,
Svea Corpac,44131,2026-03-01 00:00:00,'-,Cajas,Supervisor De Cajeros,Full Time,Femenino,1971-02-17 00:00:00,2016-09-05 00:00:00,
Svea Corpac,4576139,2026-03-01 00:00:00,'-,Sala Frescos,Repres. De Servicios,Full Time,Femenino,1987-09-28 00:00:00,2020-06-12 00:00:00,2026-03-04 00:00:00
Svea Corpac,48590,2026-03-01 00:00:00,'-,Sala Frescos,Repres. De Servicios,Full Time,Femenino,1976-11-15 00:00:00,2016-12-14 00:00:00,
Svea Corpac,9278595,2026-03-01 00:00:00,'-,Cajas,Supervisor De Cajeros,Full Time,Masculino,1994-12-25 00:00:00,2023-07-01 00:00:00,
Viv Monterrico,104143,2026-03-01 00:00:00,'-,"Carnes, Pescados, Fiambres, Frutas & Verduras",Repres. De Servicios,Full Time,Femenino,1985-09-27 00:00:00,2017-10-01 00:00:00,
Viv Monterrico,10472,2026-03-01 00:00:00,'-,"Carnes, Pescados, Fiambres, Frutas & Verduras",Repres. De Servicios,Full Time,Femenino,1969-11-01 00:00:00,2015-10-16 00:00:00,
Viv Monterrico,10653,2026-03-01 00:00:00,'-,"Carnes, Pescados, Fiambres, Frutas & Verduras",Repres. De Servicios,Full Time,Masculino,1971-05-11 00:00:00,2002-10-19 00:00:00,
Viv Monterrico,10845,2026-03-01 00:00:00,'-,"Carnes, Pescados, Fiambres, Frutas & Verduras",Jefe De Seccion,Full Time,Femenino,1979-08-02 00:00:00,2012-08-01 00:00:00,
Viv Monterrico,110670,2026-03-01 00:00:00,'-,"Carnes, Pescados, Fiambres, Frutas & Verduras",Repres. De Servicios Fds,Part Time,Femenino,1993-10-16 00:00:00,2025-04-01 00:00:00,
Viv Monterrico,11966759,2026-03-01 00:00:00,'-,Cajas,Cajero 4X3,Part Time,Masculino,2003-04-07 00:00:00,2023-03-09 00:00:00,
Viv Monterrico,11968493,2026-03-01 00:00:00,'-,Cajas,Cajero 6X1,Full Time,Femenino,1983-01-31 00:00:00,2024-04-01 00:00:00,
Viv Monterrico,1205195,2026-03-01 00:00:00,'-,Cajas,Repres. De Servicios,Full Time,Femenino,1999-12-16 00:00:00,2026-03-01 00:00:00,
Viv Monterrico,12261783,2026-03-01 00:00:00,'-,"Carnes, Pescados, Fiambres, Frutas & Verduras",Repres. De Servicios,Full Time,Masculino,1993-02-04 00:00:00,2023-06-13 00:00:00,
Viv Monterrico,12318260,2026-03-01 00:00:00,'-,Administración,Gerente De Tienda,Full Time,Femenino,1988-11-05 00:00:00,2023-07-03 00:00:00,
Viv Monterrico,128607,2026-03-01 00:00:00,'-,Cajas,Repres. De Servicios Fds,Part Time,Femenino,1995-01-19 00:00:00,2018-02-08 00:00:00,
Viv Monterrico,13227322,2026-03-01 00:00:00,'-,Cajas,Cajero 5X2,Part Time,Masculino,2004-01-31 00:00:00,2023-11-07 00:00:00,
Viv Monterrico,13277255,2026-03-01 00:00:00,'-,Sala,Repres. De Servicios,Part Time,Masculino,2003-09-22 00:00:00,2023-11-14 00:00:00,
Viv Monterrico,1331,2026-03-01 00:00:00,'-,Cajas,Cajero 5X2,Full Time,Femenino,1987-10-26 00:00:00,2025-05-02 00:00:00,
Viv Monterrico,13619568,2026-03-01 00:00:00,'-,"Carnes, Pescados, Fiambres, Frutas & Verduras",Repres. De Servicios,Full Time,Femenino,1969-12-30 00:00:00,2023-12-12 00:00:00,
Viv Monterrico,13709716,2026-03-01 00:00:00,'-,Almacén,Repres. De Servicios,Part Time,Masculino,2003-07-01 00:00:00,2023-12-22 00:00:00,
Viv Monterrico,13816913,2026-03-01 00:00:00,'-,Cajas,Asistente De Self Check Out Pt,Part Time,Femenino,2002-02-03 00:00:00,2024-01-12 00:00:00,
Viv Monterrico,14270,2026-03-01 00:00:00,'-,"Carnes, Pescados, Fiambres, Frutas & Verduras",Repres. De Servicios,Full Time,Masculino,1972-02-18 00:00:00,2005-11-05 00:00:00,
Viv Monterrico,14290348,2026-03-01 00:00:00,'-,Cajas,Supervisor De Cajeros,Full Time,Masculino,2003-03-17 00:00:00,2025-07-01 00:00:00,
Viv Monterrico,14470,2026-03-01 00:00:00,'-,Comidas Preparadas Panadería Y Pastelería,Repres. De Servicios,Full Time,Femenino,1988-01-20 00:00:00,2018-07-01 00:00:00,
Viv Monterrico,14618,2026-03-01 00:00:00,'-,Cajas,Cajero 4X3,Part Time,Femenino,1980-03-15 00:00:00,2013-10-01 00:00:00,
Viv Monterrico,14625595,2026-03-01 00:00:00,'-,Cajas,Cajero 5X2,Part Time,Femenino,2003-12-25 00:00:00,2024-03-08 00:00:00,
Viv Monterrico,14685168,2026-03-01 00:00:00,'-,Cajas,Supervisor De Cajeros 5X2,Part Time,Femenino,2002-06-28 00:00:00,2024-09-01 00:00:00,2026-03-31 00:00:00
Viv Monterrico,14685194,2026-03-01 00:00:00,'-,Comidas Preparadas Panadería Y Pastelería,Repres. De Servicios,Part Time,Masculino,2004-10-08 00:00:00,2025-10-01 00:00:00,2026-04-01 00:00:00
Viv Monterrico,15146,2026-03-01 00:00:00,'-,Recepción,Repres. De Servicios,Full Time,Masculino,1982-09-29 00:00:00,2014-04-01 00:00:00,
Viv Monterrico,15470432,2026-03-01 00:00:00,'-,Sala,Repres. De Servicios,Part Time,Femenino,1998-08-10 00:00:00,2024-04-29 00:00:00,
Viv Monterrico,15470435,2026-03-01 00:00:00,'-,Cajas,Cajero 3X4,Part Time,Femenino,2004-03-31 00:00:00,2024-04-29 00:00:00,
Viv Monterrico,15635412,2026-03-01 00:00:00,'-,Recepción,Repres. De Servicios,Full Time,Masculino,1999-05-06 00:00:00,2024-05-07 00:00:00,
Viv Monterrico,15933876,2026-03-01 00:00:00,'-,Comidas Preparadas Panadería Y Pastelería,Repres. De Servicios,Part Time,Femenino,2000-09-14 00:00:00,2024-05-30 00:00:00,
Viv Monterrico,16648173,2026-03-01 00:00:00,'-,Almacén,Repres. De Servicios,Part Time,Masculino,2006-04-14 00:00:00,2024-08-14 00:00:00,
Viv Monterrico,16674385,2026-03-01 00:00:00,'-,Cajas,Cajero 5X2,Part Time,Masculino,2004-11-04 00:00:00,2024-08-16 00:00:00,
Viv Monterrico,16733509,2026-03-01 00:00:00,'-,"Carnes, Pescados, Fiambres, Frutas & Verduras",Repres. De Servicios,Full Time,Femenino,1996-05-24 00:00:00,2025-01-01 00:00:00,
Viv Monterrico,16936646,2026-03-01 00:00:00,'-,Cajas,Cajero 3X4,Part Time,Masculino,2005-05-23 00:00:00,2024-09-13 00:00:00,
Viv Monterrico,17002756,2026-03-01 00:00:00,'-,Cajas,Repres. De Servicios,Part Time,Masculino,2003-06-06 00:00:00,2024-09-18 00:00:00,2026-03-31 00:00:00
Viv Monterrico,17161673,2026-03-01 00:00:00,'-,Cajas,Repres. De Servicios,Part Time,Masculino,2002-07-09 00:00:00,2025-11-03 00:00:00,
Viv Monterrico,17164485,2026-03-01 00:00:00,'-,Cajas,Cajero 5X2,Part Time,Masculino,2003-07-04 00:00:00,2024-10-14 00:00:00,
Viv Monterrico,17211153,2026-03-01 00:00:00,'-,Cajas,Cajero 5X2,Part Time,Femenino,1998-01-06 00:00:00,2024-10-17 00:00:00,
Viv Monterrico,17367303,2026-03-01 00:00:00,'-,"Carnes, Pescados, Fiambres, Frutas & Verduras",Repres. De Servicios,Full Time,Masculino,2006-08-12 00:00:00,2025-02-01 00:00:00,2026-03-31 00:00:00
Viv Monterrico,17496663,2026-03-01 00:00:00,'-,Cajas,Cajero 5X2,Part Time,Masculino,2005-03-13 00:00:00,2024-11-15 00:00:00,
Viv Monterrico,17540221,2026-03-01 00:00:00,'-,Comidas Preparadas Panadería Y Pastelería,Repres. De Servicios,Part Time,Femenino,2006-08-15 00:00:00,2026-01-27 00:00:00,2026-03-13 00:00:00
Viv Monterrico,17680473,2026-03-01 00:00:00,'-,Cajas,Cajero 5X2,Part Time,Femenino,1988-03-13 00:00:00,2024-11-25 00:00:00,
Viv Monterrico,17783053,2026-03-01 00:00:00,'-,Cajas,Cajero 6X1,Full Time,Masculino,2004-01-16 00:00:00,2026-03-01 00:00:00,
Viv Monterrico,17958127,2026-03-01 00:00:00,'-,Almacén,Repres. De Servicios,Part Time,Masculino,2003-05-02 00:00:00,2025-01-24 00:00:00,
Viv Monterrico,18216092,2026-03-01 00:00:00,'-,Cajas,Cajero 5X2,Part Time,Masculino,2002-04-17 00:00:00,2025-02-25 00:00:00,
Viv Monterrico,18294821,2026-03-01 00:00:00,'-,"Carnes, Pescados, Fiambres, Frutas & Verduras",Repres. De Servicios,Full Time,Masculino,2001-02-11 00:00:00,2025-03-11 00:00:00,
Viv Monterrico,18338681,2026-03-01 00:00:00,'-,Sala,Repres. De Servicios,Part Time,Femenino,1993-12-15 00:00:00,2025-03-24 00:00:00,2026-03-31 00:00:00
Viv Monterrico,18344016,2026-03-01 00:00:00,'-,"Carnes, Pescados, Fiambres, Frutas & Verduras",Repres. De Servicios,Full Time,Femenino,2001-10-31 00:00:00,2025-04-01 00:00:00,2026-03-16 00:00:00
Viv Monterrico,18347,2026-03-01 00:00:00,'-,Cajas,Jefe De Seccion,Full Time,Masculino,1992-12-14 00:00:00,2020-02-03 00:00:00,
Viv Monterrico,18396,2026-03-01 00:00:00,'-,"Carnes, Pescados, Fiambres, Frutas & Verduras",Repres. De Servicios I,Full Time,Femenino,1982-06-03 00:00:00,2013-09-09 00:00:00,
Viv Monterrico,18488612,2026-03-01 00:00:00,'-,Cajas,Cajero 5X2,Part Time,Femenino,2006-09-20 00:00:00,2025-04-16 00:00:00,
Viv Monterrico,18625750,2026-03-01 00:00:00,'-,Cajas,Cajero 5X2,Full Time,Femenino,1986-12-26 00:00:00,2025-04-24 00:00:00,
Viv Monterrico,18625752,2026-03-01 00:00:00,'-,Cajas,Cajero 5X2,Part Time,Masculino,2005-09-30 00:00:00,2025-04-24 00:00:00,2026-03-01 00:00:00
Viv Monterrico,18625784,2026-03-01 00:00:00,'-,Cajas,Asistente De Self Check Out Pt,Part Time,Femenino,2007-03-29 00:00:00,2025-04-24 00:00:00,
Viv Monterrico,18626066,2026-03-01 00:00:00,'-,Cajas,Cajero 6X1,Full Time,Masculino,2004-05-07 00:00:00,2025-04-28 00:00:00,
Viv Monterrico,18678006,2026-03-01 00:00:00,'-,Cajas,Asistente De Self Check Out Pt,Part Time,Femenino,2007-01-23 00:00:00,2026-03-01 00:00:00,
Viv Monterrico,18715415,2026-03-01 00:00:00,'-,Sala,Repres. De Servicios Fds,Part Time,Masculino,2005-03-23 00:00:00,2025-05-28 00:00:00,
Viv Monterrico,18727974,2026-03-01 00:00:00,'-,Comidas Preparadas Panadería Y Pastelería,Repres. De Servicios,Full Time,Femenino,2005-04-19 00:00:00,2025-12-01 00:00:00,2026-03-01 00:00:00
Viv Monterrico,18743530,2026-03-01 00:00:00,'-,Comidas Preparadas Panadería Y Pastelería,Repres. De Servicios,Part Time,Masculino,2006-08-18 00:00:00,2025-06-10 00:00:00,
Viv Monterrico,18965310,2026-03-01 00:00:00,'-,Almacén,Repres. De Servicios,Part Time,Masculino,1996-08-27 00:00:00,2025-09-15 00:00:00,
Viv Monterrico,18965477,2026-03-01 00:00:00,'-,Cajas,Cajero 3X4,Part Time,Femenino,1987-04-29 00:00:00,2025-09-15 00:00:00,
Viv Monterrico,18966219,2026-03-01 00:00:00,'-,Cajas,Cajero 3X4,Part Time,Masculino,2006-03-03 00:00:00,2025-09-16 00:00:00,
Viv Monterrico,18966277,2026-03-01 00:00:00,'-,Cajas,Cajero 5X2,Part Time,Femenino,2006-11-21 00:00:00,2025-09-16 00:00:00,
Viv Monterrico,18966649,2026-03-01 00:00:00,'-,"Carnes, Pescados, Fiambres, Frutas & Verduras",Repres. De Servicios,Part Time,Femenino,2006-10-19 00:00:00,2026-03-31 00:00:00,
Viv Monterrico,18967200,2026-03-01 00:00:00,'-,Cajas,Cajero 3X4,Part Time,Femenino,2004-12-22 00:00:00,2025-09-19 00:00:00,
Viv Monterrico,18969479,2026-03-01 00:00:00,'-,Almacén,Repres. De Servicios,Part Time,Masculino,2007-02-10 00:00:00,2025-09-26 00:00:00,
Viv Monterrico,18969915,2026-03-01 00:00:00,'-,"Carnes, Pescados, Fiambres, Frutas & Verduras",Repres. De Servicios,Full Time,Masculino,2003-12-24 00:00:00,2026-03-01 00:00:00,
Viv Monterrico,18973226,2026-03-01 00:00:00,'-,Comidas Preparadas Panadería Y Pastelería,Repres. De Servicios Fds,Part Time,Masculino,2005-07-16 00:00:00,2025-10-13 00:00:00,
Viv Monterrico,18973686,2026-03-01 00:00:00,'-,Comidas Preparadas Panadería Y Pastelería,Repres. De Servicios Fds,Part Time,Femenino,2005-01-22 00:00:00,2025-10-14 00:00:00,
Viv Monterrico,18977151,2026-03-01 00:00:00,'-,Cajas,Repres. De Servicios,Part Time,Masculino,2003-07-22 00:00:00,2025-10-31 00:00:00,2026-04-01 00:00:00
Viv Monterrico,18983929,2026-03-01 00:00:00,'-,Sala,Repres. De Servicios,Part Time,Femenino,2006-06-06 00:00:00,2025-12-01 00:00:00,
Viv Monterrico,18987657,2026-03-01 00:00:00,'-,Comidas Preparadas Panadería Y Pastelería,Repres. De Servicios,Part Time,Femenino,2005-12-31 00:00:00,2025-12-15 00:00:00,2026-03-09 00:00:00
Viv Monterrico,18987833,2026-03-01 00:00:00,'-,Sala,Repres. De Servicios,Part Time,Femenino,2005-03-16 00:00:00,2025-12-12 00:00:00,2026-04-01 00:00:00
Viv Monterrico,18987928,2026-03-01 00:00:00,'-,Almacén,Repres. De Servicios,Part Time,Masculino,2005-12-02 00:00:00,2025-12-12 00:00:00,
Viv Monterrico,18989582,2026-03-01 00:00:00,'-,Sala,Repres. De Servicios,Part Time,Masculino,2002-01-13 00:00:00,2025-12-18 00:00:00,
Viv Monterrico,18989583,2026-03-01 00:00:00,'-,Cajas,Cajero 5X2,Part Time,Femenino,2003-08-15 00:00:00,2025-12-18 00:00:00,
Viv Monterrico,18989860,2026-03-01 00:00:00,'-,"Carnes, Pescados, Fiambres, Frutas & Verduras",Repres. De Servicios,Part Time,Masculino,2007-02-28 00:00:00,2025-12-19 00:00:00,
Viv Monterrico,18989895,2026-03-01 00:00:00,'-,Sala,Repres. De Servicios,Part Time,Masculino,2000-12-15 00:00:00,2025-12-19 00:00:00,
Viv Monterrico,18989928,2026-03-01 00:00:00,'-,Cajas,Cajero 5X2,Part Time,Femenino,2006-10-28 00:00:00,2025-12-19 00:00:00,
Viv Monterrico,18989964,2026-03-01 00:00:00,'-,Cajas,Cajero 3X4,Part Time,Femenino,2003-06-14 00:00:00,2025-12-19 00:00:00,2026-03-29 00:00:00
Viv Monterrico,18990976,2026-03-01 00:00:00,'-,Comidas Preparadas Panadería Y Pastelería,Repres. De Servicios,Part Time,Femenino,2006-01-04 00:00:00,2025-12-24 00:00:00,
Viv Monterrico,18990983,2026-03-01 00:00:00,'-,"Carnes, Pescados, Fiambres, Frutas & Verduras",Repres. De Servicios,Part Time,Masculino,2006-04-06 00:00:00,2025-12-24 00:00:00,
Viv Monterrico,18990996,2026-03-01 00:00:00,'-,Comidas Preparadas Panadería Y Pastelería,Repres. De Servicios Fds,Part Time,Femenino,2007-05-12 00:00:00,2025-12-24 00:00:00,
Viv Monterrico,18990998,2026-03-01 00:00:00,'-,Comidas Preparadas Panadería Y Pastelería,Repres. De Servicios,Part Time,Femenino,2007-04-26 00:00:00,2025-12-24 00:00:00,2026-03-24 00:00:00
Viv Monterrico,18990999,2026-03-01 00:00:00,'-,"Carnes, Pescados, Fiambres, Frutas & Verduras",Repres. De Servicios,Part Time,Masculino,2006-06-14 00:00:00,2025-12-24 00:00:00,
Viv Monterrico,18991051,2026-03-01 00:00:00,'-,Almacén,Repres. De Servicios,Part Time,Masculino,2006-10-09 00:00:00,2025-12-24 00:00:00,2026-04-01 00:00:00
Viv Monterrico,18991053,2026-03-01 00:00:00,'-,Sala,Repres. De Servicios,Part Time,Femenino,2005-02-03 00:00:00,2025-12-24 00:00:00,
Viv Monterrico,18995104,2026-03-01 00:00:00,'-,"Carnes, Pescados, Fiambres, Frutas & Verduras",Repres. De Servicios,Part Time,Masculino,2004-05-08 00:00:00,2026-01-14 00:00:00,2026-03-02 00:00:00
Viv Monterrico,18995791,2026-03-01 00:00:00,'-,Sala,Repres. De Servicios,Part Time,Masculino,2003-08-21 00:00:00,2026-01-16 00:00:00,
Viv Monterrico,18998557,2026-03-01 00:00:00,'-,Comidas Preparadas Panadería Y Pastelería,Repres. De Servicios,Part Time,Masculino,2007-09-08 00:00:00,2026-01-27 00:00:00,
Viv Monterrico,18998561,2026-03-01 00:00:00,'-,Cajas,Cajero 5X2,Part Time,Femenino,2006-04-13 00:00:00,2026-01-27 00:00:00,
Viv Monterrico,18998562,2026-03-01 00:00:00,'-,"Carnes, Pescados, Fiambres, Frutas & Verduras",Repres. De Servicios,Full Time,Masculino,2006-08-27 00:00:00,2026-01-27 00:00:00,2026-03-14 00:00:00
Viv Monterrico,18998563,2026-03-01 00:00:00,'-,Comidas Preparadas Panadería Y Pastelería,Repres. De Servicios,Part Time,Femenino,2005-12-08 00:00:00,2026-01-27 00:00:00,
Viv Monterrico,18998585,2026-03-01 00:00:00,'-,Comidas Preparadas Panadería Y Pastelería,Repres. De Servicios,Part Time,Femenino,2005-06-06 00:00:00,2026-01-27 00:00:00,
Viv Monterrico,18998586,2026-03-01 00:00:00,'-,Comidas Preparadas Panadería Y Pastelería,Repres. De Servicios,Full Time,Masculino,2006-09-28 00:00:00,2026-01-27 00:00:00,
Viv Monterrico,18998588,2026-03-01 00:00:00,'-,Cajas,Asistente De Self Check Out Pt,Part Time,Femenino,2004-12-23 00:00:00,2026-01-27 00:00:00,
Viv Monterrico,18998607,2026-03-01 00:00:00,'-,Comidas Preparadas Panadería Y Pastelería,Repres. De Servicios,Part Time,Masculino,2007-09-05 00:00:00,2026-01-27 00:00:00,
Viv Monterrico,18998608,2026-03-01 00:00:00,'-,Comidas Preparadas Panadería Y Pastelería,Repres. De Servicios,Part Time,Masculino,2006-10-08 00:00:00,2026-01-27 00:00:00,
Viv Monterrico,18998609,2026-03-01 00:00:00,'-,Comidas Preparadas Panadería Y Pastelería,Repres. De Servicios,Part Time,Femenino,2006-03-17 00:00:00,2026-01-27 00:00:00,
Viv Monterrico,18998669,2026-03-01 00:00:00,'-,"Carnes, Pescados, Fiambres, Frutas & Verduras",Repres. De Servicios,Part Time,Femenino,2002-04-19 00:00:00,2026-01-27 00:00:00,
Viv Monterrico,18998674,2026-03-01 00:00:00,'-,Comidas Preparadas Panadería Y Pastelería,Repres. De Servicios,Part Time,Masculino,2006-10-16 00:00:00,2026-01-27 00:00:00,2026-04-05 00:00:00
Viv Monterrico,19001135,2026-03-01 00:00:00,'-,Cajas,Repres. De Servicios,Part Time,Femenino,2007-12-25 00:00:00,2026-02-06 00:00:00,
Viv Monterrico,19001142,2026-03-01 00:00:00,'-,Sala,Repres. De Servicios,Part Time,Masculino,2007-06-28 00:00:00,2026-02-06 00:00:00,2026-03-31 00:00:00
Viv Monterrico,19001225,2026-03-01 00:00:00,'-,"Carnes, Pescados, Fiambres, Frutas & Verduras",Repres. De Servicios,Part Time,Masculino,2008-01-02 00:00:00,2026-02-06 00:00:00,2026-03-05 00:00:00
Viv Monterrico,19002296,2026-03-01 00:00:00,'-,Cajas,Repres. De Servicios,Full Time,Masculino,2006-08-04 00:00:00,2026-02-11 00:00:00,
Viv Monterrico,19004356,2026-03-01 00:00:00,'-,Cajas,Asistente De Self Check Out Pt,Part Time,Femenino,2007-07-04 00:00:00,2026-02-18 00:00:00,
Viv Monterrico,19004391,2026-03-01 00:00:00,'-,Cajas,Cajero 6X1,Full Time,Femenino,1996-05-14 00:00:00,2026-02-18 00:00:00,
Viv Monterrico,19004393,2026-03-01 00:00:00,'-,"Carnes, Pescados, Fiambres, Frutas & Verduras",Repres. De Servicios Fds,Part Time,Femenino,2007-08-21 00:00:00,2026-02-18 00:00:00,
Viv Monterrico,19004448,2026-03-01 00:00:00,'-,Cajas,Repres. De Servicios,Part Time,Femenino,2006-08-10 00:00:00,2026-02-18 00:00:00,2026-03-01 00:00:00
Viv Monterrico,19004449,2026-03-01 00:00:00,'-,Cajas,Cajero 5X2,Part Time,Femenino,1996-05-02 00:00:00,2026-02-18 00:00:00,2026-03-01 00:00:00
Viv Monterrico,19004450,2026-03-01 00:00:00,'-,Sala,Repres. De Servicios,Part Time,Femenino,2005-02-27 00:00:00,2026-02-18 00:00:00,
Viv Monterrico,19004451,2026-03-01 00:00:00,'-,Cajas,Cajero 5X2,Part Time,Femenino,2004-05-06 00:00:00,2026-02-18 00:00:00,2026-04-01 00:00:00
Viv Monterrico,19004834,2026-03-01 00:00:00,'-,Cajas,Cajero 3X4,Part Time,Femenino,2002-05-02 00:00:00,2026-02-20 00:00:00,
Viv Monterrico,19004838,2026-03-01 00:00:00,'-,Sala,Repres. De Servicios,Part Time,Femenino,2006-06-13 00:00:00,2026-02-20 00:00:00,
Viv Monterrico,19004839,2026-03-01 00:00:00,'-,"Carnes, Pescados, Fiambres, Frutas & Verduras",Repres. De Servicios,Part Time,Femenino,2007-10-28 00:00:00,2026-02-20 00:00:00,
Viv Monterrico,19004840,2026-03-01 00:00:00,'-,"Carnes, Pescados, Fiambres, Frutas & Verduras",Repres. De Servicios,Part Time,Masculino,2005-01-25 00:00:00,2026-02-20 00:00:00,
Viv Monterrico,19004844,2026-03-01 00:00:00,'-,Cajas,Cajero 5X2,Part Time,Femenino,2007-06-13 00:00:00,2026-02-20 00:00:00,
Viv Monterrico,19004849,2026-03-01 00:00:00,'-,Sala,Repres. De Servicios,Full Time,Femenino,2006-05-07 00:00:00,2026-02-20 00:00:00,
Viv Monterrico,19005770,2026-03-01 00:00:00,'-,Cajas,Cajero 5X2,Part Time,Femenino,2006-09-15 00:00:00,2026-02-25 00:00:00,
Viv Monterrico,19007232,2026-03-01 00:00:00,'-,Cajas,Cajero 5X2,Part Time,Femenino,2007-05-17 00:00:00,2026-03-04 00:00:00,
Viv Monterrico,19007264,2026-03-01 00:00:00,'-,Comidas Preparadas,Chef,Full Time,Femenino,1984-02-21 00:00:00,2026-03-04 00:00:00,
Viv Monterrico,19007295,2026-03-01 00:00:00,'-,Sala,Repres. De Servicios,Full Time,Femenino,2007-09-30 00:00:00,2026-03-04 00:00:00,
Viv Monterrico,19009004,2026-03-01 00:00:00,'-,Cajas,Cajero 5X2,Part Time,Masculino,2005-02-20 00:00:00,2026-03-12 00:00:00,
Viv Monterrico,19009131,2026-03-01 00:00:00,'-,Cajas,Cajero 5X2,Part Time,Femenino,2003-11-12 00:00:00,2026-03-13 00:00:00,
Viv Monterrico,19010894,2026-03-01 00:00:00,'-,Cajas,Cajero 6X1,Full Time,Femenino,1987-06-30 00:00:00,2026-03-20 00:00:00,
Viv Monterrico,19011379,2026-03-01 00:00:00,'-,Cajas,Cajero 3X4,Part Time,Femenino,2001-06-27 00:00:00,2026-03-23 00:00:00,
Viv Monterrico,19011387,2026-03-01 00:00:00,'-,Cajas,Cajero 5X2,Part Time,Femenino,2004-04-10 00:00:00,2026-03-23 00:00:00,
Viv Monterrico,19012232,2026-03-01 00:00:00,'-,Cajas,Cajero 5X2,Part Time,Femenino,2006-10-30 00:00:00,2026-03-25 00:00:00,
Viv Monterrico,19012879,2026-03-01 00:00:00,'-,Comidas Preparadas Panadería Y Pastelería,Repres. De Servicios,Part Time,Femenino,2007-09-13 00:00:00,2026-03-30 00:00:00,
Viv Monterrico,19013357,2026-03-01 00:00:00,'-,Almacén,Repres. De Servicios,Part Time,Masculino,2004-04-06 00:00:00,2026-03-31 00:00:00,
Viv Monterrico,19013358,2026-03-01 00:00:00,'-,"Carnes, Pescados, Fiambres, Frutas & Verduras",Repres. De Servicios,Full Time,Femenino,2004-10-15 00:00:00,2026-03-31 00:00:00,
Viv Monterrico,202700,2026-03-01 00:00:00,'-,Administración,Subgerente De Tienda,Full Time,Femenino,1998-03-05 00:00:00,2018-08-01 00:00:00,
Viv Monterrico,203493,2026-03-01 00:00:00,'-,Comidas Preparadas Panadería Y Pastelería,Jefe De Seccion,Full Time,Femenino,1993-07-18 00:00:00,2020-03-11 00:00:00,
Viv Monterrico,21073,2026-03-01 00:00:00,'-,Comidas Preparadas Panadería Y Pastelería,Repres. De Servicios,Full Time,Masculino,1978-11-03 00:00:00,2008-09-01 00:00:00,
Viv Monterrico,21097,2026-03-01 00:00:00,'-,Almacén,Jefe De Seccion Eo,Full Time,Masculino,1965-04-05 00:00:00,1988-04-02 00:00:00,
Viv Monterrico,21347,2026-03-01 00:00:00,'-,Sala,Repres. De Servicios I,Full Time,Masculino,1979-04-19 00:00:00,2011-02-10 00:00:00,
Viv Monterrico,235488,2026-03-01 00:00:00,'-,Cajas,Repres. De Servicios,Full Time,Femenino,1977-09-25 00:00:00,2020-01-01 00:00:00,
Viv Monterrico,241468,2026-03-01 00:00:00,'-,Sala,Especialista En Bebidas,Full Time,Masculino,1985-11-16 00:00:00,2018-11-15 00:00:00,
Viv Monterrico,245990,2026-03-01 00:00:00,'-,Cajas,Cajero 5X2,Full Time,Masculino,1989-09-26 00:00:00,2018-12-18 00:00:00,2026-03-31 00:00:00
Viv Monterrico,27172,2026-03-01 00:00:00,'-,Comidas Preparadas Panadería Y Pastelería,Repres. De Servicios I,Full Time,Femenino,1992-08-05 00:00:00,2015-06-08 00:00:00,
Viv Monterrico,273875,2026-03-01 00:00:00,'-,"Carnes, Pescados, Fiambres, Frutas & Verduras",Repres. De Servicios I,Full Time,Masculino,2000-06-16 00:00:00,2025-07-07 00:00:00,2026-04-17 00:00:00
Viv Monterrico,27570,2026-03-01 00:00:00,'-,Comidas Preparadas Panadería Y Pastelería,Repres. De Servicios,Full Time,Femenino,1979-03-22 00:00:00,2015-09-01 00:00:00,
Viv Monterrico,276932,2026-03-01 00:00:00,'-,Cajas,Representante De Servicio 5X2 D,Part Time,Masculino,1979-03-26 00:00:00,2019-08-02 00:00:00,
Viv Monterrico,299199,2026-03-01 00:00:00,'-,Sala,Representante De Servicio 5X2 D,Part Time,Femenino,1965-08-29 00:00:00,2019-12-10 00:00:00,
Viv Monterrico,31001,2026-03-01 00:00:00,'-,Recepción E Inventarios,Auxiliar De Inventarios,Full Time,Femenino,1993-09-25 00:00:00,2016-01-01 00:00:00,
Viv Monterrico,31936,2026-03-01 00:00:00,'-,Cajas,Supervisor De Cajeros,Full Time,Femenino,1985-02-13 00:00:00,2016-02-01 00:00:00,
Viv Monterrico,34551,2026-03-01 00:00:00,'-,Recepción,Repres. De Servicios,Full Time,Femenino,1987-11-06 00:00:00,2016-02-17 00:00:00,
Viv Monterrico,36599,2026-03-01 00:00:00,'-,"Carnes, Pescados, Fiambres, Frutas & Verduras",Repres. De Servicios,Full Time,Femenino,1982-11-15 00:00:00,2016-03-02 00:00:00,
Viv Monterrico,3705,2026-03-01 00:00:00,'-,Administración,Jefe Entrenador,Full Time,Masculino,1968-12-14 00:00:00,2004-04-01 00:00:00,
Viv Monterrico,38464,2026-03-01 00:00:00,'-,Cajas,Cajero 5X2,Full Time,Femenino,1976-11-28 00:00:00,2018-02-01 00:00:00,
Viv Monterrico,40160,2026-03-01 00:00:00,'-,Cajas,Repres. De Servicios,Part Time,Masculino,1992-12-07 00:00:00,2016-05-04 00:00:00,
Viv Monterrico,41959,2026-03-01 00:00:00,'-,"Carnes, Pescados, Fiambres, Frutas & Verduras",Repres. De Servicios,Full Time,Femenino,1973-06-24 00:00:00,2016-07-08 00:00:00,
Viv Monterrico,51730,2026-03-01 00:00:00,'-,"Carnes, Pescados, Fiambres, Frutas & Verduras",Repres. De Servicios I,Full Time,Femenino,1994-11-10 00:00:00,2019-05-01 00:00:00,
Viv Monterrico,51793,2026-03-01 00:00:00,'-,Administración,Coordinador De Operaciones Iga,Full Time,Femenino,1993-11-12 00:00:00,2022-02-01 00:00:00,
Viv Monterrico,53621,2026-03-01 00:00:00,'-,Administración,Asistente De Tienda,Full Time,Femenino,1998-04-09 00:00:00,2020-03-01 00:00:00,
Viv Monterrico,6265241,2026-03-01 00:00:00,'-,Cajas,Cajero 6X1,Full Time,Masculino,2002-02-28 00:00:00,2025-04-01 00:00:00,2026-03-13 00:00:00
Viv Monterrico,6990,2026-03-01 00:00:00,'-,Comidas Preparadas Panadería Y Pastelería,Repres. De Servicios Eo,Full Time,Masculino,1964-03-29 00:00:00,2007-09-01 00:00:00,
Viv Monterrico,7178,2026-03-01 00:00:00,'-,Comidas Preparadas Panadería Y Pastelería,Repres. De Servicios,Full Time,Femenino,1991-04-30 00:00:00,2012-04-01 00:00:00,
Viv Monterrico,7280,2026-03-01 00:00:00,'-,"Carnes, Pescados, Fiambres, Frutas & Verduras",Repres. De Servicios Eo,Full Time,Femenino,1962-07-30 00:00:00,1997-12-01 00:00:00,
Viv Monterrico,7325,2026-03-01 00:00:00,'-,Cajas,Supervisor De Cajeros,Full Time,Femenino,1992-07-21 00:00:00,2019-11-29 00:00:00,
Viv Monterrico,8668,2026-03-01 00:00:00,'-,Sala,Repres. De Servicios,Full Time,Femenino,1983-02-21 00:00:00,2020-02-26 00:00:00,2026-04-01 00:00:00
Viv Monterrico,9734259,2026-03-01 00:00:00,'-,Sala,Repres. De Servicios,Part Time,Femenino,2001-04-22 00:00:00,2022-01-21 00:00:00,
Viv Monterrico,9864173,2026-03-01 00:00:00,'-,Cajas,Asistente De Self Check Out Pt,Part Time,Masculino,2002-04-18 00:00:00,2024-02-21 00:00:00,
Pvea Miraflores,10712,2026-02-01 00:00:00,'-,Administración,Asistente De Tienda,Full Time,Femenino,1987-05-15 00:00:00,2009-06-01 00:00:00,
Pvea Miraflores,108279,2026-02-01 00:00:00,'-,Almacén,Repres. De Servicios,Full Time,Masculino,1999-06-19 00:00:00,2024-11-01 00:00:00,
Pvea Miraflores,10896,2026-02-01 00:00:00,'-,Cajas,Jefe De Seccion,Full Time,Masculino,1986-04-21 00:00:00,2011-08-01 00:00:00,
Pvea Miraflores,10922,2026-02-01 00:00:00,'-,Administración,Subgerente De Tienda,Full Time,Masculino,1989-05-26 00:00:00,2008-04-02 00:00:00,
Pvea Miraflores,11215671,2026-02-01 00:00:00,'-,Cajas,Supervisor De Cajeros,Full Time,Masculino,2002-07-27 00:00:00,2024-04-01 00:00:00,
Pvea Miraflores,11244,2026-02-01 00:00:00,'-,Recepción E Inventarios,Auxiliar De Inventarios,Full Time,Masculino,1992-07-22 00:00:00,2013-07-11 00:00:00,
Pvea Miraflores,11467819,2026-02-01 00:00:00,'-,Sala Frescos,Repres. De Servicios,Part Time,Femenino,2002-08-04 00:00:00,2022-10-26 00:00:00,2026-03-01 00:00:00
Pvea Miraflores,11471369,2026-02-01 00:00:00,'-,Cajas,Multifuncional 5X2 1Er Turno,Part Time,Masculino,2001-11-07 00:00:00,2022-10-28 00:00:00,
Pvea Miraflores,116,2026-02-01 00:00:00,'-,Administración,Subgerente De Tienda,Full Time,Masculino,1980-12-29 00:00:00,2003-06-01 00:00:00,
Pvea Miraflores,11639932,2026-02-01 00:00:00,'-,Sala Frescos,Repres. De Servicios,Part Time,Masculino,2004-11-02 00:00:00,2023-01-24 00:00:00,
Pvea Miraflores,11640264,2026-02-01 00:00:00,'-,Cajas,Repres. De Servicios,Part Time,Masculino,2002-09-28 00:00:00,2022-12-01 00:00:00,
Pvea Miraflores,11670565,2026-02-01 00:00:00,'-,Cajas,Multifuncional,Part Time,Femenino,1990-06-09 00:00:00,2022-12-06 00:00:00,
Pvea Miraflores,1173,2026-02-01 00:00:00,'-,Sala Frescos,Repres. De Servicios I,Full Time,Femenino,1980-08-21 00:00:00,2014-08-05 00:00:00,
Pvea Miraflores,11755194,2026-02-01 00:00:00,'-,Cajas,Multifuncional 5X2 1Er Turno,Part Time,Femenino,2004-07-24 00:00:00,2023-01-13 00:00:00,
Pvea Miraflores,11919846,2026-02-01 00:00:00,'-,Recepción,Repres. De Servicios,Full Time,Masculino,2004-10-27 00:00:00,2024-05-01 00:00:00,
Pvea Miraflores,11968470,2026-02-01 00:00:00,'-,Sala Frescos,Repres. De Servicios,Full Time,Femenino,2004-12-19 00:00:00,2023-03-21 00:00:00,
Pvea Miraflores,11975834,2026-02-01 00:00:00,'-,Sala Frescos,Repres. De Servicios,Full Time,Femenino,1990-07-17 00:00:00,2023-03-24 00:00:00,
Pvea Miraflores,11995789,2026-02-01 00:00:00,'-,Sala Frescos,Jefe De Seccion,Full Time,Masculino,2001-01-20 00:00:00,2024-04-01 00:00:00,
Pvea Miraflores,12064373,2026-02-01 00:00:00,'-,Almacén Frescos,Repres. De Servicios I,Full Time,Masculino,1995-10-25 00:00:00,2024-04-01 00:00:00,
Pvea Miraflores,12069362,2026-02-01 00:00:00,'-,Almacén,Repres. De Servicios,Part Time,Masculino,2003-04-10 00:00:00,2023-04-20 00:00:00,
Pvea Miraflores,12103937,2026-02-01 00:00:00,'-,Almacén Frescos,Repres. De Servicios,Full Time,Masculino,1993-04-22 00:00:00,2023-04-27 00:00:00,
Pvea Miraflores,12179728,2026-02-01 00:00:00,'-,Sala,Multifuncional,Full Time,Masculino,1991-06-16 00:00:00,2025-03-01 00:00:00,
Pvea Miraflores,12302,2026-02-01 00:00:00,'-,Recepción,Repres. De Servicios,Full Time,Masculino,1974-10-26 00:00:00,2019-01-22 00:00:00,
Pvea Miraflores,12341116,2026-02-01 00:00:00,'-,Cajas,Multifuncional 5X2 1Er Turno,Part Time,Femenino,2002-07-31 00:00:00,2023-07-14 00:00:00,
Pvea Miraflores,12478604,2026-02-01 00:00:00,'-,Cajas,Multifuncional 5X2,Part Time,Masculino,2003-06-28 00:00:00,2023-08-17 00:00:00,
Pvea Miraflores,12930960,2026-02-01 00:00:00,'-,Cajas,Multifuncional,Full Time,Femenino,2003-02-02 00:00:00,2024-06-01 00:00:00,2026-02-11 00:00:00
Pvea Miraflores,13800552,2026-02-01 00:00:00,'-,Almacén Frescos,Repres. De Servicios,Full Time,Masculino,1975-09-29 00:00:00,2024-01-10 00:00:00,
Pvea Miraflores,14029100,2026-02-01 00:00:00,'-,Recepción E Inventarios,Auxiliar De Inventarios,Full Time,Masculino,1996-08-14 00:00:00,2024-02-07 00:00:00,
Pvea Miraflores,14198239,2026-02-01 00:00:00,'-,Cajas,Multifuncional,Part Time,Femenino,2005-08-10 00:00:00,2024-02-14 00:00:00,
Pvea Miraflores,14574,2026-02-01 00:00:00,'-,Sala,Repres. De Servicios I,Full Time,Masculino,1969-09-18 00:00:00,2013-09-19 00:00:00,
Pvea Miraflores,14683987,2026-02-01 00:00:00,'-,Cajas,Supervisor De Cajeros,Full Time,Femenino,2003-01-11 00:00:00,2025-01-01 00:00:00,2026-02-08 00:00:00
Pvea Miraflores,14788217,2026-02-01 00:00:00,'-,Cajas,Multifuncional,Full Time,Femenino,1998-11-15 00:00:00,2025-04-01 00:00:00,
Pvea Miraflores,14858766,2026-02-01 00:00:00,'-,Sala Frescos,Repres. De Servicios,Full Time,Femenino,1975-10-04 00:00:00,2025-01-01 00:00:00,
Pvea Miraflores,14860022,2026-02-01 00:00:00,'-,Cajas,Asistente De Self Check Out Pt,Part Time,Femenino,2004-12-28 00:00:00,2024-03-26 00:00:00,2026-03-03 00:00:00
Pvea Miraflores,15329,2026-02-01 00:00:00,'-,Sala Frescos,Repres. De Servicios,Full Time,Masculino,1980-09-20 00:00:00,2014-10-15 00:00:00,
Pvea Miraflores,15874352,2026-02-01 00:00:00,'-,Cajas,Multifuncional 5X2 1Er Turno,Part Time,Masculino,2003-05-10 00:00:00,2024-05-23 00:00:00,
Pvea Miraflores,15968821,2026-02-01 00:00:00,'-,Cajas,Multifuncional,Part Time,Masculino,2005-06-04 00:00:00,2024-06-04 00:00:00,2026-02-15 00:00:00
Pvea Miraflores,15985097,2026-02-01 00:00:00,'-,Sala Frescos,Repres. De Servicios,Part Time,Masculino,2002-01-04 00:00:00,2024-06-06 00:00:00,
Pvea Miraflores,16025222,2026-02-01 00:00:00,'-,Sala,Multifuncional,Part Time,Masculino,2006-03-03 00:00:00,2024-06-17 00:00:00,
Pvea Miraflores,16599143,2026-02-01 00:00:00,'-,Sala Frescos,Repres. De Servicios,Part Time,Masculino,1979-07-19 00:00:00,2024-08-09 00:00:00,
Pvea Miraflores,16867095,2026-02-01 00:00:00,'-,Cajas,Multifuncional 5X2 1Er Turno,Part Time,Femenino,2006-03-15 00:00:00,2024-09-11 00:00:00,
Pvea Miraflores,17293470,2026-02-01 00:00:00,'-,Cajas,Multifuncional,Full Time,Femenino,2006-10-08 00:00:00,2025-06-01 00:00:00,
Pvea Miraflores,17304094,2026-02-01 00:00:00,'-,Recepción,Repres. De Servicios,Full Time,Masculino,2004-07-30 00:00:00,2025-05-01 00:00:00,
Pvea Miraflores,17533983,2026-02-01 00:00:00,'-,Cajas,Representante De Servicio 5X2 D,Part Time,Masculino,1995-04-11 00:00:00,2024-11-19 00:00:00,
Pvea Miraflores,17577248,2026-02-01 00:00:00,'-,Cajas,Multifuncional 5X2 1Er Turno,Part Time,Femenino,2002-04-09 00:00:00,2024-11-25 00:00:00,
Pvea Miraflores,17732286,2026-02-01 00:00:00,'-,Cajas,Multifuncional,Part Time,Femenino,1988-11-21 00:00:00,2024-12-06 00:00:00,
Pvea Miraflores,17732526,2026-02-01 00:00:00,'-,Cajas,Repres. De Servicios,Full Time,Femenino,2004-07-24 00:00:00,2024-12-06 00:00:00,
Pvea Miraflores,17835529,2026-02-01 00:00:00,'-,Cajas,Multifuncional,Part Time,Femenino,1979-03-14 00:00:00,2024-12-19 00:00:00,
Pvea Miraflores,17861149,2026-02-01 00:00:00,'-,Cajas,Multifuncional,Part Time,Masculino,2006-03-29 00:00:00,2024-12-23 00:00:00,
Pvea Miraflores,17943,2026-02-01 00:00:00,'-,Administración,Gerente De Tienda,Full Time,Femenino,1987-03-27 00:00:00,2007-02-01 00:00:00,
Pvea Miraflores,17955881,2026-02-01 00:00:00,'-,Sala,Repres. De Servicios,Part Time,Masculino,2002-06-08 00:00:00,2025-01-23 00:00:00,
Pvea Miraflores,18028642,2026-02-01 00:00:00,'-,Sala Frescos,Repres. De Servicios,Full Time,Femenino,2006-08-25 00:00:00,2025-02-06 00:00:00,
Pvea Miraflores,18085472,2026-02-01 00:00:00,'-,Sala,Repres. De Servicios,Part Time,Femenino,2007-01-17 00:00:00,2025-02-14 00:00:00,
Pvea Miraflores,18154,2026-02-01 00:00:00,'-,Sala Frescos,Repres. De Servicios,Part Time,Masculino,1995-05-26 00:00:00,2024-07-01 00:00:00,
Pvea Miraflores,18329320,2026-02-01 00:00:00,'-,Sala Frescos,Repres. De Servicios,Full Time,Femenino,1977-06-11 00:00:00,2025-03-21 00:00:00,
Pvea Miraflores,18329447,2026-02-01 00:00:00,'-,Sala,Repres. De Servicios,Part Time,Femenino,2006-05-20 00:00:00,2025-03-21 00:00:00,
Pvea Miraflores,18329456,2026-02-01 00:00:00,'-,Sala Frescos,Repres. De Servicios,Part Time,Femenino,1977-10-13 00:00:00,2025-03-21 00:00:00,
Pvea Miraflores,18357026,2026-02-01 00:00:00,'-,Cajas,Representante De Servicio 5X2 D,Part Time,Masculino,2002-02-11 00:00:00,2025-04-03 00:00:00,
Pvea Miraflores,18625925,2026-02-01 00:00:00,'-,Cajas,Multifuncional,Full Time,Masculino,1997-06-21 00:00:00,2025-04-25 00:00:00,
Pvea Miraflores,18628261,2026-02-01 00:00:00,'-,Cajas,Multifuncional,Part Time,Masculino,2006-10-05 00:00:00,2025-04-29 00:00:00,
Pvea Miraflores,18633780,2026-02-01 00:00:00,'-,Cajas,Multifuncional 5X2,Part Time,Femenino,1997-03-11 00:00:00,2025-05-02 00:00:00,
Pvea Miraflores,18633781,2026-02-01 00:00:00,'-,Cajas,Multifuncional,Full Time,Femenino,2006-01-10 00:00:00,2025-05-02 00:00:00,
Pvea Miraflores,18633816,2026-02-01 00:00:00,'-,Cajas,Multifuncional Fds,Part Time,Masculino,2004-10-10 00:00:00,2025-05-02 00:00:00,
Pvea Miraflores,18704492,2026-02-01 00:00:00,'-,Cajas,Asistente De Self Check Out,Full Time,Femenino,1999-12-02 00:00:00,2025-05-23 00:00:00,
Pvea Miraflores,18833623,2026-02-01 00:00:00,'-,Sala Frescos,Repres. De Servicios,Part Time,Masculino,2005-01-16 00:00:00,2025-07-09 00:00:00,
Pvea Miraflores,18837955,2026-02-01 00:00:00,'-,Sala Frescos,Repres. De Servicios,Part Time,Femenino,2005-10-07 00:00:00,2025-07-11 00:00:00,
Pvea Miraflores,18904963,2026-02-01 00:00:00,'-,Almacén,Repres. De Servicios,Part Time,Masculino,2005-02-18 00:00:00,2025-07-22 00:00:00,
Pvea Miraflores,18954165,2026-02-01 00:00:00,'-,Cajas,Multifuncional Fds,Part Time,Femenino,2007-03-26 00:00:00,2025-08-08 00:00:00,2026-02-08 00:00:00
Pvea Miraflores,18955453,2026-02-01 00:00:00,'-,Almacén Frescos,Repres. De Servicios,Part Time,Masculino,1989-01-08 00:00:00,2025-08-13 00:00:00,
Pvea Miraflores,18958496,2026-02-01 00:00:00,'-,Almacén Frescos,Repres. De Servicios,Part Time,Masculino,2005-11-21 00:00:00,2025-08-22 00:00:00,
Pvea Miraflores,18961460,2026-02-01 00:00:00,'-,Cajas,Multifuncional Fds,Part Time,Femenino,2003-03-12 00:00:00,2025-09-02 00:00:00,
Pvea Miraflores,18961461,2026-02-01 00:00:00,'-,Cajas,Multifuncional 5X2 1Er Turno,Part Time,Masculino,2002-03-08 00:00:00,2025-09-02 00:00:00,
Pvea Miraflores,18961462,2026-02-01 00:00:00,'-,Cajas,Multifuncional 5X2 1Er Turno,Part Time,Femenino,2007-02-11 00:00:00,2025-09-02 00:00:00,
Pvea Miraflores,18961480,2026-02-01 00:00:00,'-,Cajas,Multifuncional,Full Time,Femenino,2006-04-24 00:00:00,2025-09-02 00:00:00,
Pvea Miraflores,18962085,2026-02-01 00:00:00,'-,Cajas,Multifuncional,Part Time,Femenino,2001-06-24 00:00:00,2025-09-02 00:00:00,
Pvea Miraflores,18962469,2026-02-01 00:00:00,'-,Sala Frescos,Repres. De Servicios,Part Time,Femenino,1999-04-10 00:00:00,2025-09-05 00:00:00,2026-02-05 00:00:00
Pvea Miraflores,18964543,2026-02-01 00:00:00,'-,Sala,Repres. De Servicios,Part Time,Femenino,2005-05-12 00:00:00,2025-09-10 00:00:00,
Pvea Miraflores,18964544,2026-02-01 00:00:00,'-,Sala,Multifuncional,Part Time,Masculino,2006-01-07 00:00:00,2025-09-10 00:00:00,
Pvea Miraflores,18964545,2026-02-01 00:00:00,'-,Almacén,Repres. De Servicios,Part Time,Masculino,2002-07-04 00:00:00,2025-09-10 00:00:00,
Pvea Miraflores,18965163,2026-02-01 00:00:00,'-,Almacén,Repres. De Servicios,Part Time,Masculino,2006-11-17 00:00:00,2025-09-12 00:00:00,
Pvea Miraflores,18965167,2026-02-01 00:00:00,'-,Almacén,Repres. De Servicios,Part Time,Masculino,2006-02-26 00:00:00,2025-09-12 00:00:00,
Pvea Miraflores,18967912,2026-02-01 00:00:00,'-,Recepción,Repres. De Servicios,Part Time,Masculino,2005-01-22 00:00:00,2025-09-22 00:00:00,2026-02-04 00:00:00
Pvea Miraflores,18967914,2026-02-01 00:00:00,'-,Almacén,Repres. De Servicios,Part Time,Masculino,2005-02-02 00:00:00,2025-09-22 00:00:00,
Pvea Miraflores,18967916,2026-02-01 00:00:00,'-,Sala Frescos,Repres. De Servicios,Part Time,Masculino,2005-12-21 00:00:00,2025-09-22 00:00:00,2026-02-01 00:00:00
Pvea Miraflores,18971586,2026-02-01 00:00:00,'-,Sala Frescos,Repres. De Servicios,Full Time,Femenino,2001-05-27 00:00:00,2026-02-01 00:00:00,
Pvea Miraflores,18971973,2026-02-01 00:00:00,'-,Sala Frescos,Repres. De Servicios,Part Time,Femenino,2007-09-18 00:00:00,2025-10-06 00:00:00,
Pvea Miraflores,18975262,2026-02-01 00:00:00,'-,Cajas,Multifuncional 5X2 1Er Turno,Part Time,Femenino,2006-04-05 00:00:00,2025-10-22 00:00:00,
Pvea Miraflores,18975264,2026-02-01 00:00:00,'-,Almacén Frescos,Repres. De Servicios,Part Time,Masculino,1997-07-30 00:00:00,2025-10-22 00:00:00,
Pvea Miraflores,18975970,2026-02-01 00:00:00,'-,Sala Frescos,Repres. De Servicios,Part Time,Femenino,2007-09-05 00:00:00,2025-10-24 00:00:00,
Pvea Miraflores,18975971,2026-02-01 00:00:00,'-,Sala Frescos,Repres. De Servicios,Part Time,Masculino,2007-03-01 00:00:00,2025-10-24 00:00:00,
Pvea Miraflores,18975999,2026-02-01 00:00:00,'-,Sala Frescos,Repres. De Servicios,Part Time,Masculino,1995-12-20 00:00:00,2025-10-24 00:00:00,
Pvea Miraflores,18977928,2026-02-01 00:00:00,'-,Cajas,Multifuncional,Part Time,Femenino,1994-11-07 00:00:00,2025-11-04 00:00:00,
Pvea Miraflores,18982833,2026-02-01 00:00:00,'-,Sala Frescos,Repres. De Servicios,Part Time,Masculino,2003-03-16 00:00:00,2025-11-27 00:00:00,
Pvea Miraflores,18982901,2026-02-01 00:00:00,'-,Cajas,Multifuncional 5X2,Part Time,Femenino,2007-01-09 00:00:00,2025-11-27 00:00:00,
Pvea Miraflores,18984495,2026-02-01 00:00:00,'-,Cajas,Multifuncional 5X2,Part Time,Femenino,2005-09-04 00:00:00,2025-12-03 00:00:00,2026-03-15 00:00:00
Pvea Miraflores,18984970,2026-02-01 00:00:00,'-,Cajas,Multifuncional 5X2 1Er Turno,Part Time,Femenino,2005-05-08 00:00:00,2025-12-04 00:00:00,
Pvea Miraflores,18984986,2026-02-01 00:00:00,'-,Cajas,Multifuncional,Part Time,Masculino,2007-06-26 00:00:00,2025-12-04 00:00:00,2026-02-28 00:00:00
Pvea Miraflores,18984990,2026-02-01 00:00:00,'-,Cajas,Multifuncional 5X2 1Er Turno,Part Time,Femenino,2001-06-15 00:00:00,2025-12-04 00:00:00,
Pvea Miraflores,18985922,2026-02-01 00:00:00,'-,Cajas,Multifuncional Fds,Part Time,Femenino,2000-02-28 00:00:00,2025-12-05 00:00:00,
Pvea Miraflores,18985924,2026-02-01 00:00:00,'-,Sala Frescos,Repres. De Servicios,Part Time,Femenino,2005-05-08 00:00:00,2025-12-05 00:00:00,
Pvea Miraflores,18985925,2026-02-01 00:00:00,'-,Sala Frescos,Repres. De Servicios,Part Time,Masculino,2007-04-16 00:00:00,2025-12-05 00:00:00,
Pvea Miraflores,18985926,2026-02-01 00:00:00,'-,Sala Frescos,Repres. De Servicios,Part Time,Masculino,2005-10-26 00:00:00,2025-12-05 00:00:00,
Pvea Miraflores,18985928,2026-02-01 00:00:00,'-,Sala Frescos,Repres. De Servicios,Part Time,Masculino,2006-08-11 00:00:00,2025-12-05 00:00:00,
Pvea Miraflores,18986401,2026-02-01 00:00:00,'-,Sala Frescos,Repres. De Servicios,Part Time,Masculino,2005-05-24 00:00:00,2025-12-06 00:00:00,
Pvea Miraflores,18986416,2026-02-01 00:00:00,'-,Sala Frescos,Repres. De Servicios,Part Time,Femenino,2007-11-16 00:00:00,2025-12-06 00:00:00,
Pvea Miraflores,18986810,2026-02-01 00:00:00,'-,Cajas,Multifuncional 5X2,Part Time,Femenino,2006-07-07 00:00:00,2025-12-10 00:00:00,
Pvea Miraflores,18986815,2026-02-01 00:00:00,'-,Cajas,Multifuncional 5X2,Part Time,Femenino,2007-06-10 00:00:00,2025-12-10 00:00:00,
Pvea Miraflores,18987362,2026-02-01 00:00:00,'-,Cajas,Multifuncional,Part Time,Masculino,2005-07-05 00:00:00,2025-12-11 00:00:00,
Pvea Miraflores,18987519,2026-02-01 00:00:00,'-,Sala,Repres. De Servicios,Part Time,Femenino,1978-05-25 00:00:00,2025-12-13 00:00:00,
Pvea Miraflores,18987521,2026-02-01 00:00:00,'-,Sala,Repres. De Servicios,Part Time,Masculino,2006-03-20 00:00:00,2025-12-13 00:00:00,
Pvea Miraflores,18987525,2026-02-01 00:00:00,'-,Sala,Repres. De Servicios,Part Time,Femenino,2004-02-10 00:00:00,2025-12-13 00:00:00,
Pvea Miraflores,18987529,2026-02-01 00:00:00,'-,Sala,Repres. De Servicios,Part Time,Femenino,2007-06-26 00:00:00,2025-12-13 00:00:00,2026-02-01 00:00:00
Pvea Miraflores,18988240,2026-02-01 00:00:00,'-,Sala,Multifuncional,Part Time,Femenino,2007-08-29 00:00:00,2025-12-12 00:00:00,
Pvea Miraflores,18988984,2026-02-01 00:00:00,'-,Almacén Frescos,Repres. De Servicios,Part Time,Masculino,2006-01-08 00:00:00,2025-12-16 00:00:00,2026-02-01 00:00:00
Pvea Miraflores,18989415,2026-02-01 00:00:00,'-,Almacén Frescos,Repres. De Servicios,Part Time,Masculino,2005-04-30 00:00:00,2025-12-17 00:00:00,2026-03-01 00:00:00
Pvea Miraflores,18989612,2026-02-01 00:00:00,'-,Cajas,Asistente De Self Check Out Pt,Part Time,Femenino,2001-12-19 00:00:00,2025-12-16 00:00:00,
Pvea Miraflores,18989997,2026-02-01 00:00:00,'-,Sala,Multifuncional,Part Time,Masculino,2002-08-18 00:00:00,2025-12-19 00:00:00,
Pvea Miraflores,18990387,2026-02-01 00:00:00,'-,Almacén,Repres. De Servicios,Part Time,Masculino,2000-08-30 00:00:00,2025-12-22 00:00:00,
Pvea Miraflores,18990389,2026-02-01 00:00:00,'-,Sala Frescos,Repres. De Servicios Fds,Part Time,Femenino,2003-02-19 00:00:00,2025-12-22 00:00:00,2026-02-28 00:00:00
Pvea Miraflores,18990832,2026-02-01 00:00:00,'-,Sala Frescos,Repres. De Servicios,Part Time,Masculino,2006-09-29 00:00:00,2025-12-23 00:00:00,2026-02-06 00:00:00
Pvea Miraflores,18990833,2026-02-01 00:00:00,'-,Sala Frescos,Repres. De Servicios,Part Time,Masculino,2007-04-21 00:00:00,2025-12-23 00:00:00,
Pvea Miraflores,18990910,2026-02-01 00:00:00,'-,Sala Frescos,Repres. De Servicios Fds,Part Time,Masculino,2005-09-10 00:00:00,2025-12-23 00:00:00,
Pvea Miraflores,18995134,2026-02-01 00:00:00,'-,Recepción,Repres. De Servicios,Part Time,Masculino,2001-03-19 00:00:00,2026-01-14 00:00:00,
Pvea Miraflores,18995135,2026-02-01 00:00:00,'-,Sala,Repres. De Servicios,Part Time,Masculino,2007-01-06 00:00:00,2026-01-14 00:00:00,
Pvea Miraflores,18995137,2026-02-01 00:00:00,'-,Sala Frescos,Repres. De Servicios,Part Time,Femenino,2005-10-18 00:00:00,2026-01-14 00:00:00,
Pvea Miraflores,18995138,2026-02-01 00:00:00,'-,Sala Frescos,Repres. De Servicios,Part Time,Femenino,2004-09-26 00:00:00,2026-01-14 00:00:00,
Pvea Miraflores,18995139,2026-02-01 00:00:00,'-,Sala,Repres. De Servicios,Part Time,Femenino,2004-06-15 00:00:00,2026-01-14 00:00:00,
Pvea Miraflores,18995140,2026-02-01 00:00:00,'-,Sala Frescos,Repres. De Servicios,Part Time,Femenino,2007-12-27 00:00:00,2026-01-14 00:00:00,2026-03-01 00:00:00
Pvea Miraflores,18995141,2026-02-01 00:00:00,'-,Sala,Repres. De Servicios,Part Time,Femenino,2006-08-11 00:00:00,2026-01-14 00:00:00,
Pvea Miraflores,18995897,2026-02-01 00:00:00,'-,Cajas,Repres. De Servicios,Part Time,Femenino,2005-05-14 00:00:00,2026-01-16 00:00:00,
Pvea Miraflores,18997057,2026-02-01 00:00:00,'-,Cajas,Repres. De Servicios,Part Time,Masculino,2003-11-05 00:00:00,2026-01-21 00:00:00,2026-02-01 00:00:00
Pvea Miraflores,18997735,2026-02-01 00:00:00,'-,Cajas,Multifuncional,Part Time,Femenino,2003-01-27 00:00:00,2026-01-23 00:00:00,2026-02-01 00:00:00
Pvea Miraflores,18997736,2026-02-01 00:00:00,'-,Cajas,Multifuncional 5X2 1Er Turno,Part Time,Femenino,1979-08-25 00:00:00,2026-01-23 00:00:00,
Pvea Miraflores,18998934,2026-02-01 00:00:00,'-,Sala Frescos,Repres. De Servicios,Part Time,Masculino,2004-07-30 00:00:00,2026-01-28 00:00:00,
Pvea Miraflores,18998935,2026-02-01 00:00:00,'-,Sala Frescos,Repres. De Servicios,Part Time,Femenino,2007-02-04 00:00:00,2026-01-28 00:00:00,
Pvea Miraflores,18998938,2026-02-01 00:00:00,'-,Cajas,Asistente De Self Check Out Pt,Part Time,Femenino,2006-10-07 00:00:00,2026-01-28 00:00:00,
Pvea Miraflores,18998999,2026-02-01 00:00:00,'-,Cajas,Asistente De Self Check Out Pt,Part Time,Femenino,2001-11-14 00:00:00,2026-01-28 00:00:00,
Pvea Miraflores,18999099,2026-02-01 00:00:00,'-,Sala Frescos,Repres. De Servicios,Part Time,Femenino,2006-03-07 00:00:00,2026-01-28 00:00:00,
Pvea Miraflores,18999785,2026-02-01 00:00:00,'-,Cajas,Multifuncional,Part Time,Femenino,2003-01-12 00:00:00,2026-02-02 00:00:00,
Pvea Miraflores,18999803,2026-02-01 00:00:00,'-,Sala,Repres. De Servicios,Part Time,Femenino,2000-09-22 00:00:00,2026-02-02 00:00:00,
Pvea Miraflores,18999814,2026-02-01 00:00:00,'-,Administración,Trainee Gerente De Tienda,Full Time,Femenino,1990-01-07 00:00:00,2026-02-02 00:00:00,
Pvea Miraflores,19001144,2026-02-01 00:00:00,'-,Cajas,Multifuncional 5X2 1Er Turno,Part Time,Femenino,2004-11-09 00:00:00,2026-02-06 00:00:00,
Pvea Miraflores,19001145,2026-02-01 00:00:00,'-,Almacén Frescos,Repres. De Servicios,Part Time,Femenino,2007-06-15 00:00:00,2026-02-06 00:00:00,2026-02-11 00:00:00
Pvea Miraflores,19001147,2026-02-01 00:00:00,'-,Electro,Repres. De Servicios,Part Time,Masculino,2002-03-20 00:00:00,2026-02-06 00:00:00,
Pvea Miraflores,19001178,2026-02-01 00:00:00,'-,Sala,Multifuncional,Full Time,Femenino,1967-09-29 00:00:00,2026-02-06 00:00:00,
Pvea Miraflores,19001204,2026-02-01 00:00:00,'-,Sala Frescos,Repres. De Servicios,Part Time,Masculino,2007-11-26 00:00:00,2026-02-06 00:00:00,
Pvea Miraflores,19001205,2026-02-01 00:00:00,'-,Sala,Repres. De Servicios,Part Time,Masculino,2004-09-24 00:00:00,2026-02-06 00:00:00,
Pvea Miraflores,19001206,2026-02-01 00:00:00,'-,Almacén Frescos,Repres. De Servicios,Part Time,Masculino,2007-12-27 00:00:00,2026-02-06 00:00:00,2026-03-01 00:00:00
Pvea Miraflores,19001207,2026-02-01 00:00:00,'-,Cajas,Multifuncional,Part Time,Femenino,2006-01-06 00:00:00,2026-02-06 00:00:00,
Pvea Miraflores,19001208,2026-02-01 00:00:00,'-,Cajas,Multifuncional,Full Time,Femenino,2004-11-02 00:00:00,2026-02-06 00:00:00,
Pvea Miraflores,19001209,2026-02-01 00:00:00,'-,Sala,Repres. De Servicios Fds,Part Time,Masculino,2004-02-25 00:00:00,2026-02-06 00:00:00,
Pvea Miraflores,19001210,2026-02-01 00:00:00,'-,Sala Frescos,Repres. De Servicios,Part Time,Femenino,2002-12-22 00:00:00,2026-02-06 00:00:00,
Pvea Miraflores,19001302,2026-02-01 00:00:00,'-,Sala,Repres. De Servicios,Part Time,Masculino,2004-03-26 00:00:00,2026-02-06 00:00:00,
Pvea Miraflores,19001303,2026-02-01 00:00:00,'-,Sala,Repres. De Servicios,Part Time,Femenino,2002-06-28 00:00:00,2026-02-06 00:00:00,
Pvea Miraflores,19002998,2026-02-01 00:00:00,'-,Sala,Multifuncional 5X2 Campaña,Part Time,Femenino,2007-01-27 00:00:00,2026-02-13 00:00:00,2026-02-28 00:00:00
Pvea Miraflores,19003061,2026-02-01 00:00:00,'-,Sala,Multifuncional 5X2 Campaña,Part Time,Masculino,2006-03-13 00:00:00,2026-02-13 00:00:00,
Pvea Miraflores,19003143,2026-02-01 00:00:00,'-,Sala,Multifuncional 5X2 Campaña,Part Time,Femenino,2006-06-11 00:00:00,2026-02-13 00:00:00,
Pvea Miraflores,19003145,2026-02-01 00:00:00,'-,Sala,Multifuncional 5X2 Campaña,Part Time,Masculino,2007-12-23 00:00:00,2026-02-13 00:00:00,
Pvea Miraflores,203013,2026-02-01 00:00:00,'-,Electro,Vendedor,Full Time,Femenino,1968-11-24 00:00:00,2018-05-23 00:00:00,
Pvea Miraflores,203489,2026-02-01 00:00:00,'-,Cajas,Supervisor De Cajeros,Full Time,Femenino,1991-08-18 00:00:00,2025-05-01 00:00:00,
Pvea Miraflores,21147,2026-02-01 00:00:00,'-,Sala Frescos,Repres. De Servicios,Full Time,Masculino,1978-04-26 00:00:00,2011-03-01 00:00:00,
Pvea Miraflores,21448,2026-02-01 00:00:00,'-,Electro,Jefe De Seccion,Full Time,Femenino,1974-03-22 00:00:00,2012-10-01 00:00:00,
Pvea Miraflores,244437,2026-02-01 00:00:00,'-,Cajas,Supervisor De Cajeros,Full Time,Masculino,2000-05-19 00:00:00,2024-01-19 00:00:00,
Pvea Miraflores,25760,2026-02-01 00:00:00,'-,Almacén,Repres. De Servicios I,Full Time,Femenino,1973-10-12 00:00:00,2014-06-16 00:00:00,
Pvea Miraflores,272289,2026-02-01 00:00:00,'-,Cajas,Supervisor De Cajeros,Full Time,Femenino,2000-01-19 00:00:00,2025-05-01 00:00:00,
Pvea Miraflores,291062,2026-02-01 00:00:00,'-,Recepción E Inventarios,Auxiliar De Inventarios,Full Time,Femenino,1981-01-07 00:00:00,2022-06-01 00:00:00,
Pvea Miraflores,298588,2026-02-01 00:00:00,'-,Sala,Multifuncional 5X2 1Er Turno,Part Time,Femenino,1985-12-22 00:00:00,2024-12-02 00:00:00,
Pvea Miraflores,301805,2026-02-01 00:00:00,'-,Sala,Multifuncional,Full Time,Masculino,1995-12-13 00:00:00,2020-01-20 00:00:00,
Pvea Miraflores,303580,2026-02-01 00:00:00,'-,Cajas,Supervisor De Cajeros,Full Time,Masculino,1999-05-27 00:00:00,2023-07-01 00:00:00,
Pvea Miraflores,31455,2026-02-01 00:00:00,'-,Sala Frescos,Jefe De Seccion,Full Time,Masculino,1981-11-10 00:00:00,2016-01-18 00:00:00,
Pvea Miraflores,34546,2026-02-01 00:00:00,'-,Sala Frescos,Repres. De Servicios,Full Time,Femenino,1967-05-24 00:00:00,2016-02-17 00:00:00,
Pvea Miraflores,36202,2026-02-01 00:00:00,'-,Sala Frescos,Repres. De Servicios I,Full Time,Femenino,1992-05-22 00:00:00,2016-03-02 00:00:00,
Pvea Miraflores,41844,2026-02-01 00:00:00,'-,Sala Frescos,Repres. De Servicios,Full Time,Masculino,1984-09-10 00:00:00,2016-07-04 00:00:00,
Pvea Miraflores,42739,2026-02-01 00:00:00,'-,Sala,Jefe De Seccion,Full Time,Femenino,1998-06-14 00:00:00,2016-08-01 00:00:00,
Pvea Miraflores,481,2026-02-01 00:00:00,'-,Recepción E Inventarios,Auxiliar Controller,Full Time,Masculino,1991-11-26 00:00:00,2012-12-01 00:00:00,
Pvea Miraflores,55309,2026-02-01 00:00:00,'-,Sala Frescos,Repres. De Servicios,Part Time,Femenino,1990-10-28 00:00:00,2025-08-01 00:00:00,
Pvea Miraflores,7318884,2026-02-01 00:00:00,'-,Cajas,Multifuncional 5X2 1Er Turno,Part Time,Femenino,1995-02-25 00:00:00,2021-09-22 00:00:00,
Pvea Miraflores,7319542,2026-02-01 00:00:00,'-,Sala,Jefe De Seccion,Full Time,Femenino,2001-05-26 00:00:00,2022-11-01 00:00:00,
Pvea Miraflores,7319599,2026-02-01 00:00:00,'-,Sala,Multifuncional,Full Time,Masculino,2000-02-10 00:00:00,2025-02-01 00:00:00,
Pvea Miraflores,7333607,2026-02-01 00:00:00,'-,Cajas,Asistente De Self Check Out Pt,Part Time,Femenino,1979-09-11 00:00:00,2021-09-22 00:00:00,
Pvea Miraflores,7333614,2026-02-01 00:00:00,'-,Cajas,Multifuncional,Full Time,Femenino,2003-03-03 00:00:00,2023-08-01 00:00:00,
Pvea Miraflores,73965,2026-02-01 00:00:00,'-,Almacén,Repres. De Servicios,Full Time,Masculino,1995-06-01 00:00:00,2025-12-17 00:00:00,
Pvea Miraflores,811,2026-02-01 00:00:00,'-,Sala,Especialista En Bebidas,Full Time,Masculino,1977-11-17 00:00:00,2016-07-13 00:00:00,
Pvea Miraflores,8682,2026-02-01 00:00:00,'-,Sala Frescos,Jefe De Seccion,Full Time,Femenino,1974-09-05 00:00:00,2018-08-03 00:00:00,
Pvea Miraflores,919,2026-02-01 00:00:00,'-,Sala Frescos,Repres. De Servicios,Full Time,Femenino,1973-08-07 00:00:00,2014-05-05 00:00:00,
Pvea Miraflores,9278728,2026-02-01 00:00:00,'-,Sala,Multifuncional 5X2 1Er Turno,Part Time,Femenino,1989-10-12 00:00:00,2021-11-02 00:00:00,
Pvea Miraflores,9481430,2026-02-01 00:00:00,'-,Almacén,Repres. De Servicios I,Full Time,Masculino,1999-08-02 00:00:00,2025-01-31 00:00:00,
Pvea Miraflores,98053,2026-02-01 00:00:00,'-,Cajas,Supervisor De Cajeros,Full Time,Masculino,1982-02-15 00:00:00,2019-03-05 00:00:00,
Pvea Miraflores,98931,2026-02-01 00:00:00,'-,Cajas,Multifuncional Eo,Full Time,Masculino,1960-11-16 00:00:00,2017-08-01 00:00:00,
Pvea Miraflores,99177,2026-02-01 00:00:00,'-,Almacén,Jefe De Seccion,Full Time,Masculino,1998-07-09 00:00:00,2021-08-24 00:00:00,
Svea Corpac,103603,2026-02-01 00:00:00,'-,Cajas,Cajero 5X2,Part Time,Masculino,1986-06-08 00:00:00,2017-09-13 00:00:00,
Svea Corpac,10444413,2026-02-01 00:00:00,'-,Almacén,Repres. De Servicios,Part Time,Masculino,1997-07-27 00:00:00,2025-12-18 00:00:00,
Svea Corpac,104636,2026-02-01 00:00:00,'-,Almacén Frescos,Repres. De Servicios,Full Time,Femenino,1980-07-16 00:00:00,2023-06-15 00:00:00,
Svea Corpac,11405933,2026-02-01 00:00:00,'-,Sala,Repres. De Servicios I,Full Time,Masculino,2002-08-30 00:00:00,2023-02-01 00:00:00,
Svea Corpac,11448207,2026-02-01 00:00:00,'-,Cajas,Jefe De Seccion,Full Time,Femenino,2003-06-05 00:00:00,2024-06-01 00:00:00,
Svea Corpac,11511916,2026-02-01 00:00:00,'-,Cajas,Supervisor De Cajeros,Full Time,Masculino,2002-07-16 00:00:00,2024-04-01 00:00:00,
Svea Corpac,1198235,2026-02-01 00:00:00,'-,Sala,Jefe De Seccion,Full Time,Femenino,1994-03-19 00:00:00,2020-03-17 00:00:00,
Svea Corpac,12309872,2026-02-01 00:00:00,'-,Cajas,Repres. De Servicios,Part Time,Femenino,2001-11-20 00:00:00,2023-06-27 00:00:00,
Svea Corpac,13351200,2026-02-01 00:00:00,'-,Sala,Repres. De Servicios,Full Time,Femenino,1999-01-28 00:00:00,2023-11-24 00:00:00,
Svea Corpac,14343,2026-02-01 00:00:00,'-,Almacén,Repres. De Servicios Eo,Full Time,Masculino,1958-09-28 00:00:00,2007-05-01 00:00:00,
Svea Corpac,15662741,2026-02-01 00:00:00,'-,Cajas,Supervisor De Cajeros,Full Time,Femenino,1999-08-09 00:00:00,2024-05-08 00:00:00,
Svea Corpac,15958778,2026-02-01 00:00:00,'-,Cajas,Cajero 5X2,Part Time,Masculino,1998-06-03 00:00:00,2024-06-03 00:00:00,
Svea Corpac,17487114,2026-02-01 00:00:00,'-,Sala Frescos,Repres. De Servicios,Full Time,Femenino,1974-07-29 00:00:00,2024-11-14 00:00:00,
Svea Corpac,17837560,2026-02-01 00:00:00,'-,Sala Frescos,Repres. De Servicios,Part Time,Masculino,2006-06-05 00:00:00,2024-12-20 00:00:00,
Svea Corpac,18304720,2026-02-01 00:00:00,'-,Almacén Frescos,Repres. De Servicios,Part Time,Masculino,1998-04-28 00:00:00,2025-03-13 00:00:00,
Svea Corpac,18339046,2026-02-01 00:00:00,'-,Cajas,Repres. De Servicios 5X2 Eo,Part Time,Masculino,1959-04-07 00:00:00,2025-03-24 00:00:00,
Svea Corpac,18480147,2026-02-01 00:00:00,'-,Almacén Frescos,Repres. De Servicios,Full Time,Masculino,2004-05-09 00:00:00,2025-04-15 00:00:00,
Svea Corpac,18704501,2026-02-01 00:00:00,'-,Sala Frescos,Repres. De Servicios,Full Time,Masculino,2001-08-21 00:00:00,2025-05-23 00:00:00,2026-02-01 00:00:00
Svea Corpac,18704607,2026-02-01 00:00:00,'-,Sala Frescos,Repres. De Servicios,Full Time,Masculino,2005-06-04 00:00:00,2025-05-23 00:00:00,
Svea Corpac,18720150,2026-02-01 00:00:00,'-,Sala Frescos,Repres. De Servicios,Part Time,Masculino,2000-06-11 00:00:00,2025-05-30 00:00:00,2026-02-01 00:00:00
Svea Corpac,18720166,2026-02-01 00:00:00,'-,Sala Frescos,Repres. De Servicios,Part Time,Masculino,2005-07-03 00:00:00,2025-05-30 00:00:00,
Svea Corpac,18905044,2026-02-01 00:00:00,'-,Cajas,Cajero 5X2,Part Time,Masculino,2007-01-22 00:00:00,2025-07-24 00:00:00,2026-02-01 00:00:00
Svea Corpac,18958502,2026-02-01 00:00:00,'-,Cajas,Cajero 5X2,Part Time,Masculino,2006-12-21 00:00:00,2025-08-22 00:00:00,2026-02-01 00:00:00
Svea Corpac,18961753,2026-02-01 00:00:00,'-,Cajas,Cajero 5X2,Part Time,Masculino,2005-05-31 00:00:00,2025-09-03 00:00:00,2026-03-08 00:00:00
Svea Corpac,18963005,2026-02-01 00:00:00,'-,Cajas,Cajero 5X2,Part Time,Masculino,2004-09-23 00:00:00,2025-09-06 00:00:00,
Svea Corpac,18964535,2026-02-01 00:00:00,'-,Cajas,Cajero 5X2,Part Time,Femenino,2005-09-23 00:00:00,2025-09-10 00:00:00,
Svea Corpac,18975493,2026-02-01 00:00:00,'-,Sala,Representante De Servicio 5X2 D,Part Time,Masculino,2003-03-23 00:00:00,2025-10-23 00:00:00,
Svea Corpac,18987363,2026-02-01 00:00:00,'-,Almacén Frescos,Repres. De Servicios,Part Time,Masculino,2006-12-04 00:00:00,2025-12-11 00:00:00,
Svea Corpac,18987376,2026-02-01 00:00:00,'-,Sala Frescos,Repres. De Servicios,Part Time,Masculino,2007-05-13 00:00:00,2025-12-11 00:00:00,
Svea Corpac,18987756,2026-02-01 00:00:00,'-,Cajas,Cajero 5X2,Part Time,Femenino,2007-02-26 00:00:00,2025-12-15 00:00:00,
Svea Corpac,18989369,2026-02-01 00:00:00,'-,Sala Frescos,Repres. De Servicios,Part Time,Femenino,2006-03-26 00:00:00,2025-12-18 00:00:00,
Svea Corpac,18989442,2026-02-01 00:00:00,'-,Cajas,Cajero 5X2,Part Time,Masculino,2006-03-09 00:00:00,2025-12-17 00:00:00,2026-03-15 00:00:00
Svea Corpac,18989492,2026-02-01 00:00:00,'-,Sala Frescos,Repres. De Servicios,Part Time,Femenino,2004-08-23 00:00:00,2025-12-18 00:00:00,
Svea Corpac,18989506,2026-02-01 00:00:00,'-,Almacén Frescos,Repres. De Servicios,Part Time,Masculino,2000-06-05 00:00:00,2025-12-18 00:00:00,
Svea Corpac,18991240,2026-02-01 00:00:00,'-,Sala Frescos,Repres. De Servicios,Part Time,Femenino,2005-06-17 00:00:00,2025-12-26 00:00:00,2026-02-01 00:00:00
Svea Corpac,18992240,2026-02-01 00:00:00,'-,Almacén,Repres. De Servicios,Part Time,Masculino,2003-10-31 00:00:00,2026-01-02 00:00:00,
Svea Corpac,18992638,2026-02-01 00:00:00,'-,Recepción,Repres. De Servicios,Full Time,Masculino,2004-07-22 00:00:00,2026-01-05 00:00:00,
Svea Corpac,18993470,2026-02-01 00:00:00,'-,Sala,Repres. De Servicios,Full Time,Femenino,1999-05-13 00:00:00,2026-01-08 00:00:00,
Svea Corpac,18993882,2026-02-01 00:00:00,'-,Sala Frescos,Repres. De Servicios,Part Time,Femenino,2006-04-10 00:00:00,2026-01-09 00:00:00,
Svea Corpac,18993883,2026-02-01 00:00:00,'-,Sala,Repres. De Servicios,Part Time,Femenino,2001-07-05 00:00:00,2026-01-09 00:00:00,2026-02-01 00:00:00
Svea Corpac,18993886,2026-02-01 00:00:00,'-,Sala,Repres. De Servicios,Part Time,Femenino,2004-12-16 00:00:00,2026-01-09 00:00:00,
Svea Corpac,18993894,2026-02-01 00:00:00,'-,Sala Frescos,Repres. De Servicios,Part Time,Masculino,2003-05-30 00:00:00,2026-01-09 00:00:00,
Svea Corpac,18994113,2026-02-01 00:00:00,'-,Sala Frescos,Repres. De Servicios,Part Time,Femenino,2004-11-09 00:00:00,2026-01-09 00:00:00,
Svea Corpac,18994401,2026-02-01 00:00:00,'-,Almacén,Repres. De Servicios,Part Time,Masculino,2005-12-29 00:00:00,2026-01-12 00:00:00,
Svea Corpac,18996742,2026-02-01 00:00:00,'-,Almacén Frescos,Repres. De Servicios,Part Time,Masculino,2004-10-01 00:00:00,2026-01-20 00:00:00,
Svea Corpac,18996754,2026-02-01 00:00:00,'-,Almacén Frescos,Repres. De Servicios,Part Time,Masculino,2003-07-14 00:00:00,2026-01-20 00:00:00,
Svea Corpac,18996766,2026-02-01 00:00:00,'-,Sala Frescos,Repres. De Servicios,Part Time,Femenino,2006-10-17 00:00:00,2026-01-20 00:00:00,2026-03-01 00:00:00
Svea Corpac,18996767,2026-02-01 00:00:00,'-,Sala Frescos,Repres. De Servicios,Part Time,Femenino,2005-03-08 00:00:00,2026-01-20 00:00:00,
Svea Corpac,18996785,2026-02-01 00:00:00,'-,Almacén Frescos,Repres. De Servicios,Part Time,Masculino,2007-08-15 00:00:00,2026-01-20 00:00:00,
Svea Corpac,18997466,2026-02-01 00:00:00,'-,Cajas,Cajero 5X2,Part Time,Masculino,2005-07-25 00:00:00,2026-01-22 00:00:00,
Svea Corpac,18998900,2026-02-01 00:00:00,'-,Almacén Frescos,Repres. De Servicios,Part Time,Masculino,2007-11-14 00:00:00,2026-01-28 00:00:00,2026-02-05 00:00:00
Svea Corpac,18998976,2026-02-01 00:00:00,'-,Sala Frescos,Repres. De Servicios,Part Time,Femenino,2007-04-29 00:00:00,2026-01-28 00:00:00,
Svea Corpac,18999000,2026-02-01 00:00:00,'-,Cajas,Cajero 6X1,Full Time,Femenino,1995-05-09 00:00:00,2026-01-28 00:00:00,
Svea Corpac,18999002,2026-02-01 00:00:00,'-,Cajas,Cajero 6X1,Full Time,Femenino,2007-07-22 00:00:00,2026-01-28 00:00:00,
Svea Corpac,18999114,2026-02-01 00:00:00,'-,Cajas,Cajero 5X2,Part Time,Masculino,2005-07-25 00:00:00,2026-01-28 00:00:00,
Svea Corpac,19000739,2026-02-01 00:00:00,'-,Almacén Frescos,Repres. De Servicios,Part Time,Masculino,2003-09-12 00:00:00,2026-02-04 00:00:00,
Svea Corpac,19000740,2026-02-01 00:00:00,'-,Sala Frescos,Repres. De Servicios,Full Time,Femenino,2005-10-05 00:00:00,2026-02-04 00:00:00,
Svea Corpac,19000741,2026-02-01 00:00:00,'-,Almacén,Repres. De Servicios,Part Time,Masculino,2007-11-26 00:00:00,2026-02-04 00:00:00,
Svea Corpac,19000746,2026-02-01 00:00:00,'-,Almacén Frescos,Repres. De Servicios,Part Time,Masculino,2006-02-17 00:00:00,2026-02-04 00:00:00,
Svea Corpac,19000755,2026-02-01 00:00:00,'-,Sala Frescos,Repres. De Servicios,Part Time,Femenino,2005-02-17 00:00:00,2026-02-04 00:00:00,2026-03-01 00:00:00
Svea Corpac,19001212,2026-02-01 00:00:00,'-,Almacén Frescos,Repres. De Servicios,Part Time,Masculino,2007-12-30 00:00:00,2026-02-06 00:00:00,
Svea Corpac,19002226,2026-02-01 00:00:00,'-,Almacén,Repres. De Servicios,Full Time,Masculino,2005-11-02 00:00:00,2026-02-11 00:00:00,
Svea Corpac,19002228,2026-02-01 00:00:00,'-,Sala,Repres. De Servicios,Part Time,Femenino,2008-01-18 00:00:00,2026-02-11 00:00:00,2026-03-01 00:00:00
Svea Corpac,19002229,2026-02-01 00:00:00,'-,Sala,Repres. De Servicios,Full Time,Femenino,2001-04-22 00:00:00,2026-02-11 00:00:00,
Svea Corpac,19003071,2026-02-01 00:00:00,'-,Almacén Frescos,Repres. De Servicios,Part Time,Masculino,2000-11-06 00:00:00,2026-02-13 00:00:00,
Svea Corpac,19004135,2026-02-01 00:00:00,'-,Almacén,Repres. De Servicios,Full Time,Masculino,2007-03-13 00:00:00,2026-02-16 00:00:00,2026-03-01 00:00:00
Svea Corpac,21115,2026-02-01 00:00:00,'-,Cajas,Representante De Servicio D,Full Time,Masculino,1981-02-25 00:00:00,2000-03-01 00:00:00,
Svea Corpac,21374,2026-02-01 00:00:00,'-,Recepción E Inventarios,Auxiliar De Inventarios,Full Time,Masculino,1988-09-09 00:00:00,2010-04-16 00:00:00,
Svea Corpac,241013,2026-02-01 00:00:00,'-,Almacén,Jefe De Seccion,Full Time,Femenino,2000-06-21 00:00:00,2019-06-01 00:00:00,2026-02-01 00:00:00
Svea Corpac,243668,2026-02-01 00:00:00,'-,Sala Frescos,Repres. De Servicios,Full Time,Femenino,1994-04-04 00:00:00,2026-02-01 00:00:00,
Svea Corpac,24885,2026-02-01 00:00:00,'-,Administración,Subgerente De Tienda,Full Time,Masculino,1974-12-24 00:00:00,1998-09-01 00:00:00,
Svea Corpac,44131,2026-02-01 00:00:00,'-,Cajas,Supervisor De Cajeros,Full Time,Femenino,1971-02-17 00:00:00,2016-09-05 00:00:00,
Svea Corpac,4576139,2026-02-01 00:00:00,'-,Sala Frescos,Repres. De Servicios,Full Time,Femenino,1987-09-28 00:00:00,2020-06-12 00:00:00,
Svea Corpac,48590,2026-02-01 00:00:00,'-,Sala Frescos,Repres. De Servicios,Full Time,Femenino,1976-11-15 00:00:00,2016-12-14 00:00:00,
Svea Corpac,9278595,2026-02-01 00:00:00,'-,Cajas,Cajero 6X1,Full Time,Masculino,1994-12-25 00:00:00,2023-07-01 00:00:00,
Viv Monterrico,104143,2026-02-01 00:00:00,'-,"Carnes, Pescados, Fiambres, Frutas & Verduras",Repres. De Servicios,Full Time,Femenino,1985-09-27 00:00:00,2017-10-01 00:00:00,
Viv Monterrico,10472,2026-02-01 00:00:00,'-,"Carnes, Pescados, Fiambres, Frutas & Verduras",Repres. De Servicios,Full Time,Femenino,1969-11-01 00:00:00,2015-10-16 00:00:00,
Viv Monterrico,10653,2026-02-01 00:00:00,'-,"Carnes, Pescados, Fiambres, Frutas & Verduras",Repres. De Servicios,Full Time,Masculino,1971-05-11 00:00:00,2002-10-19 00:00:00,
Viv Monterrico,10845,2026-02-01 00:00:00,'-,"Carnes, Pescados, Fiambres, Frutas & Verduras",Jefe De Seccion,Full Time,Femenino,1979-08-02 00:00:00,2012-08-01 00:00:00,
Viv Monterrico,110670,2026-02-01 00:00:00,'-,"Carnes, Pescados, Fiambres, Frutas & Verduras",Repres. De Servicios Fds,Part Time,Femenino,1993-10-16 00:00:00,2025-04-01 00:00:00,
Viv Monterrico,11369697,2026-02-01 00:00:00,'-,Cajas,Cajero 6X1,Full Time,Masculino,2001-04-18 00:00:00,2025-02-01 00:00:00,2026-02-01 00:00:00
Viv Monterrico,11458504,2026-02-01 00:00:00,'-,Cajas,Cajero 4X3,Part Time,Femenino,2002-11-10 00:00:00,2022-10-19 00:00:00,2026-02-11 00:00:00
Viv Monterrico,11966759,2026-02-01 00:00:00,'-,Cajas,Cajero 4X3,Part Time,Masculino,2003-04-07 00:00:00,2023-03-09 00:00:00,
Viv Monterrico,1205195,2026-02-01 00:00:00,'-,Cajas,Repres. De Servicios,Part Time,Femenino,1999-12-16 00:00:00,2025-06-01 00:00:00,2026-02-28 00:00:00
Viv Monterrico,12261783,2026-02-01 00:00:00,'-,"Carnes, Pescados, Fiambres, Frutas & Verduras",Repres. De Servicios,Full Time,Masculino,1993-02-04 00:00:00,2023-06-13 00:00:00,
Viv Monterrico,128607,2026-02-01 00:00:00,'-,Cajas,Repres. De Servicios Fds,Part Time,Femenino,1995-01-19 00:00:00,2018-02-08 00:00:00,
Viv Monterrico,13227322,2026-02-01 00:00:00,'-,Cajas,Cajero 5X2,Part Time,Masculino,2004-01-31 00:00:00,2023-11-07 00:00:00,
Viv Monterrico,13277255,2026-02-01 00:00:00,'-,Sala,Repres. De Servicios,Part Time,Masculino,2003-09-22 00:00:00,2023-11-14 00:00:00,
Viv Monterrico,1331,2026-02-01 00:00:00,'-,Cajas,Cajero 5X2,Full Time,Femenino,1987-10-26 00:00:00,2025-05-02 00:00:00,
Viv Monterrico,13619568,2026-02-01 00:00:00,'-,"Carnes, Pescados, Fiambres, Frutas & Verduras",Repres. De Servicios,Full Time,Femenino,1969-12-30 00:00:00,2023-12-12 00:00:00,
Viv Monterrico,13709716,2026-02-01 00:00:00,'-,Almacén,Repres. De Servicios,Part Time,Masculino,2003-07-01 00:00:00,2023-12-22 00:00:00,
Viv Monterrico,13782681,2026-02-01 00:00:00,'-,Administración,Gerente De Tienda,Full Time,Masculino,1983-07-08 00:00:00,2024-01-02 00:00:00,2026-02-01 00:00:00
Viv Monterrico,13816913,2026-02-01 00:00:00,'-,Cajas,Asistente De Self Check Out Pt,Part Time,Femenino,2002-02-03 00:00:00,2024-01-12 00:00:00,
Viv Monterrico,14270,2026-02-01 00:00:00,'-,"Carnes, Pescados, Fiambres, Frutas & Verduras",Repres. De Servicios,Full Time,Masculino,1972-02-18 00:00:00,2005-11-05 00:00:00,
Viv Monterrico,14290348,2026-02-01 00:00:00,'-,Cajas,Supervisor De Cajeros,Full Time,Masculino,2003-03-17 00:00:00,2025-07-01 00:00:00,
Viv Monterrico,14470,2026-02-01 00:00:00,'-,Comidas Preparadas Panadería Y Pastelería,Repres. De Servicios,Full Time,Femenino,1988-01-20 00:00:00,2018-07-01 00:00:00,
Viv Monterrico,14618,2026-02-01 00:00:00,'-,Cajas,Cajero 4X3,Part Time,Femenino,1980-03-15 00:00:00,2013-10-01 00:00:00,
Viv Monterrico,14625595,2026-02-01 00:00:00,'-,Cajas,Cajero 5X2,Part Time,Femenino,2003-12-25 00:00:00,2024-03-08 00:00:00,
Viv Monterrico,14685168,2026-02-01 00:00:00,'-,Cajas,Supervisor De Cajeros 5X2,Part Time,Femenino,2002-06-28 00:00:00,2024-09-01 00:00:00,
Viv Monterrico,14685194,2026-02-01 00:00:00,'-,Comidas Preparadas Panadería Y Pastelería,Repres. De Servicios,Part Time,Masculino,2004-10-08 00:00:00,2025-10-01 00:00:00,
Viv Monterrico,14941431,2026-02-01 00:00:00,'-,Cajas,Asistente De Self Check Out Pt,Part Time,Femenino,2002-01-18 00:00:00,2024-04-03 00:00:00,2026-02-28 00:00:00
Viv Monterrico,14978188,2026-02-01 00:00:00,'-,Cajas,Asistente De Self Check Out Pt,Part Time,Masculino,1999-04-22 00:00:00,2024-04-05 00:00:00,2026-02-15 00:00:00
Viv Monterrico,15146,2026-02-01 00:00:00,'-,Recepción,Repres. De Servicios,Full Time,Masculino,1982-09-29 00:00:00,2014-04-01 00:00:00,
Viv Monterrico,15470432,2026-02-01 00:00:00,'-,Sala,Repres. De Servicios,Part Time,Femenino,1998-08-10 00:00:00,2024-04-29 00:00:00,
Viv Monterrico,15470435,2026-02-01 00:00:00,'-,Cajas,Cajero 5X2,Part Time,Femenino,2004-03-31 00:00:00,2024-04-29 00:00:00,
Viv Monterrico,15635412,2026-02-01 00:00:00,'-,Recepción,Repres. De Servicios,Full Time,Masculino,1999-05-06 00:00:00,2024-05-07 00:00:00,
Viv Monterrico,15933876,2026-02-01 00:00:00,'-,Comidas Preparadas Panadería Y Pastelería,Repres. De Servicios,Part Time,Femenino,2000-09-14 00:00:00,2024-05-30 00:00:00,
Viv Monterrico,16648173,2026-02-01 00:00:00,'-,Cajas,Cajero 3X4,Part Time,Masculino,2006-04-14 00:00:00,2024-08-14 00:00:00,
Viv Monterrico,16674385,2026-02-01 00:00:00,'-,Cajas,Cajero 5X2,Part Time,Masculino,2004-11-04 00:00:00,2024-08-16 00:00:00,
Viv Monterrico,16682031,2026-02-01 00:00:00,'-,Cajas,Repres. De Servicios,Full Time,Femenino,2004-02-25 00:00:00,2025-06-01 00:00:00,2026-02-15 00:00:00
Viv Monterrico,16733509,2026-02-01 00:00:00,'-,"Carnes, Pescados, Fiambres, Frutas & Verduras",Repres. De Servicios,Full Time,Femenino,1996-05-24 00:00:00,2025-01-01 00:00:00,
Viv Monterrico,16936646,2026-02-01 00:00:00,'-,Cajas,Cajero 3X4,Part Time,Masculino,2005-05-23 00:00:00,2024-09-13 00:00:00,
Viv Monterrico,17002756,2026-02-01 00:00:00,'-,Comidas Preparadas Panadería Y Pastelería,Repres. De Servicios,Part Time,Masculino,2003-06-06 00:00:00,2024-09-18 00:00:00,
Viv Monterrico,17161673,2026-02-01 00:00:00,'-,Cajas,Repres. De Servicios,Part Time,Masculino,2002-07-09 00:00:00,2025-11-03 00:00:00,
Viv Monterrico,17164485,2026-02-01 00:00:00,'-,Cajas,Cajero 3X4,Part Time,Masculino,2003-07-04 00:00:00,2024-10-14 00:00:00,
Viv Monterrico,17211153,2026-02-01 00:00:00,'-,Cajas,Cajero 5X2,Part Time,Femenino,1998-01-06 00:00:00,2024-10-17 00:00:00,
Viv Monterrico,17367303,2026-02-01 00:00:00,'-,"Carnes, Pescados, Fiambres, Frutas & Verduras",Repres. De Servicios,Full Time,Masculino,2006-08-12 00:00:00,2025-02-01 00:00:00,
Viv Monterrico,17496663,2026-02-01 00:00:00,'-,Cajas,Cajero 5X2,Part Time,Masculino,2005-03-13 00:00:00,2024-11-15 00:00:00,
Viv Monterrico,17540221,2026-02-01 00:00:00,'-,Comidas Preparadas Panadería Y Pastelería,Repres. De Servicios,Part Time,Femenino,2006-08-15 00:00:00,2026-01-27 00:00:00,
Viv Monterrico,17680473,2026-02-01 00:00:00,'-,Cajas,Cajero 5X2,Part Time,Femenino,1988-03-13 00:00:00,2024-11-25 00:00:00,
Viv Monterrico,17683128,2026-02-01 00:00:00,'-,Cajas,Cajero 5X2,Part Time,Femenino,2004-04-20 00:00:00,2024-11-28 00:00:00,2026-02-01 00:00:00
Viv Monterrico,17783053,2026-02-01 00:00:00,'-,Cajas,Cajero 5X2,Part Time,Masculino,2004-01-16 00:00:00,2024-12-10 00:00:00,2026-02-28 00:00:00
Viv Monterrico,17958127,2026-02-01 00:00:00,'-,Almacén,Repres. De Servicios,Part Time,Masculino,2003-05-02 00:00:00,2025-01-24 00:00:00,
Viv Monterrico,18216092,2026-02-01 00:00:00,'-,Cajas,Cajero 5X2,Part Time,Masculino,2002-04-17 00:00:00,2025-02-25 00:00:00,
Viv Monterrico,18294821,2026-02-01 00:00:00,'-,"Carnes, Pescados, Fiambres, Frutas & Verduras",Repres. De Servicios,Full Time,Masculino,2001-02-11 00:00:00,2025-03-11 00:00:00,
Viv Monterrico,18338681,2026-02-01 00:00:00,'-,Sala,Repres. De Servicios,Part Time,Femenino,1993-12-15 00:00:00,2025-03-24 00:00:00,
Viv Monterrico,18344016,2026-02-01 00:00:00,'-,"Carnes, Pescados, Fiambres, Frutas & Verduras",Repres. De Servicios,Full Time,Femenino,2001-10-31 00:00:00,2025-04-01 00:00:00,
Viv Monterrico,18347,2026-02-01 00:00:00,'-,Cajas,Jefe De Seccion,Full Time,Masculino,1992-12-14 00:00:00,2020-02-03 00:00:00,
Viv Monterrico,18396,2026-02-01 00:00:00,'-,"Carnes, Pescados, Fiambres, Frutas & Verduras",Repres. De Servicios I,Full Time,Femenino,1982-06-03 00:00:00,2013-09-09 00:00:00,
Viv Monterrico,18488612,2026-02-01 00:00:00,'-,Cajas,Cajero 5X2,Part Time,Femenino,2006-09-20 00:00:00,2025-04-16 00:00:00,
Viv Monterrico,18625750,2026-02-01 00:00:00,'-,Cajas,Cajero 5X2,Full Time,Femenino,1986-12-26 00:00:00,2025-04-24 00:00:00,
Viv Monterrico,18625752,2026-02-01 00:00:00,'-,Cajas,Cajero 5X2,Part Time,Masculino,2005-09-30 00:00:00,2025-04-24 00:00:00,2026-03-01 00:00:00
Viv Monterrico,18625784,2026-02-01 00:00:00,'-,Cajas,Asistente De Self Check Out Pt,Part Time,Femenino,2007-03-29 00:00:00,2025-04-24 00:00:00,
Viv Monterrico,18626066,2026-02-01 00:00:00,'-,Cajas,Cajero 6X1,Full Time,Masculino,2004-05-07 00:00:00,2025-04-28 00:00:00,
Viv Monterrico,18644813,2026-02-01 00:00:00,'-,Cajas,Cajero 3X4,Part Time,Femenino,2000-09-15 00:00:00,2025-05-09 00:00:00,2026-02-22 00:00:00
Viv Monterrico,18678006,2026-02-01 00:00:00,'-,Cajas,Repres. De Servicios,Full Time,Femenino,2007-01-23 00:00:00,2025-05-13 00:00:00,2026-02-28 00:00:00
Viv Monterrico,18715415,2026-02-01 00:00:00,'-,Sala,Repres. De Servicios Fds,Part Time,Masculino,2005-03-23 00:00:00,2025-05-28 00:00:00,
Viv Monterrico,18727974,2026-02-01 00:00:00,'-,Comidas Preparadas Panadería Y Pastelería,Repres. De Servicios,Full Time,Femenino,2005-04-19 00:00:00,2025-12-01 00:00:00,2026-03-01 00:00:00
Viv Monterrico,18743530,2026-02-01 00:00:00,'-,Comidas Preparadas Panadería Y Pastelería,Repres. De Servicios,Part Time,Masculino,2006-08-18 00:00:00,2025-06-10 00:00:00,
Viv Monterrico,18875,2026-02-01 00:00:00,'-,Almacén,Repres. De Servicios I,Full Time,Masculino,1991-06-03 00:00:00,2014-09-18 00:00:00,
Viv Monterrico,18965310,2026-02-01 00:00:00,'-,Almacén,Repres. De Servicios,Part Time,Masculino,1996-08-27 00:00:00,2025-09-15 00:00:00,
Viv Monterrico,18965476,2026-02-01 00:00:00,'-,Cajas,Cajero 3X4,Part Time,Femenino,2006-08-20 00:00:00,2025-09-15 00:00:00,2026-02-07 00:00:00
Viv Monterrico,18965477,2026-02-01 00:00:00,'-,Cajas,Cajero 3X4,Part Time,Femenino,1987-04-29 00:00:00,2025-09-15 00:00:00,
Viv Monterrico,18966219,2026-02-01 00:00:00,'-,Cajas,Cajero 3X4,Part Time,Masculino,2006-03-03 00:00:00,2025-09-16 00:00:00,
Viv Monterrico,18966277,2026-02-01 00:00:00,'-,Cajas,Cajero 5X2,Part Time,Femenino,2006-11-21 00:00:00,2025-09-16 00:00:00,
Viv Monterrico,18967200,2026-02-01 00:00:00,'-,Cajas,Cajero 3X4,Part Time,Femenino,2004-12-22 00:00:00,2025-09-19 00:00:00,
Viv Monterrico,18969479,2026-02-01 00:00:00,'-,Almacén,Repres. De Servicios,Part Time,Masculino,2007-02-10 00:00:00,2025-09-26 00:00:00,
Viv Monterrico,18969915,2026-02-01 00:00:00,'-,"Carnes, Pescados, Fiambres, Frutas & Verduras",Repres. De Servicios,Part Time,Masculino,2003-12-24 00:00:00,2025-09-29 00:00:00,2026-02-28 00:00:00
Viv Monterrico,18973226,2026-02-01 00:00:00,'-,Comidas Preparadas Panadería Y Pastelería,Repres. De Servicios Fds,Part Time,Masculino,2005-07-16 00:00:00,2025-10-13 00:00:00,
Viv Monterrico,18973686,2026-02-01 00:00:00,'-,Comidas Preparadas Panadería Y Pastelería,Repres. De Servicios Fds,Part Time,Femenino,2005-01-22 00:00:00,2025-10-14 00:00:00,
Viv Monterrico,18977151,2026-02-01 00:00:00,'-,Cajas,Repres. De Servicios,Part Time,Masculino,2003-07-22 00:00:00,2025-10-31 00:00:00,
Viv Monterrico,18983929,2026-02-01 00:00:00,'-,Sala,Repres. De Servicios,Part Time,Femenino,2006-06-06 00:00:00,2025-12-01 00:00:00,
Viv Monterrico,18987657,2026-02-01 00:00:00,'-,Comidas Preparadas Panadería Y Pastelería,Repres. De Servicios,Part Time,Femenino,2005-12-31 00:00:00,2025-12-15 00:00:00,
Viv Monterrico,18987833,2026-02-01 00:00:00,'-,Sala,Repres. De Servicios,Part Time,Femenino,2005-03-16 00:00:00,2025-12-12 00:00:00,
Viv Monterrico,18987928,2026-02-01 00:00:00,'-,Almacén,Repres. De Servicios,Part Time,Masculino,2005-12-02 00:00:00,2025-12-12 00:00:00,
Viv Monterrico,18987968,2026-02-01 00:00:00,'-,Almacén,Repres. De Servicios,Part Time,Masculino,2007-09-25 00:00:00,2025-12-12 00:00:00,2026-02-13 00:00:00
Viv Monterrico,18989469,2026-02-01 00:00:00,'-,"Carnes, Pescados, Fiambres, Frutas & Verduras",Repres. De Servicios,Part Time,Femenino,1997-04-06 00:00:00,2025-12-17 00:00:00,2026-02-01 00:00:00
Viv Monterrico,18989582,2026-02-01 00:00:00,'-,Sala,Repres. De Servicios,Part Time,Masculino,2002-01-13 00:00:00,2025-12-18 00:00:00,
Viv Monterrico,18989583,2026-02-01 00:00:00,'-,Cajas,Cajero 5X2,Part Time,Femenino,2003-08-15 00:00:00,2025-12-18 00:00:00,
Viv Monterrico,18989860,2026-02-01 00:00:00,'-,"Carnes, Pescados, Fiambres, Frutas & Verduras",Repres. De Servicios,Part Time,Masculino,2007-02-28 00:00:00,2025-12-19 00:00:00,
Viv Monterrico,18989895,2026-02-01 00:00:00,'-,Sala,Repres. De Servicios,Part Time,Masculino,2000-12-15 00:00:00,2025-12-19 00:00:00,
Viv Monterrico,18989928,2026-02-01 00:00:00,'-,Cajas,Cajero 5X2,Part Time,Femenino,2006-10-28 00:00:00,2025-12-19 00:00:00,
Viv Monterrico,18989964,2026-02-01 00:00:00,'-,Cajas,Cajero 3X4,Part Time,Femenino,2003-06-14 00:00:00,2025-12-19 00:00:00,
Viv Monterrico,18990976,2026-02-01 00:00:00,'-,Comidas Preparadas Panadería Y Pastelería,Repres. De Servicios,Part Time,Femenino,2006-01-04 00:00:00,2025-12-24 00:00:00,
Viv Monterrico,18990983,2026-02-01 00:00:00,'-,"Carnes, Pescados, Fiambres, Frutas & Verduras",Repres. De Servicios,Part Time,Masculino,2006-04-06 00:00:00,2025-12-24 00:00:00,
Viv Monterrico,18990996,2026-02-01 00:00:00,'-,Comidas Preparadas Panadería Y Pastelería,Repres. De Servicios Fds,Part Time,Femenino,2007-05-12 00:00:00,2025-12-24 00:00:00,
Viv Monterrico,18990998,2026-02-01 00:00:00,'-,Comidas Preparadas Panadería Y Pastelería,Repres. De Servicios,Part Time,Femenino,2007-04-26 00:00:00,2025-12-24 00:00:00,
Viv Monterrico,18990999,2026-02-01 00:00:00,'-,"Carnes, Pescados, Fiambres, Frutas & Verduras",Repres. De Servicios,Part Time,Masculino,2006-06-14 00:00:00,2025-12-24 00:00:00,
Viv Monterrico,18991051,2026-02-01 00:00:00,'-,Almacén,Repres. De Servicios,Part Time,Masculino,2006-10-09 00:00:00,2025-12-24 00:00:00,
Viv Monterrico,18991053,2026-02-01 00:00:00,'-,Sala,Repres. De Servicios,Part Time,Femenino,2005-02-03 00:00:00,2025-12-24 00:00:00,
Viv Monterrico,18995104,2026-02-01 00:00:00,'-,"Carnes, Pescados, Fiambres, Frutas & Verduras",Repres. De Servicios,Part Time,Masculino,2004-05-08 00:00:00,2026-01-14 00:00:00,
Viv Monterrico,18995791,2026-02-01 00:00:00,'-,Sala,Repres. De Servicios,Part Time,Masculino,2003-08-21 00:00:00,2026-01-16 00:00:00,
Viv Monterrico,18998557,2026-02-01 00:00:00,'-,Comidas Preparadas Panadería Y Pastelería,Repres. De Servicios,Part Time,Masculino,2007-09-08 00:00:00,2026-01-27 00:00:00,
Viv Monterrico,18998561,2026-02-01 00:00:00,'-,Cajas,Cajero 5X2,Part Time,Femenino,2006-04-13 00:00:00,2026-01-27 00:00:00,
Viv Monterrico,18998562,2026-02-01 00:00:00,'-,"Carnes, Pescados, Fiambres, Frutas & Verduras",Repres. De Servicios,Full Time,Masculino,2006-08-27 00:00:00,2026-01-27 00:00:00,
Viv Monterrico,18998563,2026-02-01 00:00:00,'-,Comidas Preparadas Panadería Y Pastelería,Repres. De Servicios,Part Time,Femenino,2005-12-08 00:00:00,2026-01-27 00:00:00,
Viv Monterrico,18998568,2026-02-01 00:00:00,'-,Comidas Preparadas Panadería Y Pastelería,Repres. De Servicios,Part Time,Femenino,2004-07-19 00:00:00,2026-01-27 00:00:00,2026-02-02 00:00:00
Viv Monterrico,18998585,2026-02-01 00:00:00,'-,Comidas Preparadas Panadería Y Pastelería,Repres. De Servicios,Part Time,Femenino,2005-06-06 00:00:00,2026-01-27 00:00:00,
Viv Monterrico,18998586,2026-02-01 00:00:00,'-,Comidas Preparadas Panadería Y Pastelería,Repres. De Servicios,Full Time,Masculino,2006-09-28 00:00:00,2026-01-27 00:00:00,
Viv Monterrico,18998588,2026-02-01 00:00:00,'-,Cajas,Asistente De Self Check Out Pt,Part Time,Femenino,2004-12-23 00:00:00,2026-01-27 00:00:00,
Viv Monterrico,18998607,2026-02-01 00:00:00,'-,Comidas Preparadas Panadería Y Pastelería,Repres. De Servicios,Part Time,Masculino,2007-09-05 00:00:00,2026-01-27 00:00:00,
Viv Monterrico,18998608,2026-02-01 00:00:00,'-,Comidas Preparadas Panadería Y Pastelería,Repres. De Servicios,Part Time,Masculino,2006-10-08 00:00:00,2026-01-27 00:00:00,
Viv Monterrico,18998609,2026-02-01 00:00:00,'-,Comidas Preparadas Panadería Y Pastelería,Repres. De Servicios,Part Time,Femenino,2006-03-17 00:00:00,2026-01-27 00:00:00,
Viv Monterrico,18998669,2026-02-01 00:00:00,'-,Comidas Preparadas Panadería Y Pastelería,Repres. De Servicios,Part Time,Femenino,2002-04-19 00:00:00,2026-01-27 00:00:00,
Viv Monterrico,18998674,2026-02-01 00:00:00,'-,Comidas Preparadas Panadería Y Pastelería,Repres. De Servicios,Part Time,Masculino,2006-10-16 00:00:00,2026-01-27 00:00:00,
Viv Monterrico,19001135,2026-02-01 00:00:00,'-,Cajas,Repres. De Servicios,Part Time,Femenino,2007-12-25 00:00:00,2026-02-06 00:00:00,
Viv Monterrico,19001142,2026-02-01 00:00:00,'-,Sala,Repres. De Servicios,Part Time,Masculino,2007-06-28 00:00:00,2026-02-06 00:00:00,
Viv Monterrico,19001225,2026-02-01 00:00:00,'-,"Carnes, Pescados, Fiambres, Frutas & Verduras",Repres. De Servicios,Part Time,Masculino,2008-01-02 00:00:00,2026-02-06 00:00:00,
Viv Monterrico,19002296,2026-02-01 00:00:00,'-,Cajas,Repres. De Servicios,Full Time,Masculino,2006-08-04 00:00:00,2026-02-11 00:00:00,
Viv Monterrico,19004356,2026-02-01 00:00:00,'-,Cajas,Asistente De Self Check Out Pt,Part Time,Femenino,2007-07-04 00:00:00,2026-02-18 00:00:00,
Viv Monterrico,19004391,2026-02-01 00:00:00,'-,Cajas,Cajero 6X1,Full Time,Femenino,1996-05-14 00:00:00,2026-02-18 00:00:00,
Viv Monterrico,19004393,2026-02-01 00:00:00,'-,"Carnes, Pescados, Fiambres, Frutas & Verduras",Repres. De Servicios Fds,Part Time,Femenino,2007-08-21 00:00:00,2026-02-18 00:00:00,
Viv Monterrico,19004448,2026-02-01 00:00:00,'-,Cajas,Repres. De Servicios,Part Time,Femenino,2006-08-10 00:00:00,2026-02-18 00:00:00,2026-03-01 00:00:00
Viv Monterrico,19004449,2026-02-01 00:00:00,'-,Cajas,Cajero 5X2,Part Time,Femenino,1996-05-02 00:00:00,2026-02-18 00:00:00,2026-03-01 00:00:00
Viv Monterrico,19004450,2026-02-01 00:00:00,'-,Sala,Repres. De Servicios,Part Time,Femenino,2005-02-27 00:00:00,2026-02-18 00:00:00,
Viv Monterrico,19004451,2026-02-01 00:00:00,'-,Cajas,Cajero 5X2,Part Time,Femenino,2004-05-06 00:00:00,2026-02-18 00:00:00,
Viv Monterrico,19004834,2026-02-01 00:00:00,'-,Cajas,Cajero 3X4,Part Time,Femenino,2002-05-02 00:00:00,2026-02-20 00:00:00,
Viv Monterrico,19004838,2026-02-01 00:00:00,'-,Sala,Repres. De Servicios,Part Time,Femenino,2006-06-13 00:00:00,2026-02-20 00:00:00,
Viv Monterrico,19004839,2026-02-01 00:00:00,'-,"Carnes, Pescados, Fiambres, Frutas & Verduras",Repres. De Servicios,Part Time,Femenino,2007-10-28 00:00:00,2026-02-20 00:00:00,
Viv Monterrico,19004840,2026-02-01 00:00:00,'-,"Carnes, Pescados, Fiambres, Frutas & Verduras",Repres. De Servicios,Part Time,Masculino,2005-01-25 00:00:00,2026-02-20 00:00:00,
Viv Monterrico,19004844,2026-02-01 00:00:00,'-,Cajas,Cajero 5X2,Part Time,Femenino,2007-06-13 00:00:00,2026-02-20 00:00:00,
Viv Monterrico,19004849,2026-02-01 00:00:00,'-,Sala,Repres. De Servicios,Full Time,Femenino,2006-05-07 00:00:00,2026-02-20 00:00:00,
Viv Monterrico,19005770,2026-02-01 00:00:00,'-,Cajas,Cajero 5X2,Part Time,Femenino,2006-09-15 00:00:00,2026-02-25 00:00:00,
Viv Monterrico,202700,2026-02-01 00:00:00,'-,Administración,Subgerente De Tienda,Full Time,Femenino,1998-03-05 00:00:00,2018-08-01 00:00:00,
Viv Monterrico,204123,2026-02-01 00:00:00,'-,Sala,Repres. De Servicios,Full Time,Femenino,1984-11-24 00:00:00,2018-06-26 00:00:00,2026-02-23 00:00:00
Viv Monterrico,21073,2026-02-01 00:00:00,'-,Comidas Preparadas Panadería Y Pastelería,Repres. De Servicios,Full Time,Masculino,1978-11-03 00:00:00,2008-09-01 00:00:00,
Viv Monterrico,21097,2026-02-01 00:00:00,'-,Almacén,Jefe De Seccion Eo,Full Time,Masculino,1965-04-05 00:00:00,1988-04-02 00:00:00,
Viv Monterrico,21347,2026-02-01 00:00:00,'-,Sala,Repres. De Servicios I,Full Time,Masculino,1979-04-19 00:00:00,2011-02-10 00:00:00,
Viv Monterrico,235488,2026-02-01 00:00:00,'-,Cajas,Repres. De Servicios,Full Time,Femenino,1977-09-25 00:00:00,2020-01-01 00:00:00,
Viv Monterrico,241468,2026-02-01 00:00:00,'-,Sala,Especialista En Bebidas,Full Time,Masculino,1985-11-16 00:00:00,2018-11-15 00:00:00,
Viv Monterrico,242902,2026-02-01 00:00:00,'-,Cajas,Supervisor De Cajeros,Full Time,Femenino,2000-09-03 00:00:00,2024-11-25 00:00:00,
Viv Monterrico,245990,2026-02-01 00:00:00,'-,Cajas,Cajero 5X2,Full Time,Masculino,1989-09-26 00:00:00,2018-12-18 00:00:00,
Viv Monterrico,25610,2026-02-01 00:00:00,'-,Sala,Jefe De Seccion,Full Time,Femenino,1995-12-18 00:00:00,2020-02-12 00:00:00,
Viv Monterrico,27172,2026-02-01 00:00:00,'-,Comidas Preparadas Panadería Y Pastelería,Repres. De Servicios I,Full Time,Femenino,1992-08-05 00:00:00,2015-06-08 00:00:00,
Viv Monterrico,273875,2026-02-01 00:00:00,'-,"Carnes, Pescados, Fiambres, Frutas & Verduras",Repres. De Servicios I,Full Time,Masculino,2000-06-16 00:00:00,2025-07-07 00:00:00,
Viv Monterrico,27570,2026-02-01 00:00:00,'-,Comidas Preparadas Panadería Y Pastelería,Repres. De Servicios,Full Time,Femenino,1979-03-22 00:00:00,2015-09-01 00:00:00,
Viv Monterrico,276932,2026-02-01 00:00:00,'-,Cajas,Representante De Servicio 5X2 D,Part Time,Masculino,1979-03-26 00:00:00,2019-08-02 00:00:00,
Viv Monterrico,284648,2026-02-01 00:00:00,'-,Comidas Preparadas Panadería Y Pastelería,Repres. De Servicios,Full Time,Femenino,1998-01-12 00:00:00,2020-03-01 00:00:00,2026-02-28 00:00:00
Viv Monterrico,299199,2026-02-01 00:00:00,'-,Sala,Representante De Servicio 5X2 D,Part Time,Femenino,1965-08-29 00:00:00,2019-12-10 00:00:00,
Viv Monterrico,31001,2026-02-01 00:00:00,'-,Recepción E Inventarios,Auxiliar De Inventarios,Full Time,Femenino,1993-09-25 00:00:00,2016-01-01 00:00:00,
Viv Monterrico,31936,2026-02-01 00:00:00,'-,Cajas,Supervisor De Cajeros,Full Time,Femenino,1985-02-13 00:00:00,2016-02-01 00:00:00,
Viv Monterrico,34551,2026-02-01 00:00:00,'-,Recepción,Repres. De Servicios,Full Time,Femenino,1987-11-06 00:00:00,2016-02-17 00:00:00,
Viv Monterrico,36599,2026-02-01 00:00:00,'-,"Carnes, Pescados, Fiambres, Frutas & Verduras",Repres. De Servicios,Full Time,Femenino,1982-11-15 00:00:00,2016-03-02 00:00:00,
Viv Monterrico,3705,2026-02-01 00:00:00,'-,Administración,Jefe Entrenador,Full Time,Masculino,1968-12-14 00:00:00,2004-04-01 00:00:00,
Viv Monterrico,38464,2026-02-01 00:00:00,'-,Cajas,Cajero 5X2,Full Time,Femenino,1976-11-28 00:00:00,2018-02-01 00:00:00,
Viv Monterrico,40160,2026-02-01 00:00:00,'-,Cajas,Repres. De Servicios,Part Time,Masculino,1992-12-07 00:00:00,2016-05-04 00:00:00,
Viv Monterrico,4176,2026-02-01 00:00:00,'-,Cajas,Repres. De Servicios,Full Time,Masculino,1969-09-15 00:00:00,2013-07-10 00:00:00,
Viv Monterrico,41959,2026-02-01 00:00:00,'-,"Carnes, Pescados, Fiambres, Frutas & Verduras",Repres. De Servicios,Full Time,Femenino,1973-06-24 00:00:00,2016-07-08 00:00:00,
Viv Monterrico,51730,2026-02-01 00:00:00,'-,"Carnes, Pescados, Fiambres, Frutas & Verduras",Repres. De Servicios I,Full Time,Femenino,1994-11-10 00:00:00,2019-05-01 00:00:00,
Viv Monterrico,51793,2026-02-01 00:00:00,'-,Administración,Coordinador De Operaciones Iga,Full Time,Femenino,1993-11-12 00:00:00,2022-02-01 00:00:00,
Viv Monterrico,53621,2026-02-01 00:00:00,'-,Administración,Asistente De Tienda,Full Time,Femenino,1998-04-09 00:00:00,2020-03-01 00:00:00,
Viv Monterrico,6265241,2026-02-01 00:00:00,'-,Cajas,Cajero 6X1,Full Time,Masculino,2002-02-28 00:00:00,2025-04-01 00:00:00,
Viv Monterrico,6990,2026-02-01 00:00:00,'-,Comidas Preparadas Panadería Y Pastelería,Repres. De Servicios Eo,Full Time,Masculino,1964-03-29 00:00:00,2007-09-01 00:00:00,
Viv Monterrico,7178,2026-02-01 00:00:00,'-,Comidas Preparadas Panadería Y Pastelería,Repres. De Servicios,Full Time,Femenino,1991-04-30 00:00:00,2012-04-01 00:00:00,
Viv Monterrico,7280,2026-02-01 00:00:00,'-,"Carnes, Pescados, Fiambres, Frutas & Verduras",Repres. De Servicios Eo,Full Time,Femenino,1962-07-30 00:00:00,1997-12-01 00:00:00,
Viv Monterrico,7325,2026-02-01 00:00:00,'-,Cajas,Supervisor De Cajeros,Full Time,Femenino,1992-07-21 00:00:00,2019-11-29 00:00:00,
Viv Monterrico,8668,2026-02-01 00:00:00,'-,Sala,Repres. De Servicios,Full Time,Femenino,1983-02-21 00:00:00,2020-02-26 00:00:00,
Viv Monterrico,9517389,2026-02-01 00:00:00,'-,Cajas,Cajero 3X4,Part Time,Femenino,2002-04-29 00:00:00,2021-11-30 00:00:00,2026-02-01 00:00:00
Viv Monterrico,9734259,2026-02-01 00:00:00,'-,Sala,Repres. De Servicios,Part Time,Femenino,2001-04-22 00:00:00,2022-01-21 00:00:00,
Viv Monterrico,9864173,2026-02-01 00:00:00,'-,Cajas,Asistente De Self Check Out Pt,Part Time,Masculino,2002-04-18 00:00:00,2024-02-21 00:00:00,
Pvea Miraflores,10712,2026-01-01 00:00:00,'-,Administración,Asistente De Tienda,Full Time,Femenino,1987-05-15 00:00:00,2009-06-01 00:00:00,
Pvea Miraflores,108279,2026-01-01 00:00:00,'-,Almacén,Repres. De Servicios,Full Time,Masculino,1999-06-19 00:00:00,2024-11-01 00:00:00,
Pvea Miraflores,10896,2026-01-01 00:00:00,'-,Cajas,Jefe De Seccion,Full Time,Masculino,1986-04-21 00:00:00,2011-08-01 00:00:00,
Pvea Miraflores,10922,2026-01-01 00:00:00,'-,Administración,Subgerente De Tienda,Full Time,Masculino,1989-05-26 00:00:00,2008-04-02 00:00:00,
Pvea Miraflores,11215671,2026-01-01 00:00:00,'-,Cajas,Supervisor De Cajeros,Full Time,Masculino,2002-07-27 00:00:00,2024-04-01 00:00:00,
Pvea Miraflores,11244,2026-01-01 00:00:00,'-,Recepción E Inventarios,Auxiliar De Inventarios,Full Time,Masculino,1992-07-22 00:00:00,2013-07-11 00:00:00,
Pvea Miraflores,11467819,2026-01-01 00:00:00,'-,Sala Frescos,Repres. De Servicios,Part Time,Femenino,2002-08-04 00:00:00,2022-10-26 00:00:00,
Pvea Miraflores,11471369,2026-01-01 00:00:00,'-,Cajas,Multifuncional 5X2 1Er Turno,Part Time,Masculino,2001-11-07 00:00:00,2022-10-28 00:00:00,
Pvea Miraflores,116,2026-01-01 00:00:00,'-,Administración,Subgerente De Tienda,Full Time,Masculino,1980-12-29 00:00:00,2003-06-01 00:00:00,
Pvea Miraflores,11639932,2026-01-01 00:00:00,'-,Sala Frescos,Repres. De Servicios,Part Time,Masculino,2004-11-02 00:00:00,2023-01-24 00:00:00,
Pvea Miraflores,11640264,2026-01-01 00:00:00,'-,Cajas,Repres. De Servicios,Part Time,Masculino,2002-09-28 00:00:00,2022-12-01 00:00:00,
Pvea Miraflores,11670565,2026-01-01 00:00:00,'-,Cajas,Multifuncional,Part Time,Femenino,1990-06-09 00:00:00,2022-12-06 00:00:00,
Pvea Miraflores,1173,2026-01-01 00:00:00,'-,Sala Frescos,Repres. De Servicios I,Full Time,Femenino,1980-08-21 00:00:00,2014-08-05 00:00:00,
Pvea Miraflores,11755194,2026-01-01 00:00:00,'-,Cajas,Multifuncional 5X2 1Er Turno,Part Time,Femenino,2004-07-24 00:00:00,2023-01-13 00:00:00,
Pvea Miraflores,11919846,2026-01-01 00:00:00,'-,Recepción,Repres. De Servicios,Full Time,Masculino,2004-10-27 00:00:00,2024-05-01 00:00:00,
Pvea Miraflores,11966958,2026-01-01 00:00:00,'-,Sala Frescos,Repres. De Servicios,Full Time,Masculino,1998-10-25 00:00:00,2023-03-10 00:00:00,2026-01-15 00:00:00
Pvea Miraflores,11967461,2026-01-01 00:00:00,'-,Cajas,Repres. De Servicios,Part Time,Masculino,2002-12-08 00:00:00,2024-03-26 00:00:00,2026-01-21 00:00:00
Pvea Miraflores,11968470,2026-01-01 00:00:00,'-,Sala Frescos,Repres. De Servicios,Full Time,Femenino,2004-12-19 00:00:00,2023-03-21 00:00:00,
Pvea Miraflores,11975834,2026-01-01 00:00:00,'-,Sala Frescos,Repres. De Servicios,Full Time,Femenino,1990-07-17 00:00:00,2023-03-24 00:00:00,
Pvea Miraflores,11995789,2026-01-01 00:00:00,'-,Sala Frescos,Jefe De Seccion,Full Time,Masculino,2001-01-20 00:00:00,2024-04-01 00:00:00,
Pvea Miraflores,12064373,2026-01-01 00:00:00,'-,Sala Frescos,Repres. De Servicios,Full Time,Masculino,1995-10-25 00:00:00,2024-04-01 00:00:00,
Pvea Miraflores,12069362,2026-01-01 00:00:00,'-,Almacén,Repres. De Servicios,Part Time,Masculino,2003-04-10 00:00:00,2023-04-20 00:00:00,
Pvea Miraflores,12103937,2026-01-01 00:00:00,'-,Almacén Frescos,Repres. De Servicios,Full Time,Masculino,1993-04-22 00:00:00,2023-04-27 00:00:00,
Pvea Miraflores,12179662,2026-01-01 00:00:00,'-,Sala Frescos,Chef,Full Time,Femenino,2004-05-07 00:00:00,2024-07-01 00:00:00,2026-01-13 00:00:00
Pvea Miraflores,12179728,2026-01-01 00:00:00,'-,Sala,Multifuncional,Full Time,Masculino,1991-06-16 00:00:00,2025-03-01 00:00:00,
Pvea Miraflores,12302,2026-01-01 00:00:00,'-,Recepción,Repres. De Servicios,Full Time,Masculino,1974-10-26 00:00:00,2019-01-22 00:00:00,
Pvea Miraflores,12341116,2026-01-01 00:00:00,'-,Cajas,Multifuncional 5X2 1Er Turno,Part Time,Femenino,2002-07-31 00:00:00,2023-07-14 00:00:00,
Pvea Miraflores,12478604,2026-01-01 00:00:00,'-,Cajas,Multifuncional 5X2,Part Time,Masculino,2003-06-28 00:00:00,2023-08-17 00:00:00,
Pvea Miraflores,12930960,2026-01-01 00:00:00,'-,Cajas,Multifuncional,Full Time,Femenino,2003-02-02 00:00:00,2024-06-01 00:00:00,
Pvea Miraflores,13218619,2026-01-01 00:00:00,'-,Cajas,Multifuncional 5X2 1Er Turno,Part Time,Femenino,1992-08-16 00:00:00,2023-11-03 00:00:00,2026-01-31 00:00:00
Pvea Miraflores,13800552,2026-01-01 00:00:00,'-,Almacén Frescos,Repres. De Servicios,Full Time,Masculino,1975-09-29 00:00:00,2024-01-10 00:00:00,
Pvea Miraflores,14029100,2026-01-01 00:00:00,'-,Recepción E Inventarios,Auxiliar De Inventarios,Full Time,Masculino,1996-08-14 00:00:00,2024-02-07 00:00:00,
Pvea Miraflores,14198239,2026-01-01 00:00:00,'-,Cajas,Multifuncional,Part Time,Femenino,2005-08-10 00:00:00,2024-02-14 00:00:00,
Pvea Miraflores,14234670,2026-01-01 00:00:00,'-,Cajas,Multifuncional 5X2 1Er Turno,Part Time,Masculino,2002-08-01 00:00:00,2024-11-25 00:00:00,2026-01-21 00:00:00
Pvea Miraflores,14574,2026-01-01 00:00:00,'-,Sala,Repres. De Servicios I,Full Time,Masculino,1969-09-18 00:00:00,2013-09-19 00:00:00,
Pvea Miraflores,14683987,2026-01-01 00:00:00,'-,Cajas,Supervisor De Cajeros,Full Time,Femenino,2003-01-11 00:00:00,2025-01-01 00:00:00,
Pvea Miraflores,14788217,2026-01-01 00:00:00,'-,Cajas,Multifuncional,Full Time,Femenino,1998-11-15 00:00:00,2025-04-01 00:00:00,
Pvea Miraflores,14858766,2026-01-01 00:00:00,'-,Sala Frescos,Repres. De Servicios,Full Time,Femenino,1975-10-04 00:00:00,2025-01-01 00:00:00,
Pvea Miraflores,14860022,2026-01-01 00:00:00,'-,Cajas,Asistente De Self Check Out Pt,Part Time,Femenino,2004-12-28 00:00:00,2024-03-26 00:00:00,
Pvea Miraflores,15329,2026-01-01 00:00:00,'-,Sala Frescos,Repres. De Servicios,Full Time,Masculino,1980-09-20 00:00:00,2014-10-15 00:00:00,
Pvea Miraflores,15874352,2026-01-01 00:00:00,'-,Cajas,Multifuncional 5X2 1Er Turno,Part Time,Masculino,2003-05-10 00:00:00,2024-05-23 00:00:00,
Pvea Miraflores,15968821,2026-01-01 00:00:00,'-,Cajas,Multifuncional,Part Time,Masculino,2005-06-04 00:00:00,2024-06-04 00:00:00,
Pvea Miraflores,15985097,2026-01-01 00:00:00,'-,Sala Frescos,Repres. De Servicios,Part Time,Masculino,2002-01-04 00:00:00,2024-06-06 00:00:00,
Pvea Miraflores,16025222,2026-01-01 00:00:00,'-,Sala,Multifuncional,Part Time,Masculino,2006-03-03 00:00:00,2024-06-17 00:00:00,
Pvea Miraflores,16599143,2026-01-01 00:00:00,'-,Sala Frescos,Repres. De Servicios,Part Time,Masculino,1979-07-19 00:00:00,2024-08-09 00:00:00,
Pvea Miraflores,16867095,2026-01-01 00:00:00,'-,Cajas,Multifuncional 5X2 1Er Turno,Part Time,Femenino,2006-03-15 00:00:00,2024-09-11 00:00:00,
Pvea Miraflores,17293470,2026-01-01 00:00:00,'-,Cajas,Multifuncional,Full Time,Femenino,2006-10-08 00:00:00,2025-06-01 00:00:00,
Pvea Miraflores,17304094,2026-01-01 00:00:00,'-,Recepción,Repres. De Servicios,Full Time,Masculino,2004-07-30 00:00:00,2025-05-01 00:00:00,
Pvea Miraflores,17468662,2026-01-01 00:00:00,'-,Cajas,Multifuncional 5X2,Part Time,Masculino,2005-08-19 00:00:00,2024-11-12 00:00:00,2026-01-31 00:00:00
Pvea Miraflores,17533975,2026-01-01 00:00:00,'-,Cajas,Multifuncional,Full Time,Femenino,2005-09-08 00:00:00,2024-11-18 00:00:00,2026-01-05 00:00:00
Pvea Miraflores,17533983,2026-01-01 00:00:00,'-,Cajas,Representante De Servicio 5X2 D,Part Time,Masculino,1995-04-11 00:00:00,2024-11-19 00:00:00,
Pvea Miraflores,17577248,2026-01-01 00:00:00,'-,Cajas,Multifuncional 5X2 1Er Turno,Part Time,Femenino,2002-04-09 00:00:00,2024-11-25 00:00:00,
Pvea Miraflores,17732286,2026-01-01 00:00:00,'-,Cajas,Multifuncional,Part Time,Femenino,1988-11-21 00:00:00,2024-12-06 00:00:00,
Pvea Miraflores,17732520,2026-01-01 00:00:00,'-,Cajas,Repres. De Servicios,Part Time,Femenino,2001-07-23 00:00:00,2025-09-01 00:00:00,2026-01-31 00:00:00
Pvea Miraflores,17732526,2026-01-01 00:00:00,'-,Cajas,Repres. De Servicios,Full Time,Femenino,2004-07-24 00:00:00,2024-12-06 00:00:00,
Pvea Miraflores,17835529,2026-01-01 00:00:00,'-,Cajas,Multifuncional,Part Time,Femenino,1979-03-14 00:00:00,2024-12-19 00:00:00,
Pvea Miraflores,17861149,2026-01-01 00:00:00,'-,Cajas,Multifuncional,Part Time,Masculino,2006-03-29 00:00:00,2024-12-23 00:00:00,
Pvea Miraflores,17955881,2026-01-01 00:00:00,'-,Sala,Repres. De Servicios,Part Time,Masculino,2002-06-08 00:00:00,2025-01-23 00:00:00,
Pvea Miraflores,18028642,2026-01-01 00:00:00,'-,Sala Frescos,Repres. De Servicios,Full Time,Femenino,2006-08-25 00:00:00,2025-02-06 00:00:00,
Pvea Miraflores,18069864,2026-01-01 00:00:00,'-,Sala Frescos,Repres. De Servicios,Full Time,Femenino,2005-01-12 00:00:00,2025-02-13 00:00:00,2026-01-01 00:00:00
Pvea Miraflores,18085472,2026-01-01 00:00:00,'-,Sala,Repres. De Servicios,Part Time,Femenino,2007-01-17 00:00:00,2025-02-14 00:00:00,
Pvea Miraflores,18154,2026-01-01 00:00:00,'-,Sala Frescos,Repres. De Servicios,Part Time,Masculino,1995-05-26 00:00:00,2024-07-01 00:00:00,
Pvea Miraflores,18329320,2026-01-01 00:00:00,'-,Sala Frescos,Repres. De Servicios,Full Time,Femenino,1977-06-11 00:00:00,2025-03-21 00:00:00,
Pvea Miraflores,18329446,2026-01-01 00:00:00,'-,Recepción,Repres. De Servicios,Part Time,Masculino,2000-06-12 00:00:00,2025-03-21 00:00:00,2026-01-01 00:00:00
Pvea Miraflores,18329447,2026-01-01 00:00:00,'-,Sala,Repres. De Servicios,Part Time,Femenino,2006-05-20 00:00:00,2025-03-21 00:00:00,
Pvea Miraflores,18329456,2026-01-01 00:00:00,'-,Sala Frescos,Repres. De Servicios,Part Time,Femenino,1977-10-13 00:00:00,2025-03-21 00:00:00,
Pvea Miraflores,18357026,2026-01-01 00:00:00,'-,Cajas,Representante De Servicio 5X2 D,Part Time,Masculino,2002-02-11 00:00:00,2025-04-03 00:00:00,
Pvea Miraflores,18625925,2026-01-01 00:00:00,'-,Cajas,Multifuncional,Full Time,Masculino,1997-06-21 00:00:00,2025-04-25 00:00:00,
Pvea Miraflores,18628261,2026-01-01 00:00:00,'-,Cajas,Multifuncional,Part Time,Masculino,2006-10-05 00:00:00,2025-04-29 00:00:00,
Pvea Miraflores,18633780,2026-01-01 00:00:00,'-,Cajas,Multifuncional 5X2,Part Time,Femenino,1997-03-11 00:00:00,2025-05-02 00:00:00,
Pvea Miraflores,18633781,2026-01-01 00:00:00,'-,Cajas,Multifuncional,Full Time,Femenino,2006-01-10 00:00:00,2025-05-02 00:00:00,
Pvea Miraflores,18633816,2026-01-01 00:00:00,'-,Cajas,Multifuncional Fds,Part Time,Masculino,2004-10-10 00:00:00,2025-05-02 00:00:00,
Pvea Miraflores,18691393,2026-01-01 00:00:00,'-,Almacén,Repres. De Servicios,Part Time,Masculino,2004-03-02 00:00:00,2025-05-19 00:00:00,2026-01-07 00:00:00
Pvea Miraflores,18704492,2026-01-01 00:00:00,'-,Cajas,Asistente De Self Check Out,Full Time,Femenino,1999-12-02 00:00:00,2025-05-23 00:00:00,
Pvea Miraflores,18833623,2026-01-01 00:00:00,'-,Sala Frescos,Repres. De Servicios,Part Time,Masculino,2005-01-16 00:00:00,2025-07-09 00:00:00,
Pvea Miraflores,18837955,2026-01-01 00:00:00,'-,Sala Frescos,Repres. De Servicios,Part Time,Femenino,2005-10-07 00:00:00,2025-07-11 00:00:00,
Pvea Miraflores,18904963,2026-01-01 00:00:00,'-,Almacén,Repres. De Servicios,Part Time,Masculino,2005-02-18 00:00:00,2025-07-22 00:00:00,
Pvea Miraflores,18954165,2026-01-01 00:00:00,'-,Cajas,Multifuncional Fds,Part Time,Femenino,2007-03-26 00:00:00,2025-08-08 00:00:00,2026-02-08 00:00:00
Pvea Miraflores,18955453,2026-01-01 00:00:00,'-,Almacén Frescos,Repres. De Servicios,Part Time,Masculino,1989-01-08 00:00:00,2025-08-13 00:00:00,
Pvea Miraflores,18958496,2026-01-01 00:00:00,'-,Almacén Frescos,Repres. De Servicios,Part Time,Masculino,2005-11-21 00:00:00,2025-08-22 00:00:00,
Pvea Miraflores,18958519,2026-01-01 00:00:00,'-,Cajas,Multifuncional,Part Time,Masculino,2006-12-17 00:00:00,2025-08-22 00:00:00,2026-01-07 00:00:00
Pvea Miraflores,18959135,2026-01-01 00:00:00,'-,Sala Frescos,Repres. De Servicios,Part Time,Femenino,2006-05-24 00:00:00,2025-08-22 00:00:00,2026-01-25 00:00:00
Pvea Miraflores,18961460,2026-01-01 00:00:00,'-,Cajas,Multifuncional Fds,Part Time,Femenino,2003-03-12 00:00:00,2025-09-02 00:00:00,
Pvea Miraflores,18961461,2026-01-01 00:00:00,'-,Cajas,Multifuncional 5X2 1Er Turno,Part Time,Masculino,2002-03-08 00:00:00,2025-09-02 00:00:00,
Pvea Miraflores,18961462,2026-01-01 00:00:00,'-,Cajas,Multifuncional 5X2 1Er Turno,Part Time,Femenino,2007-02-11 00:00:00,2025-09-02 00:00:00,
Pvea Miraflores,18961463,2026-01-01 00:00:00,'-,Cajas,Multifuncional Fds,Part Time,Femenino,2006-08-04 00:00:00,2025-09-02 00:00:00,2026-01-15 00:00:00
Pvea Miraflores,18961480,2026-01-01 00:00:00,'-,Cajas,Multifuncional,Full Time,Femenino,2006-04-24 00:00:00,2025-09-02 00:00:00,
Pvea Miraflores,18962085,2026-01-01 00:00:00,'-,Cajas,Multifuncional,Part Time,Femenino,2001-06-24 00:00:00,2025-09-02 00:00:00,
Pvea Miraflores,18962469,2026-01-01 00:00:00,'-,Sala Frescos,Repres. De Servicios,Part Time,Femenino,1999-04-10 00:00:00,2025-09-05 00:00:00,2026-02-05 00:00:00
Pvea Miraflores,18964543,2026-01-01 00:00:00,'-,Sala,Repres. De Servicios,Part Time,Femenino,2005-05-12 00:00:00,2025-09-10 00:00:00,
Pvea Miraflores,18964544,2026-01-01 00:00:00,'-,Sala,Multifuncional,Part Time,Masculino,2006-01-07 00:00:00,2025-09-10 00:00:00,
Pvea Miraflores,18964545,2026-01-01 00:00:00,'-,Almacén,Repres. De Servicios,Part Time,Masculino,2002-07-04 00:00:00,2025-09-10 00:00:00,
Pvea Miraflores,18965163,2026-01-01 00:00:00,'-,Almacén,Repres. De Servicios,Part Time,Masculino,2006-11-17 00:00:00,2025-09-12 00:00:00,
Pvea Miraflores,18965167,2026-01-01 00:00:00,'-,Almacén,Repres. De Servicios,Part Time,Masculino,2006-02-26 00:00:00,2025-09-12 00:00:00,
Pvea Miraflores,18967911,2026-01-01 00:00:00,'-,Sala Frescos,Repres. De Servicios,Part Time,Masculino,2005-02-25 00:00:00,2025-09-22 00:00:00,2026-01-01 00:00:00
Pvea Miraflores,18967912,2026-01-01 00:00:00,'-,Recepción,Repres. De Servicios,Part Time,Masculino,2005-01-22 00:00:00,2025-09-22 00:00:00,
Pvea Miraflores,18967914,2026-01-01 00:00:00,'-,Almacén,Repres. De Servicios,Part Time,Masculino,2005-02-02 00:00:00,2025-09-22 00:00:00,
Pvea Miraflores,18967916,2026-01-01 00:00:00,'-,Sala Frescos,Repres. De Servicios,Part Time,Masculino,2005-12-21 00:00:00,2025-09-22 00:00:00,2026-02-01 00:00:00
Pvea Miraflores,18969913,2026-01-01 00:00:00,'-,Sala Frescos,Repres. De Servicios,Part Time,Femenino,2005-02-25 00:00:00,2025-09-29 00:00:00,2026-01-31 00:00:00
Pvea Miraflores,18971586,2026-01-01 00:00:00,'-,Sala Frescos,Repres. De Servicios,Part Time,Femenino,2001-05-27 00:00:00,2025-10-03 00:00:00,2026-01-31 00:00:00
Pvea Miraflores,18971973,2026-01-01 00:00:00,'-,Sala Frescos,Repres. De Servicios,Part Time,Femenino,2007-09-18 00:00:00,2025-10-06 00:00:00,
Pvea Miraflores,18974517,2026-01-01 00:00:00,'-,Cajas,Repres. De Servicios,Part Time,Femenino,2005-04-12 00:00:00,2025-10-17 00:00:00,2026-01-31 00:00:00
Pvea Miraflores,18974544,2026-01-01 00:00:00,'-,Sala Frescos,Repres. De Servicios,Part Time,Femenino,1976-12-28 00:00:00,2025-10-17 00:00:00,2026-01-21 00:00:00
Pvea Miraflores,18975262,2026-01-01 00:00:00,'-,Cajas,Multifuncional 5X2 1Er Turno,Part Time,Femenino,2006-04-05 00:00:00,2025-10-22 00:00:00,
Pvea Miraflores,18975264,2026-01-01 00:00:00,'-,Almacén Frescos,Repres. De Servicios,Part Time,Masculino,1997-07-30 00:00:00,2025-10-22 00:00:00,
Pvea Miraflores,18975265,2026-01-01 00:00:00,'-,Almacén Frescos,Repres. De Servicios,Part Time,Masculino,2005-02-28 00:00:00,2025-10-22 00:00:00,2026-01-31 00:00:00
Pvea Miraflores,18975956,2026-01-01 00:00:00,'-,Sala,Repres. De Servicios,Part Time,Masculino,2002-01-17 00:00:00,2025-10-24 00:00:00,2026-01-07 00:00:00
Pvea Miraflores,18975970,2026-01-01 00:00:00,'-,Sala Frescos,Repres. De Servicios,Part Time,Femenino,2007-09-05 00:00:00,2025-10-24 00:00:00,
Pvea Miraflores,18975971,2026-01-01 00:00:00,'-,Sala Frescos,Repres. De Servicios,Part Time,Masculino,2007-03-01 00:00:00,2025-10-24 00:00:00,
Pvea Miraflores,18975999,2026-01-01 00:00:00,'-,Sala Frescos,Repres. De Servicios,Part Time,Masculino,1995-12-20 00:00:00,2025-10-24 00:00:00,
Pvea Miraflores,18977928,2026-01-01 00:00:00,'-,Cajas,Multifuncional,Part Time,Femenino,1994-11-07 00:00:00,2025-11-04 00:00:00,
Pvea Miraflores,18982833,2026-01-01 00:00:00,'-,Sala Frescos,Repres. De Servicios,Part Time,Masculino,2003-03-16 00:00:00,2025-11-27 00:00:00,
Pvea Miraflores,18982901,2026-01-01 00:00:00,'-,Cajas,Multifuncional 5X2,Part Time,Femenino,2007-01-09 00:00:00,2025-11-27 00:00:00,
Pvea Miraflores,18983925,2026-01-01 00:00:00,'-,Cajas,Multifuncional 5X2 Campaña,Part Time,Femenino,2005-01-15 00:00:00,2025-12-01 00:00:00,2026-01-04 00:00:00
Pvea Miraflores,18984495,2026-01-01 00:00:00,'-,Cajas,Multifuncional 5X2,Part Time,Femenino,2005-09-04 00:00:00,2025-12-03 00:00:00,
Pvea Miraflores,18984970,2026-01-01 00:00:00,'-,Cajas,Multifuncional 5X2 1Er Turno,Part Time,Femenino,2005-05-08 00:00:00,2025-12-04 00:00:00,
Pvea Miraflores,18984984,2026-01-01 00:00:00,'-,Cajas,Multifuncional 5X2 1Er Turno,Part Time,Femenino,2005-12-29 00:00:00,2025-12-04 00:00:00,2026-01-01 00:00:00
Pvea Miraflores,18984986,2026-01-01 00:00:00,'-,Cajas,Multifuncional,Part Time,Masculino,2007-06-26 00:00:00,2025-12-04 00:00:00,
Pvea Miraflores,18984990,2026-01-01 00:00:00,'-,Cajas,Multifuncional 5X2 1Er Turno,Part Time,Femenino,2001-06-15 00:00:00,2025-12-04 00:00:00,
Pvea Miraflores,18985922,2026-01-01 00:00:00,'-,Cajas,Multifuncional Fds,Part Time,Femenino,2000-02-28 00:00:00,2025-12-05 00:00:00,
Pvea Miraflores,18985924,2026-01-01 00:00:00,'-,Sala Frescos,Repres. De Servicios,Part Time,Femenino,2005-05-08 00:00:00,2025-12-05 00:00:00,
Pvea Miraflores,18985925,2026-01-01 00:00:00,'-,Sala Frescos,Repres. De Servicios,Part Time,Masculino,2007-04-16 00:00:00,2025-12-05 00:00:00,
Pvea Miraflores,18985926,2026-01-01 00:00:00,'-,Sala Frescos,Repres. De Servicios,Part Time,Masculino,2005-10-26 00:00:00,2025-12-05 00:00:00,
Pvea Miraflores,18985927,2026-01-01 00:00:00,'-,Sala Frescos,Repres. De Servicios,Full Time,Masculino,2005-08-20 00:00:00,2025-12-05 00:00:00,2026-01-25 00:00:00
Pvea Miraflores,18985928,2026-01-01 00:00:00,'-,Sala Frescos,Repres. De Servicios,Part Time,Masculino,2006-08-11 00:00:00,2025-12-05 00:00:00,
Pvea Miraflores,18985983,2026-01-01 00:00:00,'-,Sala Frescos,Repres. De Servicios,Part Time,Masculino,2007-03-13 00:00:00,2025-12-05 00:00:00,2026-01-12 00:00:00
Pvea Miraflores,18986401,2026-01-01 00:00:00,'-,Sala Frescos,Repres. De Servicios,Part Time,Masculino,2005-05-24 00:00:00,2025-12-06 00:00:00,
Pvea Miraflores,18986402,2026-01-01 00:00:00,'-,Cajas,Multifuncional,Part Time,Femenino,2005-02-12 00:00:00,2025-12-06 00:00:00,2026-01-01 00:00:00
Pvea Miraflores,18986416,2026-01-01 00:00:00,'-,Sala Frescos,Repres. De Servicios,Part Time,Femenino,2007-11-16 00:00:00,2025-12-06 00:00:00,
Pvea Miraflores,18986804,2026-01-01 00:00:00,'-,Cajas,Multifuncional 5X2 Campaña,Part Time,Femenino,2000-12-08 00:00:00,2025-12-10 00:00:00,2026-01-04 00:00:00
Pvea Miraflores,18986810,2026-01-01 00:00:00,'-,Cajas,Multifuncional 5X2,Part Time,Femenino,2006-07-07 00:00:00,2025-12-10 00:00:00,
Pvea Miraflores,18986815,2026-01-01 00:00:00,'-,Cajas,Multifuncional 5X2,Part Time,Femenino,2007-06-10 00:00:00,2025-12-10 00:00:00,
Pvea Miraflores,18986835,2026-01-01 00:00:00,'-,Cajas,Multifuncional 5X2 Campaña,Part Time,Femenino,2006-05-25 00:00:00,2025-12-10 00:00:00,2026-01-04 00:00:00
Pvea Miraflores,18987356,2026-01-01 00:00:00,'-,Cajas,Multifuncional 5X2 Campaña,Part Time,Femenino,2004-05-12 00:00:00,2025-12-11 00:00:00,2026-01-04 00:00:00
Pvea Miraflores,18987362,2026-01-01 00:00:00,'-,Cajas,Multifuncional,Part Time,Masculino,2005-07-05 00:00:00,2025-12-11 00:00:00,
Pvea Miraflores,18987438,2026-01-01 00:00:00,'-,Cajas,Multifuncional,Part Time,Femenino,2006-11-21 00:00:00,2025-12-13 00:00:00,2026-01-31 00:00:00
Pvea Miraflores,18987519,2026-01-01 00:00:00,'-,Sala,Repres. De Servicios,Part Time,Femenino,1978-05-25 00:00:00,2025-12-13 00:00:00,
Pvea Miraflores,18987521,2026-01-01 00:00:00,'-,Sala,Repres. De Servicios,Part Time,Masculino,2006-03-20 00:00:00,2025-12-13 00:00:00,
Pvea Miraflores,18987525,2026-01-01 00:00:00,'-,Sala,Repres. De Servicios,Part Time,Femenino,2004-02-10 00:00:00,2025-12-13 00:00:00,
Pvea Miraflores,18987529,2026-01-01 00:00:00,'-,Sala,Repres. De Servicios,Part Time,Femenino,2007-06-26 00:00:00,2025-12-13 00:00:00,2026-02-01 00:00:00
Pvea Miraflores,18988240,2026-01-01 00:00:00,'-,Sala,Multifuncional,Part Time,Femenino,2007-08-29 00:00:00,2025-12-12 00:00:00,
Pvea Miraflores,18988964,2026-01-01 00:00:00,'-,Cajas,Multifuncional 5X2 Campaña,Part Time,Masculino,2005-06-02 00:00:00,2025-12-16 00:00:00,2026-01-04 00:00:00
Pvea Miraflores,18988984,2026-01-01 00:00:00,'-,Almacén Frescos,Repres. De Servicios,Part Time,Masculino,2006-01-08 00:00:00,2025-12-16 00:00:00,2026-02-01 00:00:00
Pvea Miraflores,18989415,2026-01-01 00:00:00,'-,Almacén Frescos,Repres. De Servicios,Part Time,Masculino,2005-04-30 00:00:00,2025-12-17 00:00:00,
Pvea Miraflores,18989425,2026-01-01 00:00:00,'-,Recepción,Repres. De Servicios,Full Time,Masculino,2005-11-15 00:00:00,2025-12-17 00:00:00,2026-01-31 00:00:00
Pvea Miraflores,18989574,2026-01-01 00:00:00,'-,Sala,Multifuncional Peak Campaña,Part Time,Femenino,2003-05-16 00:00:00,2025-12-18 00:00:00,2026-01-01 00:00:00
Pvea Miraflores,18989587,2026-01-01 00:00:00,'-,Sala,Multifuncional Peak Campaña,Part Time,Masculino,2007-11-22 00:00:00,2025-12-18 00:00:00,2026-01-01 00:00:00
Pvea Miraflores,18989612,2026-01-01 00:00:00,'-,Cajas,Asistente De Self Check Out Pt,Part Time,Femenino,2001-12-19 00:00:00,2025-12-16 00:00:00,
Pvea Miraflores,18989997,2026-01-01 00:00:00,'-,Sala,Multifuncional,Part Time,Masculino,2002-08-18 00:00:00,2025-12-19 00:00:00,
Pvea Miraflores,18990384,2026-01-01 00:00:00,'-,Sala,Repres. De Servicios,Part Time,Femenino,2006-07-21 00:00:00,2025-12-22 00:00:00,2026-01-15 00:00:00
Pvea Miraflores,18990387,2026-01-01 00:00:00,'-,Almacén,Repres. De Servicios,Part Time,Masculino,2000-08-30 00:00:00,2025-12-22 00:00:00,
Pvea Miraflores,18990389,2026-01-01 00:00:00,'-,Sala Frescos,Repres. De Servicios Fds,Part Time,Femenino,2003-02-19 00:00:00,2025-12-22 00:00:00,
Pvea Miraflores,18990832,2026-01-01 00:00:00,'-,Sala Frescos,Repres. De Servicios,Part Time,Masculino,2006-09-29 00:00:00,2025-12-23 00:00:00,
Pvea Miraflores,18990833,2026-01-01 00:00:00,'-,Sala Frescos,Repres. De Servicios,Part Time,Masculino,2007-04-21 00:00:00,2025-12-23 00:00:00,
Pvea Miraflores,18990857,2026-01-01 00:00:00,'-,Sala Frescos,Repres. De Servicios,Part Time,Masculino,2007-03-25 00:00:00,2025-12-23 00:00:00,2026-01-13 00:00:00
Pvea Miraflores,18990910,2026-01-01 00:00:00,'-,Sala Frescos,Repres. De Servicios Fds,Part Time,Masculino,2005-09-10 00:00:00,2025-12-23 00:00:00,
Pvea Miraflores,18995134,2026-01-01 00:00:00,'-,Recepción,Repres. De Servicios,Part Time,Masculino,2001-03-19 00:00:00,2026-01-14 00:00:00,
Pvea Miraflores,18995135,2026-01-01 00:00:00,'-,Sala,Repres. De Servicios,Part Time,Masculino,2007-01-06 00:00:00,2026-01-14 00:00:00,
Pvea Miraflores,18995136,2026-01-01 00:00:00,'-,Almacén Frescos,Repres. De Servicios,Part Time,Masculino,2004-11-10 00:00:00,2026-01-14 00:00:00,2026-01-31 00:00:00
Pvea Miraflores,18995137,2026-01-01 00:00:00,'-,Sala Frescos,Repres. De Servicios,Part Time,Femenino,2005-10-18 00:00:00,2026-01-14 00:00:00,
Pvea Miraflores,18995138,2026-01-01 00:00:00,'-,Sala Frescos,Repres. De Servicios,Part Time,Femenino,2004-09-26 00:00:00,2026-01-14 00:00:00,
Pvea Miraflores,18995139,2026-01-01 00:00:00,'-,Sala,Repres. De Servicios,Part Time,Femenino,2004-06-15 00:00:00,2026-01-14 00:00:00,
Pvea Miraflores,18995140,2026-01-01 00:00:00,'-,Sala Frescos,Repres. De Servicios,Part Time,Femenino,2007-12-27 00:00:00,2026-01-14 00:00:00,
Pvea Miraflores,18995141,2026-01-01 00:00:00,'-,Sala,Repres. De Servicios,Part Time,Femenino,2006-08-11 00:00:00,2026-01-14 00:00:00,
Pvea Miraflores,18995556,2026-01-01 00:00:00,'-,Sala Frescos,Repres. De Servicios,Part Time,Masculino,2006-09-22 00:00:00,2026-01-15 00:00:00,2026-01-31 00:00:00
Pvea Miraflores,18995897,2026-01-01 00:00:00,'-,Cajas,Repres. De Servicios,Part Time,Femenino,2005-05-14 00:00:00,2026-01-16 00:00:00,
Pvea Miraflores,18997057,2026-01-01 00:00:00,'-,Cajas,Repres. De Servicios,Part Time,Masculino,2003-11-05 00:00:00,2026-01-21 00:00:00,2026-02-01 00:00:00
Pvea Miraflores,18997735,2026-01-01 00:00:00,'-,Cajas,Multifuncional,Part Time,Femenino,2003-01-27 00:00:00,2026-01-23 00:00:00,2026-02-01 00:00:00
Pvea Miraflores,18997736,2026-01-01 00:00:00,'-,Cajas,Multifuncional 5X2 1Er Turno,Part Time,Femenino,1979-08-25 00:00:00,2026-01-23 00:00:00,
Pvea Miraflores,18998934,2026-01-01 00:00:00,'-,Sala Frescos,Repres. De Servicios,Part Time,Masculino,2004-07-30 00:00:00,2026-01-28 00:00:00,
Pvea Miraflores,18998935,2026-01-01 00:00:00,'-,Sala Frescos,Repres. De Servicios,Part Time,Femenino,2007-02-04 00:00:00,2026-01-28 00:00:00,
Pvea Miraflores,18998938,2026-01-01 00:00:00,'-,Cajas,Asistente De Self Check Out Pt,Part Time,Femenino,2006-10-07 00:00:00,2026-01-28 00:00:00,
Pvea Miraflores,18998999,2026-01-01 00:00:00,'-,Cajas,Asistente De Self Check Out Pt,Part Time,Femenino,2001-11-14 00:00:00,2026-01-28 00:00:00,
Pvea Miraflores,18999099,2026-01-01 00:00:00,'-,Sala Frescos,Repres. De Servicios,Part Time,Femenino,2006-03-07 00:00:00,2026-01-28 00:00:00,
Pvea Miraflores,203013,2026-01-01 00:00:00,'-,Electro,Vendedor,Full Time,Femenino,1968-11-24 00:00:00,2018-05-23 00:00:00,
Pvea Miraflores,203489,2026-01-01 00:00:00,'-,Cajas,Supervisor De Cajeros,Full Time,Femenino,1991-08-18 00:00:00,2025-05-01 00:00:00,
Pvea Miraflores,21147,2026-01-01 00:00:00,'-,Sala Frescos,Repres. De Servicios,Full Time,Masculino,1978-04-26 00:00:00,2011-03-01 00:00:00,
Pvea Miraflores,21448,2026-01-01 00:00:00,'-,Electro,Jefe De Seccion,Full Time,Femenino,1974-03-22 00:00:00,2012-10-01 00:00:00,
Pvea Miraflores,244437,2026-01-01 00:00:00,'-,Cajas,Supervisor De Cajeros,Full Time,Masculino,2000-05-19 00:00:00,2024-01-19 00:00:00,
Pvea Miraflores,24708,2026-01-01 00:00:00,'-,Administración,Gerente De Tienda,Full Time,Masculino,1975-09-22 00:00:00,2003-04-04 00:00:00,
Pvea Miraflores,25760,2026-01-01 00:00:00,'-,Almacén,Repres. De Servicios I,Full Time,Femenino,1973-10-12 00:00:00,2014-06-16 00:00:00,
Pvea Miraflores,272289,2026-01-01 00:00:00,'-,Cajas,Supervisor De Cajeros,Full Time,Femenino,2000-01-19 00:00:00,2025-05-01 00:00:00,
Pvea Miraflores,291062,2026-01-01 00:00:00,'-,Recepción E Inventarios,Auxiliar De Inventarios,Full Time,Femenino,1981-01-07 00:00:00,2022-06-01 00:00:00,
Pvea Miraflores,298588,2026-01-01 00:00:00,'-,Sala,Multifuncional 5X2 1Er Turno,Part Time,Femenino,1985-12-22 00:00:00,2024-12-02 00:00:00,
Pvea Miraflores,301805,2026-01-01 00:00:00,'-,Sala,Multifuncional,Full Time,Masculino,1995-12-13 00:00:00,2020-01-20 00:00:00,
Pvea Miraflores,303580,2026-01-01 00:00:00,'-,Cajas,Supervisor De Cajeros,Full Time,Masculino,1999-05-27 00:00:00,2023-07-01 00:00:00,
Pvea Miraflores,304408,2026-01-01 00:00:00,'-,Almacén Frescos,Repres. De Servicios I,Full Time,Femenino,1992-12-05 00:00:00,2020-02-17 00:00:00,2026-01-15 00:00:00
Pvea Miraflores,31455,2026-01-01 00:00:00,'-,Sala Frescos,Jefe De Seccion,Full Time,Masculino,1981-11-10 00:00:00,2016-01-18 00:00:00,
Pvea Miraflores,34546,2026-01-01 00:00:00,'-,Sala Frescos,Repres. De Servicios,Full Time,Femenino,1967-05-24 00:00:00,2016-02-17 00:00:00,
Pvea Miraflores,36202,2026-01-01 00:00:00,'-,Sala Frescos,Repres. De Servicios,Full Time,Femenino,1992-05-22 00:00:00,2016-03-02 00:00:00,
Pvea Miraflores,3707,2026-01-01 00:00:00,'-,Administración,Asistente De Tienda,Full Time,Femenino,1974-10-22 00:00:00,2003-09-01 00:00:00,
Pvea Miraflores,41844,2026-01-01 00:00:00,'-,Sala Frescos,Repres. De Servicios,Full Time,Masculino,1984-09-10 00:00:00,2016-07-04 00:00:00,
Pvea Miraflores,42739,2026-01-01 00:00:00,'-,Sala,Jefe De Seccion,Full Time,Femenino,1998-06-14 00:00:00,2016-08-01 00:00:00,
Pvea Miraflores,481,2026-01-01 00:00:00,'-,Recepción E Inventarios,Auxiliar Controller,Full Time,Masculino,1991-11-26 00:00:00,2012-12-01 00:00:00,
Pvea Miraflores,55309,2026-01-01 00:00:00,'-,Sala Frescos,Repres. De Servicios,Part Time,Femenino,1990-10-28 00:00:00,2025-08-01 00:00:00,
Pvea Miraflores,7318884,2026-01-01 00:00:00,'-,Cajas,Multifuncional 5X2 1Er Turno,Part Time,Femenino,1995-02-25 00:00:00,2021-09-22 00:00:00,
Pvea Miraflores,7319531,2026-01-01 00:00:00,'-,Sala,Repres. De Servicios I,Full Time,Masculino,1999-05-16 00:00:00,2023-01-01 00:00:00,2026-01-31 00:00:00
Pvea Miraflores,7319542,2026-01-01 00:00:00,'-,Sala,Jefe De Seccion,Full Time,Femenino,2001-05-26 00:00:00,2022-11-01 00:00:00,
Pvea Miraflores,7319599,2026-01-01 00:00:00,'-,Sala,Multifuncional,Full Time,Masculino,2000-02-10 00:00:00,2025-02-01 00:00:00,
Pvea Miraflores,7333607,2026-01-01 00:00:00,'-,Cajas,Asistente De Self Check Out Pt,Part Time,Femenino,1979-09-11 00:00:00,2021-09-22 00:00:00,
Pvea Miraflores,7333614,2026-01-01 00:00:00,'-,Cajas,Multifuncional,Full Time,Femenino,2003-03-03 00:00:00,2023-08-01 00:00:00,
Pvea Miraflores,73965,2026-01-01 00:00:00,'-,Almacén,Repres. De Servicios,Full Time,Masculino,1995-06-01 00:00:00,2025-12-17 00:00:00,
Pvea Miraflores,811,2026-01-01 00:00:00,'-,Sala,Especialista En Bebidas,Full Time,Masculino,1977-11-17 00:00:00,2016-07-13 00:00:00,
Pvea Miraflores,8682,2026-01-01 00:00:00,'-,Sala Frescos,Jefe De Seccion,Full Time,Femenino,1974-09-05 00:00:00,2018-08-03 00:00:00,
Pvea Miraflores,919,2026-01-01 00:00:00,'-,Sala Frescos,Repres. De Servicios,Full Time,Femenino,1973-08-07 00:00:00,2014-05-05 00:00:00,
Pvea Miraflores,9278728,2026-01-01 00:00:00,'-,Sala,Multifuncional 5X2 1Er Turno,Part Time,Femenino,1989-10-12 00:00:00,2021-11-02 00:00:00,
Pvea Miraflores,9481430,2026-01-01 00:00:00,'-,Almacén,Repres. De Servicios I,Full Time,Masculino,1999-08-02 00:00:00,2025-01-31 00:00:00,
Pvea Miraflores,98053,2026-01-01 00:00:00,'-,Cajas,Supervisor De Cajeros,Full Time,Masculino,1982-02-15 00:00:00,2019-03-05 00:00:00,
Pvea Miraflores,98931,2026-01-01 00:00:00,'-,Cajas,Multifuncional Eo,Full Time,Masculino,1960-11-16 00:00:00,2017-08-01 00:00:00,
Pvea Miraflores,99177,2026-01-01 00:00:00,'-,Almacén,Jefe De Seccion,Full Time,Masculino,1998-07-09 00:00:00,2021-08-24 00:00:00,
Svea Corpac,103603,2026-01-01 00:00:00,'-,Cajas,Cajero 5X2,Part Time,Masculino,1986-06-08 00:00:00,2017-09-13 00:00:00,
Svea Corpac,10444413,2026-01-01 00:00:00,'-,Almacén,Repres. De Servicios,Part Time,Masculino,1997-07-27 00:00:00,2025-12-18 00:00:00,
Svea Corpac,104636,2026-01-01 00:00:00,'-,Almacén Frescos,Repres. De Servicios,Full Time,Femenino,1980-07-16 00:00:00,2023-06-15 00:00:00,
Svea Corpac,11405933,2026-01-01 00:00:00,'-,Sala,Repres. De Servicios I,Full Time,Masculino,2002-08-30 00:00:00,2023-02-01 00:00:00,
Svea Corpac,11448207,2026-01-01 00:00:00,'-,Cajas,Jefe De Seccion,Full Time,Femenino,2003-06-05 00:00:00,2024-06-01 00:00:00,
Svea Corpac,11511916,2026-01-01 00:00:00,'-,Cajas,Supervisor De Cajeros,Full Time,Masculino,2002-07-16 00:00:00,2024-04-01 00:00:00,
Svea Corpac,1198235,2026-01-01 00:00:00,'-,Sala,Jefe De Seccion,Full Time,Femenino,1994-03-19 00:00:00,2020-03-17 00:00:00,
Svea Corpac,12309872,2026-01-01 00:00:00,'-,Cajas,Repres. De Servicios,Part Time,Femenino,2001-11-20 00:00:00,2023-06-27 00:00:00,
Svea Corpac,129583,2026-01-01 00:00:00,'-,Sala,Repres. De Servicios,Part Time,Masculino,1988-08-24 00:00:00,2018-03-01 00:00:00,2026-01-01 00:00:00
Svea Corpac,13351200,2026-01-01 00:00:00,'-,Sala,Repres. De Servicios,Full Time,Femenino,1999-01-28 00:00:00,2023-11-24 00:00:00,
Svea Corpac,14343,2026-01-01 00:00:00,'-,Almacén,Repres. De Servicios Eo,Full Time,Masculino,1958-09-28 00:00:00,2007-05-01 00:00:00,
Svea Corpac,14776588,2026-01-01 00:00:00,'-,Sala,Repres. De Servicios,Full Time,Masculino,2004-06-24 00:00:00,2025-04-01 00:00:00,2026-01-15 00:00:00
Svea Corpac,15662741,2026-01-01 00:00:00,'-,Cajas,Supervisor De Cajeros,Full Time,Femenino,1999-08-09 00:00:00,2024-05-08 00:00:00,
Svea Corpac,15958778,2026-01-01 00:00:00,'-,Cajas,Cajero 5X2,Part Time,Masculino,1998-06-03 00:00:00,2024-06-03 00:00:00,
Svea Corpac,17487114,2026-01-01 00:00:00,'-,Sala Frescos,Repres. De Servicios,Full Time,Femenino,1974-07-29 00:00:00,2024-11-14 00:00:00,
Svea Corpac,17837560,2026-01-01 00:00:00,'-,Sala Frescos,Repres. De Servicios,Part Time,Masculino,2006-06-05 00:00:00,2024-12-20 00:00:00,
Svea Corpac,18304720,2026-01-01 00:00:00,'-,Almacén Frescos,Repres. De Servicios,Part Time,Masculino,1998-04-28 00:00:00,2025-03-13 00:00:00,
Svea Corpac,18329291,2026-01-01 00:00:00,'-,Sala,Repres. De Servicios,Part Time,Masculino,2006-02-15 00:00:00,2025-03-21 00:00:00,2026-01-15 00:00:00
Svea Corpac,18339046,2026-01-01 00:00:00,'-,Cajas,Repres. De Servicios 5X2 Eo,Part Time,Masculino,1959-04-07 00:00:00,2025-03-24 00:00:00,
Svea Corpac,18340465,2026-01-01 00:00:00,'-,Sala,Repres. De Servicios,Full Time,Femenino,2006-04-27 00:00:00,2025-03-26 00:00:00,2026-01-15 00:00:00
Svea Corpac,18480147,2026-01-01 00:00:00,'-,Almacén Frescos,Repres. De Servicios,Full Time,Masculino,2004-05-09 00:00:00,2025-04-15 00:00:00,
Svea Corpac,18680096,2026-01-01 00:00:00,'-,Almacén,Repres. De Servicios,Part Time,Masculino,2004-11-09 00:00:00,2025-05-14 00:00:00,2026-01-08 00:00:00
Svea Corpac,18704501,2026-01-01 00:00:00,'-,Sala Frescos,Repres. De Servicios,Full Time,Masculino,2001-08-21 00:00:00,2025-05-23 00:00:00,2026-02-01 00:00:00
Svea Corpac,18704607,2026-01-01 00:00:00,'-,Sala Frescos,Repres. De Servicios,Full Time,Masculino,2005-06-04 00:00:00,2025-05-23 00:00:00,
Svea Corpac,18720150,2026-01-01 00:00:00,'-,Sala Frescos,Repres. De Servicios,Part Time,Masculino,2000-06-11 00:00:00,2025-05-30 00:00:00,2026-02-01 00:00:00
Svea Corpac,18720152,2026-01-01 00:00:00,'-,Sala,Repres. De Servicios,Part Time,Femenino,2000-02-22 00:00:00,2025-05-30 00:00:00,2026-01-31 00:00:00
Svea Corpac,18720166,2026-01-01 00:00:00,'-,Sala Frescos,Repres. De Servicios,Part Time,Masculino,2005-07-03 00:00:00,2025-05-30 00:00:00,
Svea Corpac,18905044,2026-01-01 00:00:00,'-,Cajas,Cajero 5X2,Part Time,Masculino,2007-01-22 00:00:00,2025-07-24 00:00:00,2026-02-01 00:00:00
Svea Corpac,18905045,2026-01-01 00:00:00,'-,Cajas,Cajero 5X2,Part Time,Femenino,2002-09-24 00:00:00,2025-07-24 00:00:00,2026-01-15 00:00:00
Svea Corpac,18958502,2026-01-01 00:00:00,'-,Cajas,Cajero 5X2,Part Time,Masculino,2006-12-21 00:00:00,2025-08-22 00:00:00,2026-02-01 00:00:00
Svea Corpac,18961751,2026-01-01 00:00:00,'-,Cajas,Cajero 5X2,Part Time,Femenino,2006-08-19 00:00:00,2025-09-03 00:00:00,2026-01-11 00:00:00
Svea Corpac,18961753,2026-01-01 00:00:00,'-,Cajas,Cajero 5X2,Part Time,Masculino,2005-05-31 00:00:00,2025-09-03 00:00:00,
Svea Corpac,18963005,2026-01-01 00:00:00,'-,Cajas,Cajero 5X2,Part Time,Masculino,2004-09-23 00:00:00,2025-09-06 00:00:00,
Svea Corpac,18964535,2026-01-01 00:00:00,'-,Cajas,Cajero 5X2,Part Time,Femenino,2005-09-23 00:00:00,2025-09-10 00:00:00,
Svea Corpac,18975493,2026-01-01 00:00:00,'-,Sala,Representante De Servicio 5X2 D,Part Time,Masculino,2003-03-23 00:00:00,2025-10-23 00:00:00,
Svea Corpac,18983734,2026-01-01 00:00:00,'-,Almacén Frescos,Repres. De Servicios,Part Time,Femenino,2006-05-19 00:00:00,2025-12-02 00:00:00,2026-01-31 00:00:00
Svea Corpac,18987363,2026-01-01 00:00:00,'-,Almacén Frescos,Repres. De Servicios,Part Time,Masculino,2006-12-04 00:00:00,2025-12-11 00:00:00,
Svea Corpac,18987376,2026-01-01 00:00:00,'-,Sala Frescos,Repres. De Servicios,Part Time,Masculino,2007-05-13 00:00:00,2025-12-11 00:00:00,
Svea Corpac,18987756,2026-01-01 00:00:00,'-,Cajas,Cajero 5X2,Part Time,Femenino,2007-02-26 00:00:00,2025-12-15 00:00:00,
Svea Corpac,18988995,2026-01-01 00:00:00,'-,Almacén,Repres. De Servicios,Full Time,Masculino,2006-07-01 00:00:00,2025-12-16 00:00:00,2026-01-31 00:00:00
Svea Corpac,18989005,2026-01-01 00:00:00,'-,Cajas,Multifuncional 5X2 Campaña,Part Time,Masculino,2000-08-25 00:00:00,2025-12-16 00:00:00,2026-01-31 00:00:00
Svea Corpac,18989369,2026-01-01 00:00:00,'-,Sala Frescos,Repres. De Servicios,Part Time,Femenino,2006-03-26 00:00:00,2025-12-18 00:00:00,
Svea Corpac,18989370,2026-01-01 00:00:00,'-,Sala Frescos,Repres. De Servicios,Full Time,Femenino,2006-07-17 00:00:00,2025-12-18 00:00:00,2026-01-05 00:00:00
Svea Corpac,18989374,2026-01-01 00:00:00,'-,Sala,Repres. De Servicios,Part Time,Femenino,2005-02-17 00:00:00,2025-12-18 00:00:00,2026-01-31 00:00:00
Svea Corpac,18989442,2026-01-01 00:00:00,'-,Cajas,Cajero 5X2,Part Time,Masculino,2006-03-09 00:00:00,2025-12-17 00:00:00,
Svea Corpac,18989492,2026-01-01 00:00:00,'-,Sala Frescos,Repres. De Servicios,Part Time,Femenino,2004-08-23 00:00:00,2025-12-18 00:00:00,
Svea Corpac,18989506,2026-01-01 00:00:00,'-,Almacén Frescos,Repres. De Servicios,Part Time,Masculino,2000-06-05 00:00:00,2025-12-18 00:00:00,
Svea Corpac,18989510,2026-01-01 00:00:00,'-,Sala Frescos,Repres. De Servicios,Full Time,Femenino,2006-05-26 00:00:00,2025-12-18 00:00:00,2026-01-15 00:00:00
Svea Corpac,18991240,2026-01-01 00:00:00,'-,Sala Frescos,Repres. De Servicios,Part Time,Femenino,2005-06-17 00:00:00,2025-12-26 00:00:00,2026-02-01 00:00:00
Svea Corpac,18992240,2026-01-01 00:00:00,'-,Almacén,Repres. De Servicios,Part Time,Masculino,2003-10-31 00:00:00,2026-01-02 00:00:00,
Svea Corpac,18992638,2026-01-01 00:00:00,'-,Recepción,Repres. De Servicios,Full Time,Masculino,2004-07-22 00:00:00,2026-01-05 00:00:00,
Svea Corpac,18993470,2026-01-01 00:00:00,'-,Sala,Repres. De Servicios,Full Time,Femenino,1999-05-13 00:00:00,2026-01-08 00:00:00,
Svea Corpac,18993882,2026-01-01 00:00:00,'-,Sala Frescos,Repres. De Servicios,Part Time,Femenino,2006-04-10 00:00:00,2026-01-09 00:00:00,
Svea Corpac,18993883,2026-01-01 00:00:00,'-,Sala,Repres. De Servicios,Part Time,Femenino,2001-07-05 00:00:00,2026-01-09 00:00:00,2026-02-01 00:00:00
Svea Corpac,18993886,2026-01-01 00:00:00,'-,Sala,Repres. De Servicios,Part Time,Femenino,2004-12-16 00:00:00,2026-01-09 00:00:00,
Svea Corpac,18993894,2026-01-01 00:00:00,'-,Sala Frescos,Repres. De Servicios,Part Time,Masculino,2003-05-30 00:00:00,2026-01-09 00:00:00,
Svea Corpac,18994113,2026-01-01 00:00:00,'-,Sala Frescos,Repres. De Servicios,Part Time,Femenino,2004-11-09 00:00:00,2026-01-09 00:00:00,
Svea Corpac,18994401,2026-01-01 00:00:00,'-,Almacén,Repres. De Servicios,Part Time,Masculino,2005-12-29 00:00:00,2026-01-12 00:00:00,
Svea Corpac,18996742,2026-01-01 00:00:00,'-,Almacén Frescos,Repres. De Servicios,Part Time,Masculino,2004-10-01 00:00:00,2026-01-20 00:00:00,
Svea Corpac,18996754,2026-01-01 00:00:00,'-,Almacén Frescos,Repres. De Servicios,Part Time,Masculino,2003-07-14 00:00:00,2026-01-20 00:00:00,
Svea Corpac,18996766,2026-01-01 00:00:00,'-,Sala Frescos,Repres. De Servicios,Part Time,Femenino,2006-10-17 00:00:00,2026-01-20 00:00:00,
Svea Corpac,18996767,2026-01-01 00:00:00,'-,Sala Frescos,Repres. De Servicios,Part Time,Femenino,2005-03-08 00:00:00,2026-01-20 00:00:00,
Svea Corpac,18996785,2026-01-01 00:00:00,'-,Almacén Frescos,Repres. De Servicios,Part Time,Masculino,2007-08-15 00:00:00,2026-01-20 00:00:00,
Svea Corpac,18997466,2026-01-01 00:00:00,'-,Cajas,Cajero 5X2,Part Time,Masculino,2005-07-25 00:00:00,2026-01-22 00:00:00,
Svea Corpac,18998900,2026-01-01 00:00:00,'-,Almacén Frescos,Repres. De Servicios,Part Time,Masculino,2007-11-14 00:00:00,2026-01-28 00:00:00,
Svea Corpac,18998976,2026-01-01 00:00:00,'-,Sala Frescos,Repres. De Servicios,Part Time,Femenino,2007-04-29 00:00:00,2026-01-28 00:00:00,
Svea Corpac,18999000,2026-01-01 00:00:00,'-,Cajas,Cajero 6X1,Full Time,Femenino,1995-05-09 00:00:00,2026-01-28 00:00:00,
Svea Corpac,18999002,2026-01-01 00:00:00,'-,Cajas,Cajero 6X1,Full Time,Femenino,2007-07-22 00:00:00,2026-01-28 00:00:00,
Svea Corpac,18999114,2026-01-01 00:00:00,'-,Cajas,Cajero 5X2,Part Time,Masculino,2005-07-25 00:00:00,2026-01-28 00:00:00,
Svea Corpac,21115,2026-01-01 00:00:00,'-,Cajas,Representante De Servicio D,Full Time,Masculino,1981-02-25 00:00:00,2000-03-01 00:00:00,
Svea Corpac,21374,2026-01-01 00:00:00,'-,Recepción E Inventarios,Auxiliar De Inventarios,Full Time,Masculino,1988-09-09 00:00:00,2010-04-16 00:00:00,
Svea Corpac,241013,2026-01-01 00:00:00,'-,Almacén,Jefe De Seccion,Full Time,Femenino,2000-06-21 00:00:00,2019-06-01 00:00:00,
Svea Corpac,243668,2026-01-01 00:00:00,'-,Sala Frescos,Repres. De Servicios,Part Time,Femenino,1994-04-04 00:00:00,2019-03-21 00:00:00,2026-01-31 00:00:00
Svea Corpac,266939,2026-01-01 00:00:00,'-,Administración,Gerente De Tienda,Full Time,Femenino,1990-06-29 00:00:00,2019-03-01 00:00:00,2026-01-31 00:00:00
Svea Corpac,44131,2026-01-01 00:00:00,'-,Cajas,Supervisor De Cajeros,Full Time,Femenino,1971-02-17 00:00:00,2016-09-05 00:00:00,
Svea Corpac,4576139,2026-01-01 00:00:00,'-,Sala Frescos,Repres. De Servicios,Full Time,Femenino,1987-09-28 00:00:00,2020-06-12 00:00:00,
Svea Corpac,48590,2026-01-01 00:00:00,'-,Sala Frescos,Repres. De Servicios,Full Time,Femenino,1976-11-15 00:00:00,2016-12-14 00:00:00,
Svea Corpac,6722,2026-01-01 00:00:00,'-,Sala Frescos,Jefe De Seccion,Full Time,Femenino,1987-06-16 00:00:00,2022-02-22 00:00:00,2026-01-19 00:00:00
Svea Corpac,9278595,2026-01-01 00:00:00,'-,Cajas,Cajero 6X1,Full Time,Masculino,1994-12-25 00:00:00,2023-07-01 00:00:00,
Viv Monterrico,104143,2026-01-01 00:00:00,'-,"Carnes, Pescados, Fiambres, Frutas & Verduras",Repres. De Servicios,Full Time,Femenino,1985-09-27 00:00:00,2017-10-01 00:00:00,
Viv Monterrico,10472,2026-01-01 00:00:00,'-,"Carnes, Pescados, Fiambres, Frutas & Verduras",Repres. De Servicios,Full Time,Femenino,1969-11-01 00:00:00,2015-10-16 00:00:00,
Viv Monterrico,10653,2026-01-01 00:00:00,'-,"Carnes, Pescados, Fiambres, Frutas & Verduras",Repres. De Servicios,Full Time,Masculino,1971-05-11 00:00:00,2002-10-19 00:00:00,
Viv Monterrico,10845,2026-01-01 00:00:00,'-,"Carnes, Pescados, Fiambres, Frutas & Verduras",Jefe De Seccion,Full Time,Femenino,1979-08-02 00:00:00,2012-08-01 00:00:00,
Viv Monterrico,110670,2026-01-01 00:00:00,'-,"Carnes, Pescados, Fiambres, Frutas & Verduras",Repres. De Servicios Fds,Part Time,Femenino,1993-10-16 00:00:00,2025-04-01 00:00:00,
Viv Monterrico,11369697,2026-01-01 00:00:00,'-,Cajas,Cajero 6X1,Full Time,Masculino,2001-04-18 00:00:00,2025-02-01 00:00:00,2026-02-01 00:00:00
Viv Monterrico,11458504,2026-01-01 00:00:00,'-,Cajas,Cajero 4X3,Part Time,Femenino,2002-11-10 00:00:00,2022-10-19 00:00:00,
Viv Monterrico,11966759,2026-01-01 00:00:00,'-,Cajas,Cajero 4X3,Part Time,Masculino,2003-04-07 00:00:00,2023-03-09 00:00:00,
Viv Monterrico,1205195,2026-01-01 00:00:00,'-,Cajas,Repres. De Servicios,Part Time,Femenino,1999-12-16 00:00:00,2025-06-01 00:00:00,
Viv Monterrico,12261783,2026-01-01 00:00:00,'-,"Carnes, Pescados, Fiambres, Frutas & Verduras",Repres. De Servicios,Full Time,Masculino,1993-02-04 00:00:00,2023-06-13 00:00:00,
Viv Monterrico,128607,2026-01-01 00:00:00,'-,Cajas,Repres. De Servicios Fds,Part Time,Femenino,1995-01-19 00:00:00,2018-02-08 00:00:00,
Viv Monterrico,13227322,2026-01-01 00:00:00,'-,Cajas,Cajero 5X2,Part Time,Masculino,2004-01-31 00:00:00,2023-11-07 00:00:00,
Viv Monterrico,13277255,2026-01-01 00:00:00,'-,Sala,Repres. De Servicios,Part Time,Masculino,2003-09-22 00:00:00,2023-11-14 00:00:00,
Viv Monterrico,1331,2026-01-01 00:00:00,'-,Cajas,Cajero 5X2,Full Time,Femenino,1987-10-26 00:00:00,2025-05-02 00:00:00,
Viv Monterrico,13375806,2026-01-01 00:00:00,'-,Sala,Repres. De Servicios,Part Time,Femenino,2001-03-02 00:00:00,2024-04-03 00:00:00,2026-01-08 00:00:00
Viv Monterrico,13619568,2026-01-01 00:00:00,'-,"Carnes, Pescados, Fiambres, Frutas & Verduras",Repres. De Servicios,Full Time,Femenino,1969-12-30 00:00:00,2023-12-12 00:00:00,
Viv Monterrico,13709716,2026-01-01 00:00:00,'-,Almacén,Repres. De Servicios,Part Time,Masculino,2003-07-01 00:00:00,2023-12-22 00:00:00,
Viv Monterrico,13782681,2026-01-01 00:00:00,'-,Administración,Gerente De Tienda,Full Time,Masculino,1983-07-08 00:00:00,2024-01-02 00:00:00,2026-02-01 00:00:00
Viv Monterrico,13816913,2026-01-01 00:00:00,'-,Cajas,Asistente De Self Check Out Pt,Part Time,Femenino,2002-02-03 00:00:00,2024-01-12 00:00:00,
Viv Monterrico,14270,2026-01-01 00:00:00,'-,"Carnes, Pescados, Fiambres, Frutas & Verduras",Repres. De Servicios,Full Time,Masculino,1972-02-18 00:00:00,2005-11-05 00:00:00,
Viv Monterrico,14290348,2026-01-01 00:00:00,'-,Cajas,Supervisor De Cajeros,Full Time,Masculino,2003-03-17 00:00:00,2025-07-01 00:00:00,
Viv Monterrico,14470,2026-01-01 00:00:00,'-,Comidas Preparadas Panadería Y Pastelería,Repres. De Servicios,Full Time,Femenino,1988-01-20 00:00:00,2018-07-01 00:00:00,
Viv Monterrico,14618,2026-01-01 00:00:00,'-,Cajas,Cajero 4X3,Part Time,Femenino,1980-03-15 00:00:00,2013-10-01 00:00:00,
Viv Monterrico,14625595,2026-01-01 00:00:00,'-,Cajas,Cajero 5X2,Part Time,Femenino,2003-12-25 00:00:00,2024-03-08 00:00:00,
Viv Monterrico,14685168,2026-01-01 00:00:00,'-,Cajas,Supervisor De Cajeros 5X2,Part Time,Femenino,2002-06-28 00:00:00,2024-09-01 00:00:00,
Viv Monterrico,14685194,2026-01-01 00:00:00,'-,Comidas Preparadas Panadería Y Pastelería,Repres. De Servicios,Part Time,Masculino,2004-10-08 00:00:00,2025-10-01 00:00:00,
Viv Monterrico,14941431,2026-01-01 00:00:00,'-,Cajas,Asistente De Self Check Out Pt,Part Time,Femenino,2002-01-18 00:00:00,2024-04-03 00:00:00,
Viv Monterrico,14978188,2026-01-01 00:00:00,'-,Cajas,Asistente De Self Check Out Pt,Part Time,Masculino,1999-04-22 00:00:00,2024-04-05 00:00:00,2026-02-15 00:00:00
Viv Monterrico,15146,2026-01-01 00:00:00,'-,Recepción,Repres. De Servicios,Full Time,Masculino,1982-09-29 00:00:00,2014-04-01 00:00:00,
Viv Monterrico,15345489,2026-01-01 00:00:00,'-,Cajas,Repres. De Servicios,Full Time,Masculino,2004-08-18 00:00:00,2025-11-01 00:00:00,2026-01-31 00:00:00
Viv Monterrico,15470432,2026-01-01 00:00:00,'-,Sala,Repres. De Servicios,Part Time,Femenino,1998-08-10 00:00:00,2024-04-29 00:00:00,
Viv Monterrico,15470435,2026-01-01 00:00:00,'-,Cajas,Cajero 5X2,Part Time,Femenino,2004-03-31 00:00:00,2024-04-29 00:00:00,
Viv Monterrico,15635412,2026-01-01 00:00:00,'-,Recepción,Repres. De Servicios,Full Time,Masculino,1999-05-06 00:00:00,2024-05-07 00:00:00,
Viv Monterrico,15906554,2026-01-01 00:00:00,'-,Sala,Repres. De Servicios,Part Time,Masculino,2004-03-07 00:00:00,2024-05-27 00:00:00,2026-01-08 00:00:00
Viv Monterrico,15933876,2026-01-01 00:00:00,'-,Comidas Preparadas Panadería Y Pastelería,Repres. De Servicios,Part Time,Femenino,2000-09-14 00:00:00,2024-05-30 00:00:00,
Viv Monterrico,16648173,2026-01-01 00:00:00,'-,Cajas,Cajero 3X4,Part Time,Masculino,2006-04-14 00:00:00,2024-08-14 00:00:00,
Viv Monterrico,16674385,2026-01-01 00:00:00,'-,Cajas,Cajero 5X2,Part Time,Masculino,2004-11-04 00:00:00,2024-08-16 00:00:00,
Viv Monterrico,16682031,2026-01-01 00:00:00,'-,Cajas,Repres. De Servicios,Full Time,Femenino,2004-02-25 00:00:00,2025-06-01 00:00:00,
Viv Monterrico,16733509,2026-01-01 00:00:00,'-,"Carnes, Pescados, Fiambres, Frutas & Verduras",Repres. De Servicios,Full Time,Femenino,1996-05-24 00:00:00,2025-01-01 00:00:00,
Viv Monterrico,16754518,2026-01-01 00:00:00,'-,Cajas,Repres. De Servicios,Full Time,Masculino,2005-04-13 00:00:00,2025-02-01 00:00:00,2026-01-15 00:00:00
Viv Monterrico,16936646,2026-01-01 00:00:00,'-,Cajas,Cajero 3X4,Part Time,Masculino,2005-05-23 00:00:00,2024-09-13 00:00:00,
Viv Monterrico,17002756,2026-01-01 00:00:00,'-,Comidas Preparadas Panadería Y Pastelería,Repres. De Servicios,Part Time,Masculino,2003-06-06 00:00:00,2024-09-18 00:00:00,
Viv Monterrico,17161673,2026-01-01 00:00:00,'-,Cajas,Repres. De Servicios,Part Time,Masculino,2002-07-09 00:00:00,2025-11-03 00:00:00,
Viv Monterrico,17164480,2026-01-01 00:00:00,'-,Cajas,Cajero 4X3,Part Time,Femenino,2003-05-09 00:00:00,2024-10-14 00:00:00,2026-01-18 00:00:00
Viv Monterrico,17164485,2026-01-01 00:00:00,'-,Cajas,Cajero 3X4,Part Time,Masculino,2003-07-04 00:00:00,2024-10-14 00:00:00,
Viv Monterrico,17211153,2026-01-01 00:00:00,'-,Cajas,Cajero 5X2,Part Time,Femenino,1998-01-06 00:00:00,2024-10-17 00:00:00,
Viv Monterrico,17304722,2026-01-01 00:00:00,'-,Almacén,Repres. De Servicios,Part Time,Masculino,2003-06-03 00:00:00,2024-10-25 00:00:00,2026-01-31 00:00:00
Viv Monterrico,17367303,2026-01-01 00:00:00,'-,"Carnes, Pescados, Fiambres, Frutas & Verduras",Repres. De Servicios,Full Time,Masculino,2006-08-12 00:00:00,2025-02-01 00:00:00,
Viv Monterrico,17496663,2026-01-01 00:00:00,'-,Cajas,Cajero 5X2,Part Time,Masculino,2005-03-13 00:00:00,2024-11-15 00:00:00,
Viv Monterrico,17540221,2026-01-01 00:00:00,'-,Comidas Preparadas Panadería Y Pastelería,Repres. De Servicios,Part Time,Femenino,2006-08-15 00:00:00,2026-01-27 00:00:00,
Viv Monterrico,17680473,2026-01-01 00:00:00,'-,Cajas,Cajero 5X2,Part Time,Femenino,1988-03-13 00:00:00,2024-11-25 00:00:00,
Viv Monterrico,17683128,2026-01-01 00:00:00,'-,Cajas,Cajero 5X2,Part Time,Femenino,2004-04-20 00:00:00,2024-11-28 00:00:00,2026-02-01 00:00:00
Viv Monterrico,17783053,2026-01-01 00:00:00,'-,Cajas,Cajero 5X2,Part Time,Masculino,2004-01-16 00:00:00,2024-12-10 00:00:00,
Viv Monterrico,17796970,2026-01-01 00:00:00,'-,"Carnes, Pescados, Fiambres, Frutas & Verduras",Repres. De Servicios,Part Time,Femenino,2003-10-06 00:00:00,2024-12-10 00:00:00,2026-01-15 00:00:00
Viv Monterrico,17958127,2026-01-01 00:00:00,'-,Almacén,Repres. De Servicios,Part Time,Masculino,2003-05-02 00:00:00,2025-01-24 00:00:00,
Viv Monterrico,18216092,2026-01-01 00:00:00,'-,Cajas,Cajero 5X2,Part Time,Masculino,2002-04-17 00:00:00,2025-02-25 00:00:00,
Viv Monterrico,18256493,2026-01-01 00:00:00,'-,Cajas,Cajero 5X2,Part Time,Femenino,2001-12-24 00:00:00,2025-03-04 00:00:00,2026-01-05 00:00:00
Viv Monterrico,18294821,2026-01-01 00:00:00,'-,"Carnes, Pescados, Fiambres, Frutas & Verduras",Repres. De Servicios,Full Time,Masculino,2001-02-11 00:00:00,2025-03-11 00:00:00,
Viv Monterrico,18338681,2026-01-01 00:00:00,'-,Sala,Repres. De Servicios,Part Time,Femenino,1993-12-15 00:00:00,2025-03-24 00:00:00,
Viv Monterrico,18344016,2026-01-01 00:00:00,'-,"Carnes, Pescados, Fiambres, Frutas & Verduras",Repres. De Servicios,Full Time,Femenino,2001-10-31 00:00:00,2025-04-01 00:00:00,
Viv Monterrico,18347,2026-01-01 00:00:00,'-,Cajas,Jefe De Seccion,Full Time,Masculino,1992-12-14 00:00:00,2020-02-03 00:00:00,
Viv Monterrico,18396,2026-01-01 00:00:00,'-,"Carnes, Pescados, Fiambres, Frutas & Verduras",Repres. De Servicios I,Full Time,Femenino,1982-06-03 00:00:00,2013-09-09 00:00:00,
Viv Monterrico,18438371,2026-01-01 00:00:00,'-,Cajas,Cajero 5X2,Part Time,Masculino,2004-11-21 00:00:00,2025-04-10 00:00:00,2026-01-01 00:00:00
Viv Monterrico,18488612,2026-01-01 00:00:00,'-,Cajas,Cajero 5X2,Part Time,Femenino,2006-09-20 00:00:00,2025-04-16 00:00:00,
Viv Monterrico,18625750,2026-01-01 00:00:00,'-,Cajas,Cajero 5X2,Full Time,Femenino,1986-12-26 00:00:00,2025-04-24 00:00:00,
Viv Monterrico,18625752,2026-01-01 00:00:00,'-,Cajas,Cajero 5X2,Part Time,Masculino,2005-09-30 00:00:00,2025-04-24 00:00:00,
Viv Monterrico,18625784,2026-01-01 00:00:00,'-,Cajas,Asistente De Self Check Out Pt,Part Time,Femenino,2007-03-29 00:00:00,2025-04-24 00:00:00,
Viv Monterrico,18626066,2026-01-01 00:00:00,'-,Cajas,Cajero 6X1,Full Time,Masculino,2004-05-07 00:00:00,2025-04-28 00:00:00,
Viv Monterrico,18644813,2026-01-01 00:00:00,'-,Cajas,Cajero 3X4,Part Time,Femenino,2000-09-15 00:00:00,2025-05-09 00:00:00,
Viv Monterrico,18678006,2026-01-01 00:00:00,'-,Cajas,Repres. De Servicios,Full Time,Femenino,2007-01-23 00:00:00,2025-05-13 00:00:00,
Viv Monterrico,18693350,2026-01-01 00:00:00,'-,Sala,Repres. De Servicios,Part Time,Masculino,2002-09-30 00:00:00,2025-05-20 00:00:00,2026-01-18 00:00:00
Viv Monterrico,18715415,2026-01-01 00:00:00,'-,Sala,Repres. De Servicios Fds,Part Time,Masculino,2005-03-23 00:00:00,2025-05-28 00:00:00,
Viv Monterrico,18727974,2026-01-01 00:00:00,'-,Comidas Preparadas Panadería Y Pastelería,Repres. De Servicios,Full Time,Femenino,2005-04-19 00:00:00,2025-12-01 00:00:00,
Viv Monterrico,18743530,2026-01-01 00:00:00,'-,Comidas Preparadas Panadería Y Pastelería,Repres. De Servicios,Part Time,Masculino,2006-08-18 00:00:00,2025-06-10 00:00:00,
Viv Monterrico,18875,2026-01-01 00:00:00,'-,Almacén,Repres. De Servicios I,Full Time,Masculino,1991-06-03 00:00:00,2014-09-18 00:00:00,
Viv Monterrico,18965310,2026-01-01 00:00:00,'-,Almacén,Repres. De Servicios,Part Time,Masculino,1996-08-27 00:00:00,2025-09-15 00:00:00,
Viv Monterrico,18965476,2026-01-01 00:00:00,'-,Cajas,Cajero 3X4,Part Time,Femenino,2006-08-20 00:00:00,2025-09-15 00:00:00,
Viv Monterrico,18965477,2026-01-01 00:00:00,'-,Cajas,Cajero 3X4,Part Time,Femenino,1987-04-29 00:00:00,2025-09-15 00:00:00,
Viv Monterrico,18965591,2026-01-01 00:00:00,'-,Cajas,Cajero 5X2,Part Time,Femenino,1992-05-22 00:00:00,2025-09-15 00:00:00,2026-01-02 00:00:00
Viv Monterrico,18966219,2026-01-01 00:00:00,'-,Cajas,Cajero 3X4,Part Time,Masculino,2006-03-03 00:00:00,2025-09-16 00:00:00,
Viv Monterrico,18966277,2026-01-01 00:00:00,'-,Cajas,Cajero 5X2,Part Time,Femenino,2006-11-21 00:00:00,2025-09-16 00:00:00,
Viv Monterrico,18967200,2026-01-01 00:00:00,'-,Cajas,Cajero 3X4,Part Time,Femenino,2004-12-22 00:00:00,2025-09-19 00:00:00,
Viv Monterrico,18969479,2026-01-01 00:00:00,'-,Almacén,Repres. De Servicios,Part Time,Masculino,2007-02-10 00:00:00,2025-09-26 00:00:00,
Viv Monterrico,18969915,2026-01-01 00:00:00,'-,"Carnes, Pescados, Fiambres, Frutas & Verduras",Repres. De Servicios,Part Time,Masculino,2003-12-24 00:00:00,2025-09-29 00:00:00,
Viv Monterrico,18970827,2026-01-01 00:00:00,'-,Comidas Preparadas Panadería Y Pastelería,Repres. De Servicios,Part Time,Masculino,2004-01-16 00:00:00,2025-10-01 00:00:00,2026-01-15 00:00:00
Viv Monterrico,18972792,2026-01-01 00:00:00,'-,"Carnes, Pescados, Fiambres, Frutas & Verduras",Repres. De Servicios Fds,Part Time,Masculino,2006-04-17 00:00:00,2025-10-09 00:00:00,2026-01-01 00:00:00
Viv Monterrico,18973226,2026-01-01 00:00:00,'-,Comidas Preparadas Panadería Y Pastelería,Repres. De Servicios Fds,Part Time,Masculino,2005-07-16 00:00:00,2025-10-13 00:00:00,
Viv Monterrico,18973682,2026-01-01 00:00:00,'-,Sala,Repres. De Servicios,Part Time,Masculino,2006-11-15 00:00:00,2025-10-14 00:00:00,2026-01-11 00:00:00
Viv Monterrico,18973686,2026-01-01 00:00:00,'-,Comidas Preparadas Panadería Y Pastelería,Repres. De Servicios Fds,Part Time,Femenino,2005-01-22 00:00:00,2025-10-14 00:00:00,
Viv Monterrico,18977151,2026-01-01 00:00:00,'-,Cajas,Repres. De Servicios,Part Time,Masculino,2003-07-22 00:00:00,2025-10-31 00:00:00,
Viv Monterrico,18983929,2026-01-01 00:00:00,'-,Sala,Repres. De Servicios,Part Time,Femenino,2006-06-06 00:00:00,2025-12-01 00:00:00,
Viv Monterrico,18987377,2026-01-01 00:00:00,'-,Comidas Preparadas Panadería Y Pastelería,Repres. De Servicios,Part Time,Masculino,2003-02-17 00:00:00,2025-12-11 00:00:00,2026-01-09 00:00:00
Viv Monterrico,18987657,2026-01-01 00:00:00,'-,Comidas Preparadas Panadería Y Pastelería,Repres. De Servicios,Part Time,Femenino,2005-12-31 00:00:00,2025-12-15 00:00:00,
Viv Monterrico,18987833,2026-01-01 00:00:00,'-,Sala,Repres. De Servicios,Part Time,Femenino,2005-03-16 00:00:00,2025-12-12 00:00:00,
Viv Monterrico,18987928,2026-01-01 00:00:00,'-,Almacén,Repres. De Servicios,Part Time,Masculino,2005-12-02 00:00:00,2025-12-12 00:00:00,
Viv Monterrico,18987968,2026-01-01 00:00:00,'-,Almacén,Repres. De Servicios,Part Time,Masculino,2007-09-25 00:00:00,2025-12-12 00:00:00,
Viv Monterrico,18989469,2026-01-01 00:00:00,'-,"Carnes, Pescados, Fiambres, Frutas & Verduras",Repres. De Servicios,Part Time,Femenino,1997-04-06 00:00:00,2025-12-17 00:00:00,2026-02-01 00:00:00
Viv Monterrico,18989582,2026-01-01 00:00:00,'-,Sala,Repres. De Servicios,Part Time,Masculino,2002-01-13 00:00:00,2025-12-18 00:00:00,
Viv Monterrico,18989583,2026-01-01 00:00:00,'-,Cajas,Cajero 5X2,Part Time,Femenino,2003-08-15 00:00:00,2025-12-18 00:00:00,
Viv Monterrico,18989860,2026-01-01 00:00:00,'-,"Carnes, Pescados, Fiambres, Frutas & Verduras",Repres. De Servicios,Part Time,Masculino,2007-02-28 00:00:00,2025-12-19 00:00:00,
Viv Monterrico,18989895,2026-01-01 00:00:00,'-,Sala,Repres. De Servicios,Part Time,Masculino,2000-12-15 00:00:00,2025-12-19 00:00:00,
Viv Monterrico,18989928,2026-01-01 00:00:00,'-,Cajas,Cajero 5X2,Part Time,Femenino,2006-10-28 00:00:00,2025-12-19 00:00:00,
Viv Monterrico,18989964,2026-01-01 00:00:00,'-,Cajas,Cajero 3X4,Part Time,Femenino,2003-06-14 00:00:00,2025-12-19 00:00:00,
Viv Monterrico,18990933,2026-01-01 00:00:00,'-,Sala,Repres. De Servicios,Full Time,Femenino,1968-05-17 00:00:00,2025-12-23 00:00:00,2026-01-31 00:00:00
Viv Monterrico,18990973,2026-01-01 00:00:00,'-,Comidas Preparadas Panadería Y Pastelería,Repres. De Servicios,Part Time,Femenino,2002-02-13 00:00:00,2025-12-24 00:00:00,2026-01-31 00:00:00
Viv Monterrico,18990976,2026-01-01 00:00:00,'-,Comidas Preparadas Panadería Y Pastelería,Repres. De Servicios,Part Time,Femenino,2006-01-04 00:00:00,2025-12-24 00:00:00,
Viv Monterrico,18990983,2026-01-01 00:00:00,'-,"Carnes, Pescados, Fiambres, Frutas & Verduras",Repres. De Servicios,Part Time,Masculino,2006-04-06 00:00:00,2025-12-24 00:00:00,
Viv Monterrico,18990996,2026-01-01 00:00:00,'-,Comidas Preparadas Panadería Y Pastelería,Repres. De Servicios Fds,Part Time,Femenino,2007-05-12 00:00:00,2025-12-24 00:00:00,
Viv Monterrico,18990998,2026-01-01 00:00:00,'-,Comidas Preparadas Panadería Y Pastelería,Repres. De Servicios,Part Time,Femenino,2007-04-26 00:00:00,2025-12-24 00:00:00,
Viv Monterrico,18990999,2026-01-01 00:00:00,'-,"Carnes, Pescados, Fiambres, Frutas & Verduras",Repres. De Servicios,Part Time,Masculino,2006-06-14 00:00:00,2025-12-24 00:00:00,
Viv Monterrico,18991051,2026-01-01 00:00:00,'-,Almacén,Repres. De Servicios,Part Time,Masculino,2006-10-09 00:00:00,2025-12-24 00:00:00,
Viv Monterrico,18991053,2026-01-01 00:00:00,'-,Sala,Repres. De Servicios,Part Time,Femenino,2005-02-03 00:00:00,2025-12-24 00:00:00,
Viv Monterrico,18995104,2026-01-01 00:00:00,'-,"Carnes, Pescados, Fiambres, Frutas & Verduras",Repres. De Servicios,Part Time,Masculino,2004-05-08 00:00:00,2026-01-14 00:00:00,
Viv Monterrico,18995791,2026-01-01 00:00:00,'-,Sala,Repres. De Servicios,Part Time,Masculino,2003-08-21 00:00:00,2026-01-16 00:00:00,
Viv Monterrico,18998557,2026-01-01 00:00:00,'-,Comidas Preparadas Panadería Y Pastelería,Repres. De Servicios,Part Time,Masculino,2007-09-08 00:00:00,2026-01-27 00:00:00,
Viv Monterrico,18998561,2026-01-01 00:00:00,'-,Cajas,Cajero 5X2,Part Time,Femenino,2006-04-13 00:00:00,2026-01-27 00:00:00,
Viv Monterrico,18998562,2026-01-01 00:00:00,'-,"Carnes, Pescados, Fiambres, Frutas & Verduras",Repres. De Servicios,Full Time,Masculino,2006-08-27 00:00:00,2026-01-27 00:00:00,
Viv Monterrico,18998563,2026-01-01 00:00:00,'-,Comidas Preparadas Panadería Y Pastelería,Repres. De Servicios,Part Time,Femenino,2005-12-08 00:00:00,2026-01-27 00:00:00,
Viv Monterrico,18998568,2026-01-01 00:00:00,'-,Comidas Preparadas Panadería Y Pastelería,Repres. De Servicios,Part Time,Femenino,2004-07-19 00:00:00,2026-01-27 00:00:00,2026-02-02 00:00:00
Viv Monterrico,18998585,2026-01-01 00:00:00,'-,Comidas Preparadas Panadería Y Pastelería,Repres. De Servicios,Part Time,Femenino,2005-06-06 00:00:00,2026-01-27 00:00:00,
Viv Monterrico,18998586,2026-01-01 00:00:00,'-,Comidas Preparadas Panadería Y Pastelería,Repres. De Servicios,Full Time,Masculino,2006-09-28 00:00:00,2026-01-27 00:00:00,
Viv Monterrico,18998588,2026-01-01 00:00:00,'-,Cajas,Asistente De Self Check Out Pt,Part Time,Femenino,2004-12-23 00:00:00,2026-01-27 00:00:00,
Viv Monterrico,18998607,2026-01-01 00:00:00,'-,Comidas Preparadas Panadería Y Pastelería,Repres. De Servicios,Part Time,Masculino,2007-09-05 00:00:00,2026-01-27 00:00:00,
Viv Monterrico,18998608,2026-01-01 00:00:00,'-,Comidas Preparadas Panadería Y Pastelería,Repres. De Servicios,Part Time,Masculino,2006-10-08 00:00:00,2026-01-27 00:00:00,
Viv Monterrico,18998609,2026-01-01 00:00:00,'-,Comidas Preparadas Panadería Y Pastelería,Repres. De Servicios,Part Time,Femenino,2006-03-17 00:00:00,2026-01-27 00:00:00,
Viv Monterrico,18998669,2026-01-01 00:00:00,'-,Comidas Preparadas Panadería Y Pastelería,Repres. De Servicios,Part Time,Femenino,2002-04-19 00:00:00,2026-01-27 00:00:00,
Viv Monterrico,18998674,2026-01-01 00:00:00,'-,Comidas Preparadas Panadería Y Pastelería,Repres. De Servicios,Part Time,Masculino,2006-10-16 00:00:00,2026-01-27 00:00:00,
Viv Monterrico,204123,2026-01-01 00:00:00,'-,Sala,Repres. De Servicios,Full Time,Femenino,1984-11-24 00:00:00,2018-06-26 00:00:00,
Viv Monterrico,21073,2026-01-01 00:00:00,'-,Comidas Preparadas Panadería Y Pastelería,Repres. De Servicios,Full Time,Masculino,1978-11-03 00:00:00,2008-09-01 00:00:00,
Viv Monterrico,21097,2026-01-01 00:00:00,'-,Almacén,Jefe De Seccion Eo,Full Time,Masculino,1965-04-05 00:00:00,1988-04-02 00:00:00,
Viv Monterrico,21184,2026-01-01 00:00:00,'-,Administración,Asistente De Tienda,Full Time,Femenino,1986-05-18 00:00:00,2012-01-05 00:00:00,
Viv Monterrico,21347,2026-01-01 00:00:00,'-,Sala,Repres. De Servicios I,Full Time,Masculino,1979-04-19 00:00:00,2011-02-10 00:00:00,
Viv Monterrico,235488,2026-01-01 00:00:00,'-,Cajas,Repres. De Servicios,Full Time,Femenino,1977-09-25 00:00:00,2020-01-01 00:00:00,
Viv Monterrico,241468,2026-01-01 00:00:00,'-,Sala,Especialista En Bebidas,Full Time,Masculino,1985-11-16 00:00:00,2018-11-15 00:00:00,
Viv Monterrico,242902,2026-01-01 00:00:00,'-,Cajas,Supervisor De Cajeros,Full Time,Femenino,2000-09-03 00:00:00,2024-11-25 00:00:00,
Viv Monterrico,245990,2026-01-01 00:00:00,'-,Cajas,Cajero 5X2,Full Time,Masculino,1989-09-26 00:00:00,2018-12-18 00:00:00,
Viv Monterrico,25610,2026-01-01 00:00:00,'-,Sala,Jefe De Seccion,Full Time,Femenino,1995-12-18 00:00:00,2020-02-12 00:00:00,
Viv Monterrico,27172,2026-01-01 00:00:00,'-,Comidas Preparadas Panadería Y Pastelería,Repres. De Servicios I,Full Time,Femenino,1992-08-05 00:00:00,2015-06-08 00:00:00,
Viv Monterrico,273875,2026-01-01 00:00:00,'-,"Carnes, Pescados, Fiambres, Frutas & Verduras",Repres. De Servicios I,Full Time,Masculino,2000-06-16 00:00:00,2025-07-07 00:00:00,
Viv Monterrico,27570,2026-01-01 00:00:00,'-,Comidas Preparadas Panadería Y Pastelería,Repres. De Servicios,Full Time,Femenino,1979-03-22 00:00:00,2015-09-01 00:00:00,
Viv Monterrico,276932,2026-01-01 00:00:00,'-,Cajas,Representante De Servicio 5X2 D,Part Time,Masculino,1979-03-26 00:00:00,2019-08-02 00:00:00,
Viv Monterrico,284648,2026-01-01 00:00:00,'-,Comidas Preparadas Panadería Y Pastelería,Repres. De Servicios,Full Time,Femenino,1998-01-12 00:00:00,2020-03-01 00:00:00,
Viv Monterrico,299199,2026-01-01 00:00:00,'-,Sala,Representante De Servicio 5X2 D,Part Time,Femenino,1965-08-29 00:00:00,2019-12-10 00:00:00,
Viv Monterrico,31001,2026-01-01 00:00:00,'-,Recepción E Inventarios,Auxiliar De Inventarios,Full Time,Femenino,1993-09-25 00:00:00,2016-01-01 00:00:00,
Viv Monterrico,31936,2026-01-01 00:00:00,'-,Cajas,Supervisor De Cajeros,Full Time,Femenino,1985-02-13 00:00:00,2016-02-01 00:00:00,
Viv Monterrico,34551,2026-01-01 00:00:00,'-,Recepción,Repres. De Servicios,Full Time,Femenino,1987-11-06 00:00:00,2016-02-17 00:00:00,
Viv Monterrico,36599,2026-01-01 00:00:00,'-,"Carnes, Pescados, Fiambres, Frutas & Verduras",Repres. De Servicios,Full Time,Femenino,1982-11-15 00:00:00,2016-03-02 00:00:00,
Viv Monterrico,3705,2026-01-01 00:00:00,'-,Administración,Jefe Entrenador,Full Time,Masculino,1968-12-14 00:00:00,2004-04-01 00:00:00,
Viv Monterrico,38464,2026-01-01 00:00:00,'-,Cajas,Cajero 5X2,Full Time,Femenino,1976-11-28 00:00:00,2018-02-01 00:00:00,
Viv Monterrico,40160,2026-01-01 00:00:00,'-,Cajas,Repres. De Servicios,Part Time,Masculino,1992-12-07 00:00:00,2016-05-04 00:00:00,
Viv Monterrico,4176,2026-01-01 00:00:00,'-,Cajas,Repres. De Servicios,Full Time,Masculino,1969-09-15 00:00:00,2013-07-10 00:00:00,
Viv Monterrico,41959,2026-01-01 00:00:00,'-,"Carnes, Pescados, Fiambres, Frutas & Verduras",Repres. De Servicios,Full Time,Femenino,1973-06-24 00:00:00,2016-07-08 00:00:00,
Viv Monterrico,51730,2026-01-01 00:00:00,'-,"Carnes, Pescados, Fiambres, Frutas & Verduras",Repres. De Servicios I,Full Time,Femenino,1994-11-10 00:00:00,2019-05-01 00:00:00,
Viv Monterrico,51793,2026-01-01 00:00:00,'-,Administración,Coordinador De Operaciones Iga,Full Time,Femenino,1993-11-12 00:00:00,2022-02-01 00:00:00,
Viv Monterrico,6265241,2026-01-01 00:00:00,'-,Cajas,Cajero 6X1,Full Time,Masculino,2002-02-28 00:00:00,2025-04-01 00:00:00,
Viv Monterrico,6990,2026-01-01 00:00:00,'-,Comidas Preparadas Panadería Y Pastelería,Repres. De Servicios Eo,Full Time,Masculino,1964-03-29 00:00:00,2007-09-01 00:00:00,
Viv Monterrico,7178,2026-01-01 00:00:00,'-,Comidas Preparadas Panadería Y Pastelería,Repres. De Servicios,Full Time,Femenino,1991-04-30 00:00:00,2012-04-01 00:00:00,
Viv Monterrico,7280,2026-01-01 00:00:00,'-,"Carnes, Pescados, Fiambres, Frutas & Verduras",Repres. De Servicios Eo,Full Time,Femenino,1962-07-30 00:00:00,1997-12-01 00:00:00,
Viv Monterrico,7325,2026-01-01 00:00:00,'-,Cajas,Supervisor De Cajeros,Full Time,Femenino,1992-07-21 00:00:00,2019-11-29 00:00:00,
Viv Monterrico,8668,2026-01-01 00:00:00,'-,Sala,Repres. De Servicios,Full Time,Femenino,1983-02-21 00:00:00,2020-02-26 00:00:00,
Viv Monterrico,9517389,2026-01-01 00:00:00,'-,Cajas,Cajero 3X4,Part Time,Femenino,2002-04-29 00:00:00,2021-11-30 00:00:00,2026-02-01 00:00:00
Viv Monterrico,9734259,2026-01-01 00:00:00,'-,Sala,Repres. De Servicios,Part Time,Femenino,2001-04-22 00:00:00,2022-01-21 00:00:00,
Viv Monterrico,9864173,2026-01-01 00:00:00,'-,Cajas,Asistente De Self Check Out Pt,Part Time,Masculino,2002-04-18 00:00:00,2024-02-21 00:00:00,
Pvea Miraflores,10712,2025-12-01 00:00:00,'-,Administración,Asistente De Tienda,Full Time,Femenino,1987-05-15 00:00:00,2009-06-01 00:00:00,
Pvea Miraflores,108279,2025-12-01 00:00:00,'-,Almacén,Repres. De Servicios,Full Time,Masculino,1999-06-19 00:00:00,2024-11-01 00:00:00,
Pvea Miraflores,10896,2025-12-01 00:00:00,'-,Cajas,Jefe De Seccion,Full Time,Masculino,1986-04-21 00:00:00,2011-08-01 00:00:00,
Pvea Miraflores,10922,2025-12-01 00:00:00,'-,Administración,Subgerente De Tienda,Full Time,Masculino,1989-05-26 00:00:00,2008-04-02 00:00:00,
Pvea Miraflores,11215671,2025-12-01 00:00:00,'-,Cajas,Supervisor De Cajeros,Full Time,Masculino,2002-07-27 00:00:00,2024-04-01 00:00:00,
Pvea Miraflores,11244,2025-12-01 00:00:00,'-,Recepción E Inventarios,Auxiliar De Inventarios,Full Time,Masculino,1992-07-22 00:00:00,2013-07-11 00:00:00,
Pvea Miraflores,11467819,2025-12-01 00:00:00,'-,Sala Frescos,Repres. De Servicios,Part Time,Femenino,2002-08-04 00:00:00,2022-10-26 00:00:00,
Pvea Miraflores,11471369,2025-12-01 00:00:00,'-,Cajas,Multifuncional 5X2 1Er Turno,Part Time,Masculino,2001-11-07 00:00:00,2022-10-28 00:00:00,
Pvea Miraflores,11639932,2025-12-01 00:00:00,'-,Sala Frescos,Repres. De Servicios,Part Time,Masculino,2004-11-02 00:00:00,2023-01-24 00:00:00,
Pvea Miraflores,11640264,2025-12-01 00:00:00,'-,Cajas,Repres. De Servicios,Part Time,Masculino,2002-09-28 00:00:00,2022-12-01 00:00:00,
Pvea Miraflores,11670565,2025-12-01 00:00:00,'-,Cajas,Multifuncional,Part Time,Femenino,1990-06-09 00:00:00,2022-12-06 00:00:00,
Pvea Miraflores,1173,2025-12-01 00:00:00,'-,Sala Frescos,Repres. De Servicios I,Full Time,Femenino,1980-08-21 00:00:00,2014-08-05 00:00:00,
Pvea Miraflores,11755194,2025-12-01 00:00:00,'-,Cajas,Multifuncional 5X2 1Er Turno,Part Time,Femenino,2004-07-24 00:00:00,2023-01-13 00:00:00,
Pvea Miraflores,11919846,2025-12-01 00:00:00,'-,Recepción,Repres. De Servicios,Full Time,Masculino,2004-10-27 00:00:00,2024-05-01 00:00:00,
Pvea Miraflores,11966958,2025-12-01 00:00:00,'-,Sala Frescos,Repres. De Servicios,Full Time,Masculino,1998-10-25 00:00:00,2023-03-10 00:00:00,2026-01-01 00:00:00
Pvea Miraflores,11967461,2025-12-01 00:00:00,'-,Cajas,Repres. De Servicios,Part Time,Masculino,2002-12-08 00:00:00,2024-03-26 00:00:00,
Pvea Miraflores,11968470,2025-12-01 00:00:00,'-,Sala Frescos,Repres. De Servicios,Full Time,Femenino,2004-12-19 00:00:00,2023-03-21 00:00:00,
Pvea Miraflores,11975834,2025-12-01 00:00:00,'-,Sala Frescos,Repres. De Servicios,Full Time,Femenino,1990-07-17 00:00:00,2023-03-24 00:00:00,
Pvea Miraflores,11995789,2025-12-01 00:00:00,'-,Almacén Frescos,Repres. De Servicios I,Full Time,Masculino,2001-01-20 00:00:00,2024-04-01 00:00:00,
Pvea Miraflores,12020890,2025-12-01 00:00:00,'-,Sala Frescos,Repres. De Servicios,Full Time,Femenino,2004-08-03 00:00:00,2023-04-05 00:00:00,2025-12-15 00:00:00
Pvea Miraflores,12064373,2025-12-01 00:00:00,'-,Sala Frescos,Repres. De Servicios,Full Time,Masculino,1995-10-25 00:00:00,2024-04-01 00:00:00,
Pvea Miraflores,12069362,2025-12-01 00:00:00,'-,Almacén,Repres. De Servicios,Part Time,Masculino,2003-04-10 00:00:00,2023-04-20 00:00:00,
Pvea Miraflores,12103937,2025-12-01 00:00:00,'-,Almacén Frescos,Repres. De Servicios,Full Time,Masculino,1993-04-22 00:00:00,2023-04-27 00:00:00,
Pvea Miraflores,12179662,2025-12-01 00:00:00,'-,Sala Frescos,Chef,Full Time,Femenino,2004-05-07 00:00:00,2024-07-01 00:00:00,
Pvea Miraflores,12179728,2025-12-01 00:00:00,'-,Sala,Multifuncional,Full Time,Masculino,1991-06-16 00:00:00,2025-03-01 00:00:00,
Pvea Miraflores,12302,2025-12-01 00:00:00,'-,Recepción,Repres. De Servicios,Full Time,Masculino,1974-10-26 00:00:00,2019-01-22 00:00:00,
Pvea Miraflores,12341116,2025-12-01 00:00:00,'-,Cajas,Multifuncional 5X2 1Er Turno,Part Time,Femenino,2002-07-31 00:00:00,2023-07-14 00:00:00,
Pvea Miraflores,12478604,2025-12-01 00:00:00,'-,Cajas,Multifuncional 5X2,Part Time,Masculino,2003-06-28 00:00:00,2023-08-17 00:00:00,
Pvea Miraflores,12930960,2025-12-01 00:00:00,'-,Cajas,Multifuncional,Full Time,Femenino,2003-02-02 00:00:00,2024-06-01 00:00:00,
Pvea Miraflores,13218619,2025-12-01 00:00:00,'-,Cajas,Multifuncional 5X2 1Er Turno,Part Time,Femenino,1992-08-16 00:00:00,2023-11-03 00:00:00,
Pvea Miraflores,13800552,2025-12-01 00:00:00,'-,Almacén Frescos,Repres. De Servicios,Full Time,Masculino,1975-09-29 00:00:00,2024-01-10 00:00:00,
Pvea Miraflores,14000816,2025-12-01 00:00:00,'-,Sala Frescos,Repres. De Servicios,Full Time,Femenino,2002-09-16 00:00:00,2024-02-06 00:00:00,2025-12-31 00:00:00
Pvea Miraflores,14029100,2025-12-01 00:00:00,'-,Recepción E Inventarios,Auxiliar De Inventarios,Full Time,Masculino,1996-08-14 00:00:00,2024-02-07 00:00:00,
Pvea Miraflores,14198239,2025-12-01 00:00:00,'-,Cajas,Multifuncional,Part Time,Femenino,2005-08-10 00:00:00,2024-02-14 00:00:00,
Pvea Miraflores,14234670,2025-12-01 00:00:00,'-,Cajas,Multifuncional 5X2 1Er Turno,Part Time,Masculino,2002-08-01 00:00:00,2024-11-25 00:00:00,
Pvea Miraflores,14574,2025-12-01 00:00:00,'-,Sala,Repres. De Servicios I,Full Time,Masculino,1969-09-18 00:00:00,2013-09-19 00:00:00,
Pvea Miraflores,14683987,2025-12-01 00:00:00,'-,Cajas,Supervisor De Cajeros,Full Time,Femenino,2003-01-11 00:00:00,2025-01-01 00:00:00,
Pvea Miraflores,14684378,2025-12-01 00:00:00,'-,Cajas,Multifuncional Fds,Part Time,Femenino,2004-11-16 00:00:00,2024-03-15 00:00:00,2025-12-28 00:00:00
Pvea Miraflores,14788217,2025-12-01 00:00:00,'-,Cajas,Multifuncional,Full Time,Femenino,1998-11-15 00:00:00,2025-04-01 00:00:00,
Pvea Miraflores,14858577,2025-12-01 00:00:00,'-,Electro,Repres. De Servicios,Full Time,Masculino,2006-01-14 00:00:00,2024-09-01 00:00:00,2025-12-30 00:00:00
Pvea Miraflores,14858766,2025-12-01 00:00:00,'-,Sala Frescos,Repres. De Servicios,Full Time,Femenino,1975-10-04 00:00:00,2025-01-01 00:00:00,
Pvea Miraflores,14860022,2025-12-01 00:00:00,'-,Cajas,Asistente De Self Check Out Pt,Part Time,Femenino,2004-12-28 00:00:00,2024-03-26 00:00:00,
Pvea Miraflores,15329,2025-12-01 00:00:00,'-,Sala Frescos,Repres. De Servicios,Full Time,Masculino,1980-09-20 00:00:00,2014-10-15 00:00:00,
Pvea Miraflores,15470720,2025-12-01 00:00:00,'-,Sala,Multifuncional,Part Time,Femenino,2005-07-13 00:00:00,2024-04-29 00:00:00,2025-12-15 00:00:00
Pvea Miraflores,15874352,2025-12-01 00:00:00,'-,Cajas,Multifuncional 5X2 1Er Turno,Part Time,Masculino,2003-05-10 00:00:00,2024-05-23 00:00:00,
Pvea Miraflores,15968821,2025-12-01 00:00:00,'-,Cajas,Multifuncional,Part Time,Masculino,2005-06-04 00:00:00,2024-06-04 00:00:00,
Pvea Miraflores,15985097,2025-12-01 00:00:00,'-,Sala Frescos,Repres. De Servicios,Part Time,Masculino,2002-01-04 00:00:00,2024-06-06 00:00:00,
Pvea Miraflores,16025222,2025-12-01 00:00:00,'-,Sala,Multifuncional,Part Time,Masculino,2006-03-03 00:00:00,2024-06-17 00:00:00,
Pvea Miraflores,16480681,2025-12-01 00:00:00,'-,Cajas,Repres. De Servicios,Part Time,Masculino,2005-02-13 00:00:00,2024-08-02 00:00:00,2025-12-31 00:00:00
Pvea Miraflores,16599143,2025-12-01 00:00:00,'-,Sala Frescos,Repres. De Servicios,Part Time,Masculino,1979-07-19 00:00:00,2024-08-09 00:00:00,
Pvea Miraflores,16867095,2025-12-01 00:00:00,'-,Cajas,Multifuncional 5X2 1Er Turno,Part Time,Femenino,2006-03-15 00:00:00,2024-09-11 00:00:00,
Pvea Miraflores,17293470,2025-12-01 00:00:00,'-,Cajas,Multifuncional,Full Time,Femenino,2006-10-08 00:00:00,2025-06-01 00:00:00,
Pvea Miraflores,17304094,2025-12-01 00:00:00,'-,Recepción,Repres. De Servicios,Full Time,Masculino,2004-07-30 00:00:00,2025-05-01 00:00:00,
Pvea Miraflores,17468662,2025-12-01 00:00:00,'-,Cajas,Multifuncional 5X2,Part Time,Masculino,2005-08-19 00:00:00,2024-11-12 00:00:00,
Pvea Miraflores,17469240,2025-12-01 00:00:00,'-,Sala Frescos,Repres. De Servicios Fds,Part Time,Femenino,1993-11-13 00:00:00,2024-11-12 00:00:00,2025-12-01 00:00:00
Pvea Miraflores,17533975,2025-12-01 00:00:00,'-,Cajas,Multifuncional,Full Time,Femenino,2005-09-08 00:00:00,2024-11-18 00:00:00,
Pvea Miraflores,17533983,2025-12-01 00:00:00,'-,Cajas,Representante De Servicio 5X2 D,Part Time,Masculino,1995-04-11 00:00:00,2024-11-19 00:00:00,
Pvea Miraflores,17577248,2025-12-01 00:00:00,'-,Cajas,Multifuncional 5X2 1Er Turno,Part Time,Femenino,2002-04-09 00:00:00,2024-11-25 00:00:00,
Pvea Miraflores,17732286,2025-12-01 00:00:00,'-,Cajas,Multifuncional,Part Time,Femenino,1988-11-21 00:00:00,2024-12-06 00:00:00,
Pvea Miraflores,17732520,2025-12-01 00:00:00,'-,Cajas,Repres. De Servicios,Part Time,Femenino,2001-07-23 00:00:00,2025-09-01 00:00:00,
Pvea Miraflores,17732526,2025-12-01 00:00:00,'-,Cajas,Repres. De Servicios,Full Time,Femenino,2004-07-24 00:00:00,2024-12-06 00:00:00,
Pvea Miraflores,17835529,2025-12-01 00:00:00,'-,Cajas,Multifuncional,Part Time,Femenino,1979-03-14 00:00:00,2024-12-19 00:00:00,
Pvea Miraflores,17861149,2025-12-01 00:00:00,'-,Cajas,Multifuncional,Part Time,Masculino,2006-03-29 00:00:00,2024-12-23 00:00:00,
Pvea Miraflores,17955881,2025-12-01 00:00:00,'-,Sala,Repres. De Servicios,Part Time,Masculino,2002-06-08 00:00:00,2025-01-23 00:00:00,
Pvea Miraflores,18028642,2025-12-01 00:00:00,'-,Sala Frescos,Repres. De Servicios,Full Time,Femenino,2006-08-25 00:00:00,2025-02-06 00:00:00,
Pvea Miraflores,18069864,2025-12-01 00:00:00,'-,Sala Frescos,Repres. De Servicios,Full Time,Femenino,2005-01-12 00:00:00,2025-02-13 00:00:00,2026-01-01 00:00:00
Pvea Miraflores,18085472,2025-12-01 00:00:00,'-,Sala,Repres. De Servicios,Part Time,Femenino,2007-01-17 00:00:00,2025-02-14 00:00:00,
Pvea Miraflores,18154,2025-12-01 00:00:00,'-,Sala Frescos,Repres. De Servicios,Part Time,Masculino,1995-05-26 00:00:00,2024-07-01 00:00:00,
Pvea Miraflores,18329320,2025-12-01 00:00:00,'-,Sala Frescos,Repres. De Servicios,Full Time,Femenino,1977-06-11 00:00:00,2025-03-21 00:00:00,
Pvea Miraflores,18329446,2025-12-01 00:00:00,'-,Recepción,Repres. De Servicios,Part Time,Masculino,2000-06-12 00:00:00,2025-03-21 00:00:00,2026-01-01 00:00:00
Pvea Miraflores,18329447,2025-12-01 00:00:00,'-,Sala,Repres. De Servicios,Part Time,Femenino,2006-05-20 00:00:00,2025-03-21 00:00:00,
Pvea Miraflores,18329456,2025-12-01 00:00:00,'-,Sala Frescos,Repres. De Servicios,Part Time,Femenino,1977-10-13 00:00:00,2025-03-21 00:00:00,
Pvea Miraflores,18339022,2025-12-01 00:00:00,'-,Sala,Repres. De Servicios 5X2 Eo,Part Time,Femenino,1959-10-19 00:00:00,2025-03-24 00:00:00,2025-12-15 00:00:00
Pvea Miraflores,18357026,2025-12-01 00:00:00,'-,Cajas,Representante De Servicio 5X2 D,Part Time,Masculino,2002-02-11 00:00:00,2025-04-03 00:00:00,
Pvea Miraflores,18625925,2025-12-01 00:00:00,'-,Cajas,Multifuncional,Full Time,Masculino,1997-06-21 00:00:00,2025-04-25 00:00:00,
Pvea Miraflores,18628261,2025-12-01 00:00:00,'-,Cajas,Multifuncional,Part Time,Masculino,2006-10-05 00:00:00,2025-04-29 00:00:00,
Pvea Miraflores,18633780,2025-12-01 00:00:00,'-,Cajas,Multifuncional 5X2,Part Time,Femenino,1997-03-11 00:00:00,2025-05-02 00:00:00,
Pvea Miraflores,18633781,2025-12-01 00:00:00,'-,Cajas,Multifuncional,Full Time,Femenino,2006-01-10 00:00:00,2025-05-02 00:00:00,
Pvea Miraflores,18633816,2025-12-01 00:00:00,'-,Cajas,Multifuncional Fds,Part Time,Masculino,2004-10-10 00:00:00,2025-05-02 00:00:00,
Pvea Miraflores,18691393,2025-12-01 00:00:00,'-,Almacén,Repres. De Servicios,Part Time,Masculino,2004-03-02 00:00:00,2025-05-19 00:00:00,
Pvea Miraflores,18704492,2025-12-01 00:00:00,'-,Cajas,Asistente De Self Check Out,Full Time,Femenino,1999-12-02 00:00:00,2025-05-23 00:00:00,
Pvea Miraflores,18833623,2025-12-01 00:00:00,'-,Sala Frescos,Repres. De Servicios,Part Time,Masculino,2005-01-16 00:00:00,2025-07-09 00:00:00,
Pvea Miraflores,18837955,2025-12-01 00:00:00,'-,Sala Frescos,Repres. De Servicios,Part Time,Femenino,2005-10-07 00:00:00,2025-07-11 00:00:00,
Pvea Miraflores,18904943,2025-12-01 00:00:00,'-,Sala Frescos,Repres. De Servicios,Part Time,Femenino,2005-04-14 00:00:00,2025-07-22 00:00:00,2025-12-31 00:00:00
Pvea Miraflores,18904963,2025-12-01 00:00:00,'-,Almacén,Repres. De Servicios,Part Time,Masculino,2005-02-18 00:00:00,2025-07-22 00:00:00,
Pvea Miraflores,18954165,2025-12-01 00:00:00,'-,Cajas,Multifuncional Fds,Part Time,Femenino,2007-03-26 00:00:00,2025-08-08 00:00:00,
Pvea Miraflores,18955453,2025-12-01 00:00:00,'-,Almacén Frescos,Repres. De Servicios,Part Time,Masculino,1989-01-08 00:00:00,2025-08-13 00:00:00,
Pvea Miraflores,18956192,2025-12-01 00:00:00,'-,Sala Frescos,Repres. De Servicios Fds,Part Time,Femenino,2001-05-08 00:00:00,2025-08-13 00:00:00,2025-12-01 00:00:00
Pvea Miraflores,18958496,2025-12-01 00:00:00,'-,Almacén Frescos,Repres. De Servicios,Part Time,Masculino,2005-11-21 00:00:00,2025-08-22 00:00:00,
Pvea Miraflores,18958519,2025-12-01 00:00:00,'-,Cajas,Multifuncional,Part Time,Masculino,2006-12-17 00:00:00,2025-08-22 00:00:00,
Pvea Miraflores,18959135,2025-12-01 00:00:00,'-,Sala Frescos,Repres. De Servicios,Part Time,Femenino,2006-05-24 00:00:00,2025-08-22 00:00:00,
Pvea Miraflores,18961460,2025-12-01 00:00:00,'-,Cajas,Multifuncional Fds,Part Time,Femenino,2003-03-12 00:00:00,2025-09-02 00:00:00,
Pvea Miraflores,18961461,2025-12-01 00:00:00,'-,Cajas,Multifuncional 5X2 1Er Turno,Part Time,Masculino,2002-03-08 00:00:00,2025-09-02 00:00:00,
Pvea Miraflores,18961462,2025-12-01 00:00:00,'-,Cajas,Multifuncional 5X2 1Er Turno,Part Time,Femenino,2007-02-11 00:00:00,2025-09-02 00:00:00,
Pvea Miraflores,18961463,2025-12-01 00:00:00,'-,Cajas,Multifuncional Fds,Part Time,Femenino,2006-08-04 00:00:00,2025-09-02 00:00:00,
Pvea Miraflores,18961480,2025-12-01 00:00:00,'-,Cajas,Multifuncional,Full Time,Femenino,2006-04-24 00:00:00,2025-09-02 00:00:00,
Pvea Miraflores,18962085,2025-12-01 00:00:00,'-,Cajas,Multifuncional,Part Time,Femenino,2001-06-24 00:00:00,2025-09-02 00:00:00,
Pvea Miraflores,18962469,2025-12-01 00:00:00,'-,Sala Frescos,Repres. De Servicios,Part Time,Femenino,1999-04-10 00:00:00,2025-09-05 00:00:00,
Pvea Miraflores,18964395,2025-12-01 00:00:00,'-,Cajas,Multifuncional Fds,Part Time,Femenino,2004-09-11 00:00:00,2025-09-10 00:00:00,2025-12-01 00:00:00
Pvea Miraflores,18964543,2025-12-01 00:00:00,'-,Sala,Repres. De Servicios,Part Time,Femenino,2005-05-12 00:00:00,2025-09-10 00:00:00,
Pvea Miraflores,18964544,2025-12-01 00:00:00,'-,Sala,Multifuncional,Part Time,Masculino,2006-01-07 00:00:00,2025-09-10 00:00:00,
Pvea Miraflores,18964545,2025-12-01 00:00:00,'-,Almacén,Repres. De Servicios,Part Time,Masculino,2002-07-04 00:00:00,2025-09-10 00:00:00,
Pvea Miraflores,18965157,2025-12-01 00:00:00,'-,Sala Frescos,Repres. De Servicios,Part Time,Masculino,2003-05-30 00:00:00,2025-09-12 00:00:00,2025-12-31 00:00:00
Pvea Miraflores,18965163,2025-12-01 00:00:00,'-,Almacén,Repres. De Servicios,Part Time,Masculino,2006-11-17 00:00:00,2025-09-12 00:00:00,
Pvea Miraflores,18965167,2025-12-01 00:00:00,'-,Almacén,Repres. De Servicios,Part Time,Masculino,2006-02-26 00:00:00,2025-09-12 00:00:00,
Pvea Miraflores,18967911,2025-12-01 00:00:00,'-,Sala Frescos,Repres. De Servicios,Part Time,Masculino,2005-02-25 00:00:00,2025-09-22 00:00:00,2026-01-01 00:00:00
Pvea Miraflores,18967912,2025-12-01 00:00:00,'-,Recepción,Repres. De Servicios,Part Time,Masculino,2005-01-22 00:00:00,2025-09-22 00:00:00,
Pvea Miraflores,18967914,2025-12-01 00:00:00,'-,Almacén,Repres. De Servicios,Part Time,Masculino,2005-02-02 00:00:00,2025-09-22 00:00:00,
Pvea Miraflores,18967916,2025-12-01 00:00:00,'-,Sala Frescos,Repres. De Servicios,Part Time,Masculino,2005-12-21 00:00:00,2025-09-22 00:00:00,
Pvea Miraflores,18969913,2025-12-01 00:00:00,'-,Sala Frescos,Repres. De Servicios,Part Time,Femenino,2005-02-25 00:00:00,2025-09-29 00:00:00,
Pvea Miraflores,18971586,2025-12-01 00:00:00,'-,Sala Frescos,Repres. De Servicios,Part Time,Femenino,2001-05-27 00:00:00,2025-10-03 00:00:00,
Pvea Miraflores,18971973,2025-12-01 00:00:00,'-,Sala Frescos,Repres. De Servicios,Part Time,Femenino,2007-09-18 00:00:00,2025-10-06 00:00:00,
Pvea Miraflores,18974517,2025-12-01 00:00:00,'-,Cajas,Repres. De Servicios,Part Time,Femenino,2005-04-12 00:00:00,2025-10-17 00:00:00,
Pvea Miraflores,18974544,2025-12-01 00:00:00,'-,Sala Frescos,Repres. De Servicios,Part Time,Femenino,1976-12-28 00:00:00,2025-10-17 00:00:00,
Pvea Miraflores,18975262,2025-12-01 00:00:00,'-,Cajas,Multifuncional 5X2 1Er Turno,Part Time,Femenino,2006-04-05 00:00:00,2025-10-22 00:00:00,
Pvea Miraflores,18975264,2025-12-01 00:00:00,'-,Almacén Frescos,Repres. De Servicios,Part Time,Masculino,1997-07-30 00:00:00,2025-10-22 00:00:00,
Pvea Miraflores,18975265,2025-12-01 00:00:00,'-,Almacén Frescos,Repres. De Servicios,Part Time,Masculino,2005-02-28 00:00:00,2025-10-22 00:00:00,
Pvea Miraflores,18975956,2025-12-01 00:00:00,'-,Sala,Repres. De Servicios,Part Time,Masculino,2002-01-17 00:00:00,2025-10-24 00:00:00,
Pvea Miraflores,18975970,2025-12-01 00:00:00,'-,Sala Frescos,Repres. De Servicios,Part Time,Femenino,2007-09-05 00:00:00,2025-10-24 00:00:00,
Pvea Miraflores,18975971,2025-12-01 00:00:00,'-,Sala Frescos,Repres. De Servicios,Part Time,Masculino,2007-03-01 00:00:00,2025-10-24 00:00:00,
Pvea Miraflores,18975999,2025-12-01 00:00:00,'-,Sala Frescos,Repres. De Servicios,Part Time,Masculino,1995-12-20 00:00:00,2025-10-24 00:00:00,
Pvea Miraflores,18977928,2025-12-01 00:00:00,'-,Cajas,Multifuncional,Part Time,Femenino,1994-11-07 00:00:00,2025-11-04 00:00:00,
Pvea Miraflores,18982560,2025-12-01 00:00:00,'-,Cajas,Multifuncional,Part Time,Femenino,1990-12-20 00:00:00,2025-11-26 00:00:00,2025-12-03 00:00:00
Pvea Miraflores,18982833,2025-12-01 00:00:00,'-,Sala Frescos,Repres. De Servicios,Part Time,Masculino,2003-03-16 00:00:00,2025-11-27 00:00:00,
Pvea Miraflores,18982901,2025-12-01 00:00:00,'-,Cajas,Multifuncional 5X2,Part Time,Femenino,2007-01-09 00:00:00,2025-11-27 00:00:00,
Pvea Miraflores,18983925,2025-12-01 00:00:00,'-,Cajas,Multifuncional 5X2 Campaña,Part Time,Femenino,2005-01-15 00:00:00,2025-12-01 00:00:00,
Pvea Miraflores,18984495,2025-12-01 00:00:00,'-,Cajas,Multifuncional 5X2 Campaña,Part Time,Femenino,2005-09-04 00:00:00,2025-12-03 00:00:00,
Pvea Miraflores,18984970,2025-12-01 00:00:00,'-,Cajas,Multifuncional 5X2 1Er Turno,Part Time,Femenino,2005-05-08 00:00:00,2025-12-04 00:00:00,
Pvea Miraflores,18984984,2025-12-01 00:00:00,'-,Cajas,Multifuncional 5X2 1Er Turno,Part Time,Femenino,2005-12-29 00:00:00,2025-12-04 00:00:00,2026-01-01 00:00:00
Pvea Miraflores,18984986,2025-12-01 00:00:00,'-,Cajas,Multifuncional,Part Time,Masculino,2007-06-26 00:00:00,2025-12-04 00:00:00,
Pvea Miraflores,18984990,2025-12-01 00:00:00,'-,Cajas,Multifuncional 5X2 1Er Turno,Part Time,Femenino,2001-06-15 00:00:00,2025-12-04 00:00:00,
Pvea Miraflores,18985922,2025-12-01 00:00:00,'-,Cajas,Multifuncional Fds,Part Time,Femenino,2000-02-28 00:00:00,2025-12-05 00:00:00,
Pvea Miraflores,18985923,2025-12-01 00:00:00,'-,Sala Frescos,Repres. De Servicios,Full Time,Femenino,2004-05-21 00:00:00,2025-12-05 00:00:00,2025-12-11 00:00:00
Pvea Miraflores,18985924,2025-12-01 00:00:00,'-,Sala Frescos,Repres. De Servicios,Part Time,Femenino,2005-05-08 00:00:00,2025-12-05 00:00:00,
Pvea Miraflores,18985925,2025-12-01 00:00:00,'-,Sala Frescos,Repres. De Servicios,Part Time,Masculino,2007-04-16 00:00:00,2025-12-05 00:00:00,
Pvea Miraflores,18985926,2025-12-01 00:00:00,'-,Sala Frescos,Repres. De Servicios,Part Time,Masculino,2005-10-26 00:00:00,2025-12-05 00:00:00,
Pvea Miraflores,18985927,2025-12-01 00:00:00,'-,Sala Frescos,Repres. De Servicios,Full Time,Masculino,2005-08-20 00:00:00,2025-12-05 00:00:00,
Pvea Miraflores,18985928,2025-12-01 00:00:00,'-,Sala Frescos,Repres. De Servicios,Part Time,Masculino,2006-08-11 00:00:00,2025-12-05 00:00:00,
Pvea Miraflores,18985983,2025-12-01 00:00:00,'-,Sala Frescos,Repres. De Servicios,Part Time,Masculino,2007-03-13 00:00:00,2025-12-05 00:00:00,
Pvea Miraflores,18986401,2025-12-01 00:00:00,'-,Sala Frescos,Repres. De Servicios,Part Time,Masculino,2005-05-24 00:00:00,2025-12-06 00:00:00,
Pvea Miraflores,18986402,2025-12-01 00:00:00,'-,Cajas,Multifuncional,Part Time,Femenino,2005-02-12 00:00:00,2025-12-06 00:00:00,2026-01-01 00:00:00
Pvea Miraflores,18986415,2025-12-01 00:00:00,'-,Cajas,Multifuncional 5X2 1Er Turno,Part Time,Femenino,2004-06-07 00:00:00,2025-12-06 00:00:00,2025-12-12 00:00:00
Pvea Miraflores,18986416,2025-12-01 00:00:00,'-,Sala Frescos,Repres. De Servicios,Part Time,Femenino,2007-11-16 00:00:00,2025-12-06 00:00:00,
Pvea Miraflores,18986418,2025-12-01 00:00:00,'-,Sala Frescos,Repres. De Servicios,Full Time,Femenino,1970-12-02 00:00:00,2025-12-06 00:00:00,2025-12-12 00:00:00
Pvea Miraflores,18986804,2025-12-01 00:00:00,'-,Cajas,Multifuncional 5X2 Campaña,Part Time,Femenino,2000-12-08 00:00:00,2025-12-10 00:00:00,
Pvea Miraflores,18986810,2025-12-01 00:00:00,'-,Cajas,Multifuncional 5X2 Campaña,Part Time,Femenino,2006-07-07 00:00:00,2025-12-10 00:00:00,
Pvea Miraflores,18986815,2025-12-01 00:00:00,'-,Cajas,Multifuncional 5X2 Campaña,Part Time,Femenino,2007-06-10 00:00:00,2025-12-10 00:00:00,
Pvea Miraflores,18986835,2025-12-01 00:00:00,'-,Cajas,Multifuncional 5X2 Campaña,Part Time,Femenino,2006-05-25 00:00:00,2025-12-10 00:00:00,
Pvea Miraflores,18987356,2025-12-01 00:00:00,'-,Cajas,Multifuncional 5X2 Campaña,Part Time,Femenino,2004-05-12 00:00:00,2025-12-11 00:00:00,
Pvea Miraflores,18987362,2025-12-01 00:00:00,'-,Cajas,Multifuncional,Part Time,Masculino,2005-07-05 00:00:00,2025-12-11 00:00:00,
Pvea Miraflores,18987438,2025-12-01 00:00:00,'-,Cajas,Multifuncional,Part Time,Femenino,2006-11-21 00:00:00,2025-12-13 00:00:00,
Pvea Miraflores,18987519,2025-12-01 00:00:00,'-,Sala,Repres. De Servicios,Part Time,Femenino,1978-05-25 00:00:00,2025-12-13 00:00:00,
Pvea Miraflores,18987520,2025-12-01 00:00:00,'-,Sala Frescos,Repres. De Servicios,Full Time,Femenino,2007-07-29 00:00:00,2025-12-13 00:00:00,2025-12-31 00:00:00
Pvea Miraflores,18987521,2025-12-01 00:00:00,'-,Sala,Repres. De Servicios,Part Time,Masculino,2006-03-20 00:00:00,2025-12-13 00:00:00,
Pvea Miraflores,18987522,2025-12-01 00:00:00,'-,Sala Frescos,Repres. De Servicios Fds,Part Time,Femenino,1994-03-27 00:00:00,2025-12-13 00:00:00,2025-12-31 00:00:00
Pvea Miraflores,18987525,2025-12-01 00:00:00,'-,Sala,Repres. De Servicios,Part Time,Femenino,2004-02-10 00:00:00,2025-12-13 00:00:00,
Pvea Miraflores,18987529,2025-12-01 00:00:00,'-,Sala,Repres. De Servicios,Part Time,Femenino,2007-06-26 00:00:00,2025-12-13 00:00:00,
Pvea Miraflores,18987573,2025-12-01 00:00:00,'-,Almacén Frescos,Repres. De Servicios,Full Time,Masculino,2003-07-12 00:00:00,2025-12-11 00:00:00,2025-12-31 00:00:00
Pvea Miraflores,18988240,2025-12-01 00:00:00,'-,Sala,Multifuncional Peak Campaña,Part Time,Femenino,2007-08-29 00:00:00,2025-12-12 00:00:00,
Pvea Miraflores,18988964,2025-12-01 00:00:00,'-,Cajas,Multifuncional 5X2 Campaña,Part Time,Masculino,2005-06-02 00:00:00,2025-12-16 00:00:00,
Pvea Miraflores,18988984,2025-12-01 00:00:00,'-,Almacén Frescos,Repres. De Servicios,Part Time,Masculino,2006-01-08 00:00:00,2025-12-16 00:00:00,
Pvea Miraflores,18989415,2025-12-01 00:00:00,'-,Almacén Frescos,Repres. De Servicios,Part Time,Masculino,2005-04-30 00:00:00,2025-12-17 00:00:00,
Pvea Miraflores,18989425,2025-12-01 00:00:00,'-,Recepción,Repres. De Servicios,Full Time,Masculino,2005-11-15 00:00:00,2025-12-17 00:00:00,
Pvea Miraflores,18989574,2025-12-01 00:00:00,'-,Sala,Multifuncional Peak Campaña,Part Time,Femenino,2003-05-16 00:00:00,2025-12-18 00:00:00,2026-01-01 00:00:00
Pvea Miraflores,18989587,2025-12-01 00:00:00,'-,Sala,Multifuncional Peak Campaña,Part Time,Masculino,2007-11-22 00:00:00,2025-12-18 00:00:00,2026-01-01 00:00:00
Pvea Miraflores,18989612,2025-12-01 00:00:00,'-,Cajas,Multifuncional 5X2 Campaña,Part Time,Femenino,2001-12-19 00:00:00,2025-12-16 00:00:00,
Pvea Miraflores,18989997,2025-12-01 00:00:00,'-,Sala,Multifuncional Peak Campaña,Part Time,Masculino,2002-08-18 00:00:00,2025-12-19 00:00:00,
Pvea Miraflores,18990384,2025-12-01 00:00:00,'-,Sala,Repres. De Servicios,Part Time,Femenino,2006-07-21 00:00:00,2025-12-22 00:00:00,
Pvea Miraflores,18990387,2025-12-01 00:00:00,'-,Almacén,Repres. De Servicios,Part Time,Masculino,2000-08-30 00:00:00,2025-12-22 00:00:00,
Pvea Miraflores,18990389,2025-12-01 00:00:00,'-,Sala Frescos,Repres. De Servicios Fds,Part Time,Femenino,2003-02-19 00:00:00,2025-12-22 00:00:00,
Pvea Miraflores,18990832,2025-12-01 00:00:00,'-,Sala Frescos,Repres. De Servicios,Part Time,Masculino,2006-09-29 00:00:00,2025-12-23 00:00:00,
Pvea Miraflores,18990833,2025-12-01 00:00:00,'-,Sala Frescos,Repres. De Servicios,Part Time,Masculino,2007-04-21 00:00:00,2025-12-23 00:00:00,
Pvea Miraflores,18990857,2025-12-01 00:00:00,'-,Sala Frescos,Repres. De Servicios,Part Time,Masculino,2007-03-25 00:00:00,2025-12-23 00:00:00,
Pvea Miraflores,18990910,2025-12-01 00:00:00,'-,Sala Frescos,Repres. De Servicios Fds,Part Time,Masculino,2005-09-10 00:00:00,2025-12-23 00:00:00,
Pvea Miraflores,203013,2025-12-01 00:00:00,'-,Electro,Vendedor,Full Time,Femenino,1968-11-24 00:00:00,2018-05-23 00:00:00,
Pvea Miraflores,203489,2025-12-01 00:00:00,'-,Cajas,Supervisor De Cajeros,Full Time,Femenino,1991-08-18 00:00:00,2025-05-01 00:00:00,
Pvea Miraflores,21147,2025-12-01 00:00:00,'-,Sala Frescos,Repres. De Servicios,Full Time,Masculino,1978-04-26 00:00:00,2011-03-01 00:00:00,
Pvea Miraflores,21448,2025-12-01 00:00:00,'-,Electro,Jefe De Seccion,Full Time,Femenino,1974-03-22 00:00:00,2012-10-01 00:00:00,
Pvea Miraflores,244437,2025-12-01 00:00:00,'-,Cajas,Supervisor De Cajeros,Full Time,Masculino,2000-05-19 00:00:00,2024-01-19 00:00:00,
Pvea Miraflores,24708,2025-12-01 00:00:00,'-,Administración,Gerente De Tienda,Full Time,Masculino,1975-09-22 00:00:00,2003-04-04 00:00:00,
Pvea Miraflores,25760,2025-12-01 00:00:00,'-,Almacén,Repres. De Servicios I,Full Time,Femenino,1973-10-12 00:00:00,2014-06-16 00:00:00,
Pvea Miraflores,272289,2025-12-01 00:00:00,'-,Cajas,Supervisor De Cajeros,Full Time,Femenino,2000-01-19 00:00:00,2025-05-01 00:00:00,
Pvea Miraflores,291062,2025-12-01 00:00:00,'-,Recepción E Inventarios,Auxiliar De Inventarios,Full Time,Femenino,1981-01-07 00:00:00,2022-06-01 00:00:00,
Pvea Miraflores,298588,2025-12-01 00:00:00,'-,Sala,Multifuncional 5X2 1Er Turno,Part Time,Femenino,1985-12-22 00:00:00,2024-12-02 00:00:00,
Pvea Miraflores,301805,2025-12-01 00:00:00,'-,Sala,Multifuncional,Full Time,Masculino,1995-12-13 00:00:00,2020-01-20 00:00:00,
Pvea Miraflores,303580,2025-12-01 00:00:00,'-,Cajas,Supervisor De Cajeros,Full Time,Masculino,1999-05-27 00:00:00,2023-07-01 00:00:00,
Pvea Miraflores,304408,2025-12-01 00:00:00,'-,Almacén Frescos,Repres. De Servicios I,Full Time,Femenino,1992-12-05 00:00:00,2020-02-17 00:00:00,2026-01-01 00:00:00
Pvea Miraflores,31455,2025-12-01 00:00:00,'-,Sala Frescos,Jefe De Seccion,Full Time,Masculino,1981-11-10 00:00:00,2016-01-18 00:00:00,
Pvea Miraflores,34546,2025-12-01 00:00:00,'-,Sala Frescos,Repres. De Servicios,Full Time,Femenino,1967-05-24 00:00:00,2016-02-17 00:00:00,
Pvea Miraflores,36202,2025-12-01 00:00:00,'-,Sala Frescos,Repres. De Servicios,Full Time,Femenino,1992-05-22 00:00:00,2016-03-02 00:00:00,
Pvea Miraflores,3707,2025-12-01 00:00:00,'-,Administración,Asistente De Tienda,Full Time,Femenino,1974-10-22 00:00:00,2003-09-01 00:00:00,
Pvea Miraflores,41844,2025-12-01 00:00:00,'-,Sala Frescos,Repres. De Servicios,Full Time,Masculino,1984-09-10 00:00:00,2016-07-04 00:00:00,
Pvea Miraflores,42739,2025-12-01 00:00:00,'-,Sala,Jefe De Seccion,Full Time,Femenino,1998-06-14 00:00:00,2016-08-01 00:00:00,
Pvea Miraflores,4486016,2025-12-01 00:00:00,'-,Sala Frescos,Jefe De Seccion,Full Time,Femenino,1997-11-16 00:00:00,2020-06-03 00:00:00,
Pvea Miraflores,481,2025-12-01 00:00:00,'-,Recepción E Inventarios,Auxiliar Controller,Full Time,Masculino,1991-11-26 00:00:00,2012-12-01 00:00:00,
Pvea Miraflores,55309,2025-12-01 00:00:00,'-,Sala Frescos,Repres. De Servicios,Part Time,Femenino,1990-10-28 00:00:00,2025-08-01 00:00:00,
Pvea Miraflores,7318884,2025-12-01 00:00:00,'-,Cajas,Multifuncional 5X2 1Er Turno,Part Time,Femenino,1995-02-25 00:00:00,2021-09-22 00:00:00,
Pvea Miraflores,7319531,2025-12-01 00:00:00,'-,Sala,Repres. De Servicios I,Full Time,Masculino,1999-05-16 00:00:00,2023-01-01 00:00:00,
Pvea Miraflores,7319542,2025-12-01 00:00:00,'-,Sala,Jefe De Seccion,Full Time,Femenino,2001-05-26 00:00:00,2022-11-01 00:00:00,
Pvea Miraflores,7319599,2025-12-01 00:00:00,'-,Sala,Multifuncional,Full Time,Masculino,2000-02-10 00:00:00,2025-02-01 00:00:00,
Pvea Miraflores,7333556,2025-12-01 00:00:00,'-,Sala,Repres. De Servicios,Part Time,Femenino,2003-05-19 00:00:00,2024-12-11 00:00:00,2025-12-12 00:00:00
Pvea Miraflores,7333607,2025-12-01 00:00:00,'-,Cajas,Asistente De Self Check Out Pt,Part Time,Femenino,1979-09-11 00:00:00,2021-09-22 00:00:00,
Pvea Miraflores,7333614,2025-12-01 00:00:00,'-,Cajas,Multifuncional,Full Time,Femenino,2003-03-03 00:00:00,2023-08-01 00:00:00,
Pvea Miraflores,73965,2025-12-01 00:00:00,'-,Almacén,Repres. De Servicios,Full Time,Masculino,1995-06-01 00:00:00,2025-12-17 00:00:00,
Pvea Miraflores,811,2025-12-01 00:00:00,'-,Sala,Especialista En Bebidas,Full Time,Masculino,1977-11-17 00:00:00,2016-07-13 00:00:00,
Pvea Miraflores,8682,2025-12-01 00:00:00,'-,Sala Frescos,Jefe De Seccion,Full Time,Femenino,1974-09-05 00:00:00,2018-08-03 00:00:00,
Pvea Miraflores,919,2025-12-01 00:00:00,'-,Sala Frescos,Repres. De Servicios,Full Time,Femenino,1973-08-07 00:00:00,2014-05-05 00:00:00,
Pvea Miraflores,9278728,2025-12-01 00:00:00,'-,Sala,Multifuncional 5X2 1Er Turno,Part Time,Femenino,1989-10-12 00:00:00,2021-11-02 00:00:00,
Pvea Miraflores,9481430,2025-12-01 00:00:00,'-,Almacén,Repres. De Servicios I,Full Time,Masculino,1999-08-02 00:00:00,2025-01-31 00:00:00,
Pvea Miraflores,98053,2025-12-01 00:00:00,'-,Cajas,Supervisor De Cajeros,Full Time,Masculino,1982-02-15 00:00:00,2019-03-05 00:00:00,
Pvea Miraflores,98931,2025-12-01 00:00:00,'-,Cajas,Multifuncional Eo,Full Time,Masculino,1960-11-16 00:00:00,2017-08-01 00:00:00,
Pvea Miraflores,99177,2025-12-01 00:00:00,'-,Almacén,Jefe De Seccion,Full Time,Masculino,1998-07-09 00:00:00,2021-08-24 00:00:00,
Svea Corpac,103603,2025-12-01 00:00:00,'-,Cajas,Cajero 5X2,Part Time,Masculino,1986-06-08 00:00:00,2017-09-13 00:00:00,
Svea Corpac,10444413,2025-12-01 00:00:00,'-,Almacén,Repres. De Servicios,Part Time,Masculino,1997-07-27 00:00:00,2025-12-18 00:00:00,
Svea Corpac,104636,2025-12-01 00:00:00,'-,Almacén Frescos,Repres. De Servicios,Full Time,Femenino,1980-07-16 00:00:00,2023-06-15 00:00:00,
Svea Corpac,11405933,2025-12-01 00:00:00,'-,Sala,Repres. De Servicios I,Full Time,Masculino,2002-08-30 00:00:00,2023-02-01 00:00:00,
Svea Corpac,11448207,2025-12-01 00:00:00,'-,Cajas,Jefe De Seccion,Full Time,Femenino,2003-06-05 00:00:00,2024-06-01 00:00:00,
Svea Corpac,11511916,2025-12-01 00:00:00,'-,Cajas,Supervisor De Cajeros,Full Time,Masculino,2002-07-16 00:00:00,2024-04-01 00:00:00,
Svea Corpac,1198235,2025-12-01 00:00:00,'-,Sala,Jefe De Seccion,Full Time,Femenino,1994-03-19 00:00:00,2020-03-17 00:00:00,
Svea Corpac,12309872,2025-12-01 00:00:00,'-,Cajas,Repres. De Servicios,Part Time,Femenino,2001-11-20 00:00:00,2023-06-27 00:00:00,
Svea Corpac,12681816,2025-12-01 00:00:00,'-,Sala Frescos,Repres. De Servicios,Part Time,Femenino,2005-03-01 00:00:00,2025-05-30 00:00:00,2025-12-01 00:00:00
Svea Corpac,129583,2025-12-01 00:00:00,'-,Sala,Repres. De Servicios,Part Time,Masculino,1988-08-24 00:00:00,2018-03-01 00:00:00,2026-01-01 00:00:00
Svea Corpac,13351200,2025-12-01 00:00:00,'-,Sala,Repres. De Servicios,Full Time,Femenino,1999-01-28 00:00:00,2023-11-24 00:00:00,
Svea Corpac,14343,2025-12-01 00:00:00,'-,Almacén,Repres. De Servicios Eo,Full Time,Masculino,1958-09-28 00:00:00,2007-05-01 00:00:00,
Svea Corpac,14776588,2025-12-01 00:00:00,'-,Sala,Repres. De Servicios,Full Time,Masculino,2004-06-24 00:00:00,2025-04-01 00:00:00,
Svea Corpac,15662741,2025-12-01 00:00:00,'-,Cajas,Supervisor De Cajeros,Full Time,Femenino,1999-08-09 00:00:00,2024-05-08 00:00:00,
Svea Corpac,15958778,2025-12-01 00:00:00,'-,Cajas,Cajero 5X2,Part Time,Masculino,1998-06-03 00:00:00,2024-06-03 00:00:00,
Svea Corpac,17487114,2025-12-01 00:00:00,'-,Sala Frescos,Repres. De Servicios,Full Time,Femenino,1974-07-29 00:00:00,2024-11-14 00:00:00,
Svea Corpac,17726664,2025-12-01 00:00:00,'-,Sala Frescos,Repres. De Servicios,Full Time,Femenino,2006-10-18 00:00:00,2025-07-22 00:00:00,2025-12-16 00:00:00
Svea Corpac,17837560,2025-12-01 00:00:00,'-,Sala Frescos,Repres. De Servicios,Part Time,Masculino,2006-06-05 00:00:00,2024-12-20 00:00:00,
Svea Corpac,18304720,2025-12-01 00:00:00,'-,Almacén Frescos,Repres. De Servicios,Part Time,Masculino,1998-04-28 00:00:00,2025-03-13 00:00:00,
Svea Corpac,18304723,2025-12-01 00:00:00,'-,Sala Frescos,Repres. De Servicios,Part Time,Femenino,2006-04-07 00:00:00,2025-03-13 00:00:00,2025-12-15 00:00:00
Svea Corpac,18329291,2025-12-01 00:00:00,'-,Sala,Repres. De Servicios,Part Time,Masculino,2006-02-15 00:00:00,2025-03-21 00:00:00,
Svea Corpac,18339046,2025-12-01 00:00:00,'-,Cajas,Repres. De Servicios 5X2 Eo,Part Time,Masculino,1959-04-07 00:00:00,2025-03-24 00:00:00,
Svea Corpac,18340465,2025-12-01 00:00:00,'-,Sala,Repres. De Servicios,Full Time,Femenino,2006-04-27 00:00:00,2025-03-26 00:00:00,
Svea Corpac,18480147,2025-12-01 00:00:00,'-,Almacén Frescos,Repres. De Servicios,Full Time,Masculino,2004-05-09 00:00:00,2025-04-15 00:00:00,
Svea Corpac,18680096,2025-12-01 00:00:00,'-,Almacén,Repres. De Servicios,Part Time,Masculino,2004-11-09 00:00:00,2025-05-14 00:00:00,
Svea Corpac,18691469,2025-12-01 00:00:00,'-,Almacén,Repres. De Servicios,Part Time,Masculino,2006-10-03 00:00:00,2025-05-19 00:00:00,2025-12-31 00:00:00
Svea Corpac,18691470,2025-12-01 00:00:00,'-,Almacén,Repres. De Servicios,Part Time,Masculino,2005-03-27 00:00:00,2025-05-19 00:00:00,2025-12-31 00:00:00
Svea Corpac,18704501,2025-12-01 00:00:00,'-,Sala Frescos,Repres. De Servicios,Full Time,Masculino,2001-08-21 00:00:00,2025-05-23 00:00:00,
Svea Corpac,18704607,2025-12-01 00:00:00,'-,Sala Frescos,Repres. De Servicios,Full Time,Masculino,2005-06-04 00:00:00,2025-05-23 00:00:00,
Svea Corpac,18720150,2025-12-01 00:00:00,'-,Sala Frescos,Repres. De Servicios,Part Time,Masculino,2000-06-11 00:00:00,2025-05-30 00:00:00,
Svea Corpac,18720152,2025-12-01 00:00:00,'-,Sala,Repres. De Servicios,Part Time,Femenino,2000-02-22 00:00:00,2025-05-30 00:00:00,
Svea Corpac,18720166,2025-12-01 00:00:00,'-,Sala Frescos,Repres. De Servicios,Part Time,Masculino,2005-07-03 00:00:00,2025-05-30 00:00:00,
Svea Corpac,18905044,2025-12-01 00:00:00,'-,Cajas,Cajero 5X2,Part Time,Masculino,2007-01-22 00:00:00,2025-07-24 00:00:00,
Svea Corpac,18905045,2025-12-01 00:00:00,'-,Cajas,Cajero 5X2,Part Time,Femenino,2002-09-24 00:00:00,2025-07-24 00:00:00,
Svea Corpac,18957312,2025-12-01 00:00:00,'-,Almacén Frescos,Repres. De Servicios,Full Time,Masculino,2002-09-25 00:00:00,2025-08-19 00:00:00,2025-12-03 00:00:00
Svea Corpac,18958502,2025-12-01 00:00:00,'-,Cajas,Cajero 5X2,Part Time,Masculino,2006-12-21 00:00:00,2025-08-22 00:00:00,
Svea Corpac,18961751,2025-12-01 00:00:00,'-,Cajas,Cajero 5X2,Part Time,Femenino,2006-08-19 00:00:00,2025-09-03 00:00:00,
Svea Corpac,18961753,2025-12-01 00:00:00,'-,Cajas,Cajero 5X2,Part Time,Masculino,2005-05-31 00:00:00,2025-09-03 00:00:00,
Svea Corpac,18963005,2025-12-01 00:00:00,'-,Cajas,Cajero 5X2,Part Time,Masculino,2004-09-23 00:00:00,2025-09-06 00:00:00,
Svea Corpac,18964535,2025-12-01 00:00:00,'-,Cajas,Cajero 5X2,Part Time,Femenino,2005-09-23 00:00:00,2025-09-10 00:00:00,
Svea Corpac,18975493,2025-12-01 00:00:00,'-,Sala,Representante De Servicio 5X2 D,Part Time,Masculino,2003-03-23 00:00:00,2025-10-23 00:00:00,
Svea Corpac,18983620,2025-12-01 00:00:00,'-,Sala Frescos,Repres. De Servicios,Part Time,Masculino,2006-07-08 00:00:00,2025-12-01 00:00:00,2025-12-11 00:00:00
Svea Corpac,18983734,2025-12-01 00:00:00,'-,Almacén Frescos,Repres. De Servicios,Part Time,Femenino,2006-05-19 00:00:00,2025-12-02 00:00:00,
Svea Corpac,18983856,2025-12-01 00:00:00,'-,Cajas,Multifuncional 5X2 Campaña,Part Time,Masculino,2005-09-26 00:00:00,2025-12-01 00:00:00,2025-12-18 00:00:00
Svea Corpac,18987363,2025-12-01 00:00:00,'-,Almacén Frescos,Repres. De Servicios,Part Time,Masculino,2006-12-04 00:00:00,2025-12-11 00:00:00,
Svea Corpac,18987376,2025-12-01 00:00:00,'-,Sala Frescos,Repres. De Servicios,Part Time,Masculino,2007-05-13 00:00:00,2025-12-11 00:00:00,
Svea Corpac,18987756,2025-12-01 00:00:00,'-,Cajas,Cajero 5X2,Part Time,Femenino,2007-02-26 00:00:00,2025-12-15 00:00:00,
Svea Corpac,18988995,2025-12-01 00:00:00,'-,Almacén,Repres. De Servicios,Full Time,Masculino,2006-07-01 00:00:00,2025-12-16 00:00:00,
Svea Corpac,18989005,2025-12-01 00:00:00,'-,Cajas,Multifuncional 5X2 Campaña,Part Time,Masculino,2000-08-25 00:00:00,2025-12-16 00:00:00,
Svea Corpac,18989015,2025-12-01 00:00:00,'-,Cajas,Multifuncional 5X2 Campaña,Part Time,Femenino,2002-10-31 00:00:00,2025-12-16 00:00:00,2025-12-31 00:00:00
Svea Corpac,18989369,2025-12-01 00:00:00,'-,Sala Frescos,Repres. De Servicios,Part Time,Femenino,2006-03-26 00:00:00,2025-12-18 00:00:00,
Svea Corpac,18989370,2025-12-01 00:00:00,'-,Sala Frescos,Repres. De Servicios,Full Time,Femenino,2006-07-17 00:00:00,2025-12-18 00:00:00,
Svea Corpac,18989374,2025-12-01 00:00:00,'-,Sala,Repres. De Servicios,Part Time,Femenino,2005-02-17 00:00:00,2025-12-18 00:00:00,
Svea Corpac,18989442,2025-12-01 00:00:00,'-,Cajas,Cajero 5X2,Part Time,Masculino,2006-03-09 00:00:00,2025-12-17 00:00:00,
Svea Corpac,18989492,2025-12-01 00:00:00,'-,Sala Frescos,Repres. De Servicios,Part Time,Femenino,2004-08-23 00:00:00,2025-12-18 00:00:00,
Svea Corpac,18989506,2025-12-01 00:00:00,'-,Almacén Frescos,Repres. De Servicios,Part Time,Masculino,2000-06-05 00:00:00,2025-12-18 00:00:00,
Svea Corpac,18989510,2025-12-01 00:00:00,'-,Sala Frescos,Repres. De Servicios,Full Time,Femenino,2006-05-26 00:00:00,2025-12-18 00:00:00,
Svea Corpac,18991240,2025-12-01 00:00:00,'-,Sala Frescos,Repres. De Servicios,Part Time,Femenino,2005-06-17 00:00:00,2025-12-26 00:00:00,
Svea Corpac,21115,2025-12-01 00:00:00,'-,Cajas,Representante De Servicio D,Full Time,Masculino,1981-02-25 00:00:00,2000-03-01 00:00:00,
Svea Corpac,21374,2025-12-01 00:00:00,'-,Recepción E Inventarios,Auxiliar De Inventarios,Full Time,Masculino,1988-09-09 00:00:00,2010-04-16 00:00:00,
Svea Corpac,241013,2025-12-01 00:00:00,'-,Almacén,Jefe De Seccion,Full Time,Femenino,2000-06-21 00:00:00,2019-06-01 00:00:00,
Svea Corpac,243668,2025-12-01 00:00:00,'-,Sala Frescos,Repres. De Servicios,Part Time,Femenino,1994-04-04 00:00:00,2019-03-21 00:00:00,
Svea Corpac,266939,2025-12-01 00:00:00,'-,Administración,Gerente De Tienda,Full Time,Femenino,1990-06-29 00:00:00,2019-03-01 00:00:00,
Svea Corpac,43780,2025-12-01 00:00:00,'-,Cajas,Cajero 5X2,Full Time,Masculino,1989-10-27 00:00:00,2016-09-01 00:00:00,2025-12-04 00:00:00
Svea Corpac,44131,2025-12-01 00:00:00,'-,Cajas,Supervisor De Cajeros,Full Time,Femenino,1971-02-17 00:00:00,2016-09-05 00:00:00,
Svea Corpac,4576139,2025-12-01 00:00:00,'-,Sala Frescos,Repres. De Servicios,Full Time,Femenino,1987-09-28 00:00:00,2020-06-12 00:00:00,
Svea Corpac,48590,2025-12-01 00:00:00,'-,Sala Frescos,Repres. De Servicios,Full Time,Femenino,1976-11-15 00:00:00,2016-12-14 00:00:00,
Svea Corpac,6722,2025-12-01 00:00:00,'-,Sala Frescos,Jefe De Seccion,Full Time,Femenino,1987-06-16 00:00:00,2022-02-22 00:00:00,
Svea Corpac,9278595,2025-12-01 00:00:00,'-,Cajas,Cajero 6X1,Full Time,Masculino,1994-12-25 00:00:00,2023-07-01 00:00:00,
Viv Monterrico,104143,2025-12-01 00:00:00,'-,"Carnes, Pescados, Fiambres, Frutas & Verduras",Repres. De Servicios,Full Time,Femenino,1985-09-27 00:00:00,2017-10-01 00:00:00,
Viv Monterrico,10472,2025-12-01 00:00:00,'-,"Carnes, Pescados, Fiambres, Frutas & Verduras",Repres. De Servicios,Full Time,Femenino,1969-11-01 00:00:00,2015-10-16 00:00:00,
Viv Monterrico,10653,2025-12-01 00:00:00,'-,"Carnes, Pescados, Fiambres, Frutas & Verduras",Repres. De Servicios,Full Time,Masculino,1971-05-11 00:00:00,2002-10-19 00:00:00,
Viv Monterrico,10845,2025-12-01 00:00:00,'-,"Carnes, Pescados, Fiambres, Frutas & Verduras",Jefe De Seccion,Full Time,Femenino,1979-08-02 00:00:00,2012-08-01 00:00:00,
Viv Monterrico,110670,2025-12-01 00:00:00,'-,"Carnes, Pescados, Fiambres, Frutas & Verduras",Repres. De Servicios Fds,Part Time,Femenino,1993-10-16 00:00:00,2025-04-01 00:00:00,
Viv Monterrico,11342636,2025-12-01 00:00:00,'-,Cajas,Cajero 6X1,Full Time,Femenino,2003-05-05 00:00:00,2025-04-22 00:00:00,2025-12-12 00:00:00
Viv Monterrico,11369697,2025-12-01 00:00:00,'-,Cajas,Cajero 6X1,Full Time,Masculino,2001-04-18 00:00:00,2025-02-01 00:00:00,
Viv Monterrico,11458504,2025-12-01 00:00:00,'-,Cajas,Cajero 4X3,Part Time,Femenino,2002-11-10 00:00:00,2022-10-19 00:00:00,
Viv Monterrico,11966759,2025-12-01 00:00:00,'-,Cajas,Cajero 4X3,Part Time,Masculino,2003-04-07 00:00:00,2023-03-09 00:00:00,
Viv Monterrico,1205195,2025-12-01 00:00:00,'-,Cajas,Repres. De Servicios,Part Time,Femenino,1999-12-16 00:00:00,2025-06-01 00:00:00,
Viv Monterrico,12261783,2025-12-01 00:00:00,'-,"Carnes, Pescados, Fiambres, Frutas & Verduras",Repres. De Servicios,Full Time,Masculino,1993-02-04 00:00:00,2023-06-13 00:00:00,
Viv Monterrico,128607,2025-12-01 00:00:00,'-,Cajas,Repres. De Servicios Fds,Part Time,Femenino,1995-01-19 00:00:00,2018-02-08 00:00:00,
Viv Monterrico,13227322,2025-12-01 00:00:00,'-,Cajas,Cajero 5X2,Part Time,Masculino,2004-01-31 00:00:00,2023-11-07 00:00:00,
Viv Monterrico,13277255,2025-12-01 00:00:00,'-,Sala,Repres. De Servicios,Part Time,Masculino,2003-09-22 00:00:00,2023-11-14 00:00:00,
Viv Monterrico,1331,2025-12-01 00:00:00,'-,Cajas,Cajero 5X2,Full Time,Femenino,1987-10-26 00:00:00,2025-05-02 00:00:00,
Viv Monterrico,13375806,2025-12-01 00:00:00,'-,Sala,Repres. De Servicios,Part Time,Femenino,2001-03-02 00:00:00,2024-04-03 00:00:00,
Viv Monterrico,13619568,2025-12-01 00:00:00,'-,"Carnes, Pescados, Fiambres, Frutas & Verduras",Repres. De Servicios,Full Time,Femenino,1969-12-30 00:00:00,2023-12-12 00:00:00,
Viv Monterrico,13709716,2025-12-01 00:00:00,'-,Almacén,Repres. De Servicios,Part Time,Masculino,2003-07-01 00:00:00,2023-12-22 00:00:00,
Viv Monterrico,13797674,2025-12-01 00:00:00,'-,Sala,Repres. De Servicios,Full Time,Femenino,2005-05-24 00:00:00,2024-01-09 00:00:00,2025-12-15 00:00:00
Viv Monterrico,13816913,2025-12-01 00:00:00,'-,Cajas,Asistente De Self Check Out Pt,Part Time,Femenino,2002-02-03 00:00:00,2024-01-12 00:00:00,
Viv Monterrico,14270,2025-12-01 00:00:00,'-,"Carnes, Pescados, Fiambres, Frutas & Verduras",Repres. De Servicios,Full Time,Masculino,1972-02-18 00:00:00,2005-11-05 00:00:00,
Viv Monterrico,14290348,2025-12-01 00:00:00,'-,Cajas,Supervisor De Cajeros,Full Time,Masculino,2003-03-17 00:00:00,2025-07-01 00:00:00,
Viv Monterrico,14470,2025-12-01 00:00:00,'-,Comidas Preparadas Panadería Y Pastelería,Repres. De Servicios,Full Time,Femenino,1988-01-20 00:00:00,2018-07-01 00:00:00,
Viv Monterrico,14618,2025-12-01 00:00:00,'-,Cajas,Cajero 4X3,Part Time,Femenino,1980-03-15 00:00:00,2013-10-01 00:00:00,
Viv Monterrico,14625595,2025-12-01 00:00:00,'-,Cajas,Cajero 5X2,Part Time,Femenino,2003-12-25 00:00:00,2024-03-08 00:00:00,
Viv Monterrico,14685168,2025-12-01 00:00:00,'-,Cajas,Supervisor De Cajeros 5X2,Part Time,Femenino,2002-06-28 00:00:00,2024-09-01 00:00:00,
Viv Monterrico,14685194,2025-12-01 00:00:00,'-,Comidas Preparadas Panadería Y Pastelería,Repres. De Servicios,Part Time,Masculino,2004-10-08 00:00:00,2025-10-01 00:00:00,
Viv Monterrico,14941431,2025-12-01 00:00:00,'-,Cajas,Asistente De Self Check Out Pt,Part Time,Femenino,2002-01-18 00:00:00,2024-04-03 00:00:00,
Viv Monterrico,14978188,2025-12-01 00:00:00,'-,Cajas,Asistente De Self Check Out Pt,Part Time,Masculino,1999-04-22 00:00:00,2024-04-05 00:00:00,
Viv Monterrico,15146,2025-12-01 00:00:00,'-,Recepción,Repres. De Servicios,Full Time,Masculino,1982-09-29 00:00:00,2014-04-01 00:00:00,
Viv Monterrico,15345489,2025-12-01 00:00:00,'-,Cajas,Repres. De Servicios,Full Time,Masculino,2004-08-18 00:00:00,2025-11-01 00:00:00,
Viv Monterrico,15470432,2025-12-01 00:00:00,'-,Sala,Repres. De Servicios,Part Time,Femenino,1998-08-10 00:00:00,2024-04-29 00:00:00,
Viv Monterrico,15470435,2025-12-01 00:00:00,'-,Cajas,Cajero 5X2,Part Time,Femenino,2004-03-31 00:00:00,2024-04-29 00:00:00,
Viv Monterrico,15525409,2025-12-01 00:00:00,'-,Almacén,Repres. De Servicios,Part Time,Masculino,2003-05-22 00:00:00,2024-05-03 00:00:00,2025-12-01 00:00:00
Viv Monterrico,15635412,2025-12-01 00:00:00,'-,Recepción,Repres. De Servicios,Full Time,Masculino,1999-05-06 00:00:00,2024-05-07 00:00:00,
Viv Monterrico,15754298,2025-12-01 00:00:00,'-,Cajas,Cajero 5X2,Part Time,Femenino,2004-03-15 00:00:00,2024-05-16 00:00:00,2025-12-15 00:00:00
Viv Monterrico,15906554,2025-12-01 00:00:00,'-,Sala,Repres. De Servicios,Part Time,Masculino,2004-03-07 00:00:00,2024-05-27 00:00:00,
Viv Monterrico,15933876,2025-12-01 00:00:00,'-,Comidas Preparadas Panadería Y Pastelería,Repres. De Servicios,Part Time,Femenino,2000-09-14 00:00:00,2024-05-30 00:00:00,
Viv Monterrico,16648173,2025-12-01 00:00:00,'-,Cajas,Cajero 3X4,Part Time,Masculino,2006-04-14 00:00:00,2024-08-14 00:00:00,
Viv Monterrico,16674385,2025-12-01 00:00:00,'-,Cajas,Cajero 5X2,Part Time,Masculino,2004-11-04 00:00:00,2024-08-16 00:00:00,
Viv Monterrico,16682031,2025-12-01 00:00:00,'-,Cajas,Repres. De Servicios,Full Time,Femenino,2004-02-25 00:00:00,2025-06-01 00:00:00,
Viv Monterrico,16733509,2025-12-01 00:00:00,'-,"Carnes, Pescados, Fiambres, Frutas & Verduras",Repres. De Servicios,Full Time,Femenino,1996-05-24 00:00:00,2025-01-01 00:00:00,
Viv Monterrico,16754518,2025-12-01 00:00:00,'-,Cajas,Repres. De Servicios,Full Time,Masculino,2005-04-13 00:00:00,2025-02-01 00:00:00,
Viv Monterrico,16848004,2025-12-01 00:00:00,'-,"Carnes, Pescados, Fiambres, Frutas & Verduras",Repres. De Servicios,Full Time,Masculino,2005-11-16 00:00:00,2025-04-01 00:00:00,2025-12-31 00:00:00
Viv Monterrico,16936646,2025-12-01 00:00:00,'-,Cajas,Cajero 3X4,Part Time,Masculino,2005-05-23 00:00:00,2024-09-13 00:00:00,
Viv Monterrico,17002756,2025-12-01 00:00:00,'-,Comidas Preparadas Panadería Y Pastelería,Repres. De Servicios,Part Time,Masculino,2003-06-06 00:00:00,2024-09-18 00:00:00,
Viv Monterrico,17161673,2025-12-01 00:00:00,'-,Cajas,Repres. De Servicios,Part Time,Masculino,2002-07-09 00:00:00,2025-11-03 00:00:00,
Viv Monterrico,17164480,2025-12-01 00:00:00,'-,Cajas,Cajero 4X3,Part Time,Femenino,2003-05-09 00:00:00,2024-10-14 00:00:00,
Viv Monterrico,17164485,2025-12-01 00:00:00,'-,Cajas,Cajero 3X4,Part Time,Masculino,2003-07-04 00:00:00,2024-10-14 00:00:00,
Viv Monterrico,17211153,2025-12-01 00:00:00,'-,Cajas,Cajero 5X2,Part Time,Femenino,1998-01-06 00:00:00,2024-10-17 00:00:00,
Viv Monterrico,17304722,2025-12-01 00:00:00,'-,Almacén,Repres. De Servicios,Part Time,Masculino,2003-06-03 00:00:00,2024-10-25 00:00:00,
Viv Monterrico,17367303,2025-12-01 00:00:00,'-,"Carnes, Pescados, Fiambres, Frutas & Verduras",Repres. De Servicios,Full Time,Masculino,2006-08-12 00:00:00,2025-02-01 00:00:00,
Viv Monterrico,17496663,2025-12-01 00:00:00,'-,Cajas,Cajero 5X2,Part Time,Masculino,2005-03-13 00:00:00,2024-11-15 00:00:00,
Viv Monterrico,17680473,2025-12-01 00:00:00,'-,Cajas,Cajero 5X2,Part Time,Femenino,1988-03-13 00:00:00,2024-11-25 00:00:00,
Viv Monterrico,17683128,2025-12-01 00:00:00,'-,Cajas,Cajero 5X2,Part Time,Femenino,2004-04-20 00:00:00,2024-11-28 00:00:00,
Viv Monterrico,17783053,2025-12-01 00:00:00,'-,Cajas,Cajero 5X2,Part Time,Masculino,2004-01-16 00:00:00,2024-12-10 00:00:00,
Viv Monterrico,17796970,2025-12-01 00:00:00,'-,"Carnes, Pescados, Fiambres, Frutas & Verduras",Repres. De Servicios,Part Time,Femenino,2003-10-06 00:00:00,2024-12-10 00:00:00,
Viv Monterrico,17833876,2025-12-01 00:00:00,'-,Comidas Preparadas,Chef,Full Time,Femenino,2002-10-06 00:00:00,2024-12-16 00:00:00,
Viv Monterrico,17862528,2025-12-01 00:00:00,'-,"Carnes, Pescados, Fiambres, Frutas & Verduras",Repres. De Servicios,Part Time,Femenino,2006-07-29 00:00:00,2024-12-18 00:00:00,2025-12-31 00:00:00
Viv Monterrico,17958127,2025-12-01 00:00:00,'-,Almacén,Repres. De Servicios,Part Time,Masculino,2003-05-02 00:00:00,2025-01-24 00:00:00,
Viv Monterrico,17958132,2025-12-01 00:00:00,'-,Almacén,Repres. De Servicios,Part Time,Masculino,2004-07-28 00:00:00,2025-01-24 00:00:00,2025-12-31 00:00:00
Viv Monterrico,18216092,2025-12-01 00:00:00,'-,Cajas,Cajero 5X2,Part Time,Masculino,2002-04-17 00:00:00,2025-02-25 00:00:00,
Viv Monterrico,18256493,2025-12-01 00:00:00,'-,Cajas,Cajero 5X2,Part Time,Femenino,2001-12-24 00:00:00,2025-03-04 00:00:00,
Viv Monterrico,18294379,2025-12-01 00:00:00,'-,"Carnes, Pescados, Fiambres, Frutas & Verduras",Repres. De Servicios,Part Time,Masculino,2002-01-09 00:00:00,2025-03-11 00:00:00,2025-12-28 00:00:00
Viv Monterrico,18294821,2025-12-01 00:00:00,'-,"Carnes, Pescados, Fiambres, Frutas & Verduras",Repres. De Servicios,Full Time,Masculino,2001-02-11 00:00:00,2025-03-11 00:00:00,
Viv Monterrico,18338681,2025-12-01 00:00:00,'-,Sala,Repres. De Servicios,Part Time,Femenino,1993-12-15 00:00:00,2025-03-24 00:00:00,
Viv Monterrico,18344016,2025-12-01 00:00:00,'-,"Carnes, Pescados, Fiambres, Frutas & Verduras",Repres. De Servicios,Full Time,Femenino,2001-10-31 00:00:00,2025-04-01 00:00:00,
Viv Monterrico,18347,2025-12-01 00:00:00,'-,Cajas,Jefe De Seccion,Full Time,Masculino,1992-12-14 00:00:00,2020-02-03 00:00:00,
Viv Monterrico,18396,2025-12-01 00:00:00,'-,"Carnes, Pescados, Fiambres, Frutas & Verduras",Repres. De Servicios I,Full Time,Femenino,1982-06-03 00:00:00,2013-09-09 00:00:00,
Viv Monterrico,18438371,2025-12-01 00:00:00,'-,Cajas,Cajero 5X2,Part Time,Masculino,2004-11-21 00:00:00,2025-04-10 00:00:00,2026-01-01 00:00:00
Viv Monterrico,18488612,2025-12-01 00:00:00,'-,Cajas,Cajero 5X2,Part Time,Femenino,2006-09-20 00:00:00,2025-04-16 00:00:00,
Viv Monterrico,18625750,2025-12-01 00:00:00,'-,Cajas,Cajero 5X2,Full Time,Femenino,1986-12-26 00:00:00,2025-04-24 00:00:00,
Viv Monterrico,18625752,2025-12-01 00:00:00,'-,Cajas,Cajero 5X2,Part Time,Masculino,2005-09-30 00:00:00,2025-04-24 00:00:00,
Viv Monterrico,18625784,2025-12-01 00:00:00,'-,Cajas,Asistente De Self Check Out Pt,Part Time,Femenino,2007-03-29 00:00:00,2025-04-24 00:00:00,
Viv Monterrico,18626066,2025-12-01 00:00:00,'-,Cajas,Cajero 6X1,Full Time,Masculino,2004-05-07 00:00:00,2025-04-28 00:00:00,
Viv Monterrico,18626107,2025-12-01 00:00:00,'-,Cajas,Asistente De Self Check Out Pt,Part Time,Masculino,2002-07-26 00:00:00,2025-04-28 00:00:00,2025-12-07 00:00:00
Viv Monterrico,18644813,2025-12-01 00:00:00,'-,Cajas,Cajero 3X4,Part Time,Femenino,2000-09-15 00:00:00,2025-05-09 00:00:00,
Viv Monterrico,18678006,2025-12-01 00:00:00,'-,Cajas,Repres. De Servicios,Full Time,Femenino,2007-01-23 00:00:00,2025-05-13 00:00:00,
Viv Monterrico,18693350,2025-12-01 00:00:00,'-,Sala,Repres. De Servicios,Part Time,Masculino,2002-09-30 00:00:00,2025-05-20 00:00:00,
Viv Monterrico,18715415,2025-12-01 00:00:00,'-,Sala,Repres. De Servicios Fds,Part Time,Masculino,2005-03-23 00:00:00,2025-05-28 00:00:00,
Viv Monterrico,18727974,2025-12-01 00:00:00,'-,Comidas Preparadas Panadería Y Pastelería,Repres. De Servicios,Full Time,Femenino,2005-04-19 00:00:00,2025-12-01 00:00:00,
Viv Monterrico,18743530,2025-12-01 00:00:00,'-,Comidas Preparadas Panadería Y Pastelería,Repres. De Servicios,Part Time,Masculino,2006-08-18 00:00:00,2025-06-10 00:00:00,
Viv Monterrico,18875,2025-12-01 00:00:00,'-,Almacén,Repres. De Servicios I,Full Time,Masculino,1991-06-03 00:00:00,2014-09-18 00:00:00,
Viv Monterrico,18965310,2025-12-01 00:00:00,'-,Almacén,Repres. De Servicios,Part Time,Masculino,1996-08-27 00:00:00,2025-09-15 00:00:00,
Viv Monterrico,18965476,2025-12-01 00:00:00,'-,Cajas,Cajero 3X4,Part Time,Femenino,2006-08-20 00:00:00,2025-09-15 00:00:00,
Viv Monterrico,18965477,2025-12-01 00:00:00,'-,Cajas,Cajero 3X4,Part Time,Femenino,1987-04-29 00:00:00,2025-09-15 00:00:00,
Viv Monterrico,18965591,2025-12-01 00:00:00,'-,Cajas,Cajero 5X2,Part Time,Femenino,1992-05-22 00:00:00,2025-09-15 00:00:00,
Viv Monterrico,18966219,2025-12-01 00:00:00,'-,Cajas,Cajero 3X4,Part Time,Masculino,2006-03-03 00:00:00,2025-09-16 00:00:00,
Viv Monterrico,18966277,2025-12-01 00:00:00,'-,Cajas,Cajero 5X2,Part Time,Femenino,2006-11-21 00:00:00,2025-09-16 00:00:00,
Viv Monterrico,18966942,2025-12-01 00:00:00,'-,Almacén,Repres. De Servicios,Part Time,Masculino,2005-08-18 00:00:00,2025-09-18 00:00:00,2025-12-18 00:00:00
Viv Monterrico,18967200,2025-12-01 00:00:00,'-,Cajas,Cajero 3X4,Part Time,Femenino,2004-12-22 00:00:00,2025-09-19 00:00:00,
Viv Monterrico,18969479,2025-12-01 00:00:00,'-,Almacén,Repres. De Servicios,Part Time,Masculino,2007-02-10 00:00:00,2025-09-26 00:00:00,
Viv Monterrico,18969915,2025-12-01 00:00:00,'-,"Carnes, Pescados, Fiambres, Frutas & Verduras",Repres. De Servicios,Part Time,Masculino,2003-12-24 00:00:00,2025-09-29 00:00:00,
Viv Monterrico,18970827,2025-12-01 00:00:00,'-,Comidas Preparadas Panadería Y Pastelería,Repres. De Servicios,Part Time,Masculino,2004-01-16 00:00:00,2025-10-01 00:00:00,
Viv Monterrico,18972792,2025-12-01 00:00:00,'-,"Carnes, Pescados, Fiambres, Frutas & Verduras",Repres. De Servicios Fds,Part Time,Masculino,2006-04-17 00:00:00,2025-10-09 00:00:00,2026-01-01 00:00:00
Viv Monterrico,18973226,2025-12-01 00:00:00,'-,Comidas Preparadas Panadería Y Pastelería,Repres. De Servicios Fds,Part Time,Masculino,2005-07-16 00:00:00,2025-10-13 00:00:00,
Viv Monterrico,18973682,2025-12-01 00:00:00,'-,Sala,Repres. De Servicios,Part Time,Masculino,2006-11-15 00:00:00,2025-10-14 00:00:00,
Viv Monterrico,18973686,2025-12-01 00:00:00,'-,Comidas Preparadas Panadería Y Pastelería,Repres. De Servicios Fds,Part Time,Femenino,2005-01-22 00:00:00,2025-10-14 00:00:00,
Viv Monterrico,18977151,2025-12-01 00:00:00,'-,Cajas,Repres. De Servicios,Part Time,Masculino,2003-07-22 00:00:00,2025-10-31 00:00:00,
Viv Monterrico,18983929,2025-12-01 00:00:00,'-,Cajas,Multifuncional 5X2 Campaña,Part Time,Femenino,2006-06-06 00:00:00,2025-12-01 00:00:00,
Viv Monterrico,18984016,2025-12-01 00:00:00,'-,Cajas,Multifuncional 5X2 Campaña,Part Time,Masculino,2004-02-01 00:00:00,2025-12-01 00:00:00,2025-12-31 00:00:00
Viv Monterrico,18987377,2025-12-01 00:00:00,'-,Comidas Preparadas Panadería Y Pastelería,Repres. De Servicios,Part Time,Masculino,2003-02-17 00:00:00,2025-12-11 00:00:00,
Viv Monterrico,18987657,2025-12-01 00:00:00,'-,Comidas Preparadas Panadería Y Pastelería,Repres. De Servicios,Part Time,Femenino,2005-12-31 00:00:00,2025-12-15 00:00:00,
Viv Monterrico,18987833,2025-12-01 00:00:00,'-,Sala,Multifuncional Peak Campaña,Part Time,Femenino,2005-03-16 00:00:00,2025-12-12 00:00:00,
Viv Monterrico,18987928,2025-12-01 00:00:00,'-,Almacén,Repres. De Servicios,Part Time,Masculino,2005-12-02 00:00:00,2025-12-12 00:00:00,
Viv Monterrico,18987968,2025-12-01 00:00:00,'-,Almacén,Repres. De Servicios,Part Time,Masculino,2007-09-25 00:00:00,2025-12-12 00:00:00,
Viv Monterrico,18989469,2025-12-01 00:00:00,'-,"Carnes, Pescados, Fiambres, Frutas & Verduras",Repres. De Servicios,Part Time,Femenino,1997-04-06 00:00:00,2025-12-17 00:00:00,
Viv Monterrico,18989582,2025-12-01 00:00:00,'-,Cajas,Multifuncional 5X2 Campaña,Part Time,Masculino,2002-01-13 00:00:00,2025-12-18 00:00:00,
Viv Monterrico,18989583,2025-12-01 00:00:00,'-,Cajas,Multifuncional 5X2 Campaña,Part Time,Femenino,2003-08-15 00:00:00,2025-12-18 00:00:00,
Viv Monterrico,18989860,2025-12-01 00:00:00,'-,Comidas Preparadas Panadería Y Pastelería,Repres. De Servicios,Part Time,Masculino,2007-02-28 00:00:00,2025-12-19 00:00:00,
Viv Monterrico,18989895,2025-12-01 00:00:00,'-,Cajas,Multifuncional 5X2 Campaña,Part Time,Masculino,2000-12-15 00:00:00,2025-12-19 00:00:00,
Viv Monterrico,18989928,2025-12-01 00:00:00,'-,Cajas,Multifuncional 5X2 Campaña,Part Time,Femenino,2006-10-28 00:00:00,2025-12-19 00:00:00,
Viv Monterrico,18989964,2025-12-01 00:00:00,'-,Cajas,Multifuncional 5X2 Campaña,Part Time,Femenino,2003-06-14 00:00:00,2025-12-19 00:00:00,
Viv Monterrico,18990933,2025-12-01 00:00:00,'-,Sala,Repres. De Servicios,Full Time,Femenino,1968-05-17 00:00:00,2025-12-23 00:00:00,
Viv Monterrico,18990973,2025-12-01 00:00:00,'-,Comidas Preparadas Panadería Y Pastelería,Repres. De Servicios,Part Time,Femenino,2002-02-13 00:00:00,2025-12-24 00:00:00,
Viv Monterrico,18990976,2025-12-01 00:00:00,'-,Comidas Preparadas Panadería Y Pastelería,Repres. De Servicios,Part Time,Femenino,2006-01-04 00:00:00,2025-12-24 00:00:00,
Viv Monterrico,18990983,2025-12-01 00:00:00,'-,Comidas Preparadas Panadería Y Pastelería,Repres. De Servicios,Part Time,Masculino,2006-04-06 00:00:00,2025-12-24 00:00:00,
Viv Monterrico,18990996,2025-12-01 00:00:00,'-,Comidas Preparadas Panadería Y Pastelería,Repres. De Servicios Fds,Part Time,Femenino,2007-05-12 00:00:00,2025-12-24 00:00:00,
Viv Monterrico,18990998,2025-12-01 00:00:00,'-,Comidas Preparadas Panadería Y Pastelería,Repres. De Servicios,Part Time,Femenino,2007-04-26 00:00:00,2025-12-24 00:00:00,
Viv Monterrico,18990999,2025-12-01 00:00:00,'-,"Carnes, Pescados, Fiambres, Frutas & Verduras",Repres. De Servicios,Part Time,Masculino,2006-06-14 00:00:00,2025-12-24 00:00:00,
Viv Monterrico,18991051,2025-12-01 00:00:00,'-,Almacén,Repres. De Servicios,Part Time,Masculino,2006-10-09 00:00:00,2025-12-24 00:00:00,
Viv Monterrico,18991053,2025-12-01 00:00:00,'-,Sala,Repres. De Servicios,Part Time,Femenino,2005-02-03 00:00:00,2025-12-24 00:00:00,
Viv Monterrico,202700,2025-12-01 00:00:00,'-,Administración,Subgerente De Tienda,Full Time,Femenino,1998-03-05 00:00:00,2018-08-01 00:00:00,
Viv Monterrico,204123,2025-12-01 00:00:00,'-,Sala,Repres. De Servicios,Full Time,Femenino,1984-11-24 00:00:00,2018-06-26 00:00:00,
Viv Monterrico,21073,2025-12-01 00:00:00,'-,Comidas Preparadas Panadería Y Pastelería,Repres. De Servicios,Full Time,Masculino,1978-11-03 00:00:00,2008-09-01 00:00:00,
Viv Monterrico,21097,2025-12-01 00:00:00,'-,Almacén,Jefe De Seccion Eo,Full Time,Masculino,1965-04-05 00:00:00,1988-04-02 00:00:00,
Viv Monterrico,21184,2025-12-01 00:00:00,'-,Administración,Asistente De Tienda,Full Time,Femenino,1986-05-18 00:00:00,2012-01-05 00:00:00,
Viv Monterrico,21347,2025-12-01 00:00:00,'-,Sala,Repres. De Servicios I,Full Time,Masculino,1979-04-19 00:00:00,2011-02-10 00:00:00,
Viv Monterrico,22090,2025-12-01 00:00:00,'-,Sala,Repres. De Servicios I,Full Time,Femenino,1990-06-24 00:00:00,2019-05-01 00:00:00,2025-12-10 00:00:00
Viv Monterrico,235488,2025-12-01 00:00:00,'-,"Carnes, Pescados, Fiambres, Frutas & Verduras",Repres. De Servicios,Full Time,Femenino,1977-09-25 00:00:00,2020-01-01 00:00:00,
Viv Monterrico,241468,2025-12-01 00:00:00,'-,Sala,Especialista En Bebidas,Full Time,Masculino,1985-11-16 00:00:00,2018-11-15 00:00:00,
Viv Monterrico,242902,2025-12-01 00:00:00,'-,Cajas,Supervisor De Cajeros,Full Time,Femenino,2000-09-03 00:00:00,2024-11-25 00:00:00,
Viv Monterrico,245990,2025-12-01 00:00:00,'-,Cajas,Cajero 5X2,Full Time,Masculino,1989-09-26 00:00:00,2018-12-18 00:00:00,
Viv Monterrico,25610,2025-12-01 00:00:00,'-,Sala,Jefe De Seccion,Full Time,Femenino,1995-12-18 00:00:00,2020-02-12 00:00:00,
Viv Monterrico,27172,2025-12-01 00:00:00,'-,Comidas Preparadas Panadería Y Pastelería,Repres. De Servicios I,Full Time,Femenino,1992-08-05 00:00:00,2015-06-08 00:00:00,
Viv Monterrico,273875,2025-12-01 00:00:00,'-,"Carnes, Pescados, Fiambres, Frutas & Verduras",Repres. De Servicios I,Full Time,Masculino,2000-06-16 00:00:00,2025-07-07 00:00:00,
Viv Monterrico,27570,2025-12-01 00:00:00,'-,Comidas Preparadas Panadería Y Pastelería,Repres. De Servicios,Full Time,Femenino,1979-03-22 00:00:00,2015-09-01 00:00:00,
Viv Monterrico,276932,2025-12-01 00:00:00,'-,Cajas,Representante De Servicio 5X2 D,Part Time,Masculino,1979-03-26 00:00:00,2019-08-02 00:00:00,
Viv Monterrico,284648,2025-12-01 00:00:00,'-,Comidas Preparadas Panadería Y Pastelería,Repres. De Servicios,Full Time,Femenino,1998-01-12 00:00:00,2020-03-01 00:00:00,
Viv Monterrico,299199,2025-12-01 00:00:00,'-,Sala,Representante De Servicio 5X2 D,Part Time,Femenino,1965-08-29 00:00:00,2019-12-10 00:00:00,
Viv Monterrico,31001,2025-12-01 00:00:00,'-,Recepción E Inventarios,Auxiliar De Inventarios,Full Time,Femenino,1993-09-25 00:00:00,2016-01-01 00:00:00,
Viv Monterrico,31936,2025-12-01 00:00:00,'-,Cajas,Supervisor De Cajeros,Full Time,Femenino,1985-02-13 00:00:00,2016-02-01 00:00:00,
Viv Monterrico,34029,2025-12-01 00:00:00,'-,Comidas Preparadas Panadería Y Pastelería,Maestro En Panaderia,Full Time,Masculino,1990-06-01 00:00:00,2016-02-15 00:00:00,
Viv Monterrico,34551,2025-12-01 00:00:00,'-,Recepción,Repres. De Servicios,Full Time,Femenino,1987-11-06 00:00:00,2016-02-17 00:00:00,
Viv Monterrico,36599,2025-12-01 00:00:00,'-,"Carnes, Pescados, Fiambres, Frutas & Verduras",Repres. De Servicios,Full Time,Femenino,1982-11-15 00:00:00,2016-03-02 00:00:00,
Viv Monterrico,3705,2025-12-01 00:00:00,'-,Administración,Jefe Entrenador,Full Time,Masculino,1968-12-14 00:00:00,2004-04-01 00:00:00,
Viv Monterrico,38464,2025-12-01 00:00:00,'-,Cajas,Cajero 5X2,Full Time,Femenino,1976-11-28 00:00:00,2018-02-01 00:00:00,
Viv Monterrico,40160,2025-12-01 00:00:00,'-,Cajas,Repres. De Servicios,Part Time,Masculino,1992-12-07 00:00:00,2016-05-04 00:00:00,
Viv Monterrico,4176,2025-12-01 00:00:00,'-,Cajas,Repres. De Servicios,Full Time,Masculino,1969-09-15 00:00:00,2013-07-10 00:00:00,
Viv Monterrico,41959,2025-12-01 00:00:00,'-,"Carnes, Pescados, Fiambres, Frutas & Verduras",Repres. De Servicios,Full Time,Femenino,1973-06-24 00:00:00,2016-07-08 00:00:00,
Viv Monterrico,51730,2025-12-01 00:00:00,'-,"Carnes, Pescados, Fiambres, Frutas & Verduras",Repres. De Servicios I,Full Time,Femenino,1994-11-10 00:00:00,2019-05-01 00:00:00,
Viv Monterrico,51793,2025-12-01 00:00:00,'-,Administración,Coordinador De Operaciones Iga,Full Time,Femenino,1993-11-12 00:00:00,2022-02-01 00:00:00,
Viv Monterrico,6265241,2025-12-01 00:00:00,'-,Cajas,Cajero 6X1,Full Time,Masculino,2002-02-28 00:00:00,2025-04-01 00:00:00,
Viv Monterrico,6990,2025-12-01 00:00:00,'-,Comidas Preparadas Panadería Y Pastelería,Repres. De Servicios Eo,Full Time,Masculino,1964-03-29 00:00:00,2007-09-01 00:00:00,
Viv Monterrico,7178,2025-12-01 00:00:00,'-,Comidas Preparadas Panadería Y Pastelería,Repres. De Servicios,Full Time,Femenino,1991-04-30 00:00:00,2012-04-01 00:00:00,
Viv Monterrico,7280,2025-12-01 00:00:00,'-,"Carnes, Pescados, Fiambres, Frutas & Verduras",Repres. De Servicios Eo,Full Time,Femenino,1962-07-30 00:00:00,1997-12-01 00:00:00,
Viv Monterrico,7325,2025-12-01 00:00:00,'-,Cajas,Supervisor De Cajeros,Full Time,Femenino,1992-07-21 00:00:00,2019-11-29 00:00:00,
Viv Monterrico,8668,2025-12-01 00:00:00,'-,Sala,Repres. De Servicios,Full Time,Femenino,1983-02-21 00:00:00,2020-02-26 00:00:00,
Viv Monterrico,9517389,2025-12-01 00:00:00,'-,Cajas,Cajero 3X4,Part Time,Femenino,2002-04-29 00:00:00,2021-11-30 00:00:00,
Viv Monterrico,9734259,2025-12-01 00:00:00,'-,Sala,Repres. De Servicios,Part Time,Femenino,2001-04-22 00:00:00,2022-01-21 00:00:00,
Viv Monterrico,9864173,2025-12-01 00:00:00,'-,Cajas,Asistente De Self Check Out Pt,Part Time,Masculino,2002-04-18 00:00:00,2024-02-21 00:00:00,
Pvea Miraflores,10712,2025-11-01 00:00:00,'-,Administración,Asistente De Tienda,Full Time,Femenino,1987-05-15 00:00:00,2009-06-01 00:00:00,
Pvea Miraflores,108279,2025-11-01 00:00:00,'-,Almacén,Repres. De Servicios,Full Time,Masculino,1999-06-19 00:00:00,2024-11-01 00:00:00,
Pvea Miraflores,10896,2025-11-01 00:00:00,'-,Cajas,Jefe De Seccion,Full Time,Masculino,1986-04-21 00:00:00,2011-08-01 00:00:00,
Pvea Miraflores,10922,2025-11-01 00:00:00,'-,Administración,Subgerente De Tienda,Full Time,Masculino,1989-05-26 00:00:00,2008-04-02 00:00:00,
Pvea Miraflores,11215671,2025-11-01 00:00:00,'-,Cajas,Supervisor De Cajeros,Full Time,Masculino,2002-07-27 00:00:00,2024-04-01 00:00:00,
Pvea Miraflores,11244,2025-11-01 00:00:00,'-,Recepción E Inventarios,Auxiliar De Inventarios,Full Time,Masculino,1992-07-22 00:00:00,2013-07-11 00:00:00,
Pvea Miraflores,11467819,2025-11-01 00:00:00,'-,Sala Frescos,Repres. De Servicios,Part Time,Femenino,2002-08-04 00:00:00,2022-10-26 00:00:00,
Pvea Miraflores,11471369,2025-11-01 00:00:00,'-,Cajas,Multifuncional 5X2 1Er Turno,Part Time,Masculino,2001-11-07 00:00:00,2022-10-28 00:00:00,
Pvea Miraflores,11639932,2025-11-01 00:00:00,'-,Sala Frescos,Repres. De Servicios,Part Time,Masculino,2004-11-02 00:00:00,2023-01-24 00:00:00,
Pvea Miraflores,11640264,2025-11-01 00:00:00,'-,Cajas,Multifuncional 5X2,Part Time,Masculino,2002-09-28 00:00:00,2022-12-01 00:00:00,
Pvea Miraflores,11670565,2025-11-01 00:00:00,'-,Cajas,Multifuncional,Part Time,Femenino,1990-06-09 00:00:00,2022-12-06 00:00:00,
Pvea Miraflores,1173,2025-11-01 00:00:00,'-,Sala Frescos,Repres. De Servicios I,Full Time,Femenino,1980-08-21 00:00:00,2014-08-05 00:00:00,
Pvea Miraflores,11755194,2025-11-01 00:00:00,'-,Cajas,Multifuncional 5X2 1Er Turno,Part Time,Femenino,2004-07-24 00:00:00,2023-01-13 00:00:00,
Pvea Miraflores,11919846,2025-11-01 00:00:00,'-,Recepción,Repres. De Servicios,Full Time,Masculino,2004-10-27 00:00:00,2024-05-01 00:00:00,
Pvea Miraflores,11966958,2025-11-01 00:00:00,'-,Sala Frescos,Repres. De Servicios,Full Time,Masculino,1998-10-25 00:00:00,2023-03-10 00:00:00,
Pvea Miraflores,11967461,2025-11-01 00:00:00,'-,Cajas,Repres. De Servicios,Part Time,Masculino,2002-12-08 00:00:00,2024-03-26 00:00:00,
Pvea Miraflores,11968470,2025-11-01 00:00:00,'-,Sala Frescos,Repres. De Servicios,Full Time,Femenino,2004-12-19 00:00:00,2023-03-21 00:00:00,
Pvea Miraflores,11975834,2025-11-01 00:00:00,'-,Sala Frescos,Repres. De Servicios,Full Time,Femenino,1990-07-17 00:00:00,2023-03-24 00:00:00,
Pvea Miraflores,11995789,2025-11-01 00:00:00,'-,Almacén Frescos,Repres. De Servicios I,Full Time,Masculino,2001-01-20 00:00:00,2024-04-01 00:00:00,
Pvea Miraflores,12020890,2025-11-01 00:00:00,'-,Sala Frescos,Repres. De Servicios,Full Time,Femenino,2004-08-03 00:00:00,2023-04-05 00:00:00,2025-12-15 00:00:00
Pvea Miraflores,12064373,2025-11-01 00:00:00,'-,Sala Frescos,Repres. De Servicios,Full Time,Masculino,1995-10-25 00:00:00,2024-04-01 00:00:00,
Pvea Miraflores,12069362,2025-11-01 00:00:00,'-,Almacén,Repres. De Servicios,Part Time,Masculino,2003-04-10 00:00:00,2023-04-20 00:00:00,
Pvea Miraflores,12103937,2025-11-01 00:00:00,'-,Almacén Frescos,Repres. De Servicios,Full Time,Masculino,1993-04-22 00:00:00,2023-04-27 00:00:00,
Pvea Miraflores,12179662,2025-11-01 00:00:00,'-,Sala Frescos,Chef,Full Time,Femenino,2004-05-07 00:00:00,2024-07-01 00:00:00,
Pvea Miraflores,12179728,2025-11-01 00:00:00,'-,Sala,Multifuncional,Full Time,Masculino,1991-06-16 00:00:00,2025-03-01 00:00:00,
Pvea Miraflores,12302,2025-11-01 00:00:00,'-,Recepción,Repres. De Servicios,Full Time,Masculino,1974-10-26 00:00:00,2019-01-22 00:00:00,
Pvea Miraflores,12341116,2025-11-01 00:00:00,'-,Cajas,Multifuncional 5X2 1Er Turno,Part Time,Femenino,2002-07-31 00:00:00,2023-07-14 00:00:00,
Pvea Miraflores,12478604,2025-11-01 00:00:00,'-,Cajas,Multifuncional 5X2,Part Time,Masculino,2003-06-28 00:00:00,2023-08-17 00:00:00,
Pvea Miraflores,12930960,2025-11-01 00:00:00,'-,Cajas,Multifuncional,Full Time,Femenino,2003-02-02 00:00:00,2024-06-01 00:00:00,
Pvea Miraflores,13218619,2025-11-01 00:00:00,'-,Cajas,Multifuncional 5X2 1Er Turno,Part Time,Femenino,1992-08-16 00:00:00,2023-11-03 00:00:00,
Pvea Miraflores,13800552,2025-11-01 00:00:00,'-,Almacén Frescos,Repres. De Servicios,Full Time,Masculino,1975-09-29 00:00:00,2024-01-10 00:00:00,
Pvea Miraflores,14000816,2025-11-01 00:00:00,'-,Sala Frescos,Repres. De Servicios,Full Time,Femenino,2002-09-16 00:00:00,2024-02-06 00:00:00,
Pvea Miraflores,14029100,2025-11-01 00:00:00,'-,Recepción E Inventarios,Auxiliar De Inventarios,Full Time,Masculino,1996-08-14 00:00:00,2024-02-07 00:00:00,
Pvea Miraflores,14198239,2025-11-01 00:00:00,'-,Cajas,Multifuncional,Part Time,Femenino,2005-08-10 00:00:00,2024-02-14 00:00:00,
Pvea Miraflores,14234670,2025-11-01 00:00:00,'-,Cajas,Multifuncional 5X2 1Er Turno,Part Time,Masculino,2002-08-01 00:00:00,2024-11-25 00:00:00,
Pvea Miraflores,14574,2025-11-01 00:00:00,'-,Sala,Repres. De Servicios I,Full Time,Masculino,1969-09-18 00:00:00,2013-09-19 00:00:00,
Pvea Miraflores,14683987,2025-11-01 00:00:00,'-,Cajas,Supervisor De Cajeros,Full Time,Femenino,2003-01-11 00:00:00,2025-01-01 00:00:00,
Pvea Miraflores,14684378,2025-11-01 00:00:00,'-,Cajas,Multifuncional Fds,Part Time,Femenino,2004-11-16 00:00:00,2024-03-15 00:00:00,
Pvea Miraflores,14788217,2025-11-01 00:00:00,'-,Cajas,Multifuncional,Full Time,Femenino,1998-11-15 00:00:00,2025-04-01 00:00:00,
Pvea Miraflores,14858577,2025-11-01 00:00:00,'-,Electro,Repres. De Servicios,Full Time,Masculino,2006-01-14 00:00:00,2024-09-01 00:00:00,
Pvea Miraflores,14858766,2025-11-01 00:00:00,'-,Sala Frescos,Repres. De Servicios,Full Time,Femenino,1975-10-04 00:00:00,2025-01-01 00:00:00,
Pvea Miraflores,14860022,2025-11-01 00:00:00,'-,Cajas,Asistente De Self Check Out Pt,Part Time,Femenino,2004-12-28 00:00:00,2024-03-26 00:00:00,
Pvea Miraflores,15329,2025-11-01 00:00:00,'-,Sala Frescos,Repres. De Servicios,Full Time,Masculino,1980-09-20 00:00:00,2014-10-15 00:00:00,
Pvea Miraflores,15470720,2025-11-01 00:00:00,'-,Sala,Multifuncional,Part Time,Femenino,2005-07-13 00:00:00,2024-04-29 00:00:00,2025-12-15 00:00:00
Pvea Miraflores,15874352,2025-11-01 00:00:00,'-,Cajas,Multifuncional 5X2 1Er Turno,Part Time,Masculino,2003-05-10 00:00:00,2024-05-23 00:00:00,
Pvea Miraflores,15968821,2025-11-01 00:00:00,'-,Cajas,Multifuncional,Part Time,Masculino,2005-06-04 00:00:00,2024-06-04 00:00:00,
Pvea Miraflores,15985097,2025-11-01 00:00:00,'-,Sala Frescos,Repres. De Servicios,Part Time,Masculino,2002-01-04 00:00:00,2024-06-06 00:00:00,
Pvea Miraflores,16025222,2025-11-01 00:00:00,'-,Sala,Multifuncional,Part Time,Masculino,2006-03-03 00:00:00,2024-06-17 00:00:00,
Pvea Miraflores,16480681,2025-11-01 00:00:00,'-,Cajas,Repres. De Servicios,Part Time,Masculino,2005-02-13 00:00:00,2024-08-02 00:00:00,
Pvea Miraflores,16599143,2025-11-01 00:00:00,'-,Sala Frescos,Repres. De Servicios,Part Time,Masculino,1979-07-19 00:00:00,2024-08-09 00:00:00,
Pvea Miraflores,16867095,2025-11-01 00:00:00,'-,Cajas,Multifuncional 5X2 1Er Turno,Part Time,Femenino,2006-03-15 00:00:00,2024-09-11 00:00:00,
Pvea Miraflores,17293470,2025-11-01 00:00:00,'-,Cajas,Multifuncional,Full Time,Femenino,2006-10-08 00:00:00,2025-06-01 00:00:00,
Pvea Miraflores,17304094,2025-11-01 00:00:00,'-,Recepción,Repres. De Servicios,Full Time,Masculino,2004-07-30 00:00:00,2025-05-01 00:00:00,
Pvea Miraflores,17468662,2025-11-01 00:00:00,'-,Cajas,Multifuncional 5X2,Part Time,Masculino,2005-08-19 00:00:00,2024-11-12 00:00:00,
Pvea Miraflores,17469240,2025-11-01 00:00:00,'-,Sala Frescos,Repres. De Servicios Fds,Part Time,Femenino,1993-11-13 00:00:00,2024-11-12 00:00:00,2025-12-01 00:00:00
Pvea Miraflores,17533975,2025-11-01 00:00:00,'-,Cajas,Multifuncional,Full Time,Femenino,2005-09-08 00:00:00,2024-11-18 00:00:00,
Pvea Miraflores,17533983,2025-11-01 00:00:00,'-,Cajas,Representante De Servicio 5X2 D,Part Time,Masculino,1995-04-11 00:00:00,2024-11-19 00:00:00,
Pvea Miraflores,17577248,2025-11-01 00:00:00,'-,Cajas,Multifuncional 5X2 1Er Turno,Part Time,Femenino,2002-04-09 00:00:00,2024-11-25 00:00:00,
Pvea Miraflores,17732286,2025-11-01 00:00:00,'-,Cajas,Multifuncional,Part Time,Femenino,1988-11-21 00:00:00,2024-12-06 00:00:00,
Pvea Miraflores,17732520,2025-11-01 00:00:00,'-,Cajas,Repres. De Servicios,Part Time,Femenino,2001-07-23 00:00:00,2025-09-01 00:00:00,
Pvea Miraflores,17732526,2025-11-01 00:00:00,'-,Cajas,Repres. De Servicios,Full Time,Femenino,2004-07-24 00:00:00,2024-12-06 00:00:00,
Pvea Miraflores,17835529,2025-11-01 00:00:00,'-,Cajas,Multifuncional,Part Time,Femenino,1979-03-14 00:00:00,2024-12-19 00:00:00,
Pvea Miraflores,17861149,2025-11-01 00:00:00,'-,Cajas,Multifuncional,Part Time,Masculino,2006-03-29 00:00:00,2024-12-23 00:00:00,
Pvea Miraflores,17955881,2025-11-01 00:00:00,'-,Sala,Repres. De Servicios,Part Time,Masculino,2002-06-08 00:00:00,2025-01-23 00:00:00,
Pvea Miraflores,18028642,2025-11-01 00:00:00,'-,Sala Frescos,Repres. De Servicios,Full Time,Femenino,2006-08-25 00:00:00,2025-02-06 00:00:00,
Pvea Miraflores,18069864,2025-11-01 00:00:00,'-,Sala Frescos,Repres. De Servicios,Full Time,Femenino,2005-01-12 00:00:00,2025-02-13 00:00:00,
Pvea Miraflores,18085472,2025-11-01 00:00:00,'-,Sala,Repres. De Servicios,Part Time,Femenino,2007-01-17 00:00:00,2025-02-14 00:00:00,
Pvea Miraflores,18154,2025-11-01 00:00:00,'-,Sala Frescos,Repres. De Servicios,Part Time,Masculino,1995-05-26 00:00:00,2024-07-01 00:00:00,
Pvea Miraflores,18329320,2025-11-01 00:00:00,'-,Sala Frescos,Repres. De Servicios,Full Time,Femenino,1977-06-11 00:00:00,2025-03-21 00:00:00,
Pvea Miraflores,18329446,2025-11-01 00:00:00,'-,Recepción,Repres. De Servicios,Part Time,Masculino,2000-06-12 00:00:00,2025-03-21 00:00:00,
Pvea Miraflores,18329447,2025-11-01 00:00:00,'-,Sala,Repres. De Servicios,Part Time,Femenino,2006-05-20 00:00:00,2025-03-21 00:00:00,
Pvea Miraflores,18329456,2025-11-01 00:00:00,'-,Sala Frescos,Repres. De Servicios,Part Time,Femenino,1977-10-13 00:00:00,2025-03-21 00:00:00,
Pvea Miraflores,18339022,2025-11-01 00:00:00,'-,Sala,Repres. De Servicios 5X2 Eo,Part Time,Femenino,1959-10-19 00:00:00,2025-03-24 00:00:00,2025-12-15 00:00:00
Pvea Miraflores,18357026,2025-11-01 00:00:00,'-,Cajas,Representante De Servicio 5X2 D,Part Time,Masculino,2002-02-11 00:00:00,2025-04-03 00:00:00,
Pvea Miraflores,18625925,2025-11-01 00:00:00,'-,Cajas,Multifuncional,Full Time,Masculino,1997-06-21 00:00:00,2025-04-25 00:00:00,
Pvea Miraflores,18628261,2025-11-01 00:00:00,'-,Cajas,Multifuncional,Part Time,Masculino,2006-10-05 00:00:00,2025-04-29 00:00:00,
Pvea Miraflores,18628307,2025-11-01 00:00:00,'-,Cajas,Multifuncional,Full Time,Femenino,1977-06-26 00:00:00,2025-04-29 00:00:00,2025-11-30 00:00:00
Pvea Miraflores,18633780,2025-11-01 00:00:00,'-,Cajas,Multifuncional 5X2,Part Time,Femenino,1997-03-11 00:00:00,2025-05-02 00:00:00,
Pvea Miraflores,18633781,2025-11-01 00:00:00,'-,Cajas,Multifuncional,Full Time,Femenino,2006-01-10 00:00:00,2025-05-02 00:00:00,
Pvea Miraflores,18633816,2025-11-01 00:00:00,'-,Cajas,Multifuncional Fds,Part Time,Masculino,2004-10-10 00:00:00,2025-05-02 00:00:00,
Pvea Miraflores,18691393,2025-11-01 00:00:00,'-,Almacén,Repres. De Servicios,Part Time,Masculino,2004-03-02 00:00:00,2025-05-19 00:00:00,
Pvea Miraflores,18704492,2025-11-01 00:00:00,'-,Cajas,Asistente De Self Check Out,Full Time,Femenino,1999-12-02 00:00:00,2025-05-23 00:00:00,
Pvea Miraflores,18833623,2025-11-01 00:00:00,'-,Sala Frescos,Repres. De Servicios,Part Time,Masculino,2005-01-16 00:00:00,2025-07-09 00:00:00,
Pvea Miraflores,18837948,2025-11-01 00:00:00,'-,Almacén Frescos,Repres. De Servicios,Part Time,Masculino,2004-05-16 00:00:00,2025-07-11 00:00:00,2025-11-15 00:00:00
Pvea Miraflores,18837955,2025-11-01 00:00:00,'-,Sala Frescos,Repres. De Servicios,Part Time,Femenino,2005-10-07 00:00:00,2025-07-11 00:00:00,
Pvea Miraflores,18904943,2025-11-01 00:00:00,'-,Sala Frescos,Repres. De Servicios,Part Time,Femenino,2005-04-14 00:00:00,2025-07-22 00:00:00,
Pvea Miraflores,18904963,2025-11-01 00:00:00,'-,Almacén,Repres. De Servicios,Part Time,Masculino,2005-02-18 00:00:00,2025-07-22 00:00:00,
Pvea Miraflores,18954165,2025-11-01 00:00:00,'-,Cajas,Multifuncional,Part Time,Femenino,2007-03-26 00:00:00,2025-08-08 00:00:00,
Pvea Miraflores,18955453,2025-11-01 00:00:00,'-,Almacén Frescos,Repres. De Servicios,Part Time,Masculino,1989-01-08 00:00:00,2025-08-13 00:00:00,
Pvea Miraflores,18956192,2025-11-01 00:00:00,'-,Sala Frescos,Repres. De Servicios Fds,Part Time,Femenino,2001-05-08 00:00:00,2025-08-13 00:00:00,2025-12-01 00:00:00
Pvea Miraflores,18958496,2025-11-01 00:00:00,'-,Almacén Frescos,Repres. De Servicios,Part Time,Masculino,2005-11-21 00:00:00,2025-08-22 00:00:00,
Pvea Miraflores,18958519,2025-11-01 00:00:00,'-,Cajas,Multifuncional,Part Time,Masculino,2006-12-17 00:00:00,2025-08-22 00:00:00,
Pvea Miraflores,18959135,2025-11-01 00:00:00,'-,Sala Frescos,Repres. De Servicios,Part Time,Femenino,2006-05-24 00:00:00,2025-08-22 00:00:00,
Pvea Miraflores,18961460,2025-11-01 00:00:00,'-,Cajas,Multifuncional Fds,Part Time,Femenino,2003-03-12 00:00:00,2025-09-02 00:00:00,
Pvea Miraflores,18961461,2025-11-01 00:00:00,'-,Cajas,Multifuncional 5X2 1Er Turno,Part Time,Masculino,2002-03-08 00:00:00,2025-09-02 00:00:00,
Pvea Miraflores,18961462,2025-11-01 00:00:00,'-,Cajas,Multifuncional 5X2 1Er Turno,Part Time,Femenino,2007-02-11 00:00:00,2025-09-02 00:00:00,
Pvea Miraflores,18961463,2025-11-01 00:00:00,'-,Cajas,Multifuncional Fds,Part Time,Femenino,2006-08-04 00:00:00,2025-09-02 00:00:00,
Pvea Miraflores,18961480,2025-11-01 00:00:00,'-,Cajas,Multifuncional,Full Time,Femenino,2006-04-24 00:00:00,2025-09-02 00:00:00,
Pvea Miraflores,18962085,2025-11-01 00:00:00,'-,Cajas,Multifuncional,Part Time,Femenino,2001-06-24 00:00:00,2025-09-02 00:00:00,
Pvea Miraflores,18962086,2025-11-01 00:00:00,'-,Cajas,Multifuncional,Part Time,Femenino,2005-12-24 00:00:00,2025-09-02 00:00:00,2025-11-03 00:00:00
Pvea Miraflores,18962469,2025-11-01 00:00:00,'-,Sala Frescos,Repres. De Servicios,Part Time,Femenino,1999-04-10 00:00:00,2025-09-05 00:00:00,
Pvea Miraflores,18964395,2025-11-01 00:00:00,'-,Cajas,Multifuncional Fds,Part Time,Femenino,2004-09-11 00:00:00,2025-09-10 00:00:00,2025-12-01 00:00:00
Pvea Miraflores,18964543,2025-11-01 00:00:00,'-,Sala,Repres. De Servicios,Part Time,Femenino,2005-05-12 00:00:00,2025-09-10 00:00:00,
Pvea Miraflores,18964544,2025-11-01 00:00:00,'-,Sala,Multifuncional,Part Time,Masculino,2006-01-07 00:00:00,2025-09-10 00:00:00,
Pvea Miraflores,18964545,2025-11-01 00:00:00,'-,Almacén,Repres. De Servicios,Part Time,Masculino,2002-07-04 00:00:00,2025-09-10 00:00:00,
Pvea Miraflores,18965157,2025-11-01 00:00:00,'-,Sala Frescos,Repres. De Servicios,Part Time,Masculino,2003-05-30 00:00:00,2025-09-12 00:00:00,
Pvea Miraflores,18965163,2025-11-01 00:00:00,'-,Almacén,Repres. De Servicios,Part Time,Masculino,2006-11-17 00:00:00,2025-09-12 00:00:00,
Pvea Miraflores,18965167,2025-11-01 00:00:00,'-,Almacén,Repres. De Servicios,Part Time,Masculino,2006-02-26 00:00:00,2025-09-12 00:00:00,
Pvea Miraflores,18967911,2025-11-01 00:00:00,'-,Sala Frescos,Repres. De Servicios,Part Time,Masculino,2005-02-25 00:00:00,2025-09-22 00:00:00,
Pvea Miraflores,18967912,2025-11-01 00:00:00,'-,Recepción,Repres. De Servicios,Part Time,Masculino,2005-01-22 00:00:00,2025-09-22 00:00:00,
Pvea Miraflores,18967914,2025-11-01 00:00:00,'-,Almacén,Repres. De Servicios,Part Time,Masculino,2005-02-02 00:00:00,2025-09-22 00:00:00,
Pvea Miraflores,18967916,2025-11-01 00:00:00,'-,Sala Frescos,Repres. De Servicios,Part Time,Masculino,2005-12-21 00:00:00,2025-09-22 00:00:00,
Pvea Miraflores,18969913,2025-11-01 00:00:00,'-,Sala Frescos,Repres. De Servicios,Part Time,Femenino,2005-02-25 00:00:00,2025-09-29 00:00:00,
Pvea Miraflores,18971586,2025-11-01 00:00:00,'-,Sala Frescos,Repres. De Servicios,Part Time,Femenino,2001-05-27 00:00:00,2025-10-03 00:00:00,
Pvea Miraflores,18971587,2025-11-01 00:00:00,'-,Sala Frescos,Repres. De Servicios,Part Time,Femenino,2005-12-05 00:00:00,2025-10-03 00:00:00,2025-11-30 00:00:00
Pvea Miraflores,18971591,2025-11-01 00:00:00,'-,Sala Frescos,Repres. De Servicios,Part Time,Masculino,2005-01-21 00:00:00,2025-10-03 00:00:00,2025-11-03 00:00:00
Pvea Miraflores,18971973,2025-11-01 00:00:00,'-,Sala Frescos,Repres. De Servicios,Part Time,Femenino,2007-09-18 00:00:00,2025-10-06 00:00:00,
Pvea Miraflores,18974517,2025-11-01 00:00:00,'-,Cajas,Repres. De Servicios,Part Time,Femenino,2005-04-12 00:00:00,2025-10-17 00:00:00,
Pvea Miraflores,18974544,2025-11-01 00:00:00,'-,Sala Frescos,Repres. De Servicios,Part Time,Femenino,1976-12-28 00:00:00,2025-10-17 00:00:00,
Pvea Miraflores,18975262,2025-11-01 00:00:00,'-,Cajas,Multifuncional 5X2 1Er Turno,Part Time,Femenino,2006-04-05 00:00:00,2025-10-22 00:00:00,
Pvea Miraflores,18975264,2025-11-01 00:00:00,'-,Almacén Frescos,Repres. De Servicios,Part Time,Masculino,1997-07-30 00:00:00,2025-10-22 00:00:00,
Pvea Miraflores,18975265,2025-11-01 00:00:00,'-,Almacén Frescos,Repres. De Servicios,Part Time,Masculino,2005-02-28 00:00:00,2025-10-22 00:00:00,
Pvea Miraflores,18975956,2025-11-01 00:00:00,'-,Sala,Repres. De Servicios,Part Time,Masculino,2002-01-17 00:00:00,2025-10-24 00:00:00,
Pvea Miraflores,18975970,2025-11-01 00:00:00,'-,Sala Frescos,Repres. De Servicios,Part Time,Femenino,2007-09-05 00:00:00,2025-10-24 00:00:00,
Pvea Miraflores,18975971,2025-11-01 00:00:00,'-,Sala Frescos,Repres. De Servicios,Part Time,Masculino,2007-03-01 00:00:00,2025-10-24 00:00:00,
Pvea Miraflores,18975999,2025-11-01 00:00:00,'-,Sala Frescos,Repres. De Servicios,Part Time,Masculino,1995-12-20 00:00:00,2025-10-24 00:00:00,
Pvea Miraflores,18977928,2025-11-01 00:00:00,'-,Cajas,Multifuncional,Part Time,Femenino,1994-11-07 00:00:00,2025-11-04 00:00:00,
Pvea Miraflores,18982560,2025-11-01 00:00:00,'-,Cajas,Multifuncional,Part Time,Femenino,1990-12-20 00:00:00,2025-11-26 00:00:00,
Pvea Miraflores,18982833,2025-11-01 00:00:00,'-,Sala Frescos,Repres. De Servicios,Part Time,Masculino,2003-03-16 00:00:00,2025-11-27 00:00:00,
Pvea Miraflores,18982901,2025-11-01 00:00:00,'-,Cajas,Multifuncional 5X2,Part Time,Femenino,2007-01-09 00:00:00,2025-11-27 00:00:00,
Pvea Miraflores,203013,2025-11-01 00:00:00,'-,Electro,Vendedor,Full Time,Femenino,1968-11-24 00:00:00,2018-05-23 00:00:00,
Pvea Miraflores,203489,2025-11-01 00:00:00,'-,Cajas,Supervisor De Cajeros,Full Time,Femenino,1991-08-18 00:00:00,2025-05-01 00:00:00,
Pvea Miraflores,21147,2025-11-01 00:00:00,'-,Sala Frescos,Repres. De Servicios,Full Time,Masculino,1978-04-26 00:00:00,2011-03-01 00:00:00,
Pvea Miraflores,21448,2025-11-01 00:00:00,'-,Electro,Jefe De Seccion,Full Time,Femenino,1974-03-22 00:00:00,2012-10-01 00:00:00,
Pvea Miraflores,244437,2025-11-01 00:00:00,'-,Cajas,Supervisor De Cajeros,Full Time,Masculino,2000-05-19 00:00:00,2024-01-19 00:00:00,
Pvea Miraflores,24708,2025-11-01 00:00:00,'-,Administración,Gerente De Tienda,Full Time,Masculino,1975-09-22 00:00:00,2003-04-04 00:00:00,
Pvea Miraflores,25760,2025-11-01 00:00:00,'-,Almacén,Repres. De Servicios I,Full Time,Femenino,1973-10-12 00:00:00,2014-06-16 00:00:00,
Pvea Miraflores,272289,2025-11-01 00:00:00,'-,Cajas,Supervisor De Cajeros,Full Time,Femenino,2000-01-19 00:00:00,2025-05-01 00:00:00,
Pvea Miraflores,291062,2025-11-01 00:00:00,'-,Recepción E Inventarios,Auxiliar De Inventarios,Full Time,Femenino,1981-01-07 00:00:00,2022-06-01 00:00:00,
Pvea Miraflores,298588,2025-11-01 00:00:00,'-,Sala,Multifuncional 5X2 1Er Turno,Part Time,Femenino,1985-12-22 00:00:00,2024-12-02 00:00:00,
Pvea Miraflores,301805,2025-11-01 00:00:00,'-,Sala,Multifuncional,Full Time,Masculino,1995-12-13 00:00:00,2020-01-20 00:00:00,
Pvea Miraflores,303580,2025-11-01 00:00:00,'-,Cajas,Supervisor De Cajeros,Full Time,Masculino,1999-05-27 00:00:00,2023-07-01 00:00:00,
Pvea Miraflores,304408,2025-11-01 00:00:00,'-,Almacén Frescos,Repres. De Servicios I,Full Time,Femenino,1992-12-05 00:00:00,2020-02-17 00:00:00,
Pvea Miraflores,31455,2025-11-01 00:00:00,'-,Sala Frescos,Jefe De Seccion,Full Time,Masculino,1981-11-10 00:00:00,2016-01-18 00:00:00,
Pvea Miraflores,34546,2025-11-01 00:00:00,'-,Sala Frescos,Repres. De Servicios,Full Time,Femenino,1967-05-24 00:00:00,2016-02-17 00:00:00,
Pvea Miraflores,36202,2025-11-01 00:00:00,'-,Sala Frescos,Repres. De Servicios,Full Time,Femenino,1992-05-22 00:00:00,2016-03-02 00:00:00,
Pvea Miraflores,3707,2025-11-01 00:00:00,'-,Administración,Asistente De Tienda,Full Time,Femenino,1974-10-22 00:00:00,2003-09-01 00:00:00,
Pvea Miraflores,41844,2025-11-01 00:00:00,'-,Sala Frescos,Repres. De Servicios,Full Time,Masculino,1984-09-10 00:00:00,2016-07-04 00:00:00,
Pvea Miraflores,42739,2025-11-01 00:00:00,'-,Sala,Jefe De Seccion,Full Time,Femenino,1998-06-14 00:00:00,2016-08-01 00:00:00,
Pvea Miraflores,4486016,2025-11-01 00:00:00,'-,Sala Frescos,Jefe De Seccion,Full Time,Femenino,1997-11-16 00:00:00,2020-06-03 00:00:00,
Pvea Miraflores,481,2025-11-01 00:00:00,'-,Recepción E Inventarios,Auxiliar Controller,Full Time,Masculino,1991-11-26 00:00:00,2012-12-01 00:00:00,
Pvea Miraflores,55309,2025-11-01 00:00:00,'-,Sala Frescos,Repres. De Servicios,Part Time,Femenino,1990-10-28 00:00:00,2025-08-01 00:00:00,
Pvea Miraflores,7318884,2025-11-01 00:00:00,'-,Cajas,Multifuncional 5X2 1Er Turno,Part Time,Femenino,1995-02-25 00:00:00,2021-09-22 00:00:00,
Pvea Miraflores,7319531,2025-11-01 00:00:00,'-,Sala,Multifuncional,Full Time,Masculino,1999-05-16 00:00:00,2023-01-01 00:00:00,
Pvea Miraflores,7319542,2025-11-01 00:00:00,'-,Sala,Jefe De Seccion,Full Time,Femenino,2001-05-26 00:00:00,2022-11-01 00:00:00,
Pvea Miraflores,7319599,2025-11-01 00:00:00,'-,Sala,Multifuncional,Full Time,Masculino,2000-02-10 00:00:00,2025-02-01 00:00:00,
Pvea Miraflores,7333556,2025-11-01 00:00:00,'-,Sala,Repres. De Servicios,Part Time,Femenino,2003-05-19 00:00:00,2024-12-11 00:00:00,2025-12-12 00:00:00
Pvea Miraflores,7333607,2025-11-01 00:00:00,'-,Cajas,Asistente De Self Check Out Pt,Part Time,Femenino,1979-09-11 00:00:00,2021-09-22 00:00:00,
Pvea Miraflores,7333614,2025-11-01 00:00:00,'-,Cajas,Multifuncional,Full Time,Femenino,2003-03-03 00:00:00,2023-08-01 00:00:00,
Pvea Miraflores,811,2025-11-01 00:00:00,'-,Sala,Especialista En Bebidas,Full Time,Masculino,1977-11-17 00:00:00,2016-07-13 00:00:00,
Pvea Miraflores,8682,2025-11-01 00:00:00,'-,Sala Frescos,Jefe De Seccion,Full Time,Femenino,1974-09-05 00:00:00,2018-08-03 00:00:00,
Pvea Miraflores,919,2025-11-01 00:00:00,'-,Sala Frescos,Repres. De Servicios,Full Time,Femenino,1973-08-07 00:00:00,2014-05-05 00:00:00,
Pvea Miraflores,9278728,2025-11-01 00:00:00,'-,Sala,Multifuncional 5X2 1Er Turno,Part Time,Femenino,1989-10-12 00:00:00,2021-11-02 00:00:00,
Pvea Miraflores,9481430,2025-11-01 00:00:00,'-,Almacén,Repres. De Servicios I,Full Time,Masculino,1999-08-02 00:00:00,2025-01-31 00:00:00,
Pvea Miraflores,98053,2025-11-01 00:00:00,'-,Cajas,Supervisor De Cajeros,Full Time,Masculino,1982-02-15 00:00:00,2019-03-05 00:00:00,
Pvea Miraflores,98931,2025-11-01 00:00:00,'-,Cajas,Multifuncional Eo,Full Time,Masculino,1960-11-16 00:00:00,2017-08-01 00:00:00,
Pvea Miraflores,99177,2025-11-01 00:00:00,'-,Almacén,Jefe De Seccion,Full Time,Masculino,1998-07-09 00:00:00,2021-08-24 00:00:00,
Svea Corpac,103603,2025-11-01 00:00:00,'-,Cajas,Cajero 5X2,Part Time,Masculino,1986-06-08 00:00:00,2017-09-13 00:00:00,
Svea Corpac,104636,2025-11-01 00:00:00,'-,Almacén Frescos,Repres. De Servicios,Full Time,Femenino,1980-07-16 00:00:00,2023-06-15 00:00:00,
Svea Corpac,11405933,2025-11-01 00:00:00,'-,Sala,Repres. De Servicios I,Full Time,Masculino,2002-08-30 00:00:00,2023-02-01 00:00:00,
Svea Corpac,11511916,2025-11-01 00:00:00,'-,Cajas,Supervisor De Cajeros,Full Time,Masculino,2002-07-16 00:00:00,2024-04-01 00:00:00,
Svea Corpac,1198235,2025-11-01 00:00:00,'-,Sala,Jefe De Seccion,Full Time,Femenino,1994-03-19 00:00:00,2020-03-17 00:00:00,
Svea Corpac,12309872,2025-11-01 00:00:00,'-,Cajas,Repres. De Servicios,Part Time,Femenino,2001-11-20 00:00:00,2023-06-27 00:00:00,
Svea Corpac,12352460,2025-11-01 00:00:00,'-,Almacén,Repres. De Servicios,Part Time,Masculino,2000-04-07 00:00:00,2023-07-21 00:00:00,2025-11-03 00:00:00
Svea Corpac,12681816,2025-11-01 00:00:00,'-,Sala Frescos,Repres. De Servicios,Part Time,Femenino,2005-03-01 00:00:00,2025-05-30 00:00:00,
Svea Corpac,129583,2025-11-01 00:00:00,'-,Sala,Repres. De Servicios,Part Time,Masculino,1988-08-24 00:00:00,2018-03-01 00:00:00,
Svea Corpac,13351200,2025-11-01 00:00:00,'-,Sala,Repres. De Servicios,Full Time,Femenino,1999-01-28 00:00:00,2023-11-24 00:00:00,
Svea Corpac,14343,2025-11-01 00:00:00,'-,Almacén,Repres. De Servicios Eo,Full Time,Masculino,1958-09-28 00:00:00,2007-05-01 00:00:00,
Svea Corpac,14776588,2025-11-01 00:00:00,'-,Sala,Repres. De Servicios,Full Time,Masculino,2004-06-24 00:00:00,2025-04-01 00:00:00,
Svea Corpac,15519392,2025-11-01 00:00:00,'-,Almacén,Repres. De Servicios,Part Time,Masculino,2003-04-05 00:00:00,2024-05-02 00:00:00,2025-11-01 00:00:00
Svea Corpac,15662741,2025-11-01 00:00:00,'-,Cajas,Supervisor De Cajeros,Full Time,Femenino,1999-08-09 00:00:00,2024-05-08 00:00:00,
Svea Corpac,15958778,2025-11-01 00:00:00,'-,Cajas,Cajero 5X2,Part Time,Masculino,1998-06-03 00:00:00,2024-06-03 00:00:00,
Svea Corpac,17487114,2025-11-01 00:00:00,'-,Sala Frescos,Repres. De Servicios,Full Time,Femenino,1974-07-29 00:00:00,2024-11-14 00:00:00,
Svea Corpac,17726664,2025-11-01 00:00:00,'-,Sala Frescos,Repres. De Servicios,Full Time,Femenino,2006-10-18 00:00:00,2025-07-22 00:00:00,
Svea Corpac,17837560,2025-11-01 00:00:00,'-,Sala Frescos,Repres. De Servicios,Part Time,Masculino,2006-06-05 00:00:00,2024-12-20 00:00:00,
Svea Corpac,18304720,2025-11-01 00:00:00,'-,Almacén Frescos,Repres. De Servicios,Part Time,Masculino,1998-04-28 00:00:00,2025-03-13 00:00:00,
Svea Corpac,18304723,2025-11-01 00:00:00,'-,Sala Frescos,Repres. De Servicios,Part Time,Femenino,2006-04-07 00:00:00,2025-03-13 00:00:00,
Svea Corpac,18329291,2025-11-01 00:00:00,'-,Sala,Repres. De Servicios,Part Time,Masculino,2006-02-15 00:00:00,2025-03-21 00:00:00,
Svea Corpac,18339046,2025-11-01 00:00:00,'-,Cajas,Repres. De Servicios 5X2 Eo,Part Time,Masculino,1959-04-07 00:00:00,2025-03-24 00:00:00,
Svea Corpac,18340465,2025-11-01 00:00:00,'-,Sala,Repres. De Servicios,Full Time,Femenino,2006-04-27 00:00:00,2025-03-26 00:00:00,
Svea Corpac,18347,2025-11-01 00:00:00,'-,Cajas,Jefe De Seccion,Full Time,Masculino,1992-12-14 00:00:00,2020-02-03 00:00:00,
Svea Corpac,18480147,2025-11-01 00:00:00,'-,Almacén Frescos,Repres. De Servicios,Full Time,Masculino,2004-05-09 00:00:00,2025-04-15 00:00:00,
Svea Corpac,18680096,2025-11-01 00:00:00,'-,Almacén,Repres. De Servicios,Part Time,Masculino,2004-11-09 00:00:00,2025-05-14 00:00:00,
Svea Corpac,18691469,2025-11-01 00:00:00,'-,Almacén,Repres. De Servicios,Part Time,Masculino,2006-10-03 00:00:00,2025-05-19 00:00:00,
Svea Corpac,18691470,2025-11-01 00:00:00,'-,Almacén,Repres. De Servicios,Part Time,Masculino,2005-03-27 00:00:00,2025-05-19 00:00:00,
Svea Corpac,18704501,2025-11-01 00:00:00,'-,Sala Frescos,Repres. De Servicios,Full Time,Masculino,2001-08-21 00:00:00,2025-05-23 00:00:00,
Svea Corpac,18704607,2025-11-01 00:00:00,'-,Sala Frescos,Repres. De Servicios,Full Time,Masculino,2005-06-04 00:00:00,2025-05-23 00:00:00,
Svea Corpac,18720150,2025-11-01 00:00:00,'-,Sala Frescos,Repres. De Servicios,Part Time,Masculino,2000-06-11 00:00:00,2025-05-30 00:00:00,
Svea Corpac,18720152,2025-11-01 00:00:00,'-,Sala,Repres. De Servicios,Part Time,Femenino,2000-02-22 00:00:00,2025-05-30 00:00:00,
Svea Corpac,18720166,2025-11-01 00:00:00,'-,Sala Frescos,Repres. De Servicios,Part Time,Masculino,2005-07-03 00:00:00,2025-05-30 00:00:00,
Svea Corpac,18905044,2025-11-01 00:00:00,'-,Cajas,Cajero 5X2,Part Time,Masculino,2007-01-22 00:00:00,2025-07-24 00:00:00,
Svea Corpac,18905045,2025-11-01 00:00:00,'-,Cajas,Cajero 5X2,Part Time,Femenino,2002-09-24 00:00:00,2025-07-24 00:00:00,
Svea Corpac,18957312,2025-11-01 00:00:00,'-,Almacén Frescos,Repres. De Servicios,Full Time,Masculino,2002-09-25 00:00:00,2025-08-19 00:00:00,
Svea Corpac,18958502,2025-11-01 00:00:00,'-,Cajas,Cajero 5X2,Part Time,Masculino,2006-12-21 00:00:00,2025-08-22 00:00:00,
Svea Corpac,18961751,2025-11-01 00:00:00,'-,Cajas,Cajero 5X2,Part Time,Femenino,2006-08-19 00:00:00,2025-09-03 00:00:00,
Svea Corpac,18961753,2025-11-01 00:00:00,'-,Cajas,Cajero 5X2,Part Time,Masculino,2005-05-31 00:00:00,2025-09-03 00:00:00,
Svea Corpac,18963005,2025-11-01 00:00:00,'-,Cajas,Cajero 5X2,Part Time,Masculino,2004-09-23 00:00:00,2025-09-06 00:00:00,
Svea Corpac,18964535,2025-11-01 00:00:00,'-,Cajas,Cajero 5X2,Part Time,Femenino,2005-09-23 00:00:00,2025-09-10 00:00:00,
Svea Corpac,18975493,2025-11-01 00:00:00,'-,Sala,Representante De Servicio 5X2 D,Part Time,Masculino,2003-03-23 00:00:00,2025-10-23 00:00:00,
Svea Corpac,21115,2025-11-01 00:00:00,'-,Cajas,Representante De Servicio D,Full Time,Masculino,1981-02-25 00:00:00,2000-03-01 00:00:00,
Svea Corpac,21374,2025-11-01 00:00:00,'-,Recepción E Inventarios,Auxiliar De Inventarios,Full Time,Masculino,1988-09-09 00:00:00,2010-04-16 00:00:00,
Svea Corpac,241013,2025-11-01 00:00:00,'-,Almacén,Jefe De Seccion,Full Time,Femenino,2000-06-21 00:00:00,2019-06-01 00:00:00,
Svea Corpac,243668,2025-11-01 00:00:00,'-,Sala Frescos,Repres. De Servicios,Part Time,Femenino,1994-04-04 00:00:00,2019-03-21 00:00:00,
Svea Corpac,266939,2025-11-01 00:00:00,'-,Administración,Gerente De Tienda,Full Time,Femenino,1990-06-29 00:00:00,2019-03-01 00:00:00,
Svea Corpac,43780,2025-11-01 00:00:00,'-,Cajas,Cajero 5X2,Full Time,Masculino,1989-10-27 00:00:00,2016-09-01 00:00:00,
Svea Corpac,44131,2025-11-01 00:00:00,'-,Cajas,Supervisor De Cajeros,Full Time,Femenino,1971-02-17 00:00:00,2016-09-05 00:00:00,
Svea Corpac,4576139,2025-11-01 00:00:00,'-,Sala Frescos,Repres. De Servicios,Full Time,Femenino,1987-09-28 00:00:00,2020-06-12 00:00:00,
Svea Corpac,48590,2025-11-01 00:00:00,'-,Sala Frescos,Repres. De Servicios,Full Time,Femenino,1976-11-15 00:00:00,2016-12-14 00:00:00,
Svea Corpac,6722,2025-11-01 00:00:00,'-,Sala Frescos,Jefe De Seccion,Full Time,Femenino,1987-06-16 00:00:00,2022-02-22 00:00:00,
Svea Corpac,9278595,2025-11-01 00:00:00,'-,Cajas,Cajero 6X1,Full Time,Masculino,1994-12-25 00:00:00,2023-07-01 00:00:00,
Viv Monterrico,104143,2025-11-01 00:00:00,'-,"Carnes, Pescados, Fiambres, Frutas & Verduras",Repres. De Servicios,Full Time,Femenino,1985-09-27 00:00:00,2017-10-01 00:00:00,
Viv Monterrico,10472,2025-11-01 00:00:00,'-,"Carnes, Pescados, Fiambres, Frutas & Verduras",Repres. De Servicios,Full Time,Femenino,1969-11-01 00:00:00,2015-10-16 00:00:00,
Viv Monterrico,10653,2025-11-01 00:00:00,'-,"Carnes, Pescados, Fiambres, Frutas & Verduras",Repres. De Servicios,Full Time,Masculino,1971-05-11 00:00:00,2002-10-19 00:00:00,
Viv Monterrico,10845,2025-11-01 00:00:00,'-,"Carnes, Pescados, Fiambres, Frutas & Verduras",Jefe De Seccion,Full Time,Femenino,1979-08-02 00:00:00,2012-08-01 00:00:00,
Viv Monterrico,110670,2025-11-01 00:00:00,'-,"Carnes, Pescados, Fiambres, Frutas & Verduras",Repres. De Servicios Fds,Part Time,Femenino,1993-10-16 00:00:00,2025-04-01 00:00:00,
Viv Monterrico,11342636,2025-11-01 00:00:00,'-,Cajas,Cajero 6X1,Full Time,Femenino,2003-05-05 00:00:00,2025-04-22 00:00:00,
Viv Monterrico,11369697,2025-11-01 00:00:00,'-,Cajas,Cajero 6X1,Full Time,Masculino,2001-04-18 00:00:00,2025-02-01 00:00:00,
Viv Monterrico,11458504,2025-11-01 00:00:00,'-,Cajas,Cajero 4X3,Part Time,Femenino,2002-11-10 00:00:00,2022-10-19 00:00:00,
Viv Monterrico,11966759,2025-11-01 00:00:00,'-,Cajas,Cajero 4X3,Part Time,Masculino,2003-04-07 00:00:00,2023-03-09 00:00:00,
Viv Monterrico,1205195,2025-11-01 00:00:00,'-,Cajas,Repres. De Servicios,Part Time,Femenino,1999-12-16 00:00:00,2025-06-01 00:00:00,
Viv Monterrico,12261783,2025-11-01 00:00:00,'-,"Carnes, Pescados, Fiambres, Frutas & Verduras",Repres. De Servicios,Full Time,Masculino,1993-02-04 00:00:00,2023-06-13 00:00:00,
Viv Monterrico,128607,2025-11-01 00:00:00,'-,Cajas,Repres. De Servicios Fds,Part Time,Femenino,1995-01-19 00:00:00,2018-02-08 00:00:00,
Viv Monterrico,13227322,2025-11-01 00:00:00,'-,Cajas,Cajero 5X2,Part Time,Masculino,2004-01-31 00:00:00,2023-11-07 00:00:00,
Viv Monterrico,13277255,2025-11-01 00:00:00,'-,Sala,Repres. De Servicios,Part Time,Masculino,2003-09-22 00:00:00,2023-11-14 00:00:00,
Viv Monterrico,1331,2025-11-01 00:00:00,'-,Cajas,Cajero 5X2,Full Time,Femenino,1987-10-26 00:00:00,2025-05-02 00:00:00,
Viv Monterrico,13375806,2025-11-01 00:00:00,'-,Sala,Repres. De Servicios,Part Time,Femenino,2001-03-02 00:00:00,2024-04-03 00:00:00,
Viv Monterrico,13619568,2025-11-01 00:00:00,'-,"Carnes, Pescados, Fiambres, Frutas & Verduras",Repres. De Servicios,Full Time,Femenino,1969-12-30 00:00:00,2023-12-12 00:00:00,
Viv Monterrico,13709716,2025-11-01 00:00:00,'-,Almacén,Repres. De Servicios,Part Time,Masculino,2003-07-01 00:00:00,2023-12-22 00:00:00,
Viv Monterrico,13797674,2025-11-01 00:00:00,'-,Sala,Repres. De Servicios,Full Time,Femenino,2005-05-24 00:00:00,2024-01-09 00:00:00,
Viv Monterrico,13816913,2025-11-01 00:00:00,'-,Cajas,Asistente De Self Check Out Pt,Part Time,Femenino,2002-02-03 00:00:00,2024-01-12 00:00:00,
Viv Monterrico,14270,2025-11-01 00:00:00,'-,"Carnes, Pescados, Fiambres, Frutas & Verduras",Repres. De Servicios,Full Time,Masculino,1972-02-18 00:00:00,2005-11-05 00:00:00,
Viv Monterrico,14290348,2025-11-01 00:00:00,'-,Cajas,Supervisor De Cajeros,Full Time,Masculino,2003-03-17 00:00:00,2025-07-01 00:00:00,
Viv Monterrico,14470,2025-11-01 00:00:00,'-,Comidas Preparadas Panadería Y Pastelería,Repres. De Servicios,Full Time,Femenino,1988-01-20 00:00:00,2018-07-01 00:00:00,
Viv Monterrico,14618,2025-11-01 00:00:00,'-,Cajas,Cajero 4X3,Part Time,Femenino,1980-03-15 00:00:00,2013-10-01 00:00:00,
Viv Monterrico,14625595,2025-11-01 00:00:00,'-,Cajas,Cajero 5X2,Part Time,Femenino,2003-12-25 00:00:00,2024-03-08 00:00:00,
Viv Monterrico,14685168,2025-11-01 00:00:00,'-,Cajas,Supervisor De Cajeros 5X2,Part Time,Femenino,2002-06-28 00:00:00,2024-09-01 00:00:00,
Viv Monterrico,14685194,2025-11-01 00:00:00,'-,Comidas Preparadas Panadería Y Pastelería,Repres. De Servicios,Part Time,Masculino,2004-10-08 00:00:00,2025-10-01 00:00:00,
Viv Monterrico,14941431,2025-11-01 00:00:00,'-,Cajas,Asistente De Self Check Out Pt,Part Time,Femenino,2002-01-18 00:00:00,2024-04-03 00:00:00,
Viv Monterrico,14978188,2025-11-01 00:00:00,'-,Cajas,Asistente De Self Check Out Pt,Part Time,Masculino,1999-04-22 00:00:00,2024-04-05 00:00:00,
Viv Monterrico,15087,2025-11-01 00:00:00,'-,Cajas,Jefe De Seccion,Full Time,Femenino,1989-03-13 00:00:00,2016-10-01 00:00:00,
Viv Monterrico,15146,2025-11-01 00:00:00,'-,Recepción,Repres. De Servicios,Full Time,Masculino,1982-09-29 00:00:00,2014-04-01 00:00:00,
Viv Monterrico,15345489,2025-11-01 00:00:00,'-,Cajas,Repres. De Servicios,Full Time,Masculino,2004-08-18 00:00:00,2025-11-01 00:00:00,
Viv Monterrico,15470432,2025-11-01 00:00:00,'-,Sala,Repres. De Servicios,Part Time,Femenino,1998-08-10 00:00:00,2024-04-29 00:00:00,
Viv Monterrico,15470435,2025-11-01 00:00:00,'-,Cajas,Cajero 5X2,Part Time,Femenino,2004-03-31 00:00:00,2024-04-29 00:00:00,
Viv Monterrico,15525409,2025-11-01 00:00:00,'-,Almacén,Repres. De Servicios,Part Time,Masculino,2003-05-22 00:00:00,2024-05-03 00:00:00,
Viv Monterrico,15635412,2025-11-01 00:00:00,'-,Recepción,Repres. De Servicios,Full Time,Masculino,1999-05-06 00:00:00,2024-05-07 00:00:00,
Viv Monterrico,15754298,2025-11-01 00:00:00,'-,Cajas,Cajero 5X2,Part Time,Femenino,2004-03-15 00:00:00,2024-05-16 00:00:00,
Viv Monterrico,15906554,2025-11-01 00:00:00,'-,Sala,Repres. De Servicios,Part Time,Masculino,2004-03-07 00:00:00,2024-05-27 00:00:00,
Viv Monterrico,15933876,2025-11-01 00:00:00,'-,Comidas Preparadas Panadería Y Pastelería,Repres. De Servicios,Part Time,Femenino,2000-09-14 00:00:00,2024-05-30 00:00:00,
Viv Monterrico,16648173,2025-11-01 00:00:00,'-,Cajas,Cajero 3X4,Part Time,Masculino,2006-04-14 00:00:00,2024-08-14 00:00:00,
Viv Monterrico,16674385,2025-11-01 00:00:00,'-,Cajas,Cajero 5X2,Part Time,Masculino,2004-11-04 00:00:00,2024-08-16 00:00:00,
Viv Monterrico,16682031,2025-11-01 00:00:00,'-,Cajas,Repres. De Servicios,Full Time,Femenino,2004-02-25 00:00:00,2025-06-01 00:00:00,
Viv Monterrico,16733483,2025-11-01 00:00:00,'-,Cajas,Cajero 5X2,Part Time,Femenino,2006-04-29 00:00:00,2024-08-26 00:00:00,2025-11-16 00:00:00
Viv Monterrico,16733509,2025-11-01 00:00:00,'-,"Carnes, Pescados, Fiambres, Frutas & Verduras",Repres. De Servicios,Full Time,Femenino,1996-05-24 00:00:00,2025-01-01 00:00:00,
Viv Monterrico,16754518,2025-11-01 00:00:00,'-,Cajas,Repres. De Servicios,Full Time,Masculino,2005-04-13 00:00:00,2025-02-01 00:00:00,
Viv Monterrico,16848004,2025-11-01 00:00:00,'-,"Carnes, Pescados, Fiambres, Frutas & Verduras",Repres. De Servicios,Full Time,Masculino,2005-11-16 00:00:00,2025-04-01 00:00:00,
Viv Monterrico,16936646,2025-11-01 00:00:00,'-,Cajas,Cajero 3X4,Part Time,Masculino,2005-05-23 00:00:00,2024-09-13 00:00:00,
Viv Monterrico,17002756,2025-11-01 00:00:00,'-,Comidas Preparadas Panadería Y Pastelería,Repres. De Servicios,Part Time,Masculino,2003-06-06 00:00:00,2024-09-18 00:00:00,
Viv Monterrico,17161673,2025-11-01 00:00:00,'-,Cajas,Repres. De Servicios,Part Time,Masculino,2002-07-09 00:00:00,2025-11-03 00:00:00,
Viv Monterrico,17164480,2025-11-01 00:00:00,'-,Cajas,Cajero 4X3,Part Time,Femenino,2003-05-09 00:00:00,2024-10-14 00:00:00,
Viv Monterrico,17164485,2025-11-01 00:00:00,'-,Cajas,Cajero 3X4,Part Time,Masculino,2003-07-04 00:00:00,2024-10-14 00:00:00,
Viv Monterrico,17211153,2025-11-01 00:00:00,'-,Cajas,Cajero 5X2,Part Time,Femenino,1998-01-06 00:00:00,2024-10-17 00:00:00,
Viv Monterrico,17304722,2025-11-01 00:00:00,'-,Almacén,Repres. De Servicios,Part Time,Masculino,2003-06-03 00:00:00,2024-10-25 00:00:00,
Viv Monterrico,17367303,2025-11-01 00:00:00,'-,"Carnes, Pescados, Fiambres, Frutas & Verduras",Repres. De Servicios,Full Time,Masculino,2006-08-12 00:00:00,2025-02-01 00:00:00,
Viv Monterrico,17496663,2025-11-01 00:00:00,'-,Cajas,Cajero 5X2,Part Time,Masculino,2005-03-13 00:00:00,2024-11-15 00:00:00,
Viv Monterrico,17680473,2025-11-01 00:00:00,'-,Cajas,Cajero 5X2,Part Time,Femenino,1988-03-13 00:00:00,2024-11-25 00:00:00,
Viv Monterrico,17683128,2025-11-01 00:00:00,'-,Cajas,Cajero 5X2,Part Time,Femenino,2004-04-20 00:00:00,2024-11-28 00:00:00,
Viv Monterrico,17783053,2025-11-01 00:00:00,'-,Cajas,Cajero 5X2,Part Time,Masculino,2004-01-16 00:00:00,2024-12-10 00:00:00,
Viv Monterrico,17796970,2025-11-01 00:00:00,'-,"Carnes, Pescados, Fiambres, Frutas & Verduras",Repres. De Servicios,Part Time,Femenino,2003-10-06 00:00:00,2024-12-10 00:00:00,
Viv Monterrico,17833876,2025-11-01 00:00:00,'-,Comidas Preparadas,Chef,Full Time,Femenino,2002-10-06 00:00:00,2024-12-16 00:00:00,
Viv Monterrico,17862528,2025-11-01 00:00:00,'-,"Carnes, Pescados, Fiambres, Frutas & Verduras",Repres. De Servicios,Part Time,Femenino,2006-07-29 00:00:00,2024-12-18 00:00:00,
Viv Monterrico,17958127,2025-11-01 00:00:00,'-,Almacén,Repres. De Servicios,Part Time,Masculino,2003-05-02 00:00:00,2025-01-24 00:00:00,
Viv Monterrico,17958132,2025-11-01 00:00:00,'-,Almacén,Repres. De Servicios,Part Time,Masculino,2004-07-28 00:00:00,2025-01-24 00:00:00,
Viv Monterrico,18216092,2025-11-01 00:00:00,'-,Cajas,Cajero 5X2,Part Time,Masculino,2002-04-17 00:00:00,2025-02-25 00:00:00,
Viv Monterrico,18256493,2025-11-01 00:00:00,'-,Cajas,Cajero 5X2,Part Time,Femenino,2001-12-24 00:00:00,2025-03-04 00:00:00,
Viv Monterrico,18294379,2025-11-01 00:00:00,'-,"Carnes, Pescados, Fiambres, Frutas & Verduras",Repres. De Servicios,Part Time,Masculino,2002-01-09 00:00:00,2025-03-11 00:00:00,
Viv Monterrico,18294821,2025-11-01 00:00:00,'-,"Carnes, Pescados, Fiambres, Frutas & Verduras",Repres. De Servicios,Full Time,Masculino,2001-02-11 00:00:00,2025-03-11 00:00:00,
Viv Monterrico,18338681,2025-11-01 00:00:00,'-,Sala,Repres. De Servicios,Part Time,Femenino,1993-12-15 00:00:00,2025-03-24 00:00:00,
Viv Monterrico,18344016,2025-11-01 00:00:00,'-,"Carnes, Pescados, Fiambres, Frutas & Verduras",Repres. De Servicios,Full Time,Femenino,2001-10-31 00:00:00,2025-04-01 00:00:00,
Viv Monterrico,18396,2025-11-01 00:00:00,'-,"Carnes, Pescados, Fiambres, Frutas & Verduras",Repres. De Servicios I,Full Time,Femenino,1982-06-03 00:00:00,2013-09-09 00:00:00,
Viv Monterrico,18438371,2025-11-01 00:00:00,'-,Cajas,Cajero 5X2,Part Time,Masculino,2004-11-21 00:00:00,2025-04-10 00:00:00,
Viv Monterrico,18488612,2025-11-01 00:00:00,'-,Cajas,Cajero 5X2,Part Time,Femenino,2006-09-20 00:00:00,2025-04-16 00:00:00,
Viv Monterrico,18488757,2025-11-01 00:00:00,'-,Cajas,Cajero 5X2,Part Time,Femenino,2005-07-25 00:00:00,2025-04-16 00:00:00,2025-11-03 00:00:00
Viv Monterrico,18625750,2025-11-01 00:00:00,'-,Cajas,Cajero 5X2,Full Time,Femenino,1986-12-26 00:00:00,2025-04-24 00:00:00,
Viv Monterrico,18625752,2025-11-01 00:00:00,'-,Cajas,Cajero 5X2,Part Time,Masculino,2005-09-30 00:00:00,2025-04-24 00:00:00,
Viv Monterrico,18625784,2025-11-01 00:00:00,'-,Cajas,Asistente De Self Check Out Pt,Part Time,Femenino,2007-03-29 00:00:00,2025-04-24 00:00:00,
Viv Monterrico,18626066,2025-11-01 00:00:00,'-,Cajas,Cajero 6X1,Full Time,Masculino,2004-05-07 00:00:00,2025-04-28 00:00:00,
Viv Monterrico,18626082,2025-11-01 00:00:00,'-,"Carnes, Pescados, Fiambres, Frutas & Verduras",Repres. De Servicios,Part Time,Masculino,2001-07-17 00:00:00,2025-04-28 00:00:00,2025-11-30 00:00:00
Viv Monterrico,18626107,2025-11-01 00:00:00,'-,Cajas,Asistente De Self Check Out Pt,Part Time,Masculino,2002-07-26 00:00:00,2025-04-28 00:00:00,
Viv Monterrico,18644813,2025-11-01 00:00:00,'-,Cajas,Cajero 3X4,Part Time,Femenino,2000-09-15 00:00:00,2025-05-09 00:00:00,
Viv Monterrico,18678006,2025-11-01 00:00:00,'-,Cajas,Repres. De Servicios,Full Time,Femenino,2007-01-23 00:00:00,2025-05-13 00:00:00,
Viv Monterrico,18693350,2025-11-01 00:00:00,'-,Sala,Repres. De Servicios,Part Time,Masculino,2002-09-30 00:00:00,2025-05-20 00:00:00,
Viv Monterrico,18715415,2025-11-01 00:00:00,'-,Sala,Repres. De Servicios Fds,Part Time,Masculino,2005-03-23 00:00:00,2025-05-28 00:00:00,
Viv Monterrico,18727974,2025-11-01 00:00:00,'-,Comidas Preparadas Panadería Y Pastelería,Repres. De Servicios,Part Time,Femenino,2005-04-19 00:00:00,2025-06-03 00:00:00,2025-11-30 00:00:00
Viv Monterrico,18743530,2025-11-01 00:00:00,'-,Comidas Preparadas Panadería Y Pastelería,Repres. De Servicios,Part Time,Masculino,2006-08-18 00:00:00,2025-06-10 00:00:00,
Viv Monterrico,18875,2025-11-01 00:00:00,'-,Almacén,Repres. De Servicios I,Full Time,Masculino,1991-06-03 00:00:00,2014-09-18 00:00:00,
Viv Monterrico,18965310,2025-11-01 00:00:00,'-,Almacén,Repres. De Servicios,Part Time,Masculino,1996-08-27 00:00:00,2025-09-15 00:00:00,
Viv Monterrico,18965476,2025-11-01 00:00:00,'-,Cajas,Cajero 3X4,Part Time,Femenino,2006-08-20 00:00:00,2025-09-15 00:00:00,
Viv Monterrico,18965477,2025-11-01 00:00:00,'-,Cajas,Cajero 3X4,Part Time,Femenino,1987-04-29 00:00:00,2025-09-15 00:00:00,
Viv Monterrico,18965507,2025-11-01 00:00:00,'-,Cajas,Cajero 5X2,Part Time,Femenino,2007-08-26 00:00:00,2025-09-15 00:00:00,2025-11-30 00:00:00
Viv Monterrico,18965591,2025-11-01 00:00:00,'-,Cajas,Cajero 5X2,Part Time,Femenino,1992-05-22 00:00:00,2025-09-15 00:00:00,
Viv Monterrico,18966219,2025-11-01 00:00:00,'-,Cajas,Cajero 3X4,Part Time,Masculino,2006-03-03 00:00:00,2025-09-16 00:00:00,
Viv Monterrico,18966277,2025-11-01 00:00:00,'-,Cajas,Cajero 5X2,Part Time,Femenino,2006-11-21 00:00:00,2025-09-16 00:00:00,
Viv Monterrico,18966942,2025-11-01 00:00:00,'-,Almacén,Repres. De Servicios,Part Time,Masculino,2005-08-18 00:00:00,2025-09-18 00:00:00,
Viv Monterrico,18967200,2025-11-01 00:00:00,'-,Cajas,Cajero 3X4,Part Time,Femenino,2004-12-22 00:00:00,2025-09-19 00:00:00,
Viv Monterrico,18969479,2025-11-01 00:00:00,'-,Almacén,Repres. De Servicios,Part Time,Masculino,2007-02-10 00:00:00,2025-09-26 00:00:00,
Viv Monterrico,18969915,2025-11-01 00:00:00,'-,"Carnes, Pescados, Fiambres, Frutas & Verduras",Repres. De Servicios,Part Time,Masculino,2003-12-24 00:00:00,2025-09-29 00:00:00,
Viv Monterrico,18970827,2025-11-01 00:00:00,'-,Comidas Preparadas Panadería Y Pastelería,Repres. De Servicios,Part Time,Masculino,2004-01-16 00:00:00,2025-10-01 00:00:00,
Viv Monterrico,18972792,2025-11-01 00:00:00,'-,"Carnes, Pescados, Fiambres, Frutas & Verduras",Repres. De Servicios Fds,Part Time,Masculino,2006-04-17 00:00:00,2025-10-09 00:00:00,
Viv Monterrico,18973226,2025-11-01 00:00:00,'-,Comidas Preparadas Panadería Y Pastelería,Repres. De Servicios Fds,Part Time,Masculino,2005-07-16 00:00:00,2025-10-13 00:00:00,
Viv Monterrico,18973682,2025-11-01 00:00:00,'-,Sala,Repres. De Servicios,Part Time,Masculino,2006-11-15 00:00:00,2025-10-14 00:00:00,
Viv Monterrico,18973686,2025-11-01 00:00:00,'-,Comidas Preparadas Panadería Y Pastelería,Repres. De Servicios Fds,Part Time,Femenino,2005-01-22 00:00:00,2025-10-14 00:00:00,
Viv Monterrico,18977151,2025-11-01 00:00:00,'-,Cajas,Repres. De Servicios,Part Time,Masculino,2003-07-22 00:00:00,2025-10-31 00:00:00,
Viv Monterrico,202051,2025-11-01 00:00:00,'-,"Carnes, Pescados, Fiambres, Frutas & Verduras",Jefe De Seccion,Full Time,Masculino,1993-01-05 00:00:00,2018-09-01 00:00:00,2025-11-01 00:00:00
Viv Monterrico,202700,2025-11-01 00:00:00,'-,Administración,Subgerente De Tienda,Full Time,Femenino,1998-03-05 00:00:00,2018-08-01 00:00:00,
Viv Monterrico,203493,2025-11-01 00:00:00,'-,Comidas Preparadas Panadería Y Pastelería,Jefe De Seccion,Full Time,Femenino,1993-07-18 00:00:00,2020-03-11 00:00:00,
Viv Monterrico,204123,2025-11-01 00:00:00,'-,Sala,Repres. De Servicios,Full Time,Femenino,1984-11-24 00:00:00,2018-06-26 00:00:00,
Viv Monterrico,21073,2025-11-01 00:00:00,'-,Comidas Preparadas Panadería Y Pastelería,Repres. De Servicios,Full Time,Masculino,1978-11-03 00:00:00,2008-09-01 00:00:00,
Viv Monterrico,21097,2025-11-01 00:00:00,'-,Almacén,Jefe De Seccion Eo,Full Time,Masculino,1965-04-05 00:00:00,1988-04-02 00:00:00,
Viv Monterrico,21184,2025-11-01 00:00:00,'-,Administración,Asistente De Tienda,Full Time,Femenino,1986-05-18 00:00:00,2012-01-05 00:00:00,
Viv Monterrico,21347,2025-11-01 00:00:00,'-,Sala,Repres. De Servicios I,Full Time,Masculino,1979-04-19 00:00:00,2011-02-10 00:00:00,
Viv Monterrico,22090,2025-11-01 00:00:00,'-,Sala,Repres. De Servicios I,Full Time,Femenino,1990-06-24 00:00:00,2019-05-01 00:00:00,
Viv Monterrico,235488,2025-11-01 00:00:00,'-,"Carnes, Pescados, Fiambres, Frutas & Verduras",Repres. De Servicios,Full Time,Femenino,1977-09-25 00:00:00,2020-01-01 00:00:00,
Viv Monterrico,241468,2025-11-01 00:00:00,'-,Sala,Especialista En Bebidas,Full Time,Masculino,1985-11-16 00:00:00,2018-11-15 00:00:00,
Viv Monterrico,242902,2025-11-01 00:00:00,'-,Cajas,Supervisor De Cajeros,Full Time,Femenino,2000-09-03 00:00:00,2024-11-25 00:00:00,
Viv Monterrico,245990,2025-11-01 00:00:00,'-,Cajas,Cajero 5X2,Full Time,Masculino,1989-09-26 00:00:00,2018-12-18 00:00:00,
Viv Monterrico,25610,2025-11-01 00:00:00,'-,Sala,Jefe De Seccion,Full Time,Femenino,1995-12-18 00:00:00,2020-02-12 00:00:00,
Viv Monterrico,27172,2025-11-01 00:00:00,'-,Comidas Preparadas Panadería Y Pastelería,Repres. De Servicios I,Full Time,Femenino,1992-08-05 00:00:00,2015-06-08 00:00:00,
Viv Monterrico,273875,2025-11-01 00:00:00,'-,"Carnes, Pescados, Fiambres, Frutas & Verduras",Repres. De Servicios I,Full Time,Masculino,2000-06-16 00:00:00,2025-07-07 00:00:00,
Viv Monterrico,27570,2025-11-01 00:00:00,'-,Comidas Preparadas Panadería Y Pastelería,Repres. De Servicios,Full Time,Femenino,1979-03-22 00:00:00,2015-09-01 00:00:00,
Viv Monterrico,276932,2025-11-01 00:00:00,'-,Cajas,Representante De Servicio 5X2 D,Part Time,Masculino,1979-03-26 00:00:00,2019-08-02 00:00:00,
Viv Monterrico,284648,2025-11-01 00:00:00,'-,Comidas Preparadas Panadería Y Pastelería,Repres. De Servicios,Full Time,Femenino,1998-01-12 00:00:00,2020-03-01 00:00:00,
Viv Monterrico,299199,2025-11-01 00:00:00,'-,Sala,Representante De Servicio 5X2 D,Part Time,Femenino,1965-08-29 00:00:00,2019-12-10 00:00:00,
Viv Monterrico,31001,2025-11-01 00:00:00,'-,Recepción E Inventarios,Auxiliar De Inventarios,Full Time,Femenino,1993-09-25 00:00:00,2016-01-01 00:00:00,
Viv Monterrico,31936,2025-11-01 00:00:00,'-,Cajas,Supervisor De Cajeros,Full Time,Femenino,1985-02-13 00:00:00,2016-02-01 00:00:00,
Viv Monterrico,34029,2025-11-01 00:00:00,'-,Comidas Preparadas Panadería Y Pastelería,Maestro En Panaderia,Full Time,Masculino,1990-06-01 00:00:00,2016-02-15 00:00:00,
Viv Monterrico,34551,2025-11-01 00:00:00,'-,Recepción,Repres. De Servicios,Full Time,Femenino,1987-11-06 00:00:00,2016-02-17 00:00:00,
Viv Monterrico,36599,2025-11-01 00:00:00,'-,"Carnes, Pescados, Fiambres, Frutas & Verduras",Repres. De Servicios,Full Time,Femenino,1982-11-15 00:00:00,2016-03-02 00:00:00,
Viv Monterrico,3705,2025-11-01 00:00:00,'-,Administración,Jefe Entrenador,Full Time,Masculino,1968-12-14 00:00:00,2004-04-01 00:00:00,
Viv Monterrico,38464,2025-11-01 00:00:00,'-,Cajas,Cajero 5X2,Full Time,Femenino,1976-11-28 00:00:00,2018-02-01 00:00:00,
Viv Monterrico,40160,2025-11-01 00:00:00,'-,Cajas,Repres. De Servicios,Part Time,Masculino,1992-12-07 00:00:00,2016-05-04 00:00:00,
Viv Monterrico,4176,2025-11-01 00:00:00,'-,Cajas,Repres. De Servicios,Full Time,Masculino,1969-09-15 00:00:00,2013-07-10 00:00:00,
Viv Monterrico,41959,2025-11-01 00:00:00,'-,"Carnes, Pescados, Fiambres, Frutas & Verduras",Repres. De Servicios,Full Time,Femenino,1973-06-24 00:00:00,2016-07-08 00:00:00,
Viv Monterrico,51730,2025-11-01 00:00:00,'-,"Carnes, Pescados, Fiambres, Frutas & Verduras",Repres. De Servicios I,Full Time,Femenino,1994-11-10 00:00:00,2019-05-01 00:00:00,
Viv Monterrico,51793,2025-11-01 00:00:00,'-,Administración,Coordinador De Operaciones Iga,Full Time,Femenino,1993-11-12 00:00:00,2022-02-01 00:00:00,
Viv Monterrico,6265241,2025-11-01 00:00:00,'-,Cajas,Cajero 6X1,Full Time,Masculino,2002-02-28 00:00:00,2025-04-01 00:00:00,
Viv Monterrico,6990,2025-11-01 00:00:00,'-,Comidas Preparadas Panadería Y Pastelería,Repres. De Servicios Eo,Full Time,Masculino,1964-03-29 00:00:00,2007-09-01 00:00:00,
Viv Monterrico,7178,2025-11-01 00:00:00,'-,Comidas Preparadas Panadería Y Pastelería,Repres. De Servicios,Full Time,Femenino,1991-04-30 00:00:00,2012-04-01 00:00:00,
Viv Monterrico,7280,2025-11-01 00:00:00,'-,"Carnes, Pescados, Fiambres, Frutas & Verduras",Repres. De Servicios Eo,Full Time,Femenino,1962-07-30 00:00:00,1997-12-01 00:00:00,
Viv Monterrico,7325,2025-11-01 00:00:00,'-,Cajas,Supervisor De Cajeros,Full Time,Femenino,1992-07-21 00:00:00,2019-11-29 00:00:00,
Viv Monterrico,8668,2025-11-01 00:00:00,'-,Sala,Repres. De Servicios,Full Time,Femenino,1983-02-21 00:00:00,2020-02-26 00:00:00,
Viv Monterrico,9517389,2025-11-01 00:00:00,'-,Cajas,Cajero 3X4,Part Time,Femenino,2002-04-29 00:00:00,2021-11-30 00:00:00,
Viv Monterrico,9734259,2025-11-01 00:00:00,'-,Sala,Repres. De Servicios,Part Time,Femenino,2001-04-22 00:00:00,2022-01-21 00:00:00,
Viv Monterrico,9864173,2025-11-01 00:00:00,'-,Cajas,Asistente De Self Check Out Pt,Part Time,Masculino,2002-04-18 00:00:00,2024-02-21 00:00:00,
Pvea Miraflores,10712,2025-10-01 00:00:00,'-,Administración,Asistente De Tienda,Full Time,Femenino,1987-05-15 00:00:00,2009-06-01 00:00:00,
Pvea Miraflores,108279,2025-10-01 00:00:00,'-,Almacén,Repres. De Servicios,Full Time,Masculino,1999-06-19 00:00:00,2024-11-01 00:00:00,
Pvea Miraflores,10922,2025-10-01 00:00:00,'-,Administración,Subgerente De Tienda,Full Time,Masculino,1989-05-26 00:00:00,2008-04-02 00:00:00,
Pvea Miraflores,11215671,2025-10-01 00:00:00,'-,Cajas,Supervisor De Cajeros,Full Time,Masculino,2002-07-27 00:00:00,2024-04-01 00:00:00,
Pvea Miraflores,11244,2025-10-01 00:00:00,'-,Recepción E Inventarios,Auxiliar De Inventarios,Full Time,Masculino,1992-07-22 00:00:00,2013-07-11 00:00:00,
Pvea Miraflores,11334373,2025-10-01 00:00:00,'-,Cajas,Multifuncional,Full Time,Masculino,2002-06-23 00:00:00,2024-07-01 00:00:00,2025-10-01 00:00:00
Pvea Miraflores,11467819,2025-10-01 00:00:00,'-,Sala Frescos,Repres. De Servicios,Part Time,Femenino,2002-08-04 00:00:00,2022-10-26 00:00:00,
Pvea Miraflores,11471369,2025-10-01 00:00:00,'-,Cajas,Multifuncional 5X2 1Er Turno,Part Time,Masculino,2001-11-07 00:00:00,2022-10-28 00:00:00,
Pvea Miraflores,11639932,2025-10-01 00:00:00,'-,Sala Frescos,Repres. De Servicios,Part Time,Masculino,2004-11-02 00:00:00,2023-01-24 00:00:00,
Pvea Miraflores,11640264,2025-10-01 00:00:00,'-,Cajas,Multifuncional 5X2,Part Time,Masculino,2002-09-28 00:00:00,2022-12-01 00:00:00,
Pvea Miraflores,11670565,2025-10-01 00:00:00,'-,Cajas,Multifuncional,Part Time,Femenino,1990-06-09 00:00:00,2022-12-06 00:00:00,
Pvea Miraflores,1173,2025-10-01 00:00:00,'-,Sala Frescos,Repres. De Servicios I,Full Time,Femenino,1980-08-21 00:00:00,2014-08-05 00:00:00,
Pvea Miraflores,11755194,2025-10-01 00:00:00,'-,Cajas,Multifuncional 5X2 1Er Turno,Part Time,Femenino,2004-07-24 00:00:00,2023-01-13 00:00:00,
Pvea Miraflores,11919846,2025-10-01 00:00:00,'-,Recepción,Repres. De Servicios,Full Time,Masculino,2004-10-27 00:00:00,2024-05-01 00:00:00,
Pvea Miraflores,11966958,2025-10-01 00:00:00,'-,Sala Frescos,Repres. De Servicios,Full Time,Masculino,1998-10-25 00:00:00,2023-03-10 00:00:00,
Pvea Miraflores,11967461,2025-10-01 00:00:00,'-,Cajas,Repres. De Servicios,Part Time,Masculino,2002-12-08 00:00:00,2024-03-26 00:00:00,
Pvea Miraflores,11968470,2025-10-01 00:00:00,'-,Sala Frescos,Repres. De Servicios,Full Time,Femenino,2004-12-19 00:00:00,2023-03-21 00:00:00,
Pvea Miraflores,11975834,2025-10-01 00:00:00,'-,Sala Frescos,Repres. De Servicios,Full Time,Femenino,1990-07-17 00:00:00,2023-03-24 00:00:00,
Pvea Miraflores,11995789,2025-10-01 00:00:00,'-,Almacén Frescos,Repres. De Servicios I,Full Time,Masculino,2001-01-20 00:00:00,2024-04-01 00:00:00,
Pvea Miraflores,12020890,2025-10-01 00:00:00,'-,Sala Frescos,Repres. De Servicios,Full Time,Femenino,2004-08-03 00:00:00,2023-04-05 00:00:00,
Pvea Miraflores,12064373,2025-10-01 00:00:00,'-,Sala Frescos,Repres. De Servicios,Full Time,Masculino,1995-10-25 00:00:00,2024-04-01 00:00:00,
Pvea Miraflores,12069362,2025-10-01 00:00:00,'-,Almacén,Repres. De Servicios,Part Time,Masculino,2003-04-10 00:00:00,2023-04-20 00:00:00,
Pvea Miraflores,12103937,2025-10-01 00:00:00,'-,Almacén Frescos,Repres. De Servicios,Full Time,Masculino,1993-04-22 00:00:00,2023-04-27 00:00:00,
Pvea Miraflores,12179662,2025-10-01 00:00:00,'-,Sala Frescos,Chef,Full Time,Femenino,2004-05-07 00:00:00,2024-07-01 00:00:00,
Pvea Miraflores,12179728,2025-10-01 00:00:00,'-,Sala,Multifuncional,Full Time,Masculino,1991-06-16 00:00:00,2025-03-01 00:00:00,
Pvea Miraflores,12302,2025-10-01 00:00:00,'-,Recepción,Repres. De Servicios,Full Time,Masculino,1974-10-26 00:00:00,2019-01-22 00:00:00,
Pvea Miraflores,12341116,2025-10-01 00:00:00,'-,Cajas,Multifuncional 5X2 1Er Turno,Part Time,Femenino,2002-07-31 00:00:00,2023-07-14 00:00:00,
Pvea Miraflores,12478604,2025-10-01 00:00:00,'-,Cajas,Multifuncional 5X2,Part Time,Masculino,2003-06-28 00:00:00,2023-08-17 00:00:00,
Pvea Miraflores,12930960,2025-10-01 00:00:00,'-,Cajas,Multifuncional,Full Time,Femenino,2003-02-02 00:00:00,2024-06-01 00:00:00,
Pvea Miraflores,13218619,2025-10-01 00:00:00,'-,Cajas,Multifuncional 5X2 1Er Turno,Part Time,Femenino,1992-08-16 00:00:00,2023-11-03 00:00:00,
Pvea Miraflores,13800552,2025-10-01 00:00:00,'-,Almacén Frescos,Repres. De Servicios,Full Time,Masculino,1975-09-29 00:00:00,2024-01-10 00:00:00,
Pvea Miraflores,14000816,2025-10-01 00:00:00,'-,Sala Frescos,Repres. De Servicios,Full Time,Femenino,2002-09-16 00:00:00,2024-02-06 00:00:00,
Pvea Miraflores,14029100,2025-10-01 00:00:00,'-,Recepción E Inventarios,Auxiliar De Inventarios,Full Time,Masculino,1996-08-14 00:00:00,2024-02-07 00:00:00,
Pvea Miraflores,14198239,2025-10-01 00:00:00,'-,Cajas,Multifuncional,Part Time,Femenino,2005-08-10 00:00:00,2024-02-14 00:00:00,
Pvea Miraflores,14234670,2025-10-01 00:00:00,'-,Cajas,Multifuncional 5X2 1Er Turno,Part Time,Masculino,2002-08-01 00:00:00,2024-11-25 00:00:00,
Pvea Miraflores,14574,2025-10-01 00:00:00,'-,Sala,Repres. De Servicios I,Full Time,Masculino,1969-09-18 00:00:00,2013-09-19 00:00:00,
Pvea Miraflores,14662123,2025-10-01 00:00:00,'-,Cajas,Multifuncional,Full Time,Femenino,2002-11-02 00:00:00,2025-03-01 00:00:00,2025-10-04 00:00:00
Pvea Miraflores,14683987,2025-10-01 00:00:00,'-,Cajas,Supervisor De Cajeros,Full Time,Femenino,2003-01-11 00:00:00,2025-01-01 00:00:00,
Pvea Miraflores,14684378,2025-10-01 00:00:00,'-,Cajas,Multifuncional Fds,Part Time,Femenino,2004-11-16 00:00:00,2024-03-15 00:00:00,
Pvea Miraflores,14788217,2025-10-01 00:00:00,'-,Cajas,Multifuncional,Full Time,Femenino,1998-11-15 00:00:00,2025-04-01 00:00:00,
Pvea Miraflores,14788228,2025-10-01 00:00:00,'-,Sala Frescos,Repres. De Servicios,Full Time,Femenino,1971-12-13 00:00:00,2024-07-01 00:00:00,
Pvea Miraflores,14830,2025-10-01 00:00:00,'-,Cajas,Jefe De Seccion,Full Time,Femenino,1987-04-02 00:00:00,2014-02-12 00:00:00,
Pvea Miraflores,14858577,2025-10-01 00:00:00,'-,Electro,Repres. De Servicios,Full Time,Masculino,2006-01-14 00:00:00,2024-09-01 00:00:00,
Pvea Miraflores,14858766,2025-10-01 00:00:00,'-,Sala Frescos,Repres. De Servicios,Full Time,Femenino,1975-10-04 00:00:00,2025-01-01 00:00:00,
Pvea Miraflores,14860022,2025-10-01 00:00:00,'-,Cajas,Asistente De Self Check Out Pt,Part Time,Femenino,2004-12-28 00:00:00,2024-03-26 00:00:00,
Pvea Miraflores,15329,2025-10-01 00:00:00,'-,Sala Frescos,Repres. De Servicios,Full Time,Masculino,1980-09-20 00:00:00,2014-10-15 00:00:00,
Pvea Miraflores,15470720,2025-10-01 00:00:00,'-,Sala,Multifuncional,Part Time,Femenino,2005-07-13 00:00:00,2024-04-29 00:00:00,
Pvea Miraflores,15874352,2025-10-01 00:00:00,'-,Cajas,Multifuncional 5X2 1Er Turno,Part Time,Masculino,2003-05-10 00:00:00,2024-05-23 00:00:00,
Pvea Miraflores,15968821,2025-10-01 00:00:00,'-,Cajas,Multifuncional,Part Time,Masculino,2005-06-04 00:00:00,2024-06-04 00:00:00,
Pvea Miraflores,15985097,2025-10-01 00:00:00,'-,Sala Frescos,Repres. De Servicios,Part Time,Masculino,2002-01-04 00:00:00,2024-06-06 00:00:00,
Pvea Miraflores,16025222,2025-10-01 00:00:00,'-,Sala,Multifuncional,Part Time,Masculino,2006-03-03 00:00:00,2024-06-17 00:00:00,
Pvea Miraflores,16480681,2025-10-01 00:00:00,'-,Cajas,Repres. De Servicios,Part Time,Masculino,2005-02-13 00:00:00,2024-08-02 00:00:00,
Pvea Miraflores,16599143,2025-10-01 00:00:00,'-,Sala Frescos,Repres. De Servicios,Part Time,Masculino,1979-07-19 00:00:00,2024-08-09 00:00:00,
Pvea Miraflores,16858680,2025-10-01 00:00:00,'-,Electro,Vendedor Part Time 5X2,Part Time,Masculino,2005-05-14 00:00:00,2025-06-01 00:00:00,2025-10-10 00:00:00
Pvea Miraflores,16867095,2025-10-01 00:00:00,'-,Cajas,Multifuncional 5X2 1Er Turno,Part Time,Femenino,2006-03-15 00:00:00,2024-09-11 00:00:00,
Pvea Miraflores,17293470,2025-10-01 00:00:00,'-,Cajas,Multifuncional,Full Time,Femenino,2006-10-08 00:00:00,2025-06-01 00:00:00,
Pvea Miraflores,17304094,2025-10-01 00:00:00,'-,Recepción,Repres. De Servicios,Full Time,Masculino,2004-07-30 00:00:00,2025-05-01 00:00:00,
Pvea Miraflores,17468662,2025-10-01 00:00:00,'-,Cajas,Multifuncional 5X2,Part Time,Masculino,2005-08-19 00:00:00,2024-11-12 00:00:00,
Pvea Miraflores,17469240,2025-10-01 00:00:00,'-,Sala Frescos,Repres. De Servicios Fds,Part Time,Femenino,1993-11-13 00:00:00,2024-11-12 00:00:00,
Pvea Miraflores,17533975,2025-10-01 00:00:00,'-,Cajas,Multifuncional,Full Time,Femenino,2005-09-08 00:00:00,2024-11-18 00:00:00,
Pvea Miraflores,17533983,2025-10-01 00:00:00,'-,Cajas,Representante De Servicio 5X2 D,Part Time,Masculino,1995-04-11 00:00:00,2024-11-19 00:00:00,
Pvea Miraflores,17577248,2025-10-01 00:00:00,'-,Cajas,Multifuncional 5X2 1Er Turno,Part Time,Femenino,2002-04-09 00:00:00,2024-11-25 00:00:00,
Pvea Miraflores,17661583,2025-10-01 00:00:00,'-,Cajas,Multifuncional Fds,Part Time,Femenino,2006-11-10 00:00:00,2024-11-27 00:00:00,2025-10-12 00:00:00
Pvea Miraflores,17732286,2025-10-01 00:00:00,'-,Cajas,Multifuncional,Part Time,Femenino,1988-11-21 00:00:00,2024-12-06 00:00:00,
Pvea Miraflores,17732520,2025-10-01 00:00:00,'-,Cajas,Repres. De Servicios,Part Time,Femenino,2001-07-23 00:00:00,2025-09-01 00:00:00,
Pvea Miraflores,17732526,2025-10-01 00:00:00,'-,Cajas,Repres. De Servicios,Full Time,Femenino,2004-07-24 00:00:00,2024-12-06 00:00:00,
Pvea Miraflores,17835529,2025-10-01 00:00:00,'-,Cajas,Multifuncional,Part Time,Femenino,1979-03-14 00:00:00,2024-12-19 00:00:00,
Pvea Miraflores,17861149,2025-10-01 00:00:00,'-,Cajas,Multifuncional,Part Time,Masculino,2006-03-29 00:00:00,2024-12-23 00:00:00,
Pvea Miraflores,17955881,2025-10-01 00:00:00,'-,Sala,Repres. De Servicios,Part Time,Masculino,2002-06-08 00:00:00,2025-01-23 00:00:00,
Pvea Miraflores,18028642,2025-10-01 00:00:00,'-,Sala Frescos,Repres. De Servicios,Full Time,Femenino,2006-08-25 00:00:00,2025-02-06 00:00:00,
Pvea Miraflores,18069864,2025-10-01 00:00:00,'-,Sala Frescos,Repres. De Servicios,Full Time,Femenino,2005-01-12 00:00:00,2025-02-13 00:00:00,
Pvea Miraflores,18085472,2025-10-01 00:00:00,'-,Sala,Repres. De Servicios,Part Time,Femenino,2007-01-17 00:00:00,2025-02-14 00:00:00,
Pvea Miraflores,18154,2025-10-01 00:00:00,'-,Sala Frescos,Repres. De Servicios,Part Time,Masculino,1995-05-26 00:00:00,2024-07-01 00:00:00,
Pvea Miraflores,18329320,2025-10-01 00:00:00,'-,Sala Frescos,Repres. De Servicios,Full Time,Femenino,1977-06-11 00:00:00,2025-03-21 00:00:00,
Pvea Miraflores,18329446,2025-10-01 00:00:00,'-,Recepción,Repres. De Servicios,Part Time,Masculino,2000-06-12 00:00:00,2025-03-21 00:00:00,
Pvea Miraflores,18329447,2025-10-01 00:00:00,'-,Sala,Repres. De Servicios,Part Time,Femenino,2006-05-20 00:00:00,2025-03-21 00:00:00,
Pvea Miraflores,18329456,2025-10-01 00:00:00,'-,Sala Frescos,Repres. De Servicios,Part Time,Femenino,1977-10-13 00:00:00,2025-03-21 00:00:00,
Pvea Miraflores,18339022,2025-10-01 00:00:00,'-,Sala,Repres. De Servicios 5X2 Eo,Part Time,Femenino,1959-10-19 00:00:00,2025-03-24 00:00:00,
Pvea Miraflores,18357026,2025-10-01 00:00:00,'-,Cajas,Representante De Servicio 5X2 D,Part Time,Masculino,2002-02-11 00:00:00,2025-04-03 00:00:00,
Pvea Miraflores,18625894,2025-10-01 00:00:00,'-,Sala Frescos,Repres. De Servicios,Part Time,Femenino,2006-03-14 00:00:00,2025-04-25 00:00:00,
Pvea Miraflores,18625925,2025-10-01 00:00:00,'-,Cajas,Multifuncional,Full Time,Masculino,1997-06-21 00:00:00,2025-04-25 00:00:00,
Pvea Miraflores,18628261,2025-10-01 00:00:00,'-,Cajas,Multifuncional,Part Time,Masculino,2006-10-05 00:00:00,2025-04-29 00:00:00,
Pvea Miraflores,18628307,2025-10-01 00:00:00,'-,Cajas,Multifuncional,Full Time,Femenino,1977-06-26 00:00:00,2025-04-29 00:00:00,
Pvea Miraflores,18633780,2025-10-01 00:00:00,'-,Cajas,Multifuncional 5X2,Part Time,Femenino,1997-03-11 00:00:00,2025-05-02 00:00:00,
Pvea Miraflores,18633781,2025-10-01 00:00:00,'-,Cajas,Multifuncional,Full Time,Femenino,2006-01-10 00:00:00,2025-05-02 00:00:00,
Pvea Miraflores,18633816,2025-10-01 00:00:00,'-,Cajas,Multifuncional Fds,Part Time,Masculino,2004-10-10 00:00:00,2025-05-02 00:00:00,
Pvea Miraflores,18691393,2025-10-01 00:00:00,'-,Almacén,Repres. De Servicios,Part Time,Masculino,2004-03-02 00:00:00,2025-05-19 00:00:00,
Pvea Miraflores,18704492,2025-10-01 00:00:00,'-,Cajas,Asistente De Self Check Out,Full Time,Femenino,1999-12-02 00:00:00,2025-05-23 00:00:00,
Pvea Miraflores,18833623,2025-10-01 00:00:00,'-,Sala Frescos,Repres. De Servicios,Part Time,Masculino,2005-01-16 00:00:00,2025-07-09 00:00:00,
Pvea Miraflores,18837948,2025-10-01 00:00:00,'-,Almacén Frescos,Repres. De Servicios,Part Time,Masculino,2004-05-16 00:00:00,2025-07-11 00:00:00,
Pvea Miraflores,18837955,2025-10-01 00:00:00,'-,Sala Frescos,Repres. De Servicios,Part Time,Femenino,2005-10-07 00:00:00,2025-07-11 00:00:00,
Pvea Miraflores,18904943,2025-10-01 00:00:00,'-,Sala Frescos,Repres. De Servicios,Part Time,Femenino,2005-04-14 00:00:00,2025-07-22 00:00:00,
Pvea Miraflores,18904963,2025-10-01 00:00:00,'-,Almacén,Repres. De Servicios,Part Time,Masculino,2005-02-18 00:00:00,2025-07-22 00:00:00,
Pvea Miraflores,18954165,2025-10-01 00:00:00,'-,Cajas,Multifuncional,Part Time,Femenino,2007-03-26 00:00:00,2025-08-08 00:00:00,
Pvea Miraflores,18955453,2025-10-01 00:00:00,'-,Almacén Frescos,Repres. De Servicios,Part Time,Masculino,1989-01-08 00:00:00,2025-08-13 00:00:00,
Pvea Miraflores,18956192,2025-10-01 00:00:00,'-,Sala Frescos,Repres. De Servicios Fds,Part Time,Femenino,2001-05-08 00:00:00,2025-08-13 00:00:00,
Pvea Miraflores,18958496,2025-10-01 00:00:00,'-,Almacén Frescos,Repres. De Servicios,Part Time,Masculino,2005-11-21 00:00:00,2025-08-22 00:00:00,
Pvea Miraflores,18958519,2025-10-01 00:00:00,'-,Cajas,Multifuncional,Part Time,Masculino,2006-12-17 00:00:00,2025-08-22 00:00:00,
Pvea Miraflores,18958520,2025-10-01 00:00:00,'-,Cajas,Multifuncional,Part Time,Femenino,2005-08-11 00:00:00,2025-08-22 00:00:00,2025-10-15 00:00:00
Pvea Miraflores,18958521,2025-10-01 00:00:00,'-,Cajas,Multifuncional 5X2 1Er Turno,Part Time,Masculino,2002-09-09 00:00:00,2025-08-22 00:00:00,2025-10-15 00:00:00
Pvea Miraflores,18959135,2025-10-01 00:00:00,'-,Sala Frescos,Repres. De Servicios,Part Time,Femenino,2006-05-24 00:00:00,2025-08-22 00:00:00,
Pvea Miraflores,18961460,2025-10-01 00:00:00,'-,Cajas,Multifuncional Fds,Part Time,Femenino,2003-03-12 00:00:00,2025-09-02 00:00:00,
Pvea Miraflores,18961461,2025-10-01 00:00:00,'-,Cajas,Multifuncional 5X2 1Er Turno,Part Time,Masculino,2002-03-08 00:00:00,2025-09-02 00:00:00,
Pvea Miraflores,18961462,2025-10-01 00:00:00,'-,Cajas,Multifuncional 5X2 1Er Turno,Part Time,Femenino,2007-02-11 00:00:00,2025-09-02 00:00:00,
Pvea Miraflores,18961463,2025-10-01 00:00:00,'-,Cajas,Multifuncional Fds,Part Time,Femenino,2006-08-04 00:00:00,2025-09-02 00:00:00,
Pvea Miraflores,18961465,2025-10-01 00:00:00,'-,Cajas,Multifuncional Fds,Part Time,Femenino,2006-10-18 00:00:00,2025-09-02 00:00:00,2025-10-26 00:00:00
Pvea Miraflores,18961480,2025-10-01 00:00:00,'-,Cajas,Multifuncional,Full Time,Femenino,2006-04-24 00:00:00,2025-09-02 00:00:00,
Pvea Miraflores,18962085,2025-10-01 00:00:00,'-,Cajas,Multifuncional,Part Time,Femenino,2001-06-24 00:00:00,2025-09-02 00:00:00,
Pvea Miraflores,18962086,2025-10-01 00:00:00,'-,Cajas,Multifuncional,Part Time,Femenino,2005-12-24 00:00:00,2025-09-02 00:00:00,
Pvea Miraflores,18962469,2025-10-01 00:00:00,'-,Sala Frescos,Repres. De Servicios,Part Time,Femenino,1999-04-10 00:00:00,2025-09-05 00:00:00,
Pvea Miraflores,18964379,2025-10-01 00:00:00,'-,Sala,Multifuncional 5X2 1Er Turno,Part Time,Femenino,2004-09-23 00:00:00,2025-09-10 00:00:00,2025-10-31 00:00:00
Pvea Miraflores,18964395,2025-10-01 00:00:00,'-,Cajas,Multifuncional Fds,Part Time,Femenino,2004-09-11 00:00:00,2025-09-10 00:00:00,
Pvea Miraflores,18964543,2025-10-01 00:00:00,'-,Sala,Repres. De Servicios,Part Time,Femenino,2005-05-12 00:00:00,2025-09-10 00:00:00,
Pvea Miraflores,18964544,2025-10-01 00:00:00,'-,Sala,Multifuncional,Part Time,Masculino,2006-01-07 00:00:00,2025-09-10 00:00:00,
Pvea Miraflores,18964545,2025-10-01 00:00:00,'-,Almacén,Repres. De Servicios,Part Time,Masculino,2002-07-04 00:00:00,2025-09-10 00:00:00,
Pvea Miraflores,18965157,2025-10-01 00:00:00,'-,Sala Frescos,Repres. De Servicios,Part Time,Masculino,2003-05-30 00:00:00,2025-09-12 00:00:00,
Pvea Miraflores,18965163,2025-10-01 00:00:00,'-,Almacén,Repres. De Servicios,Part Time,Masculino,2006-11-17 00:00:00,2025-09-12 00:00:00,
Pvea Miraflores,18965167,2025-10-01 00:00:00,'-,Almacén,Repres. De Servicios,Part Time,Masculino,2006-02-26 00:00:00,2025-09-12 00:00:00,
Pvea Miraflores,18967911,2025-10-01 00:00:00,'-,Sala Frescos,Repres. De Servicios,Part Time,Masculino,2005-02-25 00:00:00,2025-09-22 00:00:00,
Pvea Miraflores,18967912,2025-10-01 00:00:00,'-,Recepción,Repres. De Servicios,Part Time,Masculino,2005-01-22 00:00:00,2025-09-22 00:00:00,
Pvea Miraflores,18967914,2025-10-01 00:00:00,'-,Almacén,Repres. De Servicios,Part Time,Masculino,2005-02-02 00:00:00,2025-09-22 00:00:00,
Pvea Miraflores,18967916,2025-10-01 00:00:00,'-,Sala Frescos,Repres. De Servicios,Part Time,Masculino,2005-12-21 00:00:00,2025-09-22 00:00:00,
Pvea Miraflores,18969913,2025-10-01 00:00:00,'-,Sala Frescos,Repres. De Servicios,Part Time,Femenino,2005-02-25 00:00:00,2025-09-29 00:00:00,
Pvea Miraflores,18971574,2025-10-01 00:00:00,'-,Sala Frescos,Repres. De Servicios,Part Time,Masculino,2000-10-09 00:00:00,2025-10-03 00:00:00,2025-10-14 00:00:00
Pvea Miraflores,18971585,2025-10-01 00:00:00,'-,Sala Frescos,Repres. De Servicios,Part Time,Masculino,1996-03-31 00:00:00,2025-10-03 00:00:00,2025-10-17 00:00:00
Pvea Miraflores,18971586,2025-10-01 00:00:00,'-,Sala Frescos,Repres. De Servicios,Part Time,Femenino,2001-05-27 00:00:00,2025-10-03 00:00:00,
Pvea Miraflores,18971587,2025-10-01 00:00:00,'-,Sala Frescos,Repres. De Servicios,Part Time,Femenino,2005-12-05 00:00:00,2025-10-03 00:00:00,
Pvea Miraflores,18971591,2025-10-01 00:00:00,'-,Sala Frescos,Repres. De Servicios,Part Time,Masculino,2005-01-21 00:00:00,2025-10-03 00:00:00,
Pvea Miraflores,18971973,2025-10-01 00:00:00,'-,Sala Frescos,Repres. De Servicios,Part Time,Femenino,2007-09-18 00:00:00,2025-10-06 00:00:00,
Pvea Miraflores,18974517,2025-10-01 00:00:00,'-,Cajas,Repres. De Servicios,Part Time,Femenino,2005-04-12 00:00:00,2025-10-17 00:00:00,
Pvea Miraflores,18974544,2025-10-01 00:00:00,'-,Sala Frescos,Repres. De Servicios,Part Time,Femenino,1976-12-28 00:00:00,2025-10-17 00:00:00,
Pvea Miraflores,18975262,2025-10-01 00:00:00,'-,Cajas,Multifuncional 5X2 1Er Turno,Part Time,Femenino,2006-04-05 00:00:00,2025-10-22 00:00:00,
Pvea Miraflores,18975264,2025-10-01 00:00:00,'-,Almacén Frescos,Repres. De Servicios,Part Time,Masculino,1997-07-30 00:00:00,2025-10-22 00:00:00,
Pvea Miraflores,18975265,2025-10-01 00:00:00,'-,Almacén Frescos,Repres. De Servicios,Part Time,Masculino,2005-02-28 00:00:00,2025-10-22 00:00:00,
Pvea Miraflores,18975956,2025-10-01 00:00:00,'-,Sala,Repres. De Servicios,Part Time,Masculino,2002-01-17 00:00:00,2025-10-24 00:00:00,
Pvea Miraflores,18975970,2025-10-01 00:00:00,'-,Sala Frescos,Repres. De Servicios,Part Time,Femenino,2007-09-05 00:00:00,2025-10-24 00:00:00,
Pvea Miraflores,18975971,2025-10-01 00:00:00,'-,Sala Frescos,Repres. De Servicios,Part Time,Masculino,2007-03-01 00:00:00,2025-10-24 00:00:00,
Pvea Miraflores,18975999,2025-10-01 00:00:00,'-,Sala Frescos,Repres. De Servicios,Part Time,Masculino,1995-12-20 00:00:00,2025-10-24 00:00:00,
Pvea Miraflores,203013,2025-10-01 00:00:00,'-,Electro,Vendedor,Full Time,Femenino,1968-11-24 00:00:00,2018-05-23 00:00:00,
Pvea Miraflores,203489,2025-10-01 00:00:00,'-,Cajas,Supervisor De Cajeros,Full Time,Femenino,1991-08-18 00:00:00,2025-05-01 00:00:00,
Pvea Miraflores,21147,2025-10-01 00:00:00,'-,Sala Frescos,Repres. De Servicios,Full Time,Masculino,1978-04-26 00:00:00,2011-03-01 00:00:00,
Pvea Miraflores,21448,2025-10-01 00:00:00,'-,Electro,Jefe De Seccion,Full Time,Femenino,1974-03-22 00:00:00,2012-10-01 00:00:00,
Pvea Miraflores,244437,2025-10-01 00:00:00,'-,Cajas,Supervisor De Cajeros,Full Time,Masculino,2000-05-19 00:00:00,2024-01-19 00:00:00,
Pvea Miraflores,24708,2025-10-01 00:00:00,'-,Administración,Gerente De Tienda,Full Time,Masculino,1975-09-22 00:00:00,2003-04-04 00:00:00,
Pvea Miraflores,25760,2025-10-01 00:00:00,'-,Almacén,Repres. De Servicios I,Full Time,Femenino,1973-10-12 00:00:00,2014-06-16 00:00:00,
Pvea Miraflores,272289,2025-10-01 00:00:00,'-,Cajas,Supervisor De Cajeros,Full Time,Femenino,2000-01-19 00:00:00,2025-05-01 00:00:00,
Pvea Miraflores,291062,2025-10-01 00:00:00,'-,Recepción E Inventarios,Auxiliar De Inventarios,Full Time,Femenino,1981-01-07 00:00:00,2022-06-01 00:00:00,
Pvea Miraflores,298588,2025-10-01 00:00:00,'-,Sala,Multifuncional 5X2 1Er Turno,Part Time,Femenino,1985-12-22 00:00:00,2024-12-02 00:00:00,
Pvea Miraflores,301805,2025-10-01 00:00:00,'-,Sala,Multifuncional,Full Time,Masculino,1995-12-13 00:00:00,2020-01-20 00:00:00,
Pvea Miraflores,303580,2025-10-01 00:00:00,'-,Cajas,Supervisor De Cajeros,Full Time,Masculino,1999-05-27 00:00:00,2023-07-01 00:00:00,
Pvea Miraflores,304408,2025-10-01 00:00:00,'-,Almacén Frescos,Repres. De Servicios I,Full Time,Femenino,1992-12-05 00:00:00,2020-02-17 00:00:00,
Pvea Miraflores,31455,2025-10-01 00:00:00,'-,Sala Frescos,Jefe De Seccion,Full Time,Masculino,1981-11-10 00:00:00,2016-01-18 00:00:00,
Pvea Miraflores,34546,2025-10-01 00:00:00,'-,Sala Frescos,Repres. De Servicios,Full Time,Femenino,1967-05-24 00:00:00,2016-02-17 00:00:00,
Pvea Miraflores,36202,2025-10-01 00:00:00,'-,Sala Frescos,Repres. De Servicios,Full Time,Femenino,1992-05-22 00:00:00,2016-03-02 00:00:00,
Pvea Miraflores,3707,2025-10-01 00:00:00,'-,Administración,Asistente De Tienda,Full Time,Femenino,1974-10-22 00:00:00,2003-09-01 00:00:00,
Pvea Miraflores,41844,2025-10-01 00:00:00,'-,Sala Frescos,Repres. De Servicios,Full Time,Masculino,1984-09-10 00:00:00,2016-07-04 00:00:00,
Pvea Miraflores,42739,2025-10-01 00:00:00,'-,Sala,Jefe De Seccion,Full Time,Femenino,1998-06-14 00:00:00,2016-08-01 00:00:00,
Pvea Miraflores,4486016,2025-10-01 00:00:00,'-,Sala Frescos,Jefe De Seccion,Full Time,Femenino,1997-11-16 00:00:00,2020-06-03 00:00:00,
Pvea Miraflores,481,2025-10-01 00:00:00,'-,Recepción E Inventarios,Auxiliar Controller,Full Time,Masculino,1991-11-26 00:00:00,2012-12-01 00:00:00,
Pvea Miraflores,55309,2025-10-01 00:00:00,'-,Sala Frescos,Repres. De Servicios,Part Time,Femenino,1990-10-28 00:00:00,2025-08-01 00:00:00,
Pvea Miraflores,7318884,2025-10-01 00:00:00,'-,Cajas,Multifuncional 5X2 1Er Turno,Part Time,Femenino,1995-02-25 00:00:00,2021-09-22 00:00:00,
Pvea Miraflores,7319531,2025-10-01 00:00:00,'-,Sala,Multifuncional,Full Time,Masculino,1999-05-16 00:00:00,2023-01-01 00:00:00,
Pvea Miraflores,7319542,2025-10-01 00:00:00,'-,Sala,Jefe De Seccion,Full Time,Femenino,2001-05-26 00:00:00,2022-11-01 00:00:00,
Pvea Miraflores,7319599,2025-10-01 00:00:00,'-,Sala,Multifuncional,Full Time,Masculino,2000-02-10 00:00:00,2025-02-01 00:00:00,
Pvea Miraflores,7333556,2025-10-01 00:00:00,'-,Sala,Repres. De Servicios,Part Time,Femenino,2003-05-19 00:00:00,2024-12-11 00:00:00,
Pvea Miraflores,7333607,2025-10-01 00:00:00,'-,Cajas,Asistente De Self Check Out Pt,Part Time,Femenino,1979-09-11 00:00:00,2021-09-22 00:00:00,
Pvea Miraflores,7333614,2025-10-01 00:00:00,'-,Cajas,Multifuncional,Full Time,Femenino,2003-03-03 00:00:00,2023-08-01 00:00:00,
Pvea Miraflores,811,2025-10-01 00:00:00,'-,Sala,Especialista En Bebidas,Full Time,Masculino,1977-11-17 00:00:00,2016-07-13 00:00:00,
Pvea Miraflores,8682,2025-10-01 00:00:00,'-,Sala Frescos,Jefe De Seccion,Full Time,Femenino,1974-09-05 00:00:00,2018-08-03 00:00:00,
Pvea Miraflores,919,2025-10-01 00:00:00,'-,Sala Frescos,Repres. De Servicios,Full Time,Femenino,1973-08-07 00:00:00,2014-05-05 00:00:00,
Pvea Miraflores,9278728,2025-10-01 00:00:00,'-,Sala,Multifuncional 5X2 1Er Turno,Part Time,Femenino,1989-10-12 00:00:00,2021-11-02 00:00:00,
Pvea Miraflores,9481430,2025-10-01 00:00:00,'-,Almacén,Repres. De Servicios I,Full Time,Masculino,1999-08-02 00:00:00,2025-01-31 00:00:00,
Pvea Miraflores,98053,2025-10-01 00:00:00,'-,Cajas,Supervisor De Cajeros,Full Time,Masculino,1982-02-15 00:00:00,2019-03-05 00:00:00,
Pvea Miraflores,98931,2025-10-01 00:00:00,'-,Cajas,Multifuncional Eo,Full Time,Masculino,1960-11-16 00:00:00,2017-08-01 00:00:00,
Pvea Miraflores,99177,2025-10-01 00:00:00,'-,Almacén,Jefe De Seccion,Full Time,Masculino,1998-07-09 00:00:00,2021-08-24 00:00:00,
Svea Corpac,103603,2025-10-01 00:00:00,'-,Cajas,Cajero 5X2,Part Time,Masculino,1986-06-08 00:00:00,2017-09-13 00:00:00,
Svea Corpac,104636,2025-10-01 00:00:00,'-,Almacén Frescos,Repres. De Servicios,Full Time,Femenino,1980-07-16 00:00:00,2023-06-15 00:00:00,
Svea Corpac,10888474,2025-10-01 00:00:00,'-,Sala Frescos,Jefe De Seccion,Full Time,Masculino,2003-10-07 00:00:00,2023-02-01 00:00:00,2025-10-02 00:00:00
Svea Corpac,11405933,2025-10-01 00:00:00,'-,Sala,Repres. De Servicios I,Full Time,Masculino,2002-08-30 00:00:00,2023-02-01 00:00:00,
Svea Corpac,11511916,2025-10-01 00:00:00,'-,Cajas,Supervisor De Cajeros,Full Time,Masculino,2002-07-16 00:00:00,2024-04-01 00:00:00,
Svea Corpac,1198235,2025-10-01 00:00:00,'-,Sala,Jefe De Seccion,Full Time,Femenino,1994-03-19 00:00:00,2020-03-17 00:00:00,
Svea Corpac,12309872,2025-10-01 00:00:00,'-,Cajas,Repres. De Servicios,Part Time,Femenino,2001-11-20 00:00:00,2023-06-27 00:00:00,
Svea Corpac,12352460,2025-10-01 00:00:00,'-,Almacén,Repres. De Servicios,Part Time,Masculino,2000-04-07 00:00:00,2023-07-21 00:00:00,
Svea Corpac,12681816,2025-10-01 00:00:00,'-,Sala Frescos,Repres. De Servicios,Part Time,Femenino,2005-03-01 00:00:00,2025-05-30 00:00:00,
Svea Corpac,129583,2025-10-01 00:00:00,'-,Sala,Repres. De Servicios,Part Time,Masculino,1988-08-24 00:00:00,2018-03-01 00:00:00,
Svea Corpac,13351200,2025-10-01 00:00:00,'-,Sala,Repres. De Servicios,Full Time,Femenino,1999-01-28 00:00:00,2023-11-24 00:00:00,
Svea Corpac,14343,2025-10-01 00:00:00,'-,Almacén,Repres. De Servicios Eo,Full Time,Masculino,1958-09-28 00:00:00,2007-05-01 00:00:00,
Svea Corpac,14776588,2025-10-01 00:00:00,'-,Sala,Repres. De Servicios,Full Time,Masculino,2004-06-24 00:00:00,2025-04-01 00:00:00,
Svea Corpac,15519392,2025-10-01 00:00:00,'-,Almacén,Repres. De Servicios,Part Time,Masculino,2003-04-05 00:00:00,2024-05-02 00:00:00,2025-11-01 00:00:00
Svea Corpac,15662741,2025-10-01 00:00:00,'-,Cajas,Supervisor De Cajeros,Full Time,Femenino,1999-08-09 00:00:00,2024-05-08 00:00:00,
Svea Corpac,15958778,2025-10-01 00:00:00,'-,Cajas,Cajero 5X2,Part Time,Masculino,1998-06-03 00:00:00,2024-06-03 00:00:00,
Svea Corpac,17487114,2025-10-01 00:00:00,'-,Sala Frescos,Repres. De Servicios,Full Time,Femenino,1974-07-29 00:00:00,2024-11-14 00:00:00,
Svea Corpac,17726664,2025-10-01 00:00:00,'-,Sala Frescos,Repres. De Servicios,Full Time,Femenino,2006-10-18 00:00:00,2025-07-22 00:00:00,
Svea Corpac,17837560,2025-10-01 00:00:00,'-,Sala Frescos,Repres. De Servicios,Part Time,Masculino,2006-06-05 00:00:00,2024-12-20 00:00:00,
Svea Corpac,18304720,2025-10-01 00:00:00,'-,Almacén Frescos,Repres. De Servicios,Part Time,Masculino,1998-04-28 00:00:00,2025-03-13 00:00:00,
Svea Corpac,18304723,2025-10-01 00:00:00,'-,Sala Frescos,Repres. De Servicios,Part Time,Femenino,2006-04-07 00:00:00,2025-03-13 00:00:00,
Svea Corpac,18329291,2025-10-01 00:00:00,'-,Sala,Repres. De Servicios,Part Time,Masculino,2006-02-15 00:00:00,2025-03-21 00:00:00,
Svea Corpac,18339046,2025-10-01 00:00:00,'-,Cajas,Repres. De Servicios 5X2 Eo,Part Time,Masculino,1959-04-07 00:00:00,2025-03-24 00:00:00,
Svea Corpac,18340465,2025-10-01 00:00:00,'-,Sala,Repres. De Servicios,Full Time,Femenino,2006-04-27 00:00:00,2025-03-26 00:00:00,
Svea Corpac,18347,2025-10-01 00:00:00,'-,Cajas,Jefe De Seccion,Full Time,Masculino,1992-12-14 00:00:00,2020-02-03 00:00:00,
Svea Corpac,18480147,2025-10-01 00:00:00,'-,Almacén Frescos,Repres. De Servicios,Full Time,Masculino,2004-05-09 00:00:00,2025-04-15 00:00:00,
Svea Corpac,18680096,2025-10-01 00:00:00,'-,Almacén,Repres. De Servicios,Part Time,Masculino,2004-11-09 00:00:00,2025-05-14 00:00:00,
Svea Corpac,18691469,2025-10-01 00:00:00,'-,Almacén,Repres. De Servicios,Part Time,Masculino,2006-10-03 00:00:00,2025-05-19 00:00:00,
Svea Corpac,18691470,2025-10-01 00:00:00,'-,Almacén,Repres. De Servicios,Part Time,Masculino,2005-03-27 00:00:00,2025-05-19 00:00:00,
Svea Corpac,18704501,2025-10-01 00:00:00,'-,Sala Frescos,Repres. De Servicios,Full Time,Masculino,2001-08-21 00:00:00,2025-05-23 00:00:00,
Svea Corpac,18704607,2025-10-01 00:00:00,'-,Sala Frescos,Repres. De Servicios,Full Time,Masculino,2005-06-04 00:00:00,2025-05-23 00:00:00,
Svea Corpac,18720150,2025-10-01 00:00:00,'-,Sala Frescos,Repres. De Servicios,Part Time,Masculino,2000-06-11 00:00:00,2025-05-30 00:00:00,
Svea Corpac,18720151,2025-10-01 00:00:00,'-,Sala Frescos,Repres. De Servicios,Part Time,Femenino,2004-07-10 00:00:00,2025-05-30 00:00:00,2025-10-01 00:00:00
Svea Corpac,18720152,2025-10-01 00:00:00,'-,Sala,Repres. De Servicios,Part Time,Femenino,2000-02-22 00:00:00,2025-05-30 00:00:00,
Svea Corpac,18720166,2025-10-01 00:00:00,'-,Sala Frescos,Repres. De Servicios,Part Time,Masculino,2005-07-03 00:00:00,2025-05-30 00:00:00,
Svea Corpac,18905044,2025-10-01 00:00:00,'-,Cajas,Cajero 5X2,Part Time,Masculino,2007-01-22 00:00:00,2025-07-24 00:00:00,
Svea Corpac,18905045,2025-10-01 00:00:00,'-,Cajas,Cajero 5X2,Part Time,Femenino,2002-09-24 00:00:00,2025-07-24 00:00:00,
Svea Corpac,18954270,2025-10-01 00:00:00,'-,Almacén Frescos,Repres. De Servicios,Full Time,Femenino,2006-02-25 00:00:00,2025-08-08 00:00:00,2025-10-18 00:00:00
Svea Corpac,18957312,2025-10-01 00:00:00,'-,Almacén Frescos,Repres. De Servicios,Full Time,Masculino,2002-09-25 00:00:00,2025-08-19 00:00:00,
Svea Corpac,18958502,2025-10-01 00:00:00,'-,Cajas,Cajero 5X2,Part Time,Masculino,2006-12-21 00:00:00,2025-08-22 00:00:00,
Svea Corpac,18961751,2025-10-01 00:00:00,'-,Cajas,Cajero 5X2,Part Time,Femenino,2006-08-19 00:00:00,2025-09-03 00:00:00,
Svea Corpac,18961753,2025-10-01 00:00:00,'-,Cajas,Cajero 5X2,Part Time,Masculino,2005-05-31 00:00:00,2025-09-03 00:00:00,
Svea Corpac,18963005,2025-10-01 00:00:00,'-,Cajas,Cajero 5X2,Part Time,Masculino,2004-09-23 00:00:00,2025-09-06 00:00:00,
Svea Corpac,18964535,2025-10-01 00:00:00,'-,Cajas,Cajero 5X2,Part Time,Femenino,2005-09-23 00:00:00,2025-09-10 00:00:00,
Svea Corpac,18975493,2025-10-01 00:00:00,'-,Sala,Representante De Servicio 5X2 D,Part Time,Masculino,2003-03-23 00:00:00,2025-10-23 00:00:00,
Svea Corpac,21115,2025-10-01 00:00:00,'-,Cajas,Representante De Servicio D,Full Time,Masculino,1981-02-25 00:00:00,2000-03-01 00:00:00,
Svea Corpac,21374,2025-10-01 00:00:00,'-,Recepción E Inventarios,Auxiliar De Inventarios,Full Time,Masculino,1988-09-09 00:00:00,2010-04-16 00:00:00,
Svea Corpac,241013,2025-10-01 00:00:00,'-,Almacén,Jefe De Seccion,Full Time,Femenino,2000-06-21 00:00:00,2019-06-01 00:00:00,
Svea Corpac,243668,2025-10-01 00:00:00,'-,Sala Frescos,Repres. De Servicios,Part Time,Femenino,1994-04-04 00:00:00,2019-03-21 00:00:00,
Svea Corpac,266939,2025-10-01 00:00:00,'-,Administración,Gerente De Tienda,Full Time,Femenino,1990-06-29 00:00:00,2019-03-01 00:00:00,
Svea Corpac,43780,2025-10-01 00:00:00,'-,Cajas,Cajero 5X2,Full Time,Masculino,1989-10-27 00:00:00,2016-09-01 00:00:00,
Svea Corpac,44131,2025-10-01 00:00:00,'-,Cajas,Supervisor De Cajeros,Full Time,Femenino,1971-02-17 00:00:00,2016-09-05 00:00:00,
Svea Corpac,4576139,2025-10-01 00:00:00,'-,Sala Frescos,Repres. De Servicios,Full Time,Femenino,1987-09-28 00:00:00,2020-06-12 00:00:00,
Svea Corpac,48590,2025-10-01 00:00:00,'-,Sala Frescos,Repres. De Servicios,Full Time,Femenino,1976-11-15 00:00:00,2016-12-14 00:00:00,
Svea Corpac,6722,2025-10-01 00:00:00,'-,Sala Frescos,Jefe De Seccion,Full Time,Femenino,1987-06-16 00:00:00,2022-02-22 00:00:00,
Svea Corpac,9278595,2025-10-01 00:00:00,'-,Cajas,Cajero 6X1,Full Time,Masculino,1994-12-25 00:00:00,2023-07-01 00:00:00,
Viv Monterrico,104143,2025-10-01 00:00:00,'-,"Carnes, Pescados, Fiambres, Frutas & Verduras",Repres. De Servicios,Full Time,Femenino,1985-09-27 00:00:00,2017-10-01 00:00:00,
Viv Monterrico,10472,2025-10-01 00:00:00,'-,"Carnes, Pescados, Fiambres, Frutas & Verduras",Repres. De Servicios,Full Time,Femenino,1969-11-01 00:00:00,2015-10-16 00:00:00,
Viv Monterrico,10653,2025-10-01 00:00:00,'-,"Carnes, Pescados, Fiambres, Frutas & Verduras",Repres. De Servicios,Full Time,Masculino,1971-05-11 00:00:00,2002-10-19 00:00:00,
Viv Monterrico,10845,2025-10-01 00:00:00,'-,"Carnes, Pescados, Fiambres, Frutas & Verduras",Jefe De Seccion,Full Time,Femenino,1979-08-02 00:00:00,2012-08-01 00:00:00,
Viv Monterrico,110670,2025-10-01 00:00:00,'-,"Carnes, Pescados, Fiambres, Frutas & Verduras",Repres. De Servicios Fds,Part Time,Femenino,1993-10-16 00:00:00,2025-04-01 00:00:00,
Viv Monterrico,11342636,2025-10-01 00:00:00,'-,Cajas,Cajero 6X1,Full Time,Femenino,2003-05-05 00:00:00,2025-04-22 00:00:00,
Viv Monterrico,11369697,2025-10-01 00:00:00,'-,Cajas,Cajero 6X1,Full Time,Masculino,2001-04-18 00:00:00,2025-02-01 00:00:00,
Viv Monterrico,11458504,2025-10-01 00:00:00,'-,Cajas,Cajero 4X3,Part Time,Femenino,2002-11-10 00:00:00,2022-10-19 00:00:00,
Viv Monterrico,11489004,2025-10-01 00:00:00,'-,Cajas,Asistente De Self Check Out Pt,Part Time,Masculino,2003-05-05 00:00:00,2025-05-02 00:00:00,2025-10-15 00:00:00
Viv Monterrico,11966759,2025-10-01 00:00:00,'-,Cajas,Cajero 4X3,Part Time,Masculino,2003-04-07 00:00:00,2023-03-09 00:00:00,
Viv Monterrico,1205195,2025-10-01 00:00:00,'-,Cajas,Repres. De Servicios,Part Time,Femenino,1999-12-16 00:00:00,2025-06-01 00:00:00,
Viv Monterrico,12261783,2025-10-01 00:00:00,'-,"Carnes, Pescados, Fiambres, Frutas & Verduras",Repres. De Servicios,Full Time,Masculino,1993-02-04 00:00:00,2023-06-13 00:00:00,
Viv Monterrico,128607,2025-10-01 00:00:00,'-,Cajas,Repres. De Servicios Fds,Part Time,Femenino,1995-01-19 00:00:00,2018-02-08 00:00:00,
Viv Monterrico,13227322,2025-10-01 00:00:00,'-,Cajas,Cajero 5X2,Part Time,Masculino,2004-01-31 00:00:00,2023-11-07 00:00:00,
Viv Monterrico,13277255,2025-10-01 00:00:00,'-,Sala,Repres. De Servicios,Part Time,Masculino,2003-09-22 00:00:00,2023-11-14 00:00:00,
Viv Monterrico,1331,2025-10-01 00:00:00,'-,Cajas,Cajero 5X2,Full Time,Femenino,1987-10-26 00:00:00,2025-05-02 00:00:00,
Viv Monterrico,13375806,2025-10-01 00:00:00,'-,Sala,Repres. De Servicios,Part Time,Femenino,2001-03-02 00:00:00,2024-04-03 00:00:00,
Viv Monterrico,13619568,2025-10-01 00:00:00,'-,"Carnes, Pescados, Fiambres, Frutas & Verduras",Repres. De Servicios,Full Time,Femenino,1969-12-30 00:00:00,2023-12-12 00:00:00,
Viv Monterrico,13709716,2025-10-01 00:00:00,'-,Almacén,Repres. De Servicios,Part Time,Masculino,2003-07-01 00:00:00,2023-12-22 00:00:00,
Viv Monterrico,13797674,2025-10-01 00:00:00,'-,Sala,Repres. De Servicios,Full Time,Femenino,2005-05-24 00:00:00,2024-01-09 00:00:00,
Viv Monterrico,13808329,2025-10-01 00:00:00,'-,Sala,Repres. De Servicios,Part Time,Masculino,2004-05-27 00:00:00,2024-11-25 00:00:00,2025-10-31 00:00:00
Viv Monterrico,13816913,2025-10-01 00:00:00,'-,Cajas,Cajero 5X2,Part Time,Femenino,2002-02-03 00:00:00,2024-01-12 00:00:00,
Viv Monterrico,14270,2025-10-01 00:00:00,'-,"Carnes, Pescados, Fiambres, Frutas & Verduras",Repres. De Servicios,Full Time,Masculino,1972-02-18 00:00:00,2005-11-05 00:00:00,
Viv Monterrico,14290348,2025-10-01 00:00:00,'-,Cajas,Supervisor De Cajeros,Full Time,Masculino,2003-03-17 00:00:00,2025-07-01 00:00:00,
Viv Monterrico,14470,2025-10-01 00:00:00,'-,Comidas Preparadas Panadería Y Pastelería,Repres. De Servicios,Full Time,Femenino,1988-01-20 00:00:00,2018-07-01 00:00:00,
Viv Monterrico,14618,2025-10-01 00:00:00,'-,Cajas,Cajero 4X3,Part Time,Femenino,1980-03-15 00:00:00,2013-10-01 00:00:00,
Viv Monterrico,14625595,2025-10-01 00:00:00,'-,Cajas,Cajero 5X2,Part Time,Femenino,2003-12-25 00:00:00,2024-03-08 00:00:00,
Viv Monterrico,14685168,2025-10-01 00:00:00,'-,Cajas,Supervisor De Cajeros 5X2,Part Time,Femenino,2002-06-28 00:00:00,2024-09-01 00:00:00,
Viv Monterrico,14685194,2025-10-01 00:00:00,'-,Comidas Preparadas Panadería Y Pastelería,Repres. De Servicios,Part Time,Masculino,2004-10-08 00:00:00,2025-10-01 00:00:00,
Viv Monterrico,14941431,2025-10-01 00:00:00,'-,Cajas,Asistente De Self Check Out Pt,Part Time,Femenino,2002-01-18 00:00:00,2024-04-03 00:00:00,
Viv Monterrico,14978188,2025-10-01 00:00:00,'-,Cajas,Asistente De Self Check Out Pt,Part Time,Masculino,1999-04-22 00:00:00,2024-04-05 00:00:00,
Viv Monterrico,15079206,2025-10-01 00:00:00,'-,Cajas,Cajero 5X2,Part Time,Femenino,2003-08-29 00:00:00,2024-04-10 00:00:00,2025-10-01 00:00:00
Viv Monterrico,15087,2025-10-01 00:00:00,'-,Cajas,Jefe De Seccion,Full Time,Femenino,1989-03-13 00:00:00,2016-10-01 00:00:00,
Viv Monterrico,15146,2025-10-01 00:00:00,'-,Recepción,Repres. De Servicios,Full Time,Masculino,1982-09-29 00:00:00,2014-04-01 00:00:00,
Viv Monterrico,15345489,2025-10-01 00:00:00,'-,Cajas,Cajero 5X2,Part Time,Masculino,2004-08-18 00:00:00,2024-04-24 00:00:00,2025-10-31 00:00:00
Viv Monterrico,15470432,2025-10-01 00:00:00,'-,Sala,Repres. De Servicios,Part Time,Femenino,1998-08-10 00:00:00,2024-04-29 00:00:00,
Viv Monterrico,15470435,2025-10-01 00:00:00,'-,Cajas,Cajero 5X2,Part Time,Femenino,2004-03-31 00:00:00,2024-04-29 00:00:00,
Viv Monterrico,15525409,2025-10-01 00:00:00,'-,Almacén,Repres. De Servicios,Part Time,Masculino,2003-05-22 00:00:00,2024-05-03 00:00:00,
Viv Monterrico,15635412,2025-10-01 00:00:00,'-,Recepción,Repres. De Servicios,Full Time,Masculino,1999-05-06 00:00:00,2024-05-07 00:00:00,
Viv Monterrico,15754298,2025-10-01 00:00:00,'-,Cajas,Cajero 5X2,Part Time,Femenino,2004-03-15 00:00:00,2024-05-16 00:00:00,
Viv Monterrico,15906554,2025-10-01 00:00:00,'-,Sala,Repres. De Servicios,Part Time,Masculino,2004-03-07 00:00:00,2024-05-27 00:00:00,
Viv Monterrico,15933876,2025-10-01 00:00:00,'-,Comidas Preparadas Panadería Y Pastelería,Repres. De Servicios,Part Time,Femenino,2000-09-14 00:00:00,2024-05-30 00:00:00,
Viv Monterrico,16648173,2025-10-01 00:00:00,'-,Cajas,Cajero 3X4,Part Time,Masculino,2006-04-14 00:00:00,2024-08-14 00:00:00,
Viv Monterrico,16674385,2025-10-01 00:00:00,'-,Cajas,Cajero 5X2,Part Time,Masculino,2004-11-04 00:00:00,2024-08-16 00:00:00,
Viv Monterrico,16682031,2025-10-01 00:00:00,'-,Cajas,Repres. De Servicios,Full Time,Femenino,2004-02-25 00:00:00,2025-06-01 00:00:00,
Viv Monterrico,16733483,2025-10-01 00:00:00,'-,Cajas,Cajero 5X2,Part Time,Femenino,2006-04-29 00:00:00,2024-08-26 00:00:00,
Viv Monterrico,16733509,2025-10-01 00:00:00,'-,"Carnes, Pescados, Fiambres, Frutas & Verduras",Repres. De Servicios,Full Time,Femenino,1996-05-24 00:00:00,2025-01-01 00:00:00,
Viv Monterrico,16754518,2025-10-01 00:00:00,'-,Cajas,Repres. De Servicios,Full Time,Masculino,2005-04-13 00:00:00,2025-02-01 00:00:00,
Viv Monterrico,16848004,2025-10-01 00:00:00,'-,"Carnes, Pescados, Fiambres, Frutas & Verduras",Repres. De Servicios,Full Time,Masculino,2005-11-16 00:00:00,2025-04-01 00:00:00,
Viv Monterrico,16936646,2025-10-01 00:00:00,'-,Cajas,Cajero 3X4,Part Time,Masculino,2005-05-23 00:00:00,2024-09-13 00:00:00,
Viv Monterrico,17002756,2025-10-01 00:00:00,'-,Comidas Preparadas Panadería Y Pastelería,Repres. De Servicios,Part Time,Masculino,2003-06-06 00:00:00,2024-09-18 00:00:00,
Viv Monterrico,17164480,2025-10-01 00:00:00,'-,Cajas,Cajero 4X3,Part Time,Femenino,2003-05-09 00:00:00,2024-10-14 00:00:00,
Viv Monterrico,17164485,2025-10-01 00:00:00,'-,Cajas,Cajero 3X4,Part Time,Masculino,2003-07-04 00:00:00,2024-10-14 00:00:00,
Viv Monterrico,17211153,2025-10-01 00:00:00,'-,Cajas,Cajero 5X2,Part Time,Femenino,1998-01-06 00:00:00,2024-10-17 00:00:00,
Viv Monterrico,17304722,2025-10-01 00:00:00,'-,Almacén,Repres. De Servicios,Part Time,Masculino,2003-06-03 00:00:00,2024-10-25 00:00:00,
Viv Monterrico,17367303,2025-10-01 00:00:00,'-,"Carnes, Pescados, Fiambres, Frutas & Verduras",Repres. De Servicios,Full Time,Masculino,2006-08-12 00:00:00,2025-02-01 00:00:00,
Viv Monterrico,17496663,2025-10-01 00:00:00,'-,Cajas,Cajero 5X2,Part Time,Masculino,2005-03-13 00:00:00,2024-11-15 00:00:00,
Viv Monterrico,17680473,2025-10-01 00:00:00,'-,Cajas,Cajero 5X2,Part Time,Femenino,1988-03-13 00:00:00,2024-11-25 00:00:00,
Viv Monterrico,17683128,2025-10-01 00:00:00,'-,Cajas,Cajero 5X2,Part Time,Femenino,2004-04-20 00:00:00,2024-11-28 00:00:00,
Viv Monterrico,17783053,2025-10-01 00:00:00,'-,Cajas,Cajero 5X2,Part Time,Masculino,2004-01-16 00:00:00,2024-12-10 00:00:00,
Viv Monterrico,17796970,2025-10-01 00:00:00,'-,"Carnes, Pescados, Fiambres, Frutas & Verduras",Repres. De Servicios,Part Time,Femenino,2003-10-06 00:00:00,2024-12-10 00:00:00,
Viv Monterrico,17833876,2025-10-01 00:00:00,'-,Comidas Preparadas,Chef,Full Time,Femenino,2002-10-06 00:00:00,2024-12-16 00:00:00,
Viv Monterrico,17862528,2025-10-01 00:00:00,'-,"Carnes, Pescados, Fiambres, Frutas & Verduras",Repres. De Servicios,Part Time,Femenino,2006-07-29 00:00:00,2024-12-18 00:00:00,
Viv Monterrico,17958127,2025-10-01 00:00:00,'-,Almacén,Repres. De Servicios,Part Time,Masculino,2003-05-02 00:00:00,2025-01-24 00:00:00,
Viv Monterrico,17958132,2025-10-01 00:00:00,'-,Almacén,Repres. De Servicios,Part Time,Masculino,2004-07-28 00:00:00,2025-01-24 00:00:00,
Viv Monterrico,18216092,2025-10-01 00:00:00,'-,Cajas,Cajero 5X2,Part Time,Masculino,2002-04-17 00:00:00,2025-02-25 00:00:00,
Viv Monterrico,18256493,2025-10-01 00:00:00,'-,Cajas,Cajero 5X2,Part Time,Femenino,2001-12-24 00:00:00,2025-03-04 00:00:00,
Viv Monterrico,18294379,2025-10-01 00:00:00,'-,"Carnes, Pescados, Fiambres, Frutas & Verduras",Repres. De Servicios,Part Time,Masculino,2002-01-09 00:00:00,2025-03-11 00:00:00,
Viv Monterrico,18294821,2025-10-01 00:00:00,'-,"Carnes, Pescados, Fiambres, Frutas & Verduras",Repres. De Servicios,Full Time,Masculino,2001-02-11 00:00:00,2025-03-11 00:00:00,
Viv Monterrico,18338681,2025-10-01 00:00:00,'-,Sala,Repres. De Servicios,Part Time,Femenino,1993-12-15 00:00:00,2025-03-24 00:00:00,
Viv Monterrico,18344016,2025-10-01 00:00:00,'-,"Carnes, Pescados, Fiambres, Frutas & Verduras",Repres. De Servicios,Full Time,Femenino,2001-10-31 00:00:00,2025-04-01 00:00:00,
Viv Monterrico,18396,2025-10-01 00:00:00,'-,"Carnes, Pescados, Fiambres, Frutas & Verduras",Repres. De Servicios I,Full Time,Femenino,1982-06-03 00:00:00,2013-09-09 00:00:00,
Viv Monterrico,18438371,2025-10-01 00:00:00,'-,Cajas,Cajero 5X2,Part Time,Masculino,2004-11-21 00:00:00,2025-04-10 00:00:00,
Viv Monterrico,18488612,2025-10-01 00:00:00,'-,Cajas,Cajero 5X2,Part Time,Femenino,2006-09-20 00:00:00,2025-04-16 00:00:00,
Viv Monterrico,18488757,2025-10-01 00:00:00,'-,Cajas,Cajero 5X2,Part Time,Femenino,2005-07-25 00:00:00,2025-04-16 00:00:00,
Viv Monterrico,18625750,2025-10-01 00:00:00,'-,Cajas,Cajero 5X2,Full Time,Femenino,1986-12-26 00:00:00,2025-04-24 00:00:00,
Viv Monterrico,18625752,2025-10-01 00:00:00,'-,Cajas,Cajero 5X2,Part Time,Masculino,2005-09-30 00:00:00,2025-04-24 00:00:00,
Viv Monterrico,18625784,2025-10-01 00:00:00,'-,Cajas,Asistente De Self Check Out Pt,Part Time,Femenino,2007-03-29 00:00:00,2025-04-24 00:00:00,
Viv Monterrico,18626066,2025-10-01 00:00:00,'-,Cajas,Cajero 6X1,Full Time,Masculino,2004-05-07 00:00:00,2025-04-28 00:00:00,
Viv Monterrico,18626082,2025-10-01 00:00:00,'-,"Carnes, Pescados, Fiambres, Frutas & Verduras",Repres. De Servicios,Part Time,Masculino,2001-07-17 00:00:00,2025-04-28 00:00:00,
Viv Monterrico,18626107,2025-10-01 00:00:00,'-,Cajas,Asistente De Self Check Out Pt,Part Time,Masculino,2002-07-26 00:00:00,2025-04-28 00:00:00,
Viv Monterrico,18644813,2025-10-01 00:00:00,'-,Cajas,Cajero 3X4,Part Time,Femenino,2000-09-15 00:00:00,2025-05-09 00:00:00,
Viv Monterrico,18678006,2025-10-01 00:00:00,'-,Cajas,Repres. De Servicios,Full Time,Femenino,2007-01-23 00:00:00,2025-05-13 00:00:00,
Viv Monterrico,18693350,2025-10-01 00:00:00,'-,Sala,Repres. De Servicios,Part Time,Masculino,2002-09-30 00:00:00,2025-05-20 00:00:00,
Viv Monterrico,18715415,2025-10-01 00:00:00,'-,Sala,Repres. De Servicios Fds,Part Time,Masculino,2005-03-23 00:00:00,2025-05-28 00:00:00,
Viv Monterrico,18727974,2025-10-01 00:00:00,'-,Comidas Preparadas Panadería Y Pastelería,Repres. De Servicios,Part Time,Femenino,2005-04-19 00:00:00,2025-06-03 00:00:00,
Viv Monterrico,18743530,2025-10-01 00:00:00,'-,Comidas Preparadas Panadería Y Pastelería,Repres. De Servicios,Part Time,Masculino,2006-08-18 00:00:00,2025-06-10 00:00:00,
Viv Monterrico,18875,2025-10-01 00:00:00,'-,Almacén,Repres. De Servicios I,Full Time,Masculino,1991-06-03 00:00:00,2014-09-18 00:00:00,
Viv Monterrico,18965310,2025-10-01 00:00:00,'-,Almacén,Repres. De Servicios,Part Time,Masculino,1996-08-27 00:00:00,2025-09-15 00:00:00,
Viv Monterrico,18965476,2025-10-01 00:00:00,'-,Cajas,Cajero 3X4,Part Time,Femenino,2006-08-20 00:00:00,2025-09-15 00:00:00,
Viv Monterrico,18965477,2025-10-01 00:00:00,'-,Cajas,Cajero 3X4,Part Time,Femenino,1987-04-29 00:00:00,2025-09-15 00:00:00,
Viv Monterrico,18965507,2025-10-01 00:00:00,'-,Cajas,Cajero 5X2,Part Time,Femenino,2007-08-26 00:00:00,2025-09-15 00:00:00,
Viv Monterrico,18965591,2025-10-01 00:00:00,'-,Cajas,Cajero 5X2,Part Time,Femenino,1992-05-22 00:00:00,2025-09-15 00:00:00,
Viv Monterrico,18966219,2025-10-01 00:00:00,'-,Cajas,Cajero 3X4,Part Time,Masculino,2006-03-03 00:00:00,2025-09-16 00:00:00,
Viv Monterrico,18966277,2025-10-01 00:00:00,'-,Cajas,Cajero 5X2,Part Time,Femenino,2006-11-21 00:00:00,2025-09-16 00:00:00,
Viv Monterrico,18966942,2025-10-01 00:00:00,'-,Almacén,Repres. De Servicios,Part Time,Masculino,2005-08-18 00:00:00,2025-09-18 00:00:00,
Viv Monterrico,18967200,2025-10-01 00:00:00,'-,Cajas,Cajero 3X4,Part Time,Femenino,2004-12-22 00:00:00,2025-09-19 00:00:00,
Viv Monterrico,18969479,2025-10-01 00:00:00,'-,Almacén,Repres. De Servicios,Part Time,Masculino,2007-02-10 00:00:00,2025-09-26 00:00:00,
Viv Monterrico,18969915,2025-10-01 00:00:00,'-,"Carnes, Pescados, Fiambres, Frutas & Verduras",Repres. De Servicios,Part Time,Masculino,2003-12-24 00:00:00,2025-09-29 00:00:00,
Viv Monterrico,18970827,2025-10-01 00:00:00,'-,Comidas Preparadas Panadería Y Pastelería,Repres. De Servicios,Part Time,Masculino,2004-01-16 00:00:00,2025-10-01 00:00:00,
Viv Monterrico,18972792,2025-10-01 00:00:00,'-,"Carnes, Pescados, Fiambres, Frutas & Verduras",Repres. De Servicios Fds,Part Time,Masculino,2006-04-17 00:00:00,2025-10-09 00:00:00,
Viv Monterrico,18973226,2025-10-01 00:00:00,'-,Comidas Preparadas Panadería Y Pastelería,Repres. De Servicios Fds,Part Time,Masculino,2005-07-16 00:00:00,2025-10-13 00:00:00,
Viv Monterrico,18973268,2025-10-01 00:00:00,'-,Comidas Preparadas Panadería Y Pastelería,Repres. De Servicios,Part Time,Femenino,2005-06-19 00:00:00,2025-10-13 00:00:00,2025-10-20 00:00:00
Viv Monterrico,18973682,2025-10-01 00:00:00,'-,Sala,Repres. De Servicios,Part Time,Masculino,2006-11-15 00:00:00,2025-10-14 00:00:00,
Viv Monterrico,18973684,2025-10-01 00:00:00,'-,Cajas,Cajero 3X4,Part Time,Femenino,1993-03-20 00:00:00,2025-10-14 00:00:00,2025-10-31 00:00:00
Viv Monterrico,18973686,2025-10-01 00:00:00,'-,Comidas Preparadas Panadería Y Pastelería,Repres. De Servicios Fds,Part Time,Femenino,2005-01-22 00:00:00,2025-10-14 00:00:00,
Viv Monterrico,18977151,2025-10-01 00:00:00,'-,Cajas,Repres. De Servicios,Part Time,Masculino,2003-07-22 00:00:00,2025-10-31 00:00:00,
Viv Monterrico,202051,2025-10-01 00:00:00,'-,"Carnes, Pescados, Fiambres, Frutas & Verduras",Jefe De Seccion,Full Time,Masculino,1993-01-05 00:00:00,2018-09-01 00:00:00,
Viv Monterrico,202700,2025-10-01 00:00:00,'-,Administración,Subgerente De Tienda,Full Time,Femenino,1998-03-05 00:00:00,2018-08-01 00:00:00,
Viv Monterrico,203493,2025-10-01 00:00:00,'-,Comidas Preparadas Panadería Y Pastelería,Jefe De Seccion,Full Time,Femenino,1993-07-18 00:00:00,2020-03-11 00:00:00,
Viv Monterrico,204123,2025-10-01 00:00:00,'-,Sala,Repres. De Servicios,Full Time,Femenino,1984-11-24 00:00:00,2018-06-26 00:00:00,
Viv Monterrico,21073,2025-10-01 00:00:00,'-,Comidas Preparadas Panadería Y Pastelería,Repres. De Servicios,Full Time,Masculino,1978-11-03 00:00:00,2008-09-01 00:00:00,
Viv Monterrico,21097,2025-10-01 00:00:00,'-,Almacén,Jefe De Seccion Eo,Full Time,Masculino,1965-04-05 00:00:00,1988-04-02 00:00:00,
Viv Monterrico,21184,2025-10-01 00:00:00,'-,Administración,Asistente De Tienda,Full Time,Femenino,1986-05-18 00:00:00,2012-01-05 00:00:00,
Viv Monterrico,21347,2025-10-01 00:00:00,'-,Sala,Repres. De Servicios I,Full Time,Masculino,1979-04-19 00:00:00,2011-02-10 00:00:00,
Viv Monterrico,22090,2025-10-01 00:00:00,'-,Sala,Repres. De Servicios I,Full Time,Femenino,1990-06-24 00:00:00,2019-05-01 00:00:00,
Viv Monterrico,233971,2025-10-01 00:00:00,'-,Cajas,Repres. De Servicios,Full Time,Masculino,1999-06-09 00:00:00,2018-09-14 00:00:00,2025-10-01 00:00:00
Viv Monterrico,235488,2025-10-01 00:00:00,'-,"Carnes, Pescados, Fiambres, Frutas & Verduras",Repres. De Servicios,Full Time,Femenino,1977-09-25 00:00:00,2020-01-01 00:00:00,
Viv Monterrico,241468,2025-10-01 00:00:00,'-,Sala,Especialista En Bebidas,Full Time,Masculino,1985-11-16 00:00:00,2018-11-15 00:00:00,
Viv Monterrico,242902,2025-10-01 00:00:00,'-,Cajas,Supervisor De Cajeros,Full Time,Femenino,2000-09-03 00:00:00,2024-11-25 00:00:00,
Viv Monterrico,245990,2025-10-01 00:00:00,'-,Cajas,Cajero 5X2,Full Time,Masculino,1989-09-26 00:00:00,2018-12-18 00:00:00,
Viv Monterrico,25610,2025-10-01 00:00:00,'-,Sala,Jefe De Seccion,Full Time,Femenino,1995-12-18 00:00:00,2020-02-12 00:00:00,
Viv Monterrico,269011,2025-10-01 00:00:00,'-,Administración,Gerente De Tienda,Full Time,Femenino,1985-09-14 00:00:00,2019-04-01 00:00:00,2025-10-21 00:00:00
Viv Monterrico,27172,2025-10-01 00:00:00,'-,Comidas Preparadas Panadería Y Pastelería,Repres. De Servicios I,Full Time,Femenino,1992-08-05 00:00:00,2015-06-08 00:00:00,
Viv Monterrico,273875,2025-10-01 00:00:00,'-,"Carnes, Pescados, Fiambres, Frutas & Verduras",Repres. De Servicios I,Full Time,Masculino,2000-06-16 00:00:00,2025-07-07 00:00:00,
Viv Monterrico,27570,2025-10-01 00:00:00,'-,Comidas Preparadas Panadería Y Pastelería,Repres. De Servicios,Full Time,Femenino,1979-03-22 00:00:00,2015-09-01 00:00:00,
Viv Monterrico,276932,2025-10-01 00:00:00,'-,Cajas,Representante De Servicio 5X2 D,Part Time,Masculino,1979-03-26 00:00:00,2019-08-02 00:00:00,
Viv Monterrico,284648,2025-10-01 00:00:00,'-,Comidas Preparadas Panadería Y Pastelería,Repres. De Servicios,Full Time,Femenino,1998-01-12 00:00:00,2020-03-01 00:00:00,
Viv Monterrico,299199,2025-10-01 00:00:00,'-,Sala,Representante De Servicio 5X2 D,Part Time,Femenino,1965-08-29 00:00:00,2019-12-10 00:00:00,
Viv Monterrico,31001,2025-10-01 00:00:00,'-,Recepción E Inventarios,Auxiliar De Inventarios,Full Time,Femenino,1993-09-25 00:00:00,2016-01-01 00:00:00,
Viv Monterrico,31936,2025-10-01 00:00:00,'-,Cajas,Supervisor De Cajeros,Full Time,Femenino,1985-02-13 00:00:00,2016-02-01 00:00:00,
Viv Monterrico,34029,2025-10-01 00:00:00,'-,Comidas Preparadas Panadería Y Pastelería,Maestro En Panaderia,Full Time,Masculino,1990-06-01 00:00:00,2016-02-15 00:00:00,
Viv Monterrico,34551,2025-10-01 00:00:00,'-,Recepción,Repres. De Servicios,Full Time,Femenino,1987-11-06 00:00:00,2016-02-17 00:00:00,
Viv Monterrico,36599,2025-10-01 00:00:00,'-,"Carnes, Pescados, Fiambres, Frutas & Verduras",Repres. De Servicios,Full Time,Femenino,1982-11-15 00:00:00,2016-03-02 00:00:00,
Viv Monterrico,3705,2025-10-01 00:00:00,'-,Administración,Jefe Entrenador,Full Time,Masculino,1968-12-14 00:00:00,2004-04-01 00:00:00,
Viv Monterrico,38464,2025-10-01 00:00:00,'-,Cajas,Cajero 5X2,Full Time,Femenino,1976-11-28 00:00:00,2018-02-01 00:00:00,
Viv Monterrico,40160,2025-10-01 00:00:00,'-,Cajas,Repres. De Servicios,Part Time,Masculino,1992-12-07 00:00:00,2016-05-04 00:00:00,
Viv Monterrico,4176,2025-10-01 00:00:00,'-,Cajas,Repres. De Servicios,Full Time,Masculino,1969-09-15 00:00:00,2013-07-10 00:00:00,
Viv Monterrico,41959,2025-10-01 00:00:00,'-,"Carnes, Pescados, Fiambres, Frutas & Verduras",Repres. De Servicios,Full Time,Femenino,1973-06-24 00:00:00,2016-07-08 00:00:00,
Viv Monterrico,51730,2025-10-01 00:00:00,'-,"Carnes, Pescados, Fiambres, Frutas & Verduras",Repres. De Servicios I,Full Time,Femenino,1994-11-10 00:00:00,2019-05-01 00:00:00,
Viv Monterrico,51793,2025-10-01 00:00:00,'-,Administración,Coordinador De Operaciones Iga,Full Time,Femenino,1993-11-12 00:00:00,2022-02-01 00:00:00,
Viv Monterrico,6265241,2025-10-01 00:00:00,'-,Cajas,Cajero 6X1,Full Time,Masculino,2002-02-28 00:00:00,2025-04-01 00:00:00,
Viv Monterrico,6990,2025-10-01 00:00:00,'-,Comidas Preparadas Panadería Y Pastelería,Repres. De Servicios Eo,Full Time,Masculino,1964-03-29 00:00:00,2007-09-01 00:00:00,
Viv Monterrico,7178,2025-10-01 00:00:00,'-,Comidas Preparadas Panadería Y Pastelería,Repres. De Servicios,Full Time,Femenino,1991-04-30 00:00:00,2012-04-01 00:00:00,
Viv Monterrico,7280,2025-10-01 00:00:00,'-,"Carnes, Pescados, Fiambres, Frutas & Verduras",Repres. De Servicios Eo,Full Time,Femenino,1962-07-30 00:00:00,1997-12-01 00:00:00,
Viv Monterrico,7325,2025-10-01 00:00:00,'-,Cajas,Supervisor De Cajeros,Full Time,Femenino,1992-07-21 00:00:00,2019-11-29 00:00:00,
Viv Monterrico,8668,2025-10-01 00:00:00,'-,Sala,Repres. De Servicios,Full Time,Femenino,1983-02-21 00:00:00,2020-02-26 00:00:00,
Viv Monterrico,9517389,2025-10-01 00:00:00,'-,Cajas,Cajero 3X4,Part Time,Femenino,2002-04-29 00:00:00,2021-11-30 00:00:00,
Viv Monterrico,9734259,2025-10-01 00:00:00,'-,Sala,Repres. De Servicios,Part Time,Femenino,2001-04-22 00:00:00,2022-01-21 00:00:00,
Viv Monterrico,9864173,2025-10-01 00:00:00,'-,Cajas,Asistente De Self Check Out Pt,Part Time,Masculino,2002-04-18 00:00:00,2024-02-21 00:00:00,
Pvea Miraflores,108279,2025-09-01 00:00:00,'-,Almacén,Repres. De Servicios,Full Time,Masculino,1999-06-19 00:00:00,2024-11-01 00:00:00,
Pvea Miraflores,10922,2025-09-01 00:00:00,'-,Administración,Subgerente De Tienda,Full Time,Masculino,1989-05-26 00:00:00,2008-04-02 00:00:00,
Pvea Miraflores,11215671,2025-09-01 00:00:00,'-,Cajas,Supervisor De Cajeros,Full Time,Masculino,2002-07-27 00:00:00,2024-04-01 00:00:00,
Pvea Miraflores,11244,2025-09-01 00:00:00,'-,Recepción E Inventarios,Auxiliar De Inventarios,Full Time,Masculino,1992-07-22 00:00:00,2013-07-11 00:00:00,
Pvea Miraflores,11334373,2025-09-01 00:00:00,'-,Cajas,Multifuncional,Full Time,Masculino,2002-06-23 00:00:00,2024-07-01 00:00:00,2025-10-01 00:00:00
Pvea Miraflores,11467819,2025-09-01 00:00:00,'-,Sala Frescos,Repres. De Servicios,Part Time,Femenino,2002-08-04 00:00:00,2022-10-26 00:00:00,
Pvea Miraflores,11471369,2025-09-01 00:00:00,'-,Cajas,Multifuncional 5X2 1Er Turno,Part Time,Masculino,2001-11-07 00:00:00,2022-10-28 00:00:00,
Pvea Miraflores,11639932,2025-09-01 00:00:00,'-,Sala Frescos,Repres. De Servicios,Part Time,Masculino,2004-11-02 00:00:00,2023-01-24 00:00:00,
Pvea Miraflores,11640264,2025-09-01 00:00:00,'-,Cajas,Multifuncional 5X2,Part Time,Masculino,2002-09-28 00:00:00,2022-12-01 00:00:00,
Pvea Miraflores,11670565,2025-09-01 00:00:00,'-,Cajas,Multifuncional,Part Time,Femenino,1990-06-09 00:00:00,2022-12-06 00:00:00,
Pvea Miraflores,11721792,2025-09-01 00:00:00,'-,Sala Frescos,Repres. De Servicios,Full Time,Masculino,2002-04-17 00:00:00,2024-04-03 00:00:00,
Pvea Miraflores,1173,2025-09-01 00:00:00,'-,Sala Frescos,Repres. De Servicios I,Full Time,Femenino,1980-08-21 00:00:00,2014-08-05 00:00:00,
Pvea Miraflores,11755194,2025-09-01 00:00:00,'-,Cajas,Multifuncional 5X2 1Er Turno,Part Time,Femenino,2004-07-24 00:00:00,2023-01-13 00:00:00,
Pvea Miraflores,11919846,2025-09-01 00:00:00,'-,Recepción,Repres. De Servicios,Full Time,Masculino,2004-10-27 00:00:00,2024-05-01 00:00:00,
Pvea Miraflores,11966958,2025-09-01 00:00:00,'-,Sala Frescos,Repres. De Servicios,Full Time,Masculino,1998-10-25 00:00:00,2023-03-10 00:00:00,
Pvea Miraflores,11967461,2025-09-01 00:00:00,'-,Cajas,Repres. De Servicios,Part Time,Masculino,2002-12-08 00:00:00,2024-03-26 00:00:00,
Pvea Miraflores,11968470,2025-09-01 00:00:00,'-,Sala Frescos,Repres. De Servicios,Full Time,Femenino,2004-12-19 00:00:00,2023-03-21 00:00:00,
Pvea Miraflores,11975834,2025-09-01 00:00:00,'-,Sala Frescos,Repres. De Servicios,Full Time,Femenino,1990-07-17 00:00:00,2023-03-24 00:00:00,
Pvea Miraflores,11995789,2025-09-01 00:00:00,'-,Almacén Frescos,Repres. De Servicios I,Full Time,Masculino,2001-01-20 00:00:00,2024-04-01 00:00:00,
Pvea Miraflores,12020890,2025-09-01 00:00:00,'-,Sala Frescos,Repres. De Servicios,Full Time,Femenino,2004-08-03 00:00:00,2023-04-05 00:00:00,
Pvea Miraflores,12064373,2025-09-01 00:00:00,'-,Sala Frescos,Repres. De Servicios,Full Time,Masculino,1995-10-25 00:00:00,2024-04-01 00:00:00,
Pvea Miraflores,12069362,2025-09-01 00:00:00,'-,Almacén,Repres. De Servicios,Part Time,Masculino,2003-04-10 00:00:00,2023-04-20 00:00:00,
Pvea Miraflores,12103937,2025-09-01 00:00:00,'-,Almacén Frescos,Repres. De Servicios,Full Time,Masculino,1993-04-22 00:00:00,2023-04-27 00:00:00,
Pvea Miraflores,12179662,2025-09-01 00:00:00,'-,Sala Frescos,Chef,Full Time,Femenino,2004-05-07 00:00:00,2024-07-01 00:00:00,
Pvea Miraflores,12179728,2025-09-01 00:00:00,'-,Sala,Multifuncional,Full Time,Masculino,1991-06-16 00:00:00,2025-03-01 00:00:00,
Pvea Miraflores,12302,2025-09-01 00:00:00,'-,Recepción,Repres. De Servicios,Full Time,Masculino,1974-10-26 00:00:00,2019-01-22 00:00:00,
Pvea Miraflores,12341116,2025-09-01 00:00:00,'-,Cajas,Multifuncional 5X2 1Er Turno,Part Time,Femenino,2002-07-31 00:00:00,2023-07-14 00:00:00,
Pvea Miraflores,12478604,2025-09-01 00:00:00,'-,Cajas,Multifuncional 5X2,Part Time,Masculino,2003-06-28 00:00:00,2023-08-17 00:00:00,
Pvea Miraflores,12660368,2025-09-01 00:00:00,'-,Cajas,Multifuncional,Full Time,Masculino,2003-03-30 00:00:00,2025-04-01 00:00:00,2025-09-30 00:00:00
Pvea Miraflores,12930960,2025-09-01 00:00:00,'-,Cajas,Multifuncional,Full Time,Femenino,2003-02-02 00:00:00,2024-06-01 00:00:00,
Pvea Miraflores,13218619,2025-09-01 00:00:00,'-,Cajas,Multifuncional 5X2 1Er Turno,Part Time,Femenino,1992-08-16 00:00:00,2023-11-03 00:00:00,
Pvea Miraflores,13800552,2025-09-01 00:00:00,'-,Almacén Frescos,Repres. De Servicios,Full Time,Masculino,1975-09-29 00:00:00,2024-01-10 00:00:00,
Pvea Miraflores,14000816,2025-09-01 00:00:00,'-,Sala Frescos,Repres. De Servicios,Full Time,Femenino,2002-09-16 00:00:00,2024-02-06 00:00:00,
Pvea Miraflores,14029100,2025-09-01 00:00:00,'-,Recepción E Inventarios,Auxiliar De Inventarios,Full Time,Masculino,1996-08-14 00:00:00,2024-02-07 00:00:00,
Pvea Miraflores,14198239,2025-09-01 00:00:00,'-,Cajas,Multifuncional,Part Time,Femenino,2005-08-10 00:00:00,2024-02-14 00:00:00,
Pvea Miraflores,14234670,2025-09-01 00:00:00,'-,Cajas,Multifuncional 5X2 1Er Turno,Part Time,Masculino,2002-08-01 00:00:00,2024-11-25 00:00:00,
Pvea Miraflores,14574,2025-09-01 00:00:00,'-,Sala,Repres. De Servicios I,Full Time,Masculino,1969-09-18 00:00:00,2013-09-19 00:00:00,
Pvea Miraflores,14662123,2025-09-01 00:00:00,'-,Cajas,Multifuncional,Full Time,Femenino,2002-11-02 00:00:00,2025-03-01 00:00:00,
Pvea Miraflores,14683987,2025-09-01 00:00:00,'-,Cajas,Supervisor De Cajeros,Full Time,Femenino,2003-01-11 00:00:00,2025-01-01 00:00:00,
Pvea Miraflores,14684378,2025-09-01 00:00:00,'-,Cajas,Multifuncional Fds,Part Time,Femenino,2004-11-16 00:00:00,2024-03-15 00:00:00,
Pvea Miraflores,14788217,2025-09-01 00:00:00,'-,Cajas,Multifuncional,Full Time,Femenino,1998-11-15 00:00:00,2025-04-01 00:00:00,
Pvea Miraflores,14788228,2025-09-01 00:00:00,'-,Sala Frescos,Repres. De Servicios,Full Time,Femenino,1971-12-13 00:00:00,2024-07-01 00:00:00,
Pvea Miraflores,14830,2025-09-01 00:00:00,'-,Cajas,Jefe De Seccion,Full Time,Femenino,1987-04-02 00:00:00,2014-02-12 00:00:00,
Pvea Miraflores,14858577,2025-09-01 00:00:00,'-,Electro,Repres. De Servicios,Full Time,Masculino,2006-01-14 00:00:00,2024-09-01 00:00:00,
Pvea Miraflores,14858766,2025-09-01 00:00:00,'-,Sala Frescos,Repres. De Servicios,Full Time,Femenino,1975-10-04 00:00:00,2025-01-01 00:00:00,
Pvea Miraflores,14860022,2025-09-01 00:00:00,'-,Cajas,Asistente De Self Check Out Pt,Part Time,Femenino,2004-12-28 00:00:00,2024-03-26 00:00:00,
Pvea Miraflores,15329,2025-09-01 00:00:00,'-,Sala Frescos,Repres. De Servicios,Full Time,Masculino,1980-09-20 00:00:00,2014-10-15 00:00:00,
Pvea Miraflores,15345714,2025-09-01 00:00:00,'-,Almacén Frescos,Repres. De Servicios,Full Time,Masculino,2001-09-15 00:00:00,2024-04-24 00:00:00,2025-09-18 00:00:00
Pvea Miraflores,15470720,2025-09-01 00:00:00,'-,Sala,Multifuncional,Part Time,Femenino,2005-07-13 00:00:00,2024-04-29 00:00:00,
Pvea Miraflores,15661786,2025-09-01 00:00:00,'-,Cajas,Asistente De Self Check Out Pt,Part Time,Femenino,2004-04-09 00:00:00,2024-05-08 00:00:00,2025-09-21 00:00:00
Pvea Miraflores,15853619,2025-09-01 00:00:00,'-,Sala,Multifuncional,Full Time,Masculino,1990-03-27 00:00:00,2025-06-01 00:00:00,
Pvea Miraflores,15874352,2025-09-01 00:00:00,'-,Cajas,Multifuncional 5X2 1Er Turno,Part Time,Masculino,2003-05-10 00:00:00,2024-05-23 00:00:00,
Pvea Miraflores,15968821,2025-09-01 00:00:00,'-,Cajas,Multifuncional,Part Time,Masculino,2005-06-04 00:00:00,2024-06-04 00:00:00,
Pvea Miraflores,15985097,2025-09-01 00:00:00,'-,Sala Frescos,Repres. De Servicios,Part Time,Masculino,2002-01-04 00:00:00,2024-06-06 00:00:00,
Pvea Miraflores,16025222,2025-09-01 00:00:00,'-,Sala,Multifuncional,Part Time,Masculino,2006-03-03 00:00:00,2024-06-17 00:00:00,
Pvea Miraflores,16480681,2025-09-01 00:00:00,'-,Cajas,Repres. De Servicios,Part Time,Masculino,2005-02-13 00:00:00,2024-08-02 00:00:00,
Pvea Miraflores,16599143,2025-09-01 00:00:00,'-,Sala Frescos,Repres. De Servicios,Part Time,Masculino,1979-07-19 00:00:00,2024-08-09 00:00:00,
Pvea Miraflores,167,2025-09-01 00:00:00,'-,Administración,Asistente De Tienda,Full Time,Femenino,1982-10-31 00:00:00,2005-05-01 00:00:00,2025-09-30 00:00:00
Pvea Miraflores,16858680,2025-09-01 00:00:00,'-,Electro,Vendedor Part Time 5X2,Part Time,Masculino,2005-05-14 00:00:00,2025-06-01 00:00:00,
Pvea Miraflores,16867095,2025-09-01 00:00:00,'-,Cajas,Multifuncional 5X2 1Er Turno,Part Time,Femenino,2006-03-15 00:00:00,2024-09-11 00:00:00,
Pvea Miraflores,17014057,2025-09-01 00:00:00,'-,Sala Frescos,Repres. De Servicios,Full Time,Femenino,2004-06-19 00:00:00,2025-03-01 00:00:00,2025-09-15 00:00:00
Pvea Miraflores,17293470,2025-09-01 00:00:00,'-,Cajas,Multifuncional,Full Time,Femenino,2006-10-08 00:00:00,2025-06-01 00:00:00,
Pvea Miraflores,17304094,2025-09-01 00:00:00,'-,Recepción,Repres. De Servicios,Full Time,Masculino,2004-07-30 00:00:00,2025-05-01 00:00:00,
Pvea Miraflores,17468662,2025-09-01 00:00:00,'-,Cajas,Multifuncional 5X2,Part Time,Masculino,2005-08-19 00:00:00,2024-11-12 00:00:00,
Pvea Miraflores,17469240,2025-09-01 00:00:00,'-,Sala Frescos,Repres. De Servicios Fds,Part Time,Femenino,1993-11-13 00:00:00,2024-11-12 00:00:00,
Pvea Miraflores,17533975,2025-09-01 00:00:00,'-,Cajas,Multifuncional,Full Time,Femenino,2005-09-08 00:00:00,2024-11-18 00:00:00,
Pvea Miraflores,17533983,2025-09-01 00:00:00,'-,Cajas,Representante De Servicio 5X2 D,Part Time,Masculino,1995-04-11 00:00:00,2024-11-19 00:00:00,
Pvea Miraflores,17539280,2025-09-01 00:00:00,'-,Almacén,Repres. De Servicios,Full Time,Masculino,2006-02-26 00:00:00,2024-11-21 00:00:00,2025-09-05 00:00:00
Pvea Miraflores,17577248,2025-09-01 00:00:00,'-,Cajas,Multifuncional 5X2 1Er Turno,Part Time,Femenino,2002-04-09 00:00:00,2024-11-25 00:00:00,
Pvea Miraflores,17661583,2025-09-01 00:00:00,'-,Cajas,Multifuncional Fds,Part Time,Femenino,2006-11-10 00:00:00,2024-11-27 00:00:00,
Pvea Miraflores,17732286,2025-09-01 00:00:00,'-,Cajas,Multifuncional,Part Time,Femenino,1988-11-21 00:00:00,2024-12-06 00:00:00,
Pvea Miraflores,17732520,2025-09-01 00:00:00,'-,Cajas,Repres. De Servicios,Part Time,Femenino,2001-07-23 00:00:00,2025-09-01 00:00:00,
Pvea Miraflores,17732526,2025-09-01 00:00:00,'-,Cajas,Repres. De Servicios,Full Time,Femenino,2004-07-24 00:00:00,2024-12-06 00:00:00,
Pvea Miraflores,17782950,2025-09-01 00:00:00,'-,Cajas,Multifuncional 5X2 1Er Turno,Part Time,Femenino,2006-09-27 00:00:00,2024-12-11 00:00:00,2025-09-30 00:00:00
Pvea Miraflores,17835529,2025-09-01 00:00:00,'-,Cajas,Multifuncional,Part Time,Femenino,1979-03-14 00:00:00,2024-12-19 00:00:00,
Pvea Miraflores,17861149,2025-09-01 00:00:00,'-,Cajas,Multifuncional,Part Time,Masculino,2006-03-29 00:00:00,2024-12-23 00:00:00,
Pvea Miraflores,17955881,2025-09-01 00:00:00,'-,Sala,Repres. De Servicios,Part Time,Masculino,2002-06-08 00:00:00,2025-01-23 00:00:00,
Pvea Miraflores,18028642,2025-09-01 00:00:00,'-,Sala Frescos,Repres. De Servicios,Full Time,Femenino,2006-08-25 00:00:00,2025-02-06 00:00:00,
Pvea Miraflores,18069864,2025-09-01 00:00:00,'-,Sala Frescos,Repres. De Servicios,Full Time,Femenino,2005-01-12 00:00:00,2025-02-13 00:00:00,
Pvea Miraflores,18085472,2025-09-01 00:00:00,'-,Sala,Repres. De Servicios,Part Time,Femenino,2007-01-17 00:00:00,2025-02-14 00:00:00,
Pvea Miraflores,18154,2025-09-01 00:00:00,'-,Sala Frescos,Repres. De Servicios,Part Time,Masculino,1995-05-26 00:00:00,2024-07-01 00:00:00,
Pvea Miraflores,18329320,2025-09-01 00:00:00,'-,Sala Frescos,Repres. De Servicios,Full Time,Femenino,1977-06-11 00:00:00,2025-03-21 00:00:00,
Pvea Miraflores,18329438,2025-09-01 00:00:00,'-,Almacén,Repres. De Servicios,Part Time,Masculino,2005-01-22 00:00:00,2025-03-21 00:00:00,2025-09-30 00:00:00
Pvea Miraflores,18329446,2025-09-01 00:00:00,'-,Recepción,Repres. De Servicios,Part Time,Masculino,2000-06-12 00:00:00,2025-03-21 00:00:00,
Pvea Miraflores,18329447,2025-09-01 00:00:00,'-,Sala,Repres. De Servicios,Part Time,Femenino,2006-05-20 00:00:00,2025-03-21 00:00:00,
Pvea Miraflores,18329456,2025-09-01 00:00:00,'-,Sala Frescos,Repres. De Servicios,Part Time,Femenino,1977-10-13 00:00:00,2025-03-21 00:00:00,
Pvea Miraflores,18339022,2025-09-01 00:00:00,'-,Sala,Repres. De Servicios 5X2 Eo,Part Time,Femenino,1959-10-19 00:00:00,2025-03-24 00:00:00,
Pvea Miraflores,18357026,2025-09-01 00:00:00,'-,Cajas,Representante De Servicio 5X2 D,Part Time,Masculino,2002-02-11 00:00:00,2025-04-03 00:00:00,
Pvea Miraflores,18625894,2025-09-01 00:00:00,'-,Sala Frescos,Repres. De Servicios,Part Time,Femenino,2006-03-14 00:00:00,2025-04-25 00:00:00,
Pvea Miraflores,18625925,2025-09-01 00:00:00,'-,Cajas,Multifuncional,Full Time,Masculino,1997-06-21 00:00:00,2025-04-25 00:00:00,
Pvea Miraflores,18628261,2025-09-01 00:00:00,'-,Cajas,Multifuncional,Part Time,Masculino,2006-10-05 00:00:00,2025-04-29 00:00:00,
Pvea Miraflores,18628307,2025-09-01 00:00:00,'-,Cajas,Multifuncional,Full Time,Femenino,1977-06-26 00:00:00,2025-04-29 00:00:00,
Pvea Miraflores,18633780,2025-09-01 00:00:00,'-,Cajas,Multifuncional 5X2,Part Time,Femenino,1997-03-11 00:00:00,2025-05-02 00:00:00,
Pvea Miraflores,18633781,2025-09-01 00:00:00,'-,Cajas,Multifuncional,Full Time,Femenino,2006-01-10 00:00:00,2025-05-02 00:00:00,
Pvea Miraflores,18633816,2025-09-01 00:00:00,'-,Cajas,Multifuncional Fds,Part Time,Masculino,2004-10-10 00:00:00,2025-05-02 00:00:00,
Pvea Miraflores,18691393,2025-09-01 00:00:00,'-,Almacén,Repres. De Servicios,Part Time,Masculino,2004-03-02 00:00:00,2025-05-19 00:00:00,
Pvea Miraflores,18704492,2025-09-01 00:00:00,'-,Cajas,Asistente De Self Check Out,Full Time,Femenino,1999-12-02 00:00:00,2025-05-23 00:00:00,
Pvea Miraflores,18833588,2025-09-01 00:00:00,'-,Sala Frescos,Repres. De Servicios,Part Time,Femenino,2007-04-29 00:00:00,2025-07-09 00:00:00,2025-09-01 00:00:00
Pvea Miraflores,18833623,2025-09-01 00:00:00,'-,Sala Frescos,Repres. De Servicios,Part Time,Masculino,2005-01-16 00:00:00,2025-07-09 00:00:00,
Pvea Miraflores,18833652,2025-09-01 00:00:00,'-,Sala Frescos,Repres. De Servicios,Part Time,Femenino,2004-03-03 00:00:00,2025-07-09 00:00:00,2025-09-01 00:00:00
Pvea Miraflores,18837948,2025-09-01 00:00:00,'-,Almacén Frescos,Repres. De Servicios,Part Time,Masculino,2004-05-16 00:00:00,2025-07-11 00:00:00,
Pvea Miraflores,18837955,2025-09-01 00:00:00,'-,Sala Frescos,Repres. De Servicios,Part Time,Femenino,2005-10-07 00:00:00,2025-07-11 00:00:00,
Pvea Miraflores,18837963,2025-09-01 00:00:00,'-,Sala Frescos,Repres. De Servicios,Full Time,Masculino,2002-04-05 00:00:00,2025-07-11 00:00:00,2025-09-05 00:00:00
Pvea Miraflores,18838227,2025-09-01 00:00:00,'-,Sala Frescos,Repres. De Servicios,Part Time,Femenino,2007-06-07 00:00:00,2025-07-11 00:00:00,2025-09-17 00:00:00
Pvea Miraflores,18904943,2025-09-01 00:00:00,'-,Sala Frescos,Repres. De Servicios,Part Time,Femenino,2005-04-14 00:00:00,2025-07-22 00:00:00,
Pvea Miraflores,18904963,2025-09-01 00:00:00,'-,Almacén,Repres. De Servicios,Part Time,Masculino,2005-02-18 00:00:00,2025-07-22 00:00:00,
Pvea Miraflores,18954165,2025-09-01 00:00:00,'-,Cajas,Multifuncional,Part Time,Femenino,2007-03-26 00:00:00,2025-08-08 00:00:00,
Pvea Miraflores,18955452,2025-09-01 00:00:00,'-,Sala Frescos,Repres. De Servicios Fds,Part Time,Femenino,2001-06-17 00:00:00,2025-08-13 00:00:00,2025-09-30 00:00:00
Pvea Miraflores,18955453,2025-09-01 00:00:00,'-,Almacén Frescos,Repres. De Servicios,Part Time,Masculino,1989-01-08 00:00:00,2025-08-13 00:00:00,
Pvea Miraflores,18956192,2025-09-01 00:00:00,'-,Sala Frescos,Repres. De Servicios Fds,Part Time,Femenino,2001-05-08 00:00:00,2025-08-13 00:00:00,
Pvea Miraflores,18958496,2025-09-01 00:00:00,'-,Almacén Frescos,Repres. De Servicios,Part Time,Masculino,2005-11-21 00:00:00,2025-08-22 00:00:00,
Pvea Miraflores,18958497,2025-09-01 00:00:00,'-,Sala Frescos,Repres. De Servicios,Part Time,Masculino,2007-08-05 00:00:00,2025-08-22 00:00:00,2025-09-01 00:00:00
Pvea Miraflores,18958519,2025-09-01 00:00:00,'-,Cajas,Multifuncional,Part Time,Masculino,2006-12-17 00:00:00,2025-08-22 00:00:00,
Pvea Miraflores,18958520,2025-09-01 00:00:00,'-,Cajas,Multifuncional,Part Time,Femenino,2005-08-11 00:00:00,2025-08-22 00:00:00,
Pvea Miraflores,18958521,2025-09-01 00:00:00,'-,Cajas,Multifuncional 5X2 1Er Turno,Part Time,Masculino,2002-09-09 00:00:00,2025-08-22 00:00:00,
Pvea Miraflores,18959135,2025-09-01 00:00:00,'-,Sala Frescos,Repres. De Servicios,Part Time,Femenino,2006-05-24 00:00:00,2025-08-22 00:00:00,
Pvea Miraflores,18960844,2025-09-01 00:00:00,'-,Cajas,Multifuncional,Full Time,Masculino,2003-04-09 00:00:00,2025-09-01 00:00:00,2025-09-15 00:00:00
Pvea Miraflores,18961460,2025-09-01 00:00:00,'-,Cajas,Multifuncional Fds,Part Time,Femenino,2003-03-12 00:00:00,2025-09-02 00:00:00,
Pvea Miraflores,18961461,2025-09-01 00:00:00,'-,Cajas,Multifuncional 5X2 1Er Turno,Part Time,Masculino,2002-03-08 00:00:00,2025-09-02 00:00:00,
Pvea Miraflores,18961462,2025-09-01 00:00:00,'-,Cajas,Multifuncional 5X2 1Er Turno,Part Time,Femenino,2007-02-11 00:00:00,2025-09-02 00:00:00,
Pvea Miraflores,18961463,2025-09-01 00:00:00,'-,Cajas,Multifuncional Fds,Part Time,Femenino,2006-08-04 00:00:00,2025-09-02 00:00:00,
Pvea Miraflores,18961465,2025-09-01 00:00:00,'-,Cajas,Multifuncional Fds,Part Time,Femenino,2006-10-18 00:00:00,2025-09-02 00:00:00,
Pvea Miraflores,18961480,2025-09-01 00:00:00,'-,Cajas,Multifuncional,Full Time,Femenino,2006-04-24 00:00:00,2025-09-02 00:00:00,
Pvea Miraflores,18962085,2025-09-01 00:00:00,'-,Cajas,Multifuncional,Part Time,Femenino,2001-06-24 00:00:00,2025-09-02 00:00:00,
Pvea Miraflores,18962086,2025-09-01 00:00:00,'-,Cajas,Multifuncional,Part Time,Femenino,2005-12-24 00:00:00,2025-09-02 00:00:00,
Pvea Miraflores,18962468,2025-09-01 00:00:00,'-,Sala Frescos,Repres. De Servicios,Part Time,Femenino,2004-05-21 00:00:00,2025-09-05 00:00:00,2025-09-30 00:00:00
Pvea Miraflores,18962469,2025-09-01 00:00:00,'-,Sala Frescos,Repres. De Servicios,Part Time,Femenino,1999-04-10 00:00:00,2025-09-05 00:00:00,
Pvea Miraflores,18964378,2025-09-01 00:00:00,'-,Sala,Multifuncional 5X2 1Er Turno,Part Time,Masculino,2005-07-11 00:00:00,2025-09-10 00:00:00,2025-09-15 00:00:00
Pvea Miraflores,18964379,2025-09-01 00:00:00,'-,Sala,Multifuncional 5X2 1Er Turno,Part Time,Femenino,2004-09-23 00:00:00,2025-09-10 00:00:00,
Pvea Miraflores,18964395,2025-09-01 00:00:00,'-,Cajas,Multifuncional Fds,Part Time,Femenino,2004-09-11 00:00:00,2025-09-10 00:00:00,
Pvea Miraflores,18964541,2025-09-01 00:00:00,'-,Almacén Frescos,Repres. De Servicios,Part Time,Masculino,2003-07-17 00:00:00,2025-09-10 00:00:00,2025-09-30 00:00:00
Pvea Miraflores,18964543,2025-09-01 00:00:00,'-,Sala,Repres. De Servicios,Part Time,Femenino,2005-05-12 00:00:00,2025-09-10 00:00:00,
Pvea Miraflores,18964544,2025-09-01 00:00:00,'-,Sala,Multifuncional,Part Time,Masculino,2006-01-07 00:00:00,2025-09-10 00:00:00,
Pvea Miraflores,18964545,2025-09-01 00:00:00,'-,Almacén,Repres. De Servicios,Part Time,Masculino,2002-07-04 00:00:00,2025-09-10 00:00:00,
Pvea Miraflores,18965157,2025-09-01 00:00:00,'-,Sala Frescos,Repres. De Servicios,Part Time,Masculino,2003-05-30 00:00:00,2025-09-12 00:00:00,
Pvea Miraflores,18965163,2025-09-01 00:00:00,'-,Almacén,Repres. De Servicios,Part Time,Masculino,2006-11-17 00:00:00,2025-09-12 00:00:00,
Pvea Miraflores,18965167,2025-09-01 00:00:00,'-,Almacén,Repres. De Servicios,Part Time,Masculino,2006-02-26 00:00:00,2025-09-12 00:00:00,
Pvea Miraflores,18965359,2025-09-01 00:00:00,'-,Sala Frescos,Repres. De Servicios,Part Time,Femenino,1998-08-14 00:00:00,2025-09-15 00:00:00,2025-09-17 00:00:00
Pvea Miraflores,18967911,2025-09-01 00:00:00,'-,Sala Frescos,Repres. De Servicios,Part Time,Masculino,2005-02-25 00:00:00,2025-09-22 00:00:00,
Pvea Miraflores,18967912,2025-09-01 00:00:00,'-,Recepción,Repres. De Servicios,Part Time,Masculino,2005-01-22 00:00:00,2025-09-22 00:00:00,
Pvea Miraflores,18967914,2025-09-01 00:00:00,'-,Almacén,Repres. De Servicios,Part Time,Masculino,2005-02-02 00:00:00,2025-09-22 00:00:00,
Pvea Miraflores,18967916,2025-09-01 00:00:00,'-,Sala Frescos,Repres. De Servicios,Part Time,Masculino,2005-12-21 00:00:00,2025-09-22 00:00:00,
Pvea Miraflores,18969913,2025-09-01 00:00:00,'-,Sala Frescos,Repres. De Servicios,Part Time,Femenino,2005-02-25 00:00:00,2025-09-29 00:00:00,
Pvea Miraflores,203013,2025-09-01 00:00:00,'-,Electro,Vendedor,Full Time,Femenino,1968-11-24 00:00:00,2018-05-23 00:00:00,
Pvea Miraflores,203489,2025-09-01 00:00:00,'-,Cajas,Supervisor De Cajeros,Full Time,Femenino,1991-08-18 00:00:00,2025-05-01 00:00:00,
Pvea Miraflores,21147,2025-09-01 00:00:00,'-,Sala Frescos,Repres. De Servicios,Full Time,Masculino,1978-04-26 00:00:00,2011-03-01 00:00:00,
Pvea Miraflores,21448,2025-09-01 00:00:00,'-,Electro,Jefe De Seccion,Full Time,Femenino,1974-03-22 00:00:00,2012-10-01 00:00:00,
Pvea Miraflores,244437,2025-09-01 00:00:00,'-,Cajas,Supervisor De Cajeros,Full Time,Masculino,2000-05-19 00:00:00,2024-01-19 00:00:00,
Pvea Miraflores,24708,2025-09-01 00:00:00,'-,Administración,Gerente De Tienda,Full Time,Masculino,1975-09-22 00:00:00,2003-04-04 00:00:00,
Pvea Miraflores,25760,2025-09-01 00:00:00,'-,Almacén,Repres. De Servicios I,Full Time,Femenino,1973-10-12 00:00:00,2014-06-16 00:00:00,
Pvea Miraflores,272289,2025-09-01 00:00:00,'-,Cajas,Supervisor De Cajeros,Full Time,Femenino,2000-01-19 00:00:00,2025-05-01 00:00:00,
Pvea Miraflores,291062,2025-09-01 00:00:00,'-,Recepción E Inventarios,Auxiliar De Inventarios,Full Time,Femenino,1981-01-07 00:00:00,2022-06-01 00:00:00,
Pvea Miraflores,298588,2025-09-01 00:00:00,'-,Sala,Multifuncional 5X2 1Er Turno,Part Time,Femenino,1985-12-22 00:00:00,2024-12-02 00:00:00,
Pvea Miraflores,301805,2025-09-01 00:00:00,'-,Sala,Multifuncional,Full Time,Masculino,1995-12-13 00:00:00,2020-01-20 00:00:00,
Pvea Miraflores,303580,2025-09-01 00:00:00,'-,Cajas,Supervisor De Cajeros,Full Time,Masculino,1999-05-27 00:00:00,2023-07-01 00:00:00,
Pvea Miraflores,304408,2025-09-01 00:00:00,'-,Almacén Frescos,Repres. De Servicios I,Full Time,Femenino,1992-12-05 00:00:00,2020-02-17 00:00:00,
Pvea Miraflores,31455,2025-09-01 00:00:00,'-,Sala Frescos,Jefe De Seccion,Full Time,Masculino,1981-11-10 00:00:00,2016-01-18 00:00:00,
Pvea Miraflores,34546,2025-09-01 00:00:00,'-,Sala Frescos,Repres. De Servicios,Full Time,Femenino,1967-05-24 00:00:00,2016-02-17 00:00:00,
Pvea Miraflores,36202,2025-09-01 00:00:00,'-,Sala Frescos,Repres. De Servicios,Full Time,Femenino,1992-05-22 00:00:00,2016-03-02 00:00:00,
Pvea Miraflores,3707,2025-09-01 00:00:00,'-,Administración,Asistente De Tienda,Full Time,Femenino,1974-10-22 00:00:00,2003-09-01 00:00:00,
Pvea Miraflores,41844,2025-09-01 00:00:00,'-,Sala Frescos,Repres. De Servicios,Full Time,Masculino,1984-09-10 00:00:00,2016-07-04 00:00:00,
Pvea Miraflores,42739,2025-09-01 00:00:00,'-,Sala,Jefe De Seccion,Full Time,Femenino,1998-06-14 00:00:00,2016-08-01 00:00:00,
Pvea Miraflores,4486016,2025-09-01 00:00:00,'-,Sala Frescos,Jefe De Seccion,Full Time,Femenino,1997-11-16 00:00:00,2020-06-03 00:00:00,
Pvea Miraflores,481,2025-09-01 00:00:00,'-,Recepción E Inventarios,Auxiliar Controller,Full Time,Masculino,1991-11-26 00:00:00,2012-12-01 00:00:00,
Pvea Miraflores,55309,2025-09-01 00:00:00,'-,Sala Frescos,Repres. De Servicios,Part Time,Femenino,1990-10-28 00:00:00,2025-08-01 00:00:00,
Pvea Miraflores,7318884,2025-09-01 00:00:00,'-,Cajas,Multifuncional 5X2 1Er Turno,Part Time,Femenino,1995-02-25 00:00:00,2021-09-22 00:00:00,
Pvea Miraflores,7319531,2025-09-01 00:00:00,'-,Sala,Multifuncional,Full Time,Masculino,1999-05-16 00:00:00,2023-01-01 00:00:00,
Pvea Miraflores,7319542,2025-09-01 00:00:00,'-,Sala,Jefe De Seccion,Full Time,Femenino,2001-05-26 00:00:00,2022-11-01 00:00:00,
Pvea Miraflores,7319599,2025-09-01 00:00:00,'-,Sala,Multifuncional,Full Time,Masculino,2000-02-10 00:00:00,2025-02-01 00:00:00,
Pvea Miraflores,7333556,2025-09-01 00:00:00,'-,Sala,Repres. De Servicios,Part Time,Femenino,2003-05-19 00:00:00,2024-12-11 00:00:00,
Pvea Miraflores,7333607,2025-09-01 00:00:00,'-,Cajas,Asistente De Self Check Out Pt,Part Time,Femenino,1979-09-11 00:00:00,2021-09-22 00:00:00,
Pvea Miraflores,7333614,2025-09-01 00:00:00,'-,Cajas,Multifuncional,Full Time,Femenino,2003-03-03 00:00:00,2023-08-01 00:00:00,
Pvea Miraflores,811,2025-09-01 00:00:00,'-,Sala,Especialista En Bebidas,Full Time,Masculino,1977-11-17 00:00:00,2016-07-13 00:00:00,
Pvea Miraflores,8350959,2025-09-01 00:00:00,'-,Sala Frescos,Repres. De Servicios I,Full Time,Masculino,1999-05-04 00:00:00,2023-05-01 00:00:00,2025-09-01 00:00:00
Pvea Miraflores,8682,2025-09-01 00:00:00,'-,Sala Frescos,Jefe De Seccion,Full Time,Femenino,1974-09-05 00:00:00,2018-08-03 00:00:00,
Pvea Miraflores,919,2025-09-01 00:00:00,'-,Sala Frescos,Repres. De Servicios,Full Time,Femenino,1973-08-07 00:00:00,2014-05-05 00:00:00,
Pvea Miraflores,9278728,2025-09-01 00:00:00,'-,Sala,Multifuncional 5X2 1Er Turno,Part Time,Femenino,1989-10-12 00:00:00,2021-11-02 00:00:00,
Pvea Miraflores,9481430,2025-09-01 00:00:00,'-,Almacén,Repres. De Servicios I,Full Time,Masculino,1999-08-02 00:00:00,2025-01-31 00:00:00,
Pvea Miraflores,98053,2025-09-01 00:00:00,'-,Cajas,Supervisor De Cajeros,Full Time,Masculino,1982-02-15 00:00:00,2019-03-05 00:00:00,
Pvea Miraflores,98931,2025-09-01 00:00:00,'-,Cajas,Multifuncional Eo,Full Time,Masculino,1960-11-16 00:00:00,2017-08-01 00:00:00,
Pvea Miraflores,99177,2025-09-01 00:00:00,'-,Almacén,Jefe De Seccion,Full Time,Masculino,1998-07-09 00:00:00,2021-08-24 00:00:00,
Svea Corpac,103603,2025-09-01 00:00:00,'-,Cajas,Cajero 5X2,Part Time,Masculino,1986-06-08 00:00:00,2017-09-13 00:00:00,
Svea Corpac,104636,2025-09-01 00:00:00,'-,Almacén Frescos,Repres. De Servicios,Full Time,Femenino,1980-07-16 00:00:00,2023-06-15 00:00:00,
Svea Corpac,10888474,2025-09-01 00:00:00,'-,Sala Frescos,Jefe De Seccion,Full Time,Masculino,2003-10-07 00:00:00,2023-02-01 00:00:00,
Svea Corpac,10891192,2025-09-01 00:00:00,'-,Cajas,Jefe De Seccion,Full Time,Femenino,1999-12-30 00:00:00,2025-08-11 00:00:00,2025-09-01 00:00:00
Svea Corpac,11405933,2025-09-01 00:00:00,'-,Sala,Repres. De Servicios I,Full Time,Masculino,2002-08-30 00:00:00,2023-02-01 00:00:00,
Svea Corpac,11511916,2025-09-01 00:00:00,'-,Cajas,Supervisor De Cajeros,Full Time,Masculino,2002-07-16 00:00:00,2024-04-01 00:00:00,
Svea Corpac,1198235,2025-09-01 00:00:00,'-,Sala,Jefe De Seccion,Full Time,Femenino,1994-03-19 00:00:00,2020-03-17 00:00:00,
Svea Corpac,12309872,2025-09-01 00:00:00,'-,Cajas,Repres. De Servicios,Part Time,Femenino,2001-11-20 00:00:00,2023-06-27 00:00:00,
Svea Corpac,12352460,2025-09-01 00:00:00,'-,Almacén,Repres. De Servicios,Part Time,Masculino,2000-04-07 00:00:00,2023-07-21 00:00:00,
Svea Corpac,12681816,2025-09-01 00:00:00,'-,Sala Frescos,Repres. De Servicios,Part Time,Femenino,2005-03-01 00:00:00,2025-05-30 00:00:00,
Svea Corpac,129583,2025-09-01 00:00:00,'-,Sala,Repres. De Servicios,Part Time,Masculino,1988-08-24 00:00:00,2018-03-01 00:00:00,
Svea Corpac,13317317,2025-09-01 00:00:00,'-,Sala Frescos,Repres. De Servicios,Full Time,Femenino,2001-04-02 00:00:00,2024-07-01 00:00:00,2025-09-01 00:00:00
Svea Corpac,13351200,2025-09-01 00:00:00,'-,Sala,Repres. De Servicios,Full Time,Femenino,1999-01-28 00:00:00,2023-11-24 00:00:00,
Svea Corpac,14343,2025-09-01 00:00:00,'-,Almacén,Repres. De Servicios Eo,Full Time,Masculino,1958-09-28 00:00:00,2007-05-01 00:00:00,
Svea Corpac,14776588,2025-09-01 00:00:00,'-,Sala,Repres. De Servicios,Full Time,Masculino,2004-06-24 00:00:00,2025-04-01 00:00:00,
Svea Corpac,15519392,2025-09-01 00:00:00,'-,Almacén,Repres. De Servicios,Part Time,Masculino,2003-04-05 00:00:00,2024-05-02 00:00:00,
Svea Corpac,15662741,2025-09-01 00:00:00,'-,Cajas,Supervisor De Cajeros,Full Time,Femenino,1999-08-09 00:00:00,2024-05-08 00:00:00,
Svea Corpac,15958778,2025-09-01 00:00:00,'-,Cajas,Cajero 5X2,Part Time,Masculino,1998-06-03 00:00:00,2024-06-03 00:00:00,
Svea Corpac,17487114,2025-09-01 00:00:00,'-,Sala Frescos,Repres. De Servicios,Full Time,Femenino,1974-07-29 00:00:00,2024-11-14 00:00:00,
Svea Corpac,17702228,2025-09-01 00:00:00,'-,Sala Frescos,Repres. De Servicios,Part Time,Masculino,2000-05-07 00:00:00,2024-12-03 00:00:00,
Svea Corpac,17726664,2025-09-01 00:00:00,'-,Sala Frescos,Repres. De Servicios,Full Time,Femenino,2006-10-18 00:00:00,2025-07-22 00:00:00,
Svea Corpac,17837560,2025-09-01 00:00:00,'-,Sala Frescos,Repres. De Servicios,Part Time,Masculino,2006-06-05 00:00:00,2024-12-20 00:00:00,
Svea Corpac,18304720,2025-09-01 00:00:00,'-,Almacén Frescos,Repres. De Servicios,Part Time,Masculino,1998-04-28 00:00:00,2025-03-13 00:00:00,
Svea Corpac,18304723,2025-09-01 00:00:00,'-,Sala Frescos,Repres. De Servicios,Part Time,Femenino,2006-04-07 00:00:00,2025-03-13 00:00:00,
Svea Corpac,18329291,2025-09-01 00:00:00,'-,Sala,Repres. De Servicios,Part Time,Masculino,2006-02-15 00:00:00,2025-03-21 00:00:00,
Svea Corpac,18339046,2025-09-01 00:00:00,'-,Cajas,Repres. De Servicios 5X2 Eo,Part Time,Masculino,1959-04-07 00:00:00,2025-03-24 00:00:00,
Svea Corpac,18340465,2025-09-01 00:00:00,'-,Sala,Repres. De Servicios,Full Time,Femenino,2006-04-27 00:00:00,2025-03-26 00:00:00,
Svea Corpac,18347,2025-09-01 00:00:00,'-,Cajas,Jefe De Seccion,Full Time,Masculino,1992-12-14 00:00:00,2020-02-03 00:00:00,
Svea Corpac,18480146,2025-09-01 00:00:00,'-,Almacén Frescos,Repres. De Servicios,Part Time,Masculino,2001-12-10 00:00:00,2025-04-15 00:00:00,2025-09-01 00:00:00
Svea Corpac,18480147,2025-09-01 00:00:00,'-,Almacén Frescos,Repres. De Servicios,Full Time,Masculino,2004-05-09 00:00:00,2025-04-15 00:00:00,
Svea Corpac,18680096,2025-09-01 00:00:00,'-,Almacén,Repres. De Servicios,Part Time,Masculino,2004-11-09 00:00:00,2025-05-14 00:00:00,
Svea Corpac,18691469,2025-09-01 00:00:00,'-,Almacén,Repres. De Servicios,Part Time,Masculino,2006-10-03 00:00:00,2025-05-19 00:00:00,
Svea Corpac,18691470,2025-09-01 00:00:00,'-,Almacén,Repres. De Servicios,Part Time,Masculino,2005-03-27 00:00:00,2025-05-19 00:00:00,
Svea Corpac,18694222,2025-09-01 00:00:00,'-,Sala Frescos,Repres. De Servicios,Part Time,Femenino,2006-05-14 00:00:00,2025-05-20 00:00:00,2025-09-01 00:00:00
Svea Corpac,18704501,2025-09-01 00:00:00,'-,Sala Frescos,Repres. De Servicios,Full Time,Masculino,2001-08-21 00:00:00,2025-05-23 00:00:00,
Svea Corpac,18704607,2025-09-01 00:00:00,'-,Sala Frescos,Repres. De Servicios,Full Time,Masculino,2005-06-04 00:00:00,2025-05-23 00:00:00,
Svea Corpac,18720150,2025-09-01 00:00:00,'-,Sala Frescos,Repres. De Servicios,Part Time,Masculino,2000-06-11 00:00:00,2025-05-30 00:00:00,
Svea Corpac,18720151,2025-09-01 00:00:00,'-,Sala Frescos,Repres. De Servicios,Part Time,Femenino,2004-07-10 00:00:00,2025-05-30 00:00:00,2025-10-01 00:00:00
Svea Corpac,18720152,2025-09-01 00:00:00,'-,Sala,Repres. De Servicios,Part Time,Femenino,2000-02-22 00:00:00,2025-05-30 00:00:00,
Svea Corpac,18720166,2025-09-01 00:00:00,'-,Sala Frescos,Repres. De Servicios,Part Time,Masculino,2005-07-03 00:00:00,2025-05-30 00:00:00,
Svea Corpac,18905044,2025-09-01 00:00:00,'-,Cajas,Cajero 5X2,Part Time,Masculino,2007-01-22 00:00:00,2025-07-24 00:00:00,
Svea Corpac,18905045,2025-09-01 00:00:00,'-,Cajas,Cajero 5X2,Part Time,Femenino,2002-09-24 00:00:00,2025-07-24 00:00:00,
Svea Corpac,18954270,2025-09-01 00:00:00,'-,Almacén Frescos,Repres. De Servicios,Full Time,Femenino,2006-02-25 00:00:00,2025-08-08 00:00:00,
Svea Corpac,18954271,2025-09-01 00:00:00,'-,Recepción,Repres. De Servicios,Full Time,Masculino,2005-07-20 00:00:00,2025-08-08 00:00:00,2025-09-15 00:00:00
Svea Corpac,18957310,2025-09-01 00:00:00,'-,Almacén Frescos,Repres. De Servicios,Full Time,Masculino,2003-10-04 00:00:00,2025-08-19 00:00:00,2025-09-01 00:00:00
Svea Corpac,18957312,2025-09-01 00:00:00,'-,Almacén Frescos,Repres. De Servicios,Full Time,Masculino,2002-09-25 00:00:00,2025-08-19 00:00:00,
Svea Corpac,18958502,2025-09-01 00:00:00,'-,Cajas,Cajero 5X2,Part Time,Masculino,2006-12-21 00:00:00,2025-08-22 00:00:00,
Svea Corpac,18961751,2025-09-01 00:00:00,'-,Cajas,Cajero 5X2,Part Time,Femenino,2006-08-19 00:00:00,2025-09-03 00:00:00,
Svea Corpac,18961753,2025-09-01 00:00:00,'-,Cajas,Cajero 5X2,Part Time,Masculino,2005-05-31 00:00:00,2025-09-03 00:00:00,
Svea Corpac,18962797,2025-09-01 00:00:00,'-,Cajas,Cajero 5X2,Part Time,Femenino,2003-06-11 00:00:00,2025-09-06 00:00:00,2025-09-12 00:00:00
Svea Corpac,18963005,2025-09-01 00:00:00,'-,Cajas,Cajero 5X2,Part Time,Masculino,2004-09-23 00:00:00,2025-09-06 00:00:00,
Svea Corpac,18964535,2025-09-01 00:00:00,'-,Cajas,Cajero 5X2,Part Time,Femenino,2005-09-23 00:00:00,2025-09-10 00:00:00,
Svea Corpac,21115,2025-09-01 00:00:00,'-,Cajas,Representante De Servicio D,Full Time,Masculino,1981-02-25 00:00:00,2000-03-01 00:00:00,
Svea Corpac,21374,2025-09-01 00:00:00,'-,Recepción E Inventarios,Auxiliar De Inventarios,Full Time,Masculino,1988-09-09 00:00:00,2010-04-16 00:00:00,
Svea Corpac,235588,2025-09-01 00:00:00,'-,Cajas,Supervisor De Cajeros,Full Time,Femenino,1993-07-27 00:00:00,2018-10-05 00:00:00,2025-09-01 00:00:00
Svea Corpac,241013,2025-09-01 00:00:00,'-,Almacén,Jefe De Seccion,Full Time,Femenino,2000-06-21 00:00:00,2019-06-01 00:00:00,
Svea Corpac,243668,2025-09-01 00:00:00,'-,Sala Frescos,Repres. De Servicios,Part Time,Femenino,1994-04-04 00:00:00,2019-03-21 00:00:00,
Svea Corpac,266939,2025-09-01 00:00:00,'-,Administración,Gerente De Tienda,Full Time,Femenino,1990-06-29 00:00:00,2019-03-01 00:00:00,
Svea Corpac,43780,2025-09-01 00:00:00,'-,Cajas,Cajero 5X2,Full Time,Masculino,1989-10-27 00:00:00,2016-09-01 00:00:00,
Svea Corpac,44131,2025-09-01 00:00:00,'-,Cajas,Supervisor De Cajeros,Full Time,Femenino,1971-02-17 00:00:00,2016-09-05 00:00:00,
Svea Corpac,4576139,2025-09-01 00:00:00,'-,Sala Frescos,Repres. De Servicios,Full Time,Femenino,1987-09-28 00:00:00,2020-06-12 00:00:00,
Svea Corpac,48590,2025-09-01 00:00:00,'-,Sala Frescos,Repres. De Servicios,Full Time,Femenino,1976-11-15 00:00:00,2016-12-14 00:00:00,
Svea Corpac,6722,2025-09-01 00:00:00,'-,Sala Frescos,Jefe De Seccion,Full Time,Femenino,1987-06-16 00:00:00,2022-02-22 00:00:00,
Svea Corpac,9278595,2025-09-01 00:00:00,'-,Cajas,Cajero 6X1,Full Time,Masculino,1994-12-25 00:00:00,2023-07-01 00:00:00,
Viv Monterrico,104143,2025-09-01 00:00:00,'-,"Carnes, Pescados, Fiambres, Frutas & Verduras",Repres. De Servicios,Full Time,Femenino,1985-09-27 00:00:00,2017-10-01 00:00:00,
Viv Monterrico,10472,2025-09-01 00:00:00,'-,"Carnes, Pescados, Fiambres, Frutas & Verduras",Repres. De Servicios,Full Time,Femenino,1969-11-01 00:00:00,2015-10-16 00:00:00,
Viv Monterrico,10653,2025-09-01 00:00:00,'-,"Carnes, Pescados, Fiambres, Frutas & Verduras",Repres. De Servicios,Full Time,Masculino,1971-05-11 00:00:00,2002-10-19 00:00:00,
Viv Monterrico,10845,2025-09-01 00:00:00,'-,"Carnes, Pescados, Fiambres, Frutas & Verduras",Jefe De Seccion,Full Time,Femenino,1979-08-02 00:00:00,2012-08-01 00:00:00,
Viv Monterrico,110670,2025-09-01 00:00:00,'-,"Carnes, Pescados, Fiambres, Frutas & Verduras",Repres. De Servicios Fds,Part Time,Femenino,1993-10-16 00:00:00,2025-04-01 00:00:00,
Viv Monterrico,11342636,2025-09-01 00:00:00,'-,Cajas,Cajero 6X1,Full Time,Femenino,2003-05-05 00:00:00,2025-04-22 00:00:00,
Viv Monterrico,11369697,2025-09-01 00:00:00,'-,Cajas,Cajero 6X1,Full Time,Masculino,2001-04-18 00:00:00,2025-02-01 00:00:00,
Viv Monterrico,11458504,2025-09-01 00:00:00,'-,Cajas,Cajero 4X3,Part Time,Femenino,2002-11-10 00:00:00,2022-10-19 00:00:00,
Viv Monterrico,11489004,2025-09-01 00:00:00,'-,Cajas,Asistente De Self Check Out Pt,Part Time,Masculino,2003-05-05 00:00:00,2025-05-02 00:00:00,
Viv Monterrico,11966759,2025-09-01 00:00:00,'-,Cajas,Cajero 4X3,Part Time,Masculino,2003-04-07 00:00:00,2023-03-09 00:00:00,
Viv Monterrico,1205195,2025-09-01 00:00:00,'-,Cajas,Repres. De Servicios,Part Time,Femenino,1999-12-16 00:00:00,2025-06-01 00:00:00,
Viv Monterrico,12261783,2025-09-01 00:00:00,'-,"Carnes, Pescados, Fiambres, Frutas & Verduras",Repres. De Servicios,Full Time,Masculino,1993-02-04 00:00:00,2023-06-13 00:00:00,
Viv Monterrico,128607,2025-09-01 00:00:00,'-,Cajas,Repres. De Servicios Fds,Part Time,Femenino,1995-01-19 00:00:00,2018-02-08 00:00:00,
Viv Monterrico,13227322,2025-09-01 00:00:00,'-,Cajas,Cajero 5X2,Part Time,Masculino,2004-01-31 00:00:00,2023-11-07 00:00:00,
Viv Monterrico,13277255,2025-09-01 00:00:00,'-,Sala,Repres. De Servicios,Part Time,Masculino,2003-09-22 00:00:00,2023-11-14 00:00:00,
Viv Monterrico,1331,2025-09-01 00:00:00,'-,Cajas,Cajero 5X2,Full Time,Femenino,1987-10-26 00:00:00,2025-05-02 00:00:00,
Viv Monterrico,13375806,2025-09-01 00:00:00,'-,Sala,Repres. De Servicios,Part Time,Femenino,2001-03-02 00:00:00,2024-04-03 00:00:00,
Viv Monterrico,13619568,2025-09-01 00:00:00,'-,"Carnes, Pescados, Fiambres, Frutas & Verduras",Repres. De Servicios,Full Time,Femenino,1969-12-30 00:00:00,2023-12-12 00:00:00,
Viv Monterrico,13709716,2025-09-01 00:00:00,'-,Almacén,Repres. De Servicios,Part Time,Masculino,2003-07-01 00:00:00,2023-12-22 00:00:00,
Viv Monterrico,13797674,2025-09-01 00:00:00,'-,Sala,Repres. De Servicios,Full Time,Femenino,2005-05-24 00:00:00,2024-01-09 00:00:00,
Viv Monterrico,13808329,2025-09-01 00:00:00,'-,Sala,Repres. De Servicios,Part Time,Masculino,2004-05-27 00:00:00,2024-11-25 00:00:00,
Viv Monterrico,13816913,2025-09-01 00:00:00,'-,Cajas,Cajero 5X2,Part Time,Femenino,2002-02-03 00:00:00,2024-01-12 00:00:00,
Viv Monterrico,14270,2025-09-01 00:00:00,'-,"Carnes, Pescados, Fiambres, Frutas & Verduras",Repres. De Servicios,Full Time,Masculino,1972-02-18 00:00:00,2005-11-05 00:00:00,
Viv Monterrico,14470,2025-09-01 00:00:00,'-,Comidas Preparadas Panadería Y Pastelería,Repres. De Servicios,Full Time,Femenino,1988-01-20 00:00:00,2018-07-01 00:00:00,
Viv Monterrico,14618,2025-09-01 00:00:00,'-,Cajas,Cajero 4X3,Part Time,Femenino,1980-03-15 00:00:00,2013-10-01 00:00:00,
Viv Monterrico,14625595,2025-09-01 00:00:00,'-,Cajas,Cajero 5X2,Part Time,Femenino,2003-12-25 00:00:00,2024-03-08 00:00:00,
Viv Monterrico,14685168,2025-09-01 00:00:00,'-,Cajas,Supervisor De Cajeros 5X2,Part Time,Femenino,2002-06-28 00:00:00,2024-09-01 00:00:00,
Viv Monterrico,14685194,2025-09-01 00:00:00,'-,Comidas Preparadas Panadería Y Pastelería,Repres. De Servicios,Full Time,Masculino,2004-10-08 00:00:00,2024-03-15 00:00:00,2025-09-30 00:00:00
Viv Monterrico,14941431,2025-09-01 00:00:00,'-,Cajas,Asistente De Self Check Out Pt,Part Time,Femenino,2002-01-18 00:00:00,2024-04-03 00:00:00,
Viv Monterrico,14978188,2025-09-01 00:00:00,'-,Cajas,Asistente De Self Check Out Pt,Part Time,Masculino,1999-04-22 00:00:00,2024-04-05 00:00:00,
Viv Monterrico,15079206,2025-09-01 00:00:00,'-,Cajas,Cajero 5X2,Part Time,Femenino,2003-08-29 00:00:00,2024-04-10 00:00:00,
Viv Monterrico,15087,2025-09-01 00:00:00,'-,Cajas,Jefe De Seccion,Full Time,Femenino,1989-03-13 00:00:00,2016-10-01 00:00:00,
Viv Monterrico,15146,2025-09-01 00:00:00,'-,Recepción,Repres. De Servicios,Full Time,Masculino,1982-09-29 00:00:00,2014-04-01 00:00:00,
Viv Monterrico,15345489,2025-09-01 00:00:00,'-,Cajas,Cajero 5X2,Part Time,Masculino,2004-08-18 00:00:00,2024-04-24 00:00:00,
Viv Monterrico,15470432,2025-09-01 00:00:00,'-,Sala,Repres. De Servicios,Part Time,Femenino,1998-08-10 00:00:00,2024-04-29 00:00:00,
Viv Monterrico,15470435,2025-09-01 00:00:00,'-,Cajas,Cajero 5X2,Part Time,Femenino,2004-03-31 00:00:00,2024-04-29 00:00:00,
Viv Monterrico,15525409,2025-09-01 00:00:00,'-,Almacén,Repres. De Servicios,Part Time,Masculino,2003-05-22 00:00:00,2024-05-03 00:00:00,
Viv Monterrico,15635412,2025-09-01 00:00:00,'-,Recepción,Repres. De Servicios,Full Time,Masculino,1999-05-06 00:00:00,2024-05-07 00:00:00,
Viv Monterrico,15754298,2025-09-01 00:00:00,'-,Cajas,Cajero 5X2,Part Time,Femenino,2004-03-15 00:00:00,2024-05-16 00:00:00,
Viv Monterrico,15906554,2025-09-01 00:00:00,'-,Sala,Repres. De Servicios,Part Time,Masculino,2004-03-07 00:00:00,2024-05-27 00:00:00,
Viv Monterrico,15933876,2025-09-01 00:00:00,'-,Comidas Preparadas Panadería Y Pastelería,Repres. De Servicios,Part Time,Femenino,2000-09-14 00:00:00,2024-05-30 00:00:00,
Viv Monterrico,16426796,2025-09-01 00:00:00,'-,Cajas,Cajero 3X4,Part Time,Masculino,2002-10-07 00:00:00,2024-07-30 00:00:00,2025-09-30 00:00:00
Viv Monterrico,16648173,2025-09-01 00:00:00,'-,Cajas,Cajero 3X4,Part Time,Masculino,2006-04-14 00:00:00,2024-08-14 00:00:00,
Viv Monterrico,16674385,2025-09-01 00:00:00,'-,Cajas,Cajero 5X2,Part Time,Masculino,2004-11-04 00:00:00,2024-08-16 00:00:00,
Viv Monterrico,16682026,2025-09-01 00:00:00,'-,Cajas,Cajero 5X2,Part Time,Masculino,2004-03-16 00:00:00,2024-08-19 00:00:00,2025-09-01 00:00:00
Viv Monterrico,16682031,2025-09-01 00:00:00,'-,Cajas,Repres. De Servicios,Full Time,Femenino,2004-02-25 00:00:00,2025-06-01 00:00:00,
Viv Monterrico,16733483,2025-09-01 00:00:00,'-,Cajas,Cajero 5X2,Part Time,Femenino,2006-04-29 00:00:00,2024-08-26 00:00:00,
Viv Monterrico,16733509,2025-09-01 00:00:00,'-,"Carnes, Pescados, Fiambres, Frutas & Verduras",Repres. De Servicios,Full Time,Femenino,1996-05-24 00:00:00,2025-01-01 00:00:00,
Viv Monterrico,16754518,2025-09-01 00:00:00,'-,Cajas,Repres. De Servicios,Full Time,Masculino,2005-04-13 00:00:00,2025-02-01 00:00:00,
Viv Monterrico,16848004,2025-09-01 00:00:00,'-,"Carnes, Pescados, Fiambres, Frutas & Verduras",Repres. De Servicios,Full Time,Masculino,2005-11-16 00:00:00,2025-04-01 00:00:00,
Viv Monterrico,16870390,2025-09-01 00:00:00,'-,Administración,Trainee Gerente De Tienda,Full Time,Masculino,1985-01-26 00:00:00,2024-09-11 00:00:00,
Viv Monterrico,16936646,2025-09-01 00:00:00,'-,"Carnes, Pescados, Fiambres, Frutas & Verduras",Repres. De Servicios,Part Time,Masculino,2005-05-23 00:00:00,2024-09-13 00:00:00,
Viv Monterrico,17002754,2025-09-01 00:00:00,'-,Almacén,Repres. De Servicios,Part Time,Masculino,1999-09-25 00:00:00,2024-09-18 00:00:00,2025-09-01 00:00:00
Viv Monterrico,17002756,2025-09-01 00:00:00,'-,Comidas Preparadas Panadería Y Pastelería,Repres. De Servicios,Part Time,Masculino,2003-06-06 00:00:00,2024-09-18 00:00:00,
Viv Monterrico,17164480,2025-09-01 00:00:00,'-,Cajas,Cajero 4X3,Part Time,Femenino,2003-05-09 00:00:00,2024-10-14 00:00:00,
Viv Monterrico,17164485,2025-09-01 00:00:00,'-,Cajas,Cajero 3X4,Part Time,Masculino,2003-07-04 00:00:00,2024-10-14 00:00:00,
Viv Monterrico,17211153,2025-09-01 00:00:00,'-,Cajas,Cajero 5X2,Part Time,Femenino,1998-01-06 00:00:00,2024-10-17 00:00:00,
Viv Monterrico,17304722,2025-09-01 00:00:00,'-,Almacén,Repres. De Servicios,Part Time,Masculino,2003-06-03 00:00:00,2024-10-25 00:00:00,
Viv Monterrico,17367303,2025-09-01 00:00:00,'-,"Carnes, Pescados, Fiambres, Frutas & Verduras",Repres. De Servicios,Full Time,Masculino,2006-08-12 00:00:00,2025-02-01 00:00:00,
Viv Monterrico,17496663,2025-09-01 00:00:00,'-,Cajas,Cajero 5X2,Part Time,Masculino,2005-03-13 00:00:00,2024-11-15 00:00:00,
Viv Monterrico,17657910,2025-09-01 00:00:00,'-,Cajas,Cajero 3X4,Part Time,Femenino,2002-05-25 00:00:00,2024-11-27 00:00:00,2025-09-01 00:00:00
Viv Monterrico,17680473,2025-09-01 00:00:00,'-,Cajas,Cajero 5X2,Part Time,Femenino,1988-03-13 00:00:00,2024-11-25 00:00:00,
Viv Monterrico,17683128,2025-09-01 00:00:00,'-,Cajas,Cajero 5X2,Part Time,Femenino,2004-04-20 00:00:00,2024-11-28 00:00:00,
Viv Monterrico,17783053,2025-09-01 00:00:00,'-,Cajas,Cajero 5X2,Part Time,Masculino,2004-01-16 00:00:00,2024-12-10 00:00:00,
Viv Monterrico,17796970,2025-09-01 00:00:00,'-,"Carnes, Pescados, Fiambres, Frutas & Verduras",Repres. De Servicios,Part Time,Femenino,2003-10-06 00:00:00,2024-12-10 00:00:00,
Viv Monterrico,17833876,2025-09-01 00:00:00,'-,Comidas Preparadas,Chef,Full Time,Femenino,2002-10-06 00:00:00,2024-12-16 00:00:00,
Viv Monterrico,17862528,2025-09-01 00:00:00,'-,"Carnes, Pescados, Fiambres, Frutas & Verduras",Repres. De Servicios,Part Time,Femenino,2006-07-29 00:00:00,2024-12-18 00:00:00,
Viv Monterrico,17958127,2025-09-01 00:00:00,'-,Almacén,Repres. De Servicios,Part Time,Masculino,2003-05-02 00:00:00,2025-01-24 00:00:00,
Viv Monterrico,17958132,2025-09-01 00:00:00,'-,Almacén,Repres. De Servicios,Part Time,Masculino,2004-07-28 00:00:00,2025-01-24 00:00:00,
Viv Monterrico,18216092,2025-09-01 00:00:00,'-,Cajas,Cajero 5X2,Part Time,Masculino,2002-04-17 00:00:00,2025-02-25 00:00:00,
Viv Monterrico,18256493,2025-09-01 00:00:00,'-,Cajas,Cajero 5X2,Part Time,Femenino,2001-12-24 00:00:00,2025-03-04 00:00:00,
Viv Monterrico,18294379,2025-09-01 00:00:00,'-,"Carnes, Pescados, Fiambres, Frutas & Verduras",Repres. De Servicios,Part Time,Masculino,2002-01-09 00:00:00,2025-03-11 00:00:00,
Viv Monterrico,18294821,2025-09-01 00:00:00,'-,"Carnes, Pescados, Fiambres, Frutas & Verduras",Repres. De Servicios,Full Time,Masculino,2001-02-11 00:00:00,2025-03-11 00:00:00,
Viv Monterrico,18338674,2025-09-01 00:00:00,'-,Sala,Repres. De Servicios,Part Time,Masculino,2003-11-07 00:00:00,2025-03-24 00:00:00,2025-09-01 00:00:00
Viv Monterrico,18338681,2025-09-01 00:00:00,'-,Sala,Repres. De Servicios,Part Time,Femenino,1993-12-15 00:00:00,2025-03-24 00:00:00,
Viv Monterrico,18343550,2025-09-01 00:00:00,'-,"Carnes, Pescados, Fiambres, Frutas & Verduras",Repres. De Servicios,Part Time,Femenino,2001-11-27 00:00:00,2025-04-01 00:00:00,2025-09-11 00:00:00
Viv Monterrico,18344016,2025-09-01 00:00:00,'-,"Carnes, Pescados, Fiambres, Frutas & Verduras",Repres. De Servicios,Full Time,Femenino,2001-10-31 00:00:00,2025-04-01 00:00:00,
Viv Monterrico,18396,2025-09-01 00:00:00,'-,"Carnes, Pescados, Fiambres, Frutas & Verduras",Repres. De Servicios I,Full Time,Femenino,1982-06-03 00:00:00,2013-09-09 00:00:00,
Viv Monterrico,18438371,2025-09-01 00:00:00,'-,Cajas,Cajero 5X2,Part Time,Masculino,2004-11-21 00:00:00,2025-04-10 00:00:00,
Viv Monterrico,18488612,2025-09-01 00:00:00,'-,Cajas,Cajero 5X2,Part Time,Femenino,2006-09-20 00:00:00,2025-04-16 00:00:00,
Viv Monterrico,18488757,2025-09-01 00:00:00,'-,Cajas,Cajero 5X2,Part Time,Femenino,2005-07-25 00:00:00,2025-04-16 00:00:00,
Viv Monterrico,18625750,2025-09-01 00:00:00,'-,Cajas,Cajero 5X2,Full Time,Femenino,1986-12-26 00:00:00,2025-04-24 00:00:00,
Viv Monterrico,18625752,2025-09-01 00:00:00,'-,Cajas,Cajero 5X2,Part Time,Masculino,2005-09-30 00:00:00,2025-04-24 00:00:00,
Viv Monterrico,18625784,2025-09-01 00:00:00,'-,Cajas,Asistente De Self Check Out Pt,Part Time,Femenino,2007-03-29 00:00:00,2025-04-24 00:00:00,
Viv Monterrico,18626066,2025-09-01 00:00:00,'-,Cajas,Cajero 6X1,Full Time,Masculino,2004-05-07 00:00:00,2025-04-28 00:00:00,
Viv Monterrico,18626082,2025-09-01 00:00:00,'-,"Carnes, Pescados, Fiambres, Frutas & Verduras",Repres. De Servicios,Part Time,Masculino,2001-07-17 00:00:00,2025-04-28 00:00:00,
Viv Monterrico,18626107,2025-09-01 00:00:00,'-,Cajas,Asistente De Self Check Out Pt,Part Time,Masculino,2002-07-26 00:00:00,2025-04-28 00:00:00,
Viv Monterrico,18633767,2025-09-01 00:00:00,'-,"Carnes, Pescados, Fiambres, Frutas & Verduras",Repres. De Servicios,Part Time,Masculino,2006-03-24 00:00:00,2025-05-02 00:00:00,2025-09-01 00:00:00
Viv Monterrico,18644813,2025-09-01 00:00:00,'-,Cajas,Cajero 3X4,Part Time,Femenino,2000-09-15 00:00:00,2025-05-09 00:00:00,
Viv Monterrico,18678006,2025-09-01 00:00:00,'-,Cajas,Repres. De Servicios,Full Time,Femenino,2007-01-23 00:00:00,2025-05-13 00:00:00,
Viv Monterrico,18693350,2025-09-01 00:00:00,'-,Sala,Repres. De Servicios,Part Time,Masculino,2002-09-30 00:00:00,2025-05-20 00:00:00,
Viv Monterrico,18715415,2025-09-01 00:00:00,'-,Sala,Repres. De Servicios Fds,Part Time,Masculino,2005-03-23 00:00:00,2025-05-28 00:00:00,
Viv Monterrico,18727974,2025-09-01 00:00:00,'-,Comidas Preparadas Panadería Y Pastelería,Repres. De Servicios,Part Time,Femenino,2005-04-19 00:00:00,2025-06-03 00:00:00,
Viv Monterrico,18743530,2025-09-01 00:00:00,'-,Comidas Preparadas Panadería Y Pastelería,Repres. De Servicios,Part Time,Masculino,2006-08-18 00:00:00,2025-06-10 00:00:00,
Viv Monterrico,18875,2025-09-01 00:00:00,'-,Almacén,Repres. De Servicios I,Full Time,Masculino,1991-06-03 00:00:00,2014-09-18 00:00:00,
Viv Monterrico,18965310,2025-09-01 00:00:00,'-,Almacén,Repres. De Servicios,Part Time,Masculino,1996-08-27 00:00:00,2025-09-15 00:00:00,
Viv Monterrico,18965476,2025-09-01 00:00:00,'-,Cajas,Cajero 3X4,Part Time,Femenino,2006-08-20 00:00:00,2025-09-15 00:00:00,
Viv Monterrico,18965477,2025-09-01 00:00:00,'-,Cajas,Cajero 3X4,Part Time,Femenino,1987-04-29 00:00:00,2025-09-15 00:00:00,
Viv Monterrico,18965507,2025-09-01 00:00:00,'-,Cajas,Cajero 5X2,Part Time,Femenino,2007-08-26 00:00:00,2025-09-15 00:00:00,
Viv Monterrico,18965591,2025-09-01 00:00:00,'-,Cajas,Cajero 5X2,Part Time,Femenino,1992-05-22 00:00:00,2025-09-15 00:00:00,
Viv Monterrico,18966219,2025-09-01 00:00:00,'-,Cajas,Cajero 3X4,Part Time,Masculino,2006-03-03 00:00:00,2025-09-16 00:00:00,
Viv Monterrico,18966277,2025-09-01 00:00:00,'-,Cajas,Cajero 5X2,Part Time,Femenino,2006-11-21 00:00:00,2025-09-16 00:00:00,
Viv Monterrico,18966942,2025-09-01 00:00:00,'-,Almacén,Repres. De Servicios,Part Time,Masculino,2005-08-18 00:00:00,2025-09-18 00:00:00,
Viv Monterrico,18967200,2025-09-01 00:00:00,'-,Cajas,Cajero 3X4,Part Time,Femenino,2004-12-22 00:00:00,2025-09-19 00:00:00,
Viv Monterrico,18969479,2025-09-01 00:00:00,'-,Almacén,Repres. De Servicios,Part Time,Masculino,2007-02-10 00:00:00,2025-09-26 00:00:00,
Viv Monterrico,18969915,2025-09-01 00:00:00,'-,"Carnes, Pescados, Fiambres, Frutas & Verduras",Repres. De Servicios,Part Time,Masculino,2003-12-24 00:00:00,2025-09-29 00:00:00,
Viv Monterrico,202051,2025-09-01 00:00:00,'-,"Carnes, Pescados, Fiambres, Frutas & Verduras",Jefe De Seccion,Full Time,Masculino,1993-01-05 00:00:00,2018-09-01 00:00:00,
Viv Monterrico,202700,2025-09-01 00:00:00,'-,Administración,Subgerente De Tienda,Full Time,Femenino,1998-03-05 00:00:00,2018-08-01 00:00:00,
Viv Monterrico,203493,2025-09-01 00:00:00,'-,Comidas Preparadas Panadería Y Pastelería,Jefe De Seccion,Full Time,Femenino,1993-07-18 00:00:00,2020-03-11 00:00:00,
Viv Monterrico,204123,2025-09-01 00:00:00,'-,Sala,Repres. De Servicios,Full Time,Femenino,1984-11-24 00:00:00,2018-06-26 00:00:00,
Viv Monterrico,21073,2025-09-01 00:00:00,'-,Comidas Preparadas Panadería Y Pastelería,Repres. De Servicios,Full Time,Masculino,1978-11-03 00:00:00,2008-09-01 00:00:00,
Viv Monterrico,21097,2025-09-01 00:00:00,'-,Almacén,Jefe De Seccion Eo,Full Time,Masculino,1965-04-05 00:00:00,1988-04-02 00:00:00,
Viv Monterrico,21184,2025-09-01 00:00:00,'-,Administración,Asistente De Tienda,Full Time,Femenino,1986-05-18 00:00:00,2012-01-05 00:00:00,
Viv Monterrico,21347,2025-09-01 00:00:00,'-,Sala,Repres. De Servicios I,Full Time,Masculino,1979-04-19 00:00:00,2011-02-10 00:00:00,
Viv Monterrico,22090,2025-09-01 00:00:00,'-,Sala,Repres. De Servicios I,Full Time,Femenino,1990-06-24 00:00:00,2019-05-01 00:00:00,
Viv Monterrico,233971,2025-09-01 00:00:00,'-,Cajas,Repres. De Servicios,Full Time,Masculino,1999-06-09 00:00:00,2018-09-14 00:00:00,
Viv Monterrico,235488,2025-09-01 00:00:00,'-,"Carnes, Pescados, Fiambres, Frutas & Verduras",Repres. De Servicios,Full Time,Femenino,1977-09-25 00:00:00,2020-01-01 00:00:00,
Viv Monterrico,241468,2025-09-01 00:00:00,'-,Sala,Especialista En Bebidas,Full Time,Masculino,1985-11-16 00:00:00,2018-11-15 00:00:00,
Viv Monterrico,242902,2025-09-01 00:00:00,'-,Cajas,Supervisor De Cajeros,Full Time,Femenino,2000-09-03 00:00:00,2024-11-25 00:00:00,
Viv Monterrico,245990,2025-09-01 00:00:00,'-,Cajas,Cajero 5X2,Full Time,Masculino,1989-09-26 00:00:00,2018-12-18 00:00:00,
Viv Monterrico,25610,2025-09-01 00:00:00,'-,Sala,Jefe De Seccion,Full Time,Femenino,1995-12-18 00:00:00,2020-02-12 00:00:00,
Viv Monterrico,269011,2025-09-01 00:00:00,'-,Administración,Gerente De Tienda,Full Time,Femenino,1985-09-14 00:00:00,2019-04-01 00:00:00,
Viv Monterrico,27172,2025-09-01 00:00:00,'-,Comidas Preparadas Panadería Y Pastelería,Repres. De Servicios I,Full Time,Femenino,1992-08-05 00:00:00,2015-06-08 00:00:00,
Viv Monterrico,273875,2025-09-01 00:00:00,'-,"Carnes, Pescados, Fiambres, Frutas & Verduras",Repres. De Servicios I,Full Time,Masculino,2000-06-16 00:00:00,2025-07-07 00:00:00,
Viv Monterrico,27570,2025-09-01 00:00:00,'-,Comidas Preparadas Panadería Y Pastelería,Repres. De Servicios,Full Time,Femenino,1979-03-22 00:00:00,2015-09-01 00:00:00,
Viv Monterrico,276932,2025-09-01 00:00:00,'-,Cajas,Representante De Servicio 5X2 D,Part Time,Masculino,1979-03-26 00:00:00,2019-08-02 00:00:00,
Viv Monterrico,284648,2025-09-01 00:00:00,'-,Comidas Preparadas Panadería Y Pastelería,Repres. De Servicios,Full Time,Femenino,1998-01-12 00:00:00,2020-03-01 00:00:00,
Viv Monterrico,299199,2025-09-01 00:00:00,'-,Sala,Representante De Servicio 5X2 D,Part Time,Femenino,1965-08-29 00:00:00,2019-12-10 00:00:00,
Viv Monterrico,31001,2025-09-01 00:00:00,'-,Recepción E Inventarios,Auxiliar De Inventarios,Full Time,Femenino,1993-09-25 00:00:00,2016-01-01 00:00:00,
Viv Monterrico,31936,2025-09-01 00:00:00,'-,Cajas,Supervisor De Cajeros,Full Time,Femenino,1985-02-13 00:00:00,2016-02-01 00:00:00,
Viv Monterrico,34029,2025-09-01 00:00:00,'-,Comidas Preparadas Panadería Y Pastelería,Maestro En Panaderia,Full Time,Masculino,1990-06-01 00:00:00,2016-02-15 00:00:00,
Viv Monterrico,34551,2025-09-01 00:00:00,'-,Recepción,Repres. De Servicios,Full Time,Femenino,1987-11-06 00:00:00,2016-02-17 00:00:00,
Viv Monterrico,36599,2025-09-01 00:00:00,'-,"Carnes, Pescados, Fiambres, Frutas & Verduras",Repres. De Servicios,Full Time,Femenino,1982-11-15 00:00:00,2016-03-02 00:00:00,
Viv Monterrico,3705,2025-09-01 00:00:00,'-,Administración,Jefe Entrenador,Full Time,Masculino,1968-12-14 00:00:00,2004-04-01 00:00:00,
Viv Monterrico,38464,2025-09-01 00:00:00,'-,Cajas,Cajero 5X2,Full Time,Femenino,1976-11-28 00:00:00,2018-02-01 00:00:00,
Viv Monterrico,40160,2025-09-01 00:00:00,'-,Cajas,Repres. De Servicios,Part Time,Masculino,1992-12-07 00:00:00,2016-05-04 00:00:00,
Viv Monterrico,4176,2025-09-01 00:00:00,'-,Cajas,Repres. De Servicios,Full Time,Masculino,1969-09-15 00:00:00,2013-07-10 00:00:00,
Viv Monterrico,41959,2025-09-01 00:00:00,'-,"Carnes, Pescados, Fiambres, Frutas & Verduras",Repres. De Servicios,Full Time,Femenino,1973-06-24 00:00:00,2016-07-08 00:00:00,
Viv Monterrico,51730,2025-09-01 00:00:00,'-,"Carnes, Pescados, Fiambres, Frutas & Verduras",Repres. De Servicios I,Full Time,Femenino,1994-11-10 00:00:00,2019-05-01 00:00:00,
Viv Monterrico,51793,2025-09-01 00:00:00,'-,Administración,Coordinador De Operaciones Iga,Full Time,Femenino,1993-11-12 00:00:00,2022-02-01 00:00:00,
Viv Monterrico,6265241,2025-09-01 00:00:00,'-,Cajas,Cajero 6X1,Full Time,Masculino,2002-02-28 00:00:00,2025-04-01 00:00:00,
Viv Monterrico,6990,2025-09-01 00:00:00,'-,Comidas Preparadas Panadería Y Pastelería,Repres. De Servicios Eo,Full Time,Masculino,1964-03-29 00:00:00,2007-09-01 00:00:00,
Viv Monterrico,7178,2025-09-01 00:00:00,'-,Comidas Preparadas Panadería Y Pastelería,Repres. De Servicios,Full Time,Femenino,1991-04-30 00:00:00,2012-04-01 00:00:00,
Viv Monterrico,7280,2025-09-01 00:00:00,'-,"Carnes, Pescados, Fiambres, Frutas & Verduras",Repres. De Servicios Eo,Full Time,Femenino,1962-07-30 00:00:00,1997-12-01 00:00:00,
Viv Monterrico,7325,2025-09-01 00:00:00,'-,Cajas,Supervisor De Cajeros,Full Time,Femenino,1992-07-21 00:00:00,2019-11-29 00:00:00,
Viv Monterrico,8668,2025-09-01 00:00:00,'-,Sala,Repres. De Servicios,Full Time,Femenino,1983-02-21 00:00:00,2020-02-26 00:00:00,
Viv Monterrico,9517389,2025-09-01 00:00:00,'-,Cajas,Cajero 3X4,Part Time,Femenino,2002-04-29 00:00:00,2021-11-30 00:00:00,
Viv Monterrico,9734259,2025-09-01 00:00:00,'-,Sala,Repres. De Servicios,Part Time,Femenino,2001-04-22 00:00:00,2022-01-21 00:00:00,
Viv Monterrico,9864173,2025-09-01 00:00:00,'-,Cajas,Asistente De Self Check Out Pt,Part Time,Masculino,2002-04-18 00:00:00,2024-02-21 00:00:00,
Pvea Miraflores,108279,2025-08-01 00:00:00,'-,Almacén,Repres. De Servicios,Full Time,Masculino,1999-06-19 00:00:00,2024-11-01 00:00:00,
Pvea Miraflores,10922,2025-08-01 00:00:00,'-,Administración,Subgerente De Tienda,Full Time,Masculino,1989-05-26 00:00:00,2008-04-02 00:00:00,
Pvea Miraflores,11215671,2025-08-01 00:00:00,'-,Cajas,Supervisor De Cajeros,Full Time,Masculino,2002-07-27 00:00:00,2024-04-01 00:00:00,
Pvea Miraflores,11244,2025-08-01 00:00:00,'-,Recepción E Inventarios,Auxiliar De Inventarios,Full Time,Masculino,1992-07-22 00:00:00,2013-07-11 00:00:00,
Pvea Miraflores,11334373,2025-08-01 00:00:00,'-,Cajas,Multifuncional,Full Time,Masculino,2002-06-23 00:00:00,2024-07-01 00:00:00,
Pvea Miraflores,11467819,2025-08-01 00:00:00,'-,Sala Frescos,Repres. De Servicios,Part Time,Femenino,2002-08-04 00:00:00,2022-10-26 00:00:00,
Pvea Miraflores,11471369,2025-08-01 00:00:00,'-,Cajas,Multifuncional 5X2 1Er Turno,Part Time,Masculino,2001-11-07 00:00:00,2022-10-28 00:00:00,
Pvea Miraflores,11639932,2025-08-01 00:00:00,'-,Sala Frescos,Repres. De Servicios,Part Time,Masculino,2004-11-02 00:00:00,2023-01-24 00:00:00,
Pvea Miraflores,11640264,2025-08-01 00:00:00,'-,Cajas,Asistente De Self Check Out Pt,Part Time,Masculino,2002-09-28 00:00:00,2022-12-01 00:00:00,
Pvea Miraflores,11670565,2025-08-01 00:00:00,'-,Cajas,Multifuncional,Part Time,Femenino,1990-06-09 00:00:00,2022-12-06 00:00:00,
Pvea Miraflores,11721792,2025-08-01 00:00:00,'-,Sala Frescos,Repres. De Servicios,Full Time,Masculino,2002-04-17 00:00:00,2024-04-03 00:00:00,
Pvea Miraflores,1173,2025-08-01 00:00:00,'-,Sala Frescos,Repres. De Servicios I,Full Time,Femenino,1980-08-21 00:00:00,2014-08-05 00:00:00,
Pvea Miraflores,11755194,2025-08-01 00:00:00,'-,Cajas,Multifuncional 5X2 1Er Turno,Part Time,Femenino,2004-07-24 00:00:00,2023-01-13 00:00:00,
Pvea Miraflores,11919846,2025-08-01 00:00:00,'-,Recepción,Repres. De Servicios,Full Time,Masculino,2004-10-27 00:00:00,2024-05-01 00:00:00,
Pvea Miraflores,11966958,2025-08-01 00:00:00,'-,Sala Frescos,Repres. De Servicios,Full Time,Masculino,1998-10-25 00:00:00,2023-03-10 00:00:00,
Pvea Miraflores,11967461,2025-08-01 00:00:00,'-,Cajas,Multifuncional 5X2,Part Time,Masculino,2002-12-08 00:00:00,2024-03-26 00:00:00,
Pvea Miraflores,11968470,2025-08-01 00:00:00,'-,Sala Frescos,Repres. De Servicios,Full Time,Femenino,2004-12-19 00:00:00,2023-03-21 00:00:00,
Pvea Miraflores,1197572,2025-08-01 00:00:00,'-,Recepción E Inventarios,Auxiliar De Inventarios,Full Time,Masculino,1996-10-18 00:00:00,2024-05-06 00:00:00,
Pvea Miraflores,11975834,2025-08-01 00:00:00,'-,Sala Frescos,Repres. De Servicios,Full Time,Femenino,1990-07-17 00:00:00,2023-03-24 00:00:00,
Pvea Miraflores,11995789,2025-08-01 00:00:00,'-,Almacén Frescos,Repres. De Servicios I,Full Time,Masculino,2001-01-20 00:00:00,2024-04-01 00:00:00,
Pvea Miraflores,12020890,2025-08-01 00:00:00,'-,Sala Frescos,Repres. De Servicios,Full Time,Femenino,2004-08-03 00:00:00,2023-04-05 00:00:00,
Pvea Miraflores,12064373,2025-08-01 00:00:00,'-,Sala Frescos,Repres. De Servicios,Full Time,Masculino,1995-10-25 00:00:00,2024-04-01 00:00:00,
Pvea Miraflores,12069362,2025-08-01 00:00:00,'-,Almacén,Repres. De Servicios,Part Time,Masculino,2003-04-10 00:00:00,2023-04-20 00:00:00,
Pvea Miraflores,12103937,2025-08-01 00:00:00,'-,Almacén Frescos,Repres. De Servicios,Full Time,Masculino,1993-04-22 00:00:00,2023-04-27 00:00:00,
Pvea Miraflores,12179662,2025-08-01 00:00:00,'-,Sala Frescos,Chef,Full Time,Femenino,2004-05-07 00:00:00,2024-07-01 00:00:00,
Pvea Miraflores,12179728,2025-08-01 00:00:00,'-,Sala,Multifuncional,Full Time,Masculino,1991-06-16 00:00:00,2025-03-01 00:00:00,
Pvea Miraflores,12302,2025-08-01 00:00:00,'-,Recepción,Repres. De Servicios,Full Time,Masculino,1974-10-26 00:00:00,2019-01-22 00:00:00,
Pvea Miraflores,12341116,2025-08-01 00:00:00,'-,Cajas,Multifuncional 5X2 1Er Turno,Part Time,Femenino,2002-07-31 00:00:00,2023-07-14 00:00:00,
Pvea Miraflores,12478604,2025-08-01 00:00:00,'-,Cajas,Multifuncional 5X2,Part Time,Masculino,2003-06-28 00:00:00,2023-08-17 00:00:00,
Pvea Miraflores,12660368,2025-08-01 00:00:00,'-,Cajas,Multifuncional,Full Time,Masculino,2003-03-30 00:00:00,2025-04-01 00:00:00,
Pvea Miraflores,12930960,2025-08-01 00:00:00,'-,Cajas,Multifuncional,Full Time,Femenino,2003-02-02 00:00:00,2024-06-01 00:00:00,
Pvea Miraflores,13218619,2025-08-01 00:00:00,'-,Cajas,Multifuncional 5X2 1Er Turno,Part Time,Femenino,1992-08-16 00:00:00,2023-11-03 00:00:00,
Pvea Miraflores,13800552,2025-08-01 00:00:00,'-,Almacén Frescos,Repres. De Servicios,Full Time,Masculino,1975-09-29 00:00:00,2024-01-10 00:00:00,
Pvea Miraflores,14000816,2025-08-01 00:00:00,'-,Sala Frescos,Repres. De Servicios,Full Time,Femenino,2002-09-16 00:00:00,2024-02-06 00:00:00,
Pvea Miraflores,14000818,2025-08-01 00:00:00,'-,Sala,Multifuncional 5X2 1Er Turno,Part Time,Masculino,2003-05-09 00:00:00,2024-02-06 00:00:00,2025-08-31 00:00:00
Pvea Miraflores,14029100,2025-08-01 00:00:00,'-,Recepción E Inventarios,Auxiliar De Inventarios,Full Time,Masculino,1996-08-14 00:00:00,2024-02-07 00:00:00,
Pvea Miraflores,14198239,2025-08-01 00:00:00,'-,Cajas,Multifuncional,Part Time,Femenino,2005-08-10 00:00:00,2024-02-14 00:00:00,
Pvea Miraflores,14234670,2025-08-01 00:00:00,'-,Cajas,Multifuncional 5X2,Part Time,Masculino,2002-08-01 00:00:00,2024-11-25 00:00:00,
Pvea Miraflores,14574,2025-08-01 00:00:00,'-,Sala,Repres. De Servicios I,Full Time,Masculino,1969-09-18 00:00:00,2013-09-19 00:00:00,
Pvea Miraflores,14662123,2025-08-01 00:00:00,'-,Cajas,Multifuncional,Full Time,Femenino,2002-11-02 00:00:00,2025-03-01 00:00:00,
Pvea Miraflores,14683987,2025-08-01 00:00:00,'-,Cajas,Supervisor De Cajeros,Full Time,Femenino,2003-01-11 00:00:00,2025-01-01 00:00:00,
Pvea Miraflores,14684378,2025-08-01 00:00:00,'-,Cajas,Multifuncional Fds,Part Time,Femenino,2004-11-16 00:00:00,2024-03-15 00:00:00,
Pvea Miraflores,14788217,2025-08-01 00:00:00,'-,Cajas,Multifuncional,Full Time,Femenino,1998-11-15 00:00:00,2025-04-01 00:00:00,
Pvea Miraflores,14788228,2025-08-01 00:00:00,'-,Sala Frescos,Repres. De Servicios,Full Time,Femenino,1971-12-13 00:00:00,2024-07-01 00:00:00,
Pvea Miraflores,14830,2025-08-01 00:00:00,'-,Cajas,Jefe De Seccion,Full Time,Femenino,1987-04-02 00:00:00,2014-02-12 00:00:00,
Pvea Miraflores,14858577,2025-08-01 00:00:00,'-,Electro,Repres. De Servicios,Full Time,Masculino,2006-01-14 00:00:00,2024-09-01 00:00:00,
Pvea Miraflores,14858766,2025-08-01 00:00:00,'-,Sala Frescos,Repres. De Servicios,Full Time,Femenino,1975-10-04 00:00:00,2025-01-01 00:00:00,
Pvea Miraflores,14860022,2025-08-01 00:00:00,'-,Cajas,Asistente De Self Check Out Pt,Part Time,Femenino,2004-12-28 00:00:00,2024-03-26 00:00:00,
Pvea Miraflores,15329,2025-08-01 00:00:00,'-,Sala Frescos,Repres. De Servicios,Full Time,Masculino,1980-09-20 00:00:00,2014-10-15 00:00:00,
Pvea Miraflores,15345714,2025-08-01 00:00:00,'-,Almacén Frescos,Repres. De Servicios,Full Time,Masculino,2001-09-15 00:00:00,2024-04-24 00:00:00,
Pvea Miraflores,15470720,2025-08-01 00:00:00,'-,Sala,Multifuncional,Part Time,Femenino,2005-07-13 00:00:00,2024-04-29 00:00:00,
Pvea Miraflores,15661786,2025-08-01 00:00:00,'-,Cajas,Asistente De Self Check Out Pt,Part Time,Femenino,2004-04-09 00:00:00,2024-05-08 00:00:00,
Pvea Miraflores,15853619,2025-08-01 00:00:00,'-,Sala,Multifuncional,Full Time,Masculino,1990-03-27 00:00:00,2025-06-01 00:00:00,
Pvea Miraflores,15874352,2025-08-01 00:00:00,'-,Cajas,Multifuncional 5X2 1Er Turno,Part Time,Masculino,2003-05-10 00:00:00,2024-05-23 00:00:00,
Pvea Miraflores,15968821,2025-08-01 00:00:00,'-,Cajas,Multifuncional,Part Time,Masculino,2005-06-04 00:00:00,2024-06-04 00:00:00,
Pvea Miraflores,15985097,2025-08-01 00:00:00,'-,Sala Frescos,Repres. De Servicios,Part Time,Masculino,2002-01-04 00:00:00,2024-06-06 00:00:00,
Pvea Miraflores,16025222,2025-08-01 00:00:00,'-,Sala,Multifuncional,Part Time,Masculino,2006-03-03 00:00:00,2024-06-17 00:00:00,
Pvea Miraflores,16069169,2025-08-01 00:00:00,'-,Sala Frescos,Repres. De Servicios,Part Time,Femenino,2001-06-26 00:00:00,2024-06-28 00:00:00,2025-08-10 00:00:00
Pvea Miraflores,16480681,2025-08-01 00:00:00,'-,Cajas,Multifuncional Fds,Part Time,Masculino,2005-02-13 00:00:00,2024-08-02 00:00:00,
Pvea Miraflores,16599143,2025-08-01 00:00:00,'-,Sala Frescos,Repres. De Servicios,Part Time,Masculino,1979-07-19 00:00:00,2024-08-09 00:00:00,
Pvea Miraflores,167,2025-08-01 00:00:00,'-,Administración,Asistente De Tienda,Full Time,Femenino,1982-10-31 00:00:00,2005-05-01 00:00:00,
Pvea Miraflores,16858680,2025-08-01 00:00:00,'-,Electro,Vendedor Part Time 5X2,Part Time,Masculino,2005-05-14 00:00:00,2025-06-01 00:00:00,
Pvea Miraflores,16867095,2025-08-01 00:00:00,'-,Cajas,Multifuncional 5X2 1Er Turno,Part Time,Femenino,2006-03-15 00:00:00,2024-09-11 00:00:00,
Pvea Miraflores,17014057,2025-08-01 00:00:00,'-,Sala Frescos,Repres. De Servicios,Full Time,Femenino,2004-06-19 00:00:00,2025-03-01 00:00:00,
Pvea Miraflores,17293470,2025-08-01 00:00:00,'-,Cajas,Multifuncional,Full Time,Femenino,2006-10-08 00:00:00,2025-06-01 00:00:00,
Pvea Miraflores,17304094,2025-08-01 00:00:00,'-,Recepción,Repres. De Servicios,Full Time,Masculino,2004-07-30 00:00:00,2025-05-01 00:00:00,
Pvea Miraflores,17468662,2025-08-01 00:00:00,'-,Cajas,Multifuncional 5X2,Part Time,Masculino,2005-08-19 00:00:00,2024-11-12 00:00:00,
Pvea Miraflores,17469240,2025-08-01 00:00:00,'-,Sala Frescos,Repres. De Servicios Fds,Part Time,Femenino,1993-11-13 00:00:00,2024-11-12 00:00:00,
Pvea Miraflores,17533975,2025-08-01 00:00:00,'-,Cajas,Multifuncional,Full Time,Femenino,2005-09-08 00:00:00,2024-11-18 00:00:00,
Pvea Miraflores,17533983,2025-08-01 00:00:00,'-,Cajas,Representante De Servicio 5X2 D,Part Time,Masculino,1995-04-11 00:00:00,2024-11-19 00:00:00,
Pvea Miraflores,17539280,2025-08-01 00:00:00,'-,Almacén,Repres. De Servicios,Full Time,Masculino,2006-02-26 00:00:00,2024-11-21 00:00:00,
Pvea Miraflores,17577248,2025-08-01 00:00:00,'-,Cajas,Multifuncional 5X2 1Er Turno,Part Time,Femenino,2002-04-09 00:00:00,2024-11-25 00:00:00,
Pvea Miraflores,17640369,2025-08-01 00:00:00,'-,Cajas,Multifuncional,Full Time,Femenino,1990-05-27 00:00:00,2024-11-25 00:00:00,2025-08-17 00:00:00
Pvea Miraflores,17657,2025-08-01 00:00:00,'-,Recepción E Inventarios,Auxiliar De Inventarios,Full Time,Masculino,1984-11-17 00:00:00,2011-09-05 00:00:00,
Pvea Miraflores,17661583,2025-08-01 00:00:00,'-,Cajas,Multifuncional Fds,Part Time,Femenino,2006-11-10 00:00:00,2024-11-27 00:00:00,
Pvea Miraflores,17732286,2025-08-01 00:00:00,'-,Cajas,Multifuncional,Part Time,Femenino,1988-11-21 00:00:00,2024-12-06 00:00:00,
Pvea Miraflores,17732520,2025-08-01 00:00:00,'-,Cajas,Repres. De Servicios,Full Time,Femenino,2001-07-23 00:00:00,2024-12-06 00:00:00,2025-08-31 00:00:00
Pvea Miraflores,17732526,2025-08-01 00:00:00,'-,Cajas,Repres. De Servicios,Full Time,Femenino,2004-07-24 00:00:00,2024-12-06 00:00:00,
Pvea Miraflores,17782950,2025-08-01 00:00:00,'-,Cajas,Multifuncional 5X2 1Er Turno,Part Time,Femenino,2006-09-27 00:00:00,2024-12-11 00:00:00,
Pvea Miraflores,17835529,2025-08-01 00:00:00,'-,Cajas,Multifuncional,Part Time,Femenino,1979-03-14 00:00:00,2024-12-19 00:00:00,
Pvea Miraflores,17861149,2025-08-01 00:00:00,'-,Cajas,Multifuncional,Part Time,Masculino,2006-03-29 00:00:00,2024-12-23 00:00:00,
Pvea Miraflores,17955881,2025-08-01 00:00:00,'-,Sala,Repres. De Servicios,Part Time,Masculino,2002-06-08 00:00:00,2025-01-23 00:00:00,
Pvea Miraflores,17994414,2025-08-01 00:00:00,'-,Cajas,Repres. De Servicios,Full Time,Femenino,1982-12-18 00:00:00,2025-01-30 00:00:00,2025-08-03 00:00:00
Pvea Miraflores,18028642,2025-08-01 00:00:00,'-,Sala Frescos,Repres. De Servicios,Full Time,Femenino,2006-08-25 00:00:00,2025-02-06 00:00:00,
Pvea Miraflores,18069864,2025-08-01 00:00:00,'-,Sala Frescos,Repres. De Servicios,Full Time,Femenino,2005-01-12 00:00:00,2025-02-13 00:00:00,
Pvea Miraflores,18085472,2025-08-01 00:00:00,'-,Sala,Repres. De Servicios,Part Time,Femenino,2007-01-17 00:00:00,2025-02-14 00:00:00,
Pvea Miraflores,18154,2025-08-01 00:00:00,'-,Sala Frescos,Repres. De Servicios,Part Time,Masculino,1995-05-26 00:00:00,2024-07-01 00:00:00,
Pvea Miraflores,18329320,2025-08-01 00:00:00,'-,Sala Frescos,Repres. De Servicios,Full Time,Femenino,1977-06-11 00:00:00,2025-03-21 00:00:00,
Pvea Miraflores,18329438,2025-08-01 00:00:00,'-,Almacén,Repres. De Servicios,Part Time,Masculino,2005-01-22 00:00:00,2025-03-21 00:00:00,
Pvea Miraflores,18329446,2025-08-01 00:00:00,'-,Recepción,Repres. De Servicios,Part Time,Masculino,2000-06-12 00:00:00,2025-03-21 00:00:00,
Pvea Miraflores,18329447,2025-08-01 00:00:00,'-,Sala,Repres. De Servicios,Part Time,Femenino,2006-05-20 00:00:00,2025-03-21 00:00:00,
Pvea Miraflores,18329456,2025-08-01 00:00:00,'-,Sala Frescos,Repres. De Servicios,Part Time,Femenino,1977-10-13 00:00:00,2025-03-21 00:00:00,
Pvea Miraflores,18339022,2025-08-01 00:00:00,'-,Sala,Repres. De Servicios 5X2 Eo,Part Time,Femenino,1959-10-19 00:00:00,2025-03-24 00:00:00,
Pvea Miraflores,18357026,2025-08-01 00:00:00,'-,Cajas,Representante De Servicio 5X2 D,Part Time,Masculino,2002-02-11 00:00:00,2025-04-03 00:00:00,
Pvea Miraflores,18625893,2025-08-01 00:00:00,'-,Sala Frescos,Repres. De Servicios,Part Time,Femenino,2003-01-17 00:00:00,2025-04-25 00:00:00,2025-08-10 00:00:00
Pvea Miraflores,18625894,2025-08-01 00:00:00,'-,Sala Frescos,Repres. De Servicios,Part Time,Femenino,2006-03-14 00:00:00,2025-04-25 00:00:00,
Pvea Miraflores,18625925,2025-08-01 00:00:00,'-,Cajas,Multifuncional,Full Time,Masculino,1997-06-21 00:00:00,2025-04-25 00:00:00,
Pvea Miraflores,18628261,2025-08-01 00:00:00,'-,Cajas,Multifuncional,Part Time,Masculino,2006-10-05 00:00:00,2025-04-29 00:00:00,
Pvea Miraflores,18628307,2025-08-01 00:00:00,'-,Cajas,Multifuncional,Full Time,Femenino,1977-06-26 00:00:00,2025-04-29 00:00:00,
Pvea Miraflores,18633780,2025-08-01 00:00:00,'-,Cajas,Multifuncional 5X2,Part Time,Femenino,1997-03-11 00:00:00,2025-05-02 00:00:00,
Pvea Miraflores,18633781,2025-08-01 00:00:00,'-,Cajas,Multifuncional,Full Time,Femenino,2006-01-10 00:00:00,2025-05-02 00:00:00,
Pvea Miraflores,18633816,2025-08-01 00:00:00,'-,Cajas,Multifuncional Fds,Part Time,Masculino,2004-10-10 00:00:00,2025-05-02 00:00:00,
Pvea Miraflores,18680002,2025-08-01 00:00:00,'-,Sala Frescos,Repres. De Servicios,Part Time,Femenino,2005-04-01 00:00:00,2025-05-14 00:00:00,
Pvea Miraflores,18691393,2025-08-01 00:00:00,'-,Almacén,Repres. De Servicios,Part Time,Masculino,2004-03-02 00:00:00,2025-05-19 00:00:00,
Pvea Miraflores,18704492,2025-08-01 00:00:00,'-,Cajas,Asistente De Self Check Out,Full Time,Femenino,1999-12-02 00:00:00,2025-05-23 00:00:00,
Pvea Miraflores,18833588,2025-08-01 00:00:00,'-,Sala Frescos,Repres. De Servicios,Part Time,Femenino,2007-04-29 00:00:00,2025-07-09 00:00:00,
Pvea Miraflores,18833623,2025-08-01 00:00:00,'-,Sala Frescos,Repres. De Servicios,Part Time,Masculino,2005-01-16 00:00:00,2025-07-09 00:00:00,
Pvea Miraflores,18833652,2025-08-01 00:00:00,'-,Sala Frescos,Repres. De Servicios,Part Time,Femenino,2004-03-03 00:00:00,2025-07-09 00:00:00,
Pvea Miraflores,18837948,2025-08-01 00:00:00,'-,Almacén Frescos,Repres. De Servicios,Part Time,Masculino,2004-05-16 00:00:00,2025-07-11 00:00:00,
Pvea Miraflores,18837955,2025-08-01 00:00:00,'-,Sala Frescos,Repres. De Servicios,Part Time,Femenino,2005-10-07 00:00:00,2025-07-11 00:00:00,
Pvea Miraflores,18837963,2025-08-01 00:00:00,'-,Sala Frescos,Repres. De Servicios,Full Time,Masculino,2002-04-05 00:00:00,2025-07-11 00:00:00,
Pvea Miraflores,18838227,2025-08-01 00:00:00,'-,Sala Frescos,Repres. De Servicios,Part Time,Femenino,2007-06-07 00:00:00,2025-07-11 00:00:00,
Pvea Miraflores,18875095,2025-08-01 00:00:00,'-,Sala Frescos,Repres. De Servicios,Part Time,Masculino,2007-02-25 00:00:00,2025-07-18 00:00:00,2025-08-31 00:00:00
Pvea Miraflores,18904941,2025-08-01 00:00:00,'-,Recepción,Repres. De Servicios,Part Time,Masculino,2001-09-27 00:00:00,2025-07-22 00:00:00,2025-08-31 00:00:00
Pvea Miraflores,18904943,2025-08-01 00:00:00,'-,Sala Frescos,Repres. De Servicios,Part Time,Femenino,2005-04-14 00:00:00,2025-07-22 00:00:00,
Pvea Miraflores,18904963,2025-08-01 00:00:00,'-,Almacén,Repres. De Servicios,Part Time,Masculino,2005-02-18 00:00:00,2025-07-22 00:00:00,
Pvea Miraflores,18954165,2025-08-01 00:00:00,'-,Cajas,Multifuncional,Part Time,Femenino,2007-03-26 00:00:00,2025-08-08 00:00:00,
Pvea Miraflores,18955452,2025-08-01 00:00:00,'-,Sala Frescos,Repres. De Servicios Fds,Part Time,Femenino,2001-06-17 00:00:00,2025-08-13 00:00:00,
Pvea Miraflores,18955453,2025-08-01 00:00:00,'-,Almacén Frescos,Repres. De Servicios,Part Time,Masculino,1989-01-08 00:00:00,2025-08-13 00:00:00,
Pvea Miraflores,18956192,2025-08-01 00:00:00,'-,Sala Frescos,Repres. De Servicios Fds,Part Time,Femenino,2001-05-08 00:00:00,2025-08-13 00:00:00,
Pvea Miraflores,18958496,2025-08-01 00:00:00,'-,Almacén Frescos,Repres. De Servicios,Part Time,Masculino,2005-11-21 00:00:00,2025-08-22 00:00:00,
Pvea Miraflores,18958497,2025-08-01 00:00:00,'-,Sala Frescos,Repres. De Servicios,Part Time,Masculino,2007-08-05 00:00:00,2025-08-22 00:00:00,2025-09-01 00:00:00
Pvea Miraflores,18958519,2025-08-01 00:00:00,'-,Cajas,Multifuncional,Part Time,Masculino,2006-12-17 00:00:00,2025-08-22 00:00:00,
Pvea Miraflores,18958520,2025-08-01 00:00:00,'-,Cajas,Multifuncional,Part Time,Femenino,2005-08-11 00:00:00,2025-08-22 00:00:00,
Pvea Miraflores,18958521,2025-08-01 00:00:00,'-,Cajas,Multifuncional 5X2 1Er Turno,Part Time,Masculino,2002-09-09 00:00:00,2025-08-22 00:00:00,
Pvea Miraflores,18959135,2025-08-01 00:00:00,'-,Sala Frescos,Repres. De Servicios,Part Time,Femenino,2006-05-24 00:00:00,2025-08-22 00:00:00,
Pvea Miraflores,203013,2025-08-01 00:00:00,'-,Electro,Vendedor,Full Time,Femenino,1968-11-24 00:00:00,2018-05-23 00:00:00,
Pvea Miraflores,203489,2025-08-01 00:00:00,'-,Cajas,Supervisor De Cajeros,Full Time,Femenino,1991-08-18 00:00:00,2025-05-01 00:00:00,
Pvea Miraflores,21147,2025-08-01 00:00:00,'-,Sala Frescos,Repres. De Servicios,Full Time,Masculino,1978-04-26 00:00:00,2011-03-01 00:00:00,
Pvea Miraflores,21448,2025-08-01 00:00:00,'-,Electro,Jefe De Seccion,Full Time,Femenino,1974-03-22 00:00:00,2012-10-01 00:00:00,
Pvea Miraflores,244437,2025-08-01 00:00:00,'-,Cajas,Supervisor De Cajeros,Full Time,Masculino,2000-05-19 00:00:00,2024-01-19 00:00:00,
Pvea Miraflores,24708,2025-08-01 00:00:00,'-,Administración,Gerente De Tienda,Full Time,Masculino,1975-09-22 00:00:00,2003-04-04 00:00:00,
Pvea Miraflores,25760,2025-08-01 00:00:00,'-,Almacén,Repres. De Servicios I,Full Time,Femenino,1973-10-12 00:00:00,2014-06-16 00:00:00,
Pvea Miraflores,272289,2025-08-01 00:00:00,'-,Cajas,Supervisor De Cajeros,Full Time,Femenino,2000-01-19 00:00:00,2025-05-01 00:00:00,
Pvea Miraflores,298588,2025-08-01 00:00:00,'-,Sala,Multifuncional 5X2 1Er Turno,Part Time,Femenino,1985-12-22 00:00:00,2024-12-02 00:00:00,
Pvea Miraflores,301805,2025-08-01 00:00:00,'-,Sala,Multifuncional,Full Time,Masculino,1995-12-13 00:00:00,2020-01-20 00:00:00,
Pvea Miraflores,303580,2025-08-01 00:00:00,'-,Cajas,Supervisor De Cajeros,Full Time,Masculino,1999-05-27 00:00:00,2023-07-01 00:00:00,
Pvea Miraflores,304408,2025-08-01 00:00:00,'-,Almacén Frescos,Repres. De Servicios I,Full Time,Femenino,1992-12-05 00:00:00,2020-02-17 00:00:00,
Pvea Miraflores,31455,2025-08-01 00:00:00,'-,Sala Frescos,Jefe De Seccion,Full Time,Masculino,1981-11-10 00:00:00,2016-01-18 00:00:00,
Pvea Miraflores,34546,2025-08-01 00:00:00,'-,Sala Frescos,Repres. De Servicios,Full Time,Femenino,1967-05-24 00:00:00,2016-02-17 00:00:00,
Pvea Miraflores,36202,2025-08-01 00:00:00,'-,Sala Frescos,Repres. De Servicios,Full Time,Femenino,1992-05-22 00:00:00,2016-03-02 00:00:00,
Pvea Miraflores,3707,2025-08-01 00:00:00,'-,Administración,Asistente De Tienda,Full Time,Femenino,1974-10-22 00:00:00,2003-09-01 00:00:00,
Pvea Miraflores,41844,2025-08-01 00:00:00,'-,Sala Frescos,Repres. De Servicios,Full Time,Masculino,1984-09-10 00:00:00,2016-07-04 00:00:00,
Pvea Miraflores,42739,2025-08-01 00:00:00,'-,Sala,Jefe De Seccion,Full Time,Femenino,1998-06-14 00:00:00,2016-08-01 00:00:00,
Pvea Miraflores,4486016,2025-08-01 00:00:00,'-,Sala Frescos,Jefe De Seccion,Full Time,Femenino,1997-11-16 00:00:00,2020-06-03 00:00:00,
Pvea Miraflores,55309,2025-08-01 00:00:00,'-,Sala Frescos,Repres. De Servicios,Part Time,Femenino,1990-10-28 00:00:00,2025-08-01 00:00:00,
Pvea Miraflores,7318884,2025-08-01 00:00:00,'-,Cajas,Multifuncional 5X2 1Er Turno,Part Time,Femenino,1995-02-25 00:00:00,2021-09-22 00:00:00,
Pvea Miraflores,7319531,2025-08-01 00:00:00,'-,Sala,Multifuncional,Full Time,Masculino,1999-05-16 00:00:00,2023-01-01 00:00:00,
Pvea Miraflores,7319542,2025-08-01 00:00:00,'-,Sala,Jefe De Seccion,Full Time,Femenino,2001-05-26 00:00:00,2022-11-01 00:00:00,
Pvea Miraflores,7319599,2025-08-01 00:00:00,'-,Sala,Multifuncional,Full Time,Masculino,2000-02-10 00:00:00,2025-02-01 00:00:00,
Pvea Miraflores,7333556,2025-08-01 00:00:00,'-,Sala,Repres. De Servicios,Part Time,Femenino,2003-05-19 00:00:00,2024-12-11 00:00:00,
Pvea Miraflores,7333607,2025-08-01 00:00:00,'-,Cajas,Asistente De Self Check Out Pt,Part Time,Femenino,1979-09-11 00:00:00,2021-09-22 00:00:00,
Pvea Miraflores,7333614,2025-08-01 00:00:00,'-,Cajas,Multifuncional,Full Time,Femenino,2003-03-03 00:00:00,2023-08-01 00:00:00,
Pvea Miraflores,811,2025-08-01 00:00:00,'-,Sala,Especialista En Bebidas,Full Time,Masculino,1977-11-17 00:00:00,2016-07-13 00:00:00,
Pvea Miraflores,8350959,2025-08-01 00:00:00,'-,Sala Frescos,Repres. De Servicios I,Full Time,Masculino,1999-05-04 00:00:00,2023-05-01 00:00:00,
Pvea Miraflores,8682,2025-08-01 00:00:00,'-,Sala Frescos,Jefe De Seccion,Full Time,Femenino,1974-09-05 00:00:00,2018-08-03 00:00:00,
Pvea Miraflores,919,2025-08-01 00:00:00,'-,Sala Frescos,Repres. De Servicios,Full Time,Femenino,1973-08-07 00:00:00,2014-05-05 00:00:00,
Pvea Miraflores,9278728,2025-08-01 00:00:00,'-,Sala,Multifuncional 5X2 1Er Turno,Part Time,Femenino,1989-10-12 00:00:00,2021-11-02 00:00:00,
Pvea Miraflores,9481430,2025-08-01 00:00:00,'-,Almacén,Repres. De Servicios I,Full Time,Masculino,1999-08-02 00:00:00,2025-01-31 00:00:00,
Pvea Miraflores,9518850,2025-08-01 00:00:00,'-,Sala Frescos,Repres. De Servicios,Part Time,Femenino,2001-09-05 00:00:00,2022-01-10 00:00:00,2025-08-08 00:00:00
Pvea Miraflores,98053,2025-08-01 00:00:00,'-,Cajas,Supervisor De Cajeros,Full Time,Masculino,1982-02-15 00:00:00,2019-03-05 00:00:00,
Pvea Miraflores,98931,2025-08-01 00:00:00,'-,Cajas,Multifuncional Eo,Full Time,Masculino,1960-11-16 00:00:00,2017-08-01 00:00:00,
Pvea Miraflores,99177,2025-08-01 00:00:00,'-,Almacén,Jefe De Seccion,Full Time,Masculino,1998-07-09 00:00:00,2021-08-24 00:00:00,
Svea Corpac,103603,2025-08-01 00:00:00,'-,Cajas,Cajero 5X2,Part Time,Masculino,1986-06-08 00:00:00,2017-09-13 00:00:00,
Svea Corpac,104636,2025-08-01 00:00:00,'-,Almacén Frescos,Repres. De Servicios,Full Time,Femenino,1980-07-16 00:00:00,2023-06-15 00:00:00,
Svea Corpac,10891192,2025-08-01 00:00:00,'-,Cajas,Jefe De Seccion,Full Time,Femenino,1999-12-30 00:00:00,2025-08-11 00:00:00,
Svea Corpac,11405933,2025-08-01 00:00:00,'-,Sala,Repres. De Servicios I,Full Time,Masculino,2002-08-30 00:00:00,2023-02-01 00:00:00,
Svea Corpac,11511916,2025-08-01 00:00:00,'-,Cajas,Supervisor De Cajeros,Full Time,Masculino,2002-07-16 00:00:00,2024-04-01 00:00:00,
Svea Corpac,1198235,2025-08-01 00:00:00,'-,Sala,Jefe De Seccion,Full Time,Femenino,1994-03-19 00:00:00,2020-03-17 00:00:00,
Svea Corpac,12301310,2025-08-01 00:00:00,'-,Cajas,Cajero 5X2,Part Time,Femenino,2004-08-03 00:00:00,2023-06-22 00:00:00,2025-08-17 00:00:00
Svea Corpac,12309872,2025-08-01 00:00:00,'-,Cajas,Repres. De Servicios,Part Time,Femenino,2001-11-20 00:00:00,2023-06-27 00:00:00,
Svea Corpac,12352460,2025-08-01 00:00:00,'-,Almacén,Repres. De Servicios,Part Time,Masculino,2000-04-07 00:00:00,2023-07-21 00:00:00,
Svea Corpac,12681816,2025-08-01 00:00:00,'-,Sala Frescos,Repres. De Servicios,Part Time,Femenino,2005-03-01 00:00:00,2025-05-30 00:00:00,
Svea Corpac,129583,2025-08-01 00:00:00,'-,Sala,Repres. De Servicios,Part Time,Masculino,1988-08-24 00:00:00,2018-03-01 00:00:00,
Svea Corpac,13317317,2025-08-01 00:00:00,'-,Sala Frescos,Repres. De Servicios,Full Time,Femenino,2001-04-02 00:00:00,2024-07-01 00:00:00,2025-09-01 00:00:00
Svea Corpac,13351200,2025-08-01 00:00:00,'-,Sala,Repres. De Servicios,Full Time,Femenino,1999-01-28 00:00:00,2023-11-24 00:00:00,
Svea Corpac,14343,2025-08-01 00:00:00,'-,Almacén,Repres. De Servicios Eo,Full Time,Masculino,1958-09-28 00:00:00,2007-05-01 00:00:00,
Svea Corpac,14776588,2025-08-01 00:00:00,'-,Sala,Repres. De Servicios,Full Time,Masculino,2004-06-24 00:00:00,2025-04-01 00:00:00,
Svea Corpac,15519392,2025-08-01 00:00:00,'-,Almacén,Repres. De Servicios,Part Time,Masculino,2003-04-05 00:00:00,2024-05-02 00:00:00,
Svea Corpac,15958778,2025-08-01 00:00:00,'-,Cajas,Cajero 5X2,Part Time,Masculino,1998-06-03 00:00:00,2024-06-03 00:00:00,
Svea Corpac,17487114,2025-08-01 00:00:00,'-,Sala Frescos,Repres. De Servicios,Full Time,Femenino,1974-07-29 00:00:00,2024-11-14 00:00:00,
Svea Corpac,17702228,2025-08-01 00:00:00,'-,Sala Frescos,Repres. De Servicios,Part Time,Masculino,2000-05-07 00:00:00,2024-12-03 00:00:00,
Svea Corpac,17726664,2025-08-01 00:00:00,'-,Sala Frescos,Repres. De Servicios,Full Time,Femenino,2006-10-18 00:00:00,2025-07-22 00:00:00,
Svea Corpac,17837560,2025-08-01 00:00:00,'-,Sala Frescos,Repres. De Servicios,Part Time,Masculino,2006-06-05 00:00:00,2024-12-20 00:00:00,
Svea Corpac,17876776,2025-08-01 00:00:00,'-,Sala Frescos,Repres. De Servicios,Part Time,Masculino,2004-08-18 00:00:00,2024-12-24 00:00:00,2025-08-31 00:00:00
Svea Corpac,17994390,2025-08-01 00:00:00,'-,Sala Frescos,Repres. De Servicios,Part Time,Femenino,2006-09-12 00:00:00,2025-01-30 00:00:00,2025-08-01 00:00:00
Svea Corpac,18304720,2025-08-01 00:00:00,'-,Almacén Frescos,Repres. De Servicios,Part Time,Masculino,1998-04-28 00:00:00,2025-03-13 00:00:00,
Svea Corpac,18304723,2025-08-01 00:00:00,'-,Sala Frescos,Repres. De Servicios,Part Time,Femenino,2006-04-07 00:00:00,2025-03-13 00:00:00,
Svea Corpac,18329291,2025-08-01 00:00:00,'-,Sala,Repres. De Servicios,Part Time,Masculino,2006-02-15 00:00:00,2025-03-21 00:00:00,
Svea Corpac,18339046,2025-08-01 00:00:00,'-,Cajas,Repres. De Servicios 5X2 Eo,Part Time,Masculino,1959-04-07 00:00:00,2025-03-24 00:00:00,
Svea Corpac,18340465,2025-08-01 00:00:00,'-,Sala,Repres. De Servicios,Full Time,Femenino,2006-04-27 00:00:00,2025-03-26 00:00:00,
Svea Corpac,18480146,2025-08-01 00:00:00,'-,Almacén Frescos,Repres. De Servicios,Part Time,Masculino,2001-12-10 00:00:00,2025-04-15 00:00:00,2025-09-01 00:00:00
Svea Corpac,18480147,2025-08-01 00:00:00,'-,Almacén Frescos,Repres. De Servicios,Full Time,Masculino,2004-05-09 00:00:00,2025-04-15 00:00:00,
Svea Corpac,18680096,2025-08-01 00:00:00,'-,Almacén,Repres. De Servicios,Part Time,Masculino,2004-11-09 00:00:00,2025-05-14 00:00:00,
Svea Corpac,18691469,2025-08-01 00:00:00,'-,Almacén,Repres. De Servicios,Part Time,Masculino,2006-10-03 00:00:00,2025-05-19 00:00:00,
Svea Corpac,18691470,2025-08-01 00:00:00,'-,Almacén,Repres. De Servicios,Part Time,Masculino,2005-03-27 00:00:00,2025-05-19 00:00:00,
Svea Corpac,18694222,2025-08-01 00:00:00,'-,Sala Frescos,Repres. De Servicios,Part Time,Femenino,2006-05-14 00:00:00,2025-05-20 00:00:00,2025-09-01 00:00:00
Svea Corpac,18704501,2025-08-01 00:00:00,'-,Sala Frescos,Repres. De Servicios,Full Time,Masculino,2001-08-21 00:00:00,2025-05-23 00:00:00,
Svea Corpac,18704607,2025-08-01 00:00:00,'-,Sala Frescos,Repres. De Servicios,Full Time,Masculino,2005-06-04 00:00:00,2025-05-23 00:00:00,
Svea Corpac,18720150,2025-08-01 00:00:00,'-,Sala Frescos,Repres. De Servicios,Part Time,Masculino,2000-06-11 00:00:00,2025-05-30 00:00:00,
Svea Corpac,18720151,2025-08-01 00:00:00,'-,Sala Frescos,Repres. De Servicios,Part Time,Femenino,2004-07-10 00:00:00,2025-05-30 00:00:00,
Svea Corpac,18720152,2025-08-01 00:00:00,'-,Sala,Repres. De Servicios,Part Time,Femenino,2000-02-22 00:00:00,2025-05-30 00:00:00,
Svea Corpac,18720166,2025-08-01 00:00:00,'-,Sala Frescos,Repres. De Servicios,Part Time,Masculino,2005-07-03 00:00:00,2025-05-30 00:00:00,
Svea Corpac,18746842,2025-08-01 00:00:00,'-,Cajas,Jefe De Seccion,Full Time,Femenino,1984-06-23 00:00:00,2025-06-11 00:00:00,2025-08-01 00:00:00
Svea Corpac,18748653,2025-08-01 00:00:00,'-,Sala Frescos,Jefe De Seccion,Full Time,Masculino,1974-05-27 00:00:00,2025-06-12 00:00:00,2025-08-01 00:00:00
Svea Corpac,18905044,2025-08-01 00:00:00,'-,Cajas,Cajero 5X2,Part Time,Masculino,2007-01-22 00:00:00,2025-07-24 00:00:00,
Svea Corpac,18905045,2025-08-01 00:00:00,'-,Cajas,Cajero 5X2,Part Time,Femenino,2002-09-24 00:00:00,2025-07-24 00:00:00,
Svea Corpac,18954270,2025-08-01 00:00:00,'-,Almacén Frescos,Repres. De Servicios,Full Time,Femenino,2006-02-25 00:00:00,2025-08-08 00:00:00,
Svea Corpac,18954271,2025-08-01 00:00:00,'-,Recepción,Repres. De Servicios,Full Time,Masculino,2005-07-20 00:00:00,2025-08-08 00:00:00,
Svea Corpac,18957310,2025-08-01 00:00:00,'-,Almacén Frescos,Repres. De Servicios,Full Time,Masculino,2003-10-04 00:00:00,2025-08-19 00:00:00,2025-09-01 00:00:00
Svea Corpac,18957312,2025-08-01 00:00:00,'-,Almacén Frescos,Repres. De Servicios,Full Time,Masculino,2002-09-25 00:00:00,2025-08-19 00:00:00,
Svea Corpac,18958502,2025-08-01 00:00:00,'-,Cajas,Cajero 5X2,Part Time,Masculino,2006-12-21 00:00:00,2025-08-22 00:00:00,
Svea Corpac,21115,2025-08-01 00:00:00,'-,Cajas,Representante De Servicio D,Full Time,Masculino,1981-02-25 00:00:00,2000-03-01 00:00:00,
Svea Corpac,21374,2025-08-01 00:00:00,'-,Recepción E Inventarios,Auxiliar De Inventarios,Full Time,Masculino,1988-09-09 00:00:00,2010-04-16 00:00:00,
Svea Corpac,235588,2025-08-01 00:00:00,'-,Cajas,Supervisor De Cajeros,Full Time,Femenino,1993-07-27 00:00:00,2018-10-05 00:00:00,2025-09-01 00:00:00
Svea Corpac,241013,2025-08-01 00:00:00,'-,Almacén,Jefe De Seccion,Full Time,Femenino,2000-06-21 00:00:00,2019-06-01 00:00:00,
Svea Corpac,243668,2025-08-01 00:00:00,'-,Sala Frescos,Repres. De Servicios,Part Time,Femenino,1994-04-04 00:00:00,2019-03-21 00:00:00,
Svea Corpac,266939,2025-08-01 00:00:00,'-,Administración,Gerente De Tienda,Full Time,Femenino,1990-06-29 00:00:00,2019-03-01 00:00:00,
Svea Corpac,43780,2025-08-01 00:00:00,'-,Cajas,Cajero 5X2,Full Time,Masculino,1989-10-27 00:00:00,2016-09-01 00:00:00,
Svea Corpac,44131,2025-08-01 00:00:00,'-,Cajas,Supervisor De Cajeros,Full Time,Femenino,1971-02-17 00:00:00,2016-09-05 00:00:00,
Svea Corpac,4457773,2025-08-01 00:00:00,'-,Almacén,Repres. De Servicios I,Full Time,Masculino,2002-01-18 00:00:00,2020-05-25 00:00:00,2025-08-01 00:00:00
Svea Corpac,4576139,2025-08-01 00:00:00,'-,Sala Frescos,Repres. De Servicios,Full Time,Femenino,1987-09-28 00:00:00,2020-06-12 00:00:00,
Svea Corpac,48590,2025-08-01 00:00:00,'-,Sala Frescos,Repres. De Servicios,Full Time,Femenino,1976-11-15 00:00:00,2016-12-14 00:00:00,
Svea Corpac,6722,2025-08-01 00:00:00,'-,Sala Frescos,Jefe De Seccion,Full Time,Femenino,1987-06-16 00:00:00,2022-02-22 00:00:00,
Svea Corpac,9278595,2025-08-01 00:00:00,'-,Cajas,Cajero 6X1,Full Time,Masculino,1994-12-25 00:00:00,2023-07-01 00:00:00,
Viv Monterrico,104143,2025-08-01 00:00:00,'-,"Carnes, Pescados, Fiambres, Frutas & Verduras",Repres. De Servicios,Full Time,Femenino,1985-09-27 00:00:00,2017-10-01 00:00:00,
Viv Monterrico,10472,2025-08-01 00:00:00,'-,"Carnes, Pescados, Fiambres, Frutas & Verduras",Repres. De Servicios,Full Time,Femenino,1969-11-01 00:00:00,2015-10-16 00:00:00,
Viv Monterrico,10653,2025-08-01 00:00:00,'-,"Carnes, Pescados, Fiambres, Frutas & Verduras",Repres. De Servicios,Full Time,Masculino,1971-05-11 00:00:00,2002-10-19 00:00:00,
Viv Monterrico,10845,2025-08-01 00:00:00,'-,"Carnes, Pescados, Fiambres, Frutas & Verduras",Jefe De Seccion,Full Time,Femenino,1979-08-02 00:00:00,2012-08-01 00:00:00,
Viv Monterrico,110670,2025-08-01 00:00:00,'-,"Carnes, Pescados, Fiambres, Frutas & Verduras",Repres. De Servicios Fds,Part Time,Femenino,1993-10-16 00:00:00,2025-04-01 00:00:00,
Viv Monterrico,11342636,2025-08-01 00:00:00,'-,Cajas,Cajero 6X1,Full Time,Femenino,2003-05-05 00:00:00,2025-04-22 00:00:00,
Viv Monterrico,11369697,2025-08-01 00:00:00,'-,Cajas,Cajero 6X1,Full Time,Masculino,2001-04-18 00:00:00,2025-02-01 00:00:00,
Viv Monterrico,11458504,2025-08-01 00:00:00,'-,Cajas,Cajero 4X3,Part Time,Femenino,2002-11-10 00:00:00,2022-10-19 00:00:00,
Viv Monterrico,11489004,2025-08-01 00:00:00,'-,Cajas,Asistente De Self Check Out Pt,Part Time,Masculino,2003-05-05 00:00:00,2025-05-02 00:00:00,
Viv Monterrico,11966759,2025-08-01 00:00:00,'-,Cajas,Cajero 4X3,Part Time,Masculino,2003-04-07 00:00:00,2023-03-09 00:00:00,
Viv Monterrico,1205195,2025-08-01 00:00:00,'-,Cajas,Repres. De Servicios,Part Time,Femenino,1999-12-16 00:00:00,2025-06-01 00:00:00,
Viv Monterrico,12261783,2025-08-01 00:00:00,'-,"Carnes, Pescados, Fiambres, Frutas & Verduras",Repres. De Servicios,Full Time,Masculino,1993-02-04 00:00:00,2023-06-13 00:00:00,
Viv Monterrico,128607,2025-08-01 00:00:00,'-,Cajas,Repres. De Servicios Fds,Part Time,Femenino,1995-01-19 00:00:00,2018-02-08 00:00:00,
Viv Monterrico,13227322,2025-08-01 00:00:00,'-,Cajas,Cajero 5X2,Part Time,Masculino,2004-01-31 00:00:00,2023-11-07 00:00:00,
Viv Monterrico,13277255,2025-08-01 00:00:00,'-,Sala,Repres. De Servicios,Part Time,Masculino,2003-09-22 00:00:00,2023-11-14 00:00:00,
Viv Monterrico,1331,2025-08-01 00:00:00,'-,Cajas,Cajero 5X2,Full Time,Femenino,1987-10-26 00:00:00,2025-05-02 00:00:00,
Viv Monterrico,13375806,2025-08-01 00:00:00,'-,Sala,Repres. De Servicios,Part Time,Femenino,2001-03-02 00:00:00,2024-04-03 00:00:00,
Viv Monterrico,13619568,2025-08-01 00:00:00,'-,"Carnes, Pescados, Fiambres, Frutas & Verduras",Repres. De Servicios,Full Time,Femenino,1969-12-30 00:00:00,2023-12-12 00:00:00,
Viv Monterrico,13709716,2025-08-01 00:00:00,'-,Almacén,Repres. De Servicios,Part Time,Masculino,2003-07-01 00:00:00,2023-12-22 00:00:00,
Viv Monterrico,13797674,2025-08-01 00:00:00,'-,Sala,Repres. De Servicios,Full Time,Femenino,2005-05-24 00:00:00,2024-01-09 00:00:00,
Viv Monterrico,13808329,2025-08-01 00:00:00,'-,Sala,Repres. De Servicios,Part Time,Masculino,2004-05-27 00:00:00,2024-11-25 00:00:00,
Viv Monterrico,13816913,2025-08-01 00:00:00,'-,Cajas,Cajero 5X2,Part Time,Femenino,2002-02-03 00:00:00,2024-01-12 00:00:00,
Viv Monterrico,14071976,2025-08-01 00:00:00,'-,Cajas,Cajero 3X4,Part Time,Femenino,2004-01-07 00:00:00,2024-02-12 00:00:00,2025-08-22 00:00:00
Viv Monterrico,14270,2025-08-01 00:00:00,'-,"Carnes, Pescados, Fiambres, Frutas & Verduras",Repres. De Servicios,Full Time,Masculino,1972-02-18 00:00:00,2005-11-05 00:00:00,
Viv Monterrico,14470,2025-08-01 00:00:00,'-,Comidas Preparadas Panadería Y Pastelería,Repres. De Servicios,Full Time,Femenino,1988-01-20 00:00:00,2018-07-01 00:00:00,
Viv Monterrico,14618,2025-08-01 00:00:00,'-,Cajas,Cajero 4X3,Part Time,Femenino,1980-03-15 00:00:00,2013-10-01 00:00:00,
Viv Monterrico,14625595,2025-08-01 00:00:00,'-,Cajas,Cajero 5X2,Part Time,Femenino,2003-12-25 00:00:00,2024-03-08 00:00:00,
Viv Monterrico,14685168,2025-08-01 00:00:00,'-,Cajas,Supervisor De Cajeros 5X2,Part Time,Femenino,2002-06-28 00:00:00,2024-09-01 00:00:00,
Viv Monterrico,14685194,2025-08-01 00:00:00,'-,Comidas Preparadas Panadería Y Pastelería,Repres. De Servicios,Full Time,Masculino,2004-10-08 00:00:00,2024-03-15 00:00:00,
Viv Monterrico,14941431,2025-08-01 00:00:00,'-,Cajas,Asistente De Self Check Out Pt,Part Time,Femenino,2002-01-18 00:00:00,2024-04-03 00:00:00,
Viv Monterrico,14978188,2025-08-01 00:00:00,'-,Cajas,Asistente De Self Check Out Pt,Part Time,Masculino,1999-04-22 00:00:00,2024-04-05 00:00:00,
Viv Monterrico,15079206,2025-08-01 00:00:00,'-,Cajas,Cajero 5X2,Part Time,Femenino,2003-08-29 00:00:00,2024-04-10 00:00:00,
Viv Monterrico,15087,2025-08-01 00:00:00,'-,Cajas,Jefe De Seccion,Full Time,Femenino,1989-03-13 00:00:00,2016-10-01 00:00:00,
Viv Monterrico,15146,2025-08-01 00:00:00,'-,Recepción,Repres. De Servicios,Full Time,Masculino,1982-09-29 00:00:00,2014-04-01 00:00:00,
Viv Monterrico,15345489,2025-08-01 00:00:00,'-,Cajas,Cajero 5X2,Part Time,Masculino,2004-08-18 00:00:00,2024-04-24 00:00:00,
Viv Monterrico,15470432,2025-08-01 00:00:00,'-,Sala,Repres. De Servicios,Part Time,Femenino,1998-08-10 00:00:00,2024-04-29 00:00:00,
Viv Monterrico,15470435,2025-08-01 00:00:00,'-,Cajas,Cajero 5X2,Part Time,Femenino,2004-03-31 00:00:00,2024-04-29 00:00:00,
Viv Monterrico,15525409,2025-08-01 00:00:00,'-,Almacén,Repres. De Servicios,Part Time,Masculino,2003-05-22 00:00:00,2024-05-03 00:00:00,
Viv Monterrico,15635412,2025-08-01 00:00:00,'-,Recepción,Repres. De Servicios,Full Time,Masculino,1999-05-06 00:00:00,2024-05-07 00:00:00,
Viv Monterrico,15754298,2025-08-01 00:00:00,'-,Cajas,Cajero 5X2,Part Time,Femenino,2004-03-15 00:00:00,2024-05-16 00:00:00,
Viv Monterrico,15906554,2025-08-01 00:00:00,'-,Sala,Repres. De Servicios,Part Time,Masculino,2004-03-07 00:00:00,2024-05-27 00:00:00,
Viv Monterrico,15933876,2025-08-01 00:00:00,'-,Comidas Preparadas Panadería Y Pastelería,Repres. De Servicios,Part Time,Femenino,2000-09-14 00:00:00,2024-05-30 00:00:00,
Viv Monterrico,16426796,2025-08-01 00:00:00,'-,Cajas,Cajero 3X4,Part Time,Masculino,2002-10-07 00:00:00,2024-07-30 00:00:00,
Viv Monterrico,16480751,2025-08-01 00:00:00,'-,"Carnes, Pescados, Fiambres, Frutas & Verduras",Repres. De Servicios,Part Time,Masculino,1998-12-14 00:00:00,2024-08-02 00:00:00,2025-08-31 00:00:00
Viv Monterrico,16648173,2025-08-01 00:00:00,'-,Cajas,Cajero 3X4,Part Time,Masculino,2006-04-14 00:00:00,2024-08-14 00:00:00,
Viv Monterrico,16674385,2025-08-01 00:00:00,'-,Cajas,Cajero 5X2,Part Time,Masculino,2004-11-04 00:00:00,2024-08-16 00:00:00,
Viv Monterrico,16682026,2025-08-01 00:00:00,'-,Cajas,Cajero 5X2,Part Time,Masculino,2004-03-16 00:00:00,2024-08-19 00:00:00,2025-09-01 00:00:00
Viv Monterrico,16682031,2025-08-01 00:00:00,'-,Cajas,Repres. De Servicios,Full Time,Femenino,2004-02-25 00:00:00,2025-06-01 00:00:00,
Viv Monterrico,16733483,2025-08-01 00:00:00,'-,Cajas,Cajero 5X2,Part Time,Femenino,2006-04-29 00:00:00,2024-08-26 00:00:00,
Viv Monterrico,16733509,2025-08-01 00:00:00,'-,"Carnes, Pescados, Fiambres, Frutas & Verduras",Repres. De Servicios,Full Time,Femenino,1996-05-24 00:00:00,2025-01-01 00:00:00,
Viv Monterrico,16754518,2025-08-01 00:00:00,'-,Cajas,Repres. De Servicios,Full Time,Masculino,2005-04-13 00:00:00,2025-02-01 00:00:00,
Viv Monterrico,16848004,2025-08-01 00:00:00,'-,"Carnes, Pescados, Fiambres, Frutas & Verduras",Repres. De Servicios,Full Time,Masculino,2005-11-16 00:00:00,2025-04-01 00:00:00,
Viv Monterrico,16870390,2025-08-01 00:00:00,'-,Administración,Trainee Gerente De Tienda,Full Time,Masculino,1985-01-26 00:00:00,2024-09-11 00:00:00,
Viv Monterrico,16936646,2025-08-01 00:00:00,'-,"Carnes, Pescados, Fiambres, Frutas & Verduras",Repres. De Servicios,Part Time,Masculino,2005-05-23 00:00:00,2024-09-13 00:00:00,
Viv Monterrico,17002754,2025-08-01 00:00:00,'-,Almacén,Repres. De Servicios,Part Time,Masculino,1999-09-25 00:00:00,2024-09-18 00:00:00,2025-09-01 00:00:00
Viv Monterrico,17002756,2025-08-01 00:00:00,'-,Comidas Preparadas Panadería Y Pastelería,Repres. De Servicios,Part Time,Masculino,2003-06-06 00:00:00,2024-09-18 00:00:00,
Viv Monterrico,17164480,2025-08-01 00:00:00,'-,Cajas,Cajero 4X3,Part Time,Femenino,2003-05-09 00:00:00,2024-10-14 00:00:00,
Viv Monterrico,17164485,2025-08-01 00:00:00,'-,Cajas,Cajero 3X4,Part Time,Masculino,2003-07-04 00:00:00,2024-10-14 00:00:00,
Viv Monterrico,17211153,2025-08-01 00:00:00,'-,Cajas,Cajero 5X2,Part Time,Femenino,1998-01-06 00:00:00,2024-10-17 00:00:00,
Viv Monterrico,17304722,2025-08-01 00:00:00,'-,Almacén,Repres. De Servicios,Part Time,Masculino,2003-06-03 00:00:00,2024-10-25 00:00:00,
Viv Monterrico,17367303,2025-08-01 00:00:00,'-,"Carnes, Pescados, Fiambres, Frutas & Verduras",Repres. De Servicios,Full Time,Masculino,2006-08-12 00:00:00,2025-02-01 00:00:00,
Viv Monterrico,17420925,2025-08-01 00:00:00,'-,Cajas,Cajero 3X4,Part Time,Masculino,2001-05-29 00:00:00,2024-11-05 00:00:00,2025-08-31 00:00:00
Viv Monterrico,17496663,2025-08-01 00:00:00,'-,Cajas,Cajero 5X2,Part Time,Masculino,2005-03-13 00:00:00,2024-11-15 00:00:00,
Viv Monterrico,17657910,2025-08-01 00:00:00,'-,Cajas,Cajero 3X4,Part Time,Femenino,2002-05-25 00:00:00,2024-11-27 00:00:00,2025-09-01 00:00:00
Viv Monterrico,17680473,2025-08-01 00:00:00,'-,Cajas,Cajero 5X2,Part Time,Femenino,1988-03-13 00:00:00,2024-11-25 00:00:00,
Viv Monterrico,17683128,2025-08-01 00:00:00,'-,Cajas,Cajero 5X2,Part Time,Femenino,2004-04-20 00:00:00,2024-11-28 00:00:00,
Viv Monterrico,17783053,2025-08-01 00:00:00,'-,Cajas,Cajero 5X2,Part Time,Masculino,2004-01-16 00:00:00,2024-12-10 00:00:00,
Viv Monterrico,17796970,2025-08-01 00:00:00,'-,"Carnes, Pescados, Fiambres, Frutas & Verduras",Repres. De Servicios,Part Time,Femenino,2003-10-06 00:00:00,2024-12-10 00:00:00,
Viv Monterrico,17820960,2025-08-01 00:00:00,'-,Almacén,Repres. De Servicios,Part Time,Masculino,2003-09-16 00:00:00,2024-12-13 00:00:00,2025-08-15 00:00:00
Viv Monterrico,17833876,2025-08-01 00:00:00,'-,Comidas Preparadas,Chef,Full Time,Femenino,2002-10-06 00:00:00,2024-12-16 00:00:00,
Viv Monterrico,17862528,2025-08-01 00:00:00,'-,"Carnes, Pescados, Fiambres, Frutas & Verduras",Repres. De Servicios,Part Time,Femenino,2006-07-29 00:00:00,2024-12-18 00:00:00,
Viv Monterrico,17958127,2025-08-01 00:00:00,'-,Almacén,Repres. De Servicios,Part Time,Masculino,2003-05-02 00:00:00,2025-01-24 00:00:00,
Viv Monterrico,17958132,2025-08-01 00:00:00,'-,Almacén,Repres. De Servicios,Part Time,Masculino,2004-07-28 00:00:00,2025-01-24 00:00:00,
Viv Monterrico,18216092,2025-08-01 00:00:00,'-,Cajas,Cajero 5X2,Part Time,Masculino,2002-04-17 00:00:00,2025-02-25 00:00:00,
Viv Monterrico,18256493,2025-08-01 00:00:00,'-,Cajas,Cajero 5X2,Part Time,Femenino,2001-12-24 00:00:00,2025-03-04 00:00:00,
Viv Monterrico,18294379,2025-08-01 00:00:00,'-,"Carnes, Pescados, Fiambres, Frutas & Verduras",Repres. De Servicios,Part Time,Masculino,2002-01-09 00:00:00,2025-03-11 00:00:00,
Viv Monterrico,18294821,2025-08-01 00:00:00,'-,"Carnes, Pescados, Fiambres, Frutas & Verduras",Repres. De Servicios,Full Time,Masculino,2001-02-11 00:00:00,2025-03-11 00:00:00,
Viv Monterrico,18338674,2025-08-01 00:00:00,'-,Sala,Repres. De Servicios,Part Time,Masculino,2003-11-07 00:00:00,2025-03-24 00:00:00,2025-09-01 00:00:00
Viv Monterrico,18338681,2025-08-01 00:00:00,'-,Sala,Repres. De Servicios,Part Time,Femenino,1993-12-15 00:00:00,2025-03-24 00:00:00,
Viv Monterrico,18343550,2025-08-01 00:00:00,'-,"Carnes, Pescados, Fiambres, Frutas & Verduras",Repres. De Servicios,Part Time,Femenino,2001-11-27 00:00:00,2025-04-01 00:00:00,
Viv Monterrico,18344016,2025-08-01 00:00:00,'-,"Carnes, Pescados, Fiambres, Frutas & Verduras",Repres. De Servicios,Full Time,Femenino,2001-10-31 00:00:00,2025-04-01 00:00:00,
Viv Monterrico,18396,2025-08-01 00:00:00,'-,"Carnes, Pescados, Fiambres, Frutas & Verduras",Repres. De Servicios I,Full Time,Femenino,1982-06-03 00:00:00,2013-09-09 00:00:00,
Viv Monterrico,18438371,2025-08-01 00:00:00,'-,Cajas,Cajero 5X2,Part Time,Masculino,2004-11-21 00:00:00,2025-04-10 00:00:00,
Viv Monterrico,18488612,2025-08-01 00:00:00,'-,Cajas,Cajero 5X2,Part Time,Femenino,2006-09-20 00:00:00,2025-04-16 00:00:00,
Viv Monterrico,18488757,2025-08-01 00:00:00,'-,Cajas,Cajero 5X2,Part Time,Femenino,2005-07-25 00:00:00,2025-04-16 00:00:00,
Viv Monterrico,18625750,2025-08-01 00:00:00,'-,Cajas,Cajero 5X2,Full Time,Femenino,1986-12-26 00:00:00,2025-04-24 00:00:00,
Viv Monterrico,18625752,2025-08-01 00:00:00,'-,Cajas,Cajero 5X2,Part Time,Masculino,2005-09-30 00:00:00,2025-04-24 00:00:00,
Viv Monterrico,18625784,2025-08-01 00:00:00,'-,Cajas,Asistente De Self Check Out Pt,Part Time,Femenino,2007-03-29 00:00:00,2025-04-24 00:00:00,
Viv Monterrico,18626066,2025-08-01 00:00:00,'-,Cajas,Cajero 6X1,Full Time,Masculino,2004-05-07 00:00:00,2025-04-28 00:00:00,
Viv Monterrico,18626082,2025-08-01 00:00:00,'-,"Carnes, Pescados, Fiambres, Frutas & Verduras",Repres. De Servicios,Part Time,Masculino,2001-07-17 00:00:00,2025-04-28 00:00:00,
Viv Monterrico,18626107,2025-08-01 00:00:00,'-,Cajas,Asistente De Self Check Out Pt,Part Time,Masculino,2002-07-26 00:00:00,2025-04-28 00:00:00,
Viv Monterrico,18633767,2025-08-01 00:00:00,'-,"Carnes, Pescados, Fiambres, Frutas & Verduras",Repres. De Servicios,Part Time,Masculino,2006-03-24 00:00:00,2025-05-02 00:00:00,2025-09-01 00:00:00
Viv Monterrico,18644813,2025-08-01 00:00:00,'-,Cajas,Cajero 3X4,Part Time,Femenino,2000-09-15 00:00:00,2025-05-09 00:00:00,
Viv Monterrico,18678006,2025-08-01 00:00:00,'-,Cajas,Repres. De Servicios,Full Time,Femenino,2007-01-23 00:00:00,2025-05-13 00:00:00,
Viv Monterrico,18693350,2025-08-01 00:00:00,'-,Sala,Repres. De Servicios,Part Time,Masculino,2002-09-30 00:00:00,2025-05-20 00:00:00,
Viv Monterrico,18715415,2025-08-01 00:00:00,'-,Sala,Repres. De Servicios Fds,Part Time,Masculino,2005-03-23 00:00:00,2025-05-28 00:00:00,
Viv Monterrico,18727973,2025-08-01 00:00:00,'-,"Carnes, Pescados, Fiambres, Frutas & Verduras",Repres. De Servicios,Part Time,Masculino,2005-02-12 00:00:00,2025-06-03 00:00:00,2025-08-01 00:00:00
Viv Monterrico,18727974,2025-08-01 00:00:00,'-,Comidas Preparadas Panadería Y Pastelería,Repres. De Servicios,Part Time,Femenino,2005-04-19 00:00:00,2025-06-03 00:00:00,
Viv Monterrico,18743530,2025-08-01 00:00:00,'-,Comidas Preparadas Panadería Y Pastelería,Repres. De Servicios,Part Time,Masculino,2006-08-18 00:00:00,2025-06-10 00:00:00,
Viv Monterrico,18875,2025-08-01 00:00:00,'-,Almacén,Repres. De Servicios I,Full Time,Masculino,1991-06-03 00:00:00,2014-09-18 00:00:00,
Viv Monterrico,202051,2025-08-01 00:00:00,'-,"Carnes, Pescados, Fiambres, Frutas & Verduras",Jefe De Seccion,Full Time,Masculino,1993-01-05 00:00:00,2018-09-01 00:00:00,
Viv Monterrico,202700,2025-08-01 00:00:00,'-,Administración,Subgerente De Tienda,Full Time,Femenino,1998-03-05 00:00:00,2018-08-01 00:00:00,
Viv Monterrico,203493,2025-08-01 00:00:00,'-,Comidas Preparadas Panadería Y Pastelería,Jefe De Seccion,Full Time,Femenino,1993-07-18 00:00:00,2020-03-11 00:00:00,
Viv Monterrico,204123,2025-08-01 00:00:00,'-,Sala,Repres. De Servicios,Full Time,Femenino,1984-11-24 00:00:00,2018-06-26 00:00:00,
Viv Monterrico,21073,2025-08-01 00:00:00,'-,Comidas Preparadas Panadería Y Pastelería,Repres. De Servicios,Full Time,Masculino,1978-11-03 00:00:00,2008-09-01 00:00:00,
Viv Monterrico,21097,2025-08-01 00:00:00,'-,Almacén,Jefe De Seccion Eo,Full Time,Masculino,1965-04-05 00:00:00,1988-04-02 00:00:00,
Viv Monterrico,21184,2025-08-01 00:00:00,'-,Administración,Asistente De Tienda,Full Time,Femenino,1986-05-18 00:00:00,2012-01-05 00:00:00,
Viv Monterrico,21347,2025-08-01 00:00:00,'-,Sala,Repres. De Servicios I,Full Time,Masculino,1979-04-19 00:00:00,2011-02-10 00:00:00,
Viv Monterrico,22090,2025-08-01 00:00:00,'-,Sala,Repres. De Servicios I,Full Time,Femenino,1990-06-24 00:00:00,2019-05-01 00:00:00,
Viv Monterrico,233971,2025-08-01 00:00:00,'-,Cajas,Repres. De Servicios,Full Time,Masculino,1999-06-09 00:00:00,2018-09-14 00:00:00,
Viv Monterrico,235488,2025-08-01 00:00:00,'-,"Carnes, Pescados, Fiambres, Frutas & Verduras",Repres. De Servicios,Full Time,Femenino,1977-09-25 00:00:00,2020-01-01 00:00:00,
Viv Monterrico,241468,2025-08-01 00:00:00,'-,Sala,Especialista En Bebidas,Full Time,Masculino,1985-11-16 00:00:00,2018-11-15 00:00:00,
Viv Monterrico,242902,2025-08-01 00:00:00,'-,Cajas,Supervisor De Cajeros,Full Time,Femenino,2000-09-03 00:00:00,2024-11-25 00:00:00,
Viv Monterrico,245990,2025-08-01 00:00:00,'-,Cajas,Cajero 5X2,Full Time,Masculino,1989-09-26 00:00:00,2018-12-18 00:00:00,
Viv Monterrico,25610,2025-08-01 00:00:00,'-,Sala,Jefe De Seccion,Full Time,Femenino,1995-12-18 00:00:00,2020-02-12 00:00:00,
Viv Monterrico,269011,2025-08-01 00:00:00,'-,Administración,Gerente De Tienda,Full Time,Femenino,1985-09-14 00:00:00,2019-04-01 00:00:00,
Viv Monterrico,27172,2025-08-01 00:00:00,'-,Comidas Preparadas Panadería Y Pastelería,Repres. De Servicios I,Full Time,Femenino,1992-08-05 00:00:00,2015-06-08 00:00:00,
Viv Monterrico,273875,2025-08-01 00:00:00,'-,"Carnes, Pescados, Fiambres, Frutas & Verduras",Repres. De Servicios I,Full Time,Masculino,2000-06-16 00:00:00,2025-07-07 00:00:00,
Viv Monterrico,27570,2025-08-01 00:00:00,'-,Comidas Preparadas Panadería Y Pastelería,Repres. De Servicios,Full Time,Femenino,1979-03-22 00:00:00,2015-09-01 00:00:00,
Viv Monterrico,276932,2025-08-01 00:00:00,'-,Cajas,Representante De Servicio 5X2 D,Part Time,Masculino,1979-03-26 00:00:00,2019-08-02 00:00:00,
Viv Monterrico,284648,2025-08-01 00:00:00,'-,Comidas Preparadas Panadería Y Pastelería,Repres. De Servicios,Full Time,Femenino,1998-01-12 00:00:00,2020-03-01 00:00:00,
Viv Monterrico,299199,2025-08-01 00:00:00,'-,Sala,Representante De Servicio 5X2 D,Part Time,Femenino,1965-08-29 00:00:00,2019-12-10 00:00:00,
Viv Monterrico,31001,2025-08-01 00:00:00,'-,Recepción E Inventarios,Auxiliar De Inventarios,Full Time,Femenino,1993-09-25 00:00:00,2016-01-01 00:00:00,
Viv Monterrico,31936,2025-08-01 00:00:00,'-,Cajas,Supervisor De Cajeros,Full Time,Femenino,1985-02-13 00:00:00,2016-02-01 00:00:00,
Viv Monterrico,34029,2025-08-01 00:00:00,'-,Comidas Preparadas Panadería Y Pastelería,Maestro En Panaderia,Full Time,Masculino,1990-06-01 00:00:00,2016-02-15 00:00:00,
Viv Monterrico,34551,2025-08-01 00:00:00,'-,Recepción,Repres. De Servicios,Full Time,Femenino,1987-11-06 00:00:00,2016-02-17 00:00:00,
Viv Monterrico,36599,2025-08-01 00:00:00,'-,"Carnes, Pescados, Fiambres, Frutas & Verduras",Repres. De Servicios,Full Time,Femenino,1982-11-15 00:00:00,2016-03-02 00:00:00,
Viv Monterrico,3705,2025-08-01 00:00:00,'-,Administración,Jefe Entrenador,Full Time,Masculino,1968-12-14 00:00:00,2004-04-01 00:00:00,
Viv Monterrico,38464,2025-08-01 00:00:00,'-,Cajas,Cajero 5X2,Full Time,Femenino,1976-11-28 00:00:00,2018-02-01 00:00:00,
Viv Monterrico,40160,2025-08-01 00:00:00,'-,Cajas,Repres. De Servicios,Part Time,Masculino,1992-12-07 00:00:00,2016-05-04 00:00:00,
Viv Monterrico,4176,2025-08-01 00:00:00,'-,Cajas,Repres. De Servicios,Full Time,Masculino,1969-09-15 00:00:00,2013-07-10 00:00:00,
Viv Monterrico,41959,2025-08-01 00:00:00,'-,"Carnes, Pescados, Fiambres, Frutas & Verduras",Repres. De Servicios,Full Time,Femenino,1973-06-24 00:00:00,2016-07-08 00:00:00,
Viv Monterrico,51730,2025-08-01 00:00:00,'-,"Carnes, Pescados, Fiambres, Frutas & Verduras",Repres. De Servicios I,Full Time,Femenino,1994-11-10 00:00:00,2019-05-01 00:00:00,
Viv Monterrico,51793,2025-08-01 00:00:00,'-,Administración,Coordinador De Operaciones Iga,Full Time,Femenino,1993-11-12 00:00:00,2022-02-01 00:00:00,
Viv Monterrico,6265241,2025-08-01 00:00:00,'-,Cajas,Cajero 6X1,Full Time,Masculino,2002-02-28 00:00:00,2025-04-01 00:00:00,
Viv Monterrico,6990,2025-08-01 00:00:00,'-,Comidas Preparadas Panadería Y Pastelería,Repres. De Servicios Eo,Full Time,Masculino,1964-03-29 00:00:00,2007-09-01 00:00:00,
Viv Monterrico,7178,2025-08-01 00:00:00,'-,Comidas Preparadas Panadería Y Pastelería,Repres. De Servicios,Full Time,Femenino,1991-04-30 00:00:00,2012-04-01 00:00:00,
Viv Monterrico,7280,2025-08-01 00:00:00,'-,"Carnes, Pescados, Fiambres, Frutas & Verduras",Repres. De Servicios Eo,Full Time,Femenino,1962-07-30 00:00:00,1997-12-01 00:00:00,
Viv Monterrico,7325,2025-08-01 00:00:00,'-,Cajas,Supervisor De Cajeros,Full Time,Femenino,1992-07-21 00:00:00,2019-11-29 00:00:00,
Viv Monterrico,8668,2025-08-01 00:00:00,'-,Sala,Repres. De Servicios,Full Time,Femenino,1983-02-21 00:00:00,2020-02-26 00:00:00,
Viv Monterrico,9517389,2025-08-01 00:00:00,'-,Cajas,Cajero 3X4,Part Time,Femenino,2002-04-29 00:00:00,2021-11-30 00:00:00,
Viv Monterrico,9734259,2025-08-01 00:00:00,'-,Sala,Repres. De Servicios,Part Time,Femenino,2001-04-22 00:00:00,2022-01-21 00:00:00,
Viv Monterrico,9864173,2025-08-01 00:00:00,'-,Cajas,Asistente De Self Check Out Pt,Part Time,Masculino,2002-04-18 00:00:00,2024-02-21 00:00:00,
Pvea Miraflores,108279,2025-07-01 00:00:00,'-,Almacén,Repres. De Servicios,Full Time,Masculino,1999-06-19 00:00:00,2024-11-01 00:00:00,
Pvea Miraflores,10922,2025-07-01 00:00:00,'-,Administración,Subgerente De Tienda,Full Time,Masculino,1989-05-26 00:00:00,2008-04-02 00:00:00,
Pvea Miraflores,11244,2025-07-01 00:00:00,'-,Recepción E Inventarios,Auxiliar De Inventarios,Full Time,Masculino,1992-07-22 00:00:00,2013-07-11 00:00:00,
Pvea Miraflores,11334373,2025-07-01 00:00:00,'-,Cajas,Multifuncional,Full Time,Masculino,2002-06-23 00:00:00,2024-07-01 00:00:00,
Pvea Miraflores,11467819,2025-07-01 00:00:00,'-,Sala Frescos,Repres. De Servicios,Part Time,Femenino,2002-08-04 00:00:00,2022-10-26 00:00:00,
Pvea Miraflores,11471369,2025-07-01 00:00:00,'-,Cajas,Multifuncional 5X2 1Er Turno,Part Time,Masculino,2001-11-07 00:00:00,2022-10-28 00:00:00,
Pvea Miraflores,11639932,2025-07-01 00:00:00,'-,Sala Frescos,Repres. De Servicios,Part Time,Masculino,2004-11-02 00:00:00,2023-01-24 00:00:00,
Pvea Miraflores,11640264,2025-07-01 00:00:00,'-,Cajas,Asistente De Self Check Out Pt,Part Time,Masculino,2002-09-28 00:00:00,2022-12-01 00:00:00,
Pvea Miraflores,11670565,2025-07-01 00:00:00,'-,Cajas,Multifuncional,Part Time,Femenino,1990-06-09 00:00:00,2022-12-06 00:00:00,
Pvea Miraflores,11721792,2025-07-01 00:00:00,'-,Sala Frescos,Repres. De Servicios,Full Time,Masculino,2002-04-17 00:00:00,2024-04-03 00:00:00,
Pvea Miraflores,1173,2025-07-01 00:00:00,'-,Sala Frescos,Repres. De Servicios I,Full Time,Femenino,1980-08-21 00:00:00,2014-08-05 00:00:00,
Pvea Miraflores,11755194,2025-07-01 00:00:00,'-,Cajas,Multifuncional 5X2 1Er Turno,Part Time,Femenino,2004-07-24 00:00:00,2023-01-13 00:00:00,
Pvea Miraflores,11919846,2025-07-01 00:00:00,'-,Recepción,Repres. De Servicios,Full Time,Masculino,2004-10-27 00:00:00,2024-05-01 00:00:00,
Pvea Miraflores,11966958,2025-07-01 00:00:00,'-,Sala Frescos,Repres. De Servicios,Full Time,Masculino,1998-10-25 00:00:00,2023-03-10 00:00:00,
Pvea Miraflores,11967461,2025-07-01 00:00:00,'-,Cajas,Multifuncional 5X2,Part Time,Masculino,2002-12-08 00:00:00,2024-03-26 00:00:00,
Pvea Miraflores,11968470,2025-07-01 00:00:00,'-,Sala Frescos,Repres. De Servicios,Full Time,Femenino,2004-12-19 00:00:00,2023-03-21 00:00:00,
Pvea Miraflores,1197572,2025-07-01 00:00:00,'-,Recepción E Inventarios,Auxiliar De Inventarios,Full Time,Masculino,1996-10-18 00:00:00,2024-05-06 00:00:00,
Pvea Miraflores,11975834,2025-07-01 00:00:00,'-,Sala Frescos,Repres. De Servicios,Full Time,Femenino,1990-07-17 00:00:00,2023-03-24 00:00:00,
Pvea Miraflores,11995789,2025-07-01 00:00:00,'-,Almacén Frescos,Repres. De Servicios I,Full Time,Masculino,2001-01-20 00:00:00,2024-04-01 00:00:00,
Pvea Miraflores,12020890,2025-07-01 00:00:00,'-,Sala Frescos,Repres. De Servicios,Full Time,Femenino,2004-08-03 00:00:00,2023-04-05 00:00:00,
Pvea Miraflores,12064373,2025-07-01 00:00:00,'-,Sala Frescos,Repres. De Servicios,Full Time,Masculino,1995-10-25 00:00:00,2024-04-01 00:00:00,
Pvea Miraflores,12069362,2025-07-01 00:00:00,'-,Almacén,Repres. De Servicios,Part Time,Masculino,2003-04-10 00:00:00,2023-04-20 00:00:00,
Pvea Miraflores,12103937,2025-07-01 00:00:00,'-,Almacén Frescos,Repres. De Servicios,Full Time,Masculino,1993-04-22 00:00:00,2023-04-27 00:00:00,
Pvea Miraflores,12179662,2025-07-01 00:00:00,'-,Sala Frescos,Chef,Full Time,Femenino,2004-05-07 00:00:00,2024-07-01 00:00:00,
Pvea Miraflores,12179728,2025-07-01 00:00:00,'-,Sala,Multifuncional,Full Time,Masculino,1991-06-16 00:00:00,2025-03-01 00:00:00,
Pvea Miraflores,12302,2025-07-01 00:00:00,'-,Recepción,Repres. De Servicios,Full Time,Masculino,1974-10-26 00:00:00,2019-01-22 00:00:00,
Pvea Miraflores,12341116,2025-07-01 00:00:00,'-,Cajas,Multifuncional 5X2 1Er Turno,Part Time,Femenino,2002-07-31 00:00:00,2023-07-14 00:00:00,
Pvea Miraflores,12478604,2025-07-01 00:00:00,'-,Cajas,Multifuncional 5X2,Part Time,Masculino,2003-06-28 00:00:00,2023-08-17 00:00:00,
Pvea Miraflores,12660368,2025-07-01 00:00:00,'-,Cajas,Multifuncional,Full Time,Masculino,2003-03-30 00:00:00,2025-04-01 00:00:00,
Pvea Miraflores,12930960,2025-07-01 00:00:00,'-,Cajas,Multifuncional,Full Time,Femenino,2003-02-02 00:00:00,2024-06-01 00:00:00,
Pvea Miraflores,13218619,2025-07-01 00:00:00,'-,Cajas,Multifuncional 5X2 1Er Turno,Part Time,Femenino,1992-08-16 00:00:00,2023-11-03 00:00:00,
Pvea Miraflores,13800552,2025-07-01 00:00:00,'-,Almacén Frescos,Repres. De Servicios,Full Time,Masculino,1975-09-29 00:00:00,2024-01-10 00:00:00,
Pvea Miraflores,14000816,2025-07-01 00:00:00,'-,Sala Frescos,Repres. De Servicios,Full Time,Femenino,2002-09-16 00:00:00,2024-02-06 00:00:00,
Pvea Miraflores,14000818,2025-07-01 00:00:00,'-,Sala,Multifuncional 5X2 1Er Turno,Part Time,Masculino,2003-05-09 00:00:00,2024-02-06 00:00:00,
Pvea Miraflores,14029100,2025-07-01 00:00:00,'-,Recepción E Inventarios,Auxiliar De Inventarios,Full Time,Masculino,1996-08-14 00:00:00,2024-02-07 00:00:00,
Pvea Miraflores,14198239,2025-07-01 00:00:00,'-,Sala Frescos,Repres. De Servicios,Part Time,Femenino,2005-08-10 00:00:00,2024-02-14 00:00:00,
Pvea Miraflores,14234670,2025-07-01 00:00:00,'-,Cajas,Multifuncional 5X2,Part Time,Masculino,2002-08-01 00:00:00,2024-11-25 00:00:00,
Pvea Miraflores,14574,2025-07-01 00:00:00,'-,Sala,Repres. De Servicios I,Full Time,Masculino,1969-09-18 00:00:00,2013-09-19 00:00:00,
Pvea Miraflores,14662123,2025-07-01 00:00:00,'-,Cajas,Multifuncional,Full Time,Femenino,2002-11-02 00:00:00,2025-03-01 00:00:00,
Pvea Miraflores,14683987,2025-07-01 00:00:00,'-,Cajas,Supervisor De Cajeros,Full Time,Femenino,2003-01-11 00:00:00,2025-01-01 00:00:00,
Pvea Miraflores,14684378,2025-07-01 00:00:00,'-,Cajas,Multifuncional Fds,Part Time,Femenino,2004-11-16 00:00:00,2024-03-15 00:00:00,
Pvea Miraflores,14788217,2025-07-01 00:00:00,'-,Cajas,Multifuncional,Full Time,Femenino,1998-11-15 00:00:00,2025-04-01 00:00:00,
Pvea Miraflores,14788228,2025-07-01 00:00:00,'-,Sala Frescos,Repres. De Servicios,Full Time,Femenino,1971-12-13 00:00:00,2024-07-01 00:00:00,
Pvea Miraflores,14830,2025-07-01 00:00:00,'-,Cajas,Jefe De Seccion,Full Time,Femenino,1987-04-02 00:00:00,2014-02-12 00:00:00,
Pvea Miraflores,14858577,2025-07-01 00:00:00,'-,Electro,Repres. De Servicios,Full Time,Masculino,2006-01-14 00:00:00,2024-09-01 00:00:00,
Pvea Miraflores,14858766,2025-07-01 00:00:00,'-,Sala Frescos,Repres. De Servicios,Full Time,Femenino,1975-10-04 00:00:00,2025-01-01 00:00:00,
Pvea Miraflores,14860022,2025-07-01 00:00:00,'-,Cajas,Asistente De Self Check Out Pt,Part Time,Femenino,2004-12-28 00:00:00,2024-03-26 00:00:00,
Pvea Miraflores,15329,2025-07-01 00:00:00,'-,Sala Frescos,Repres. De Servicios,Full Time,Masculino,1980-09-20 00:00:00,2014-10-15 00:00:00,
Pvea Miraflores,15345714,2025-07-01 00:00:00,'-,Almacén Frescos,Repres. De Servicios,Full Time,Masculino,2001-09-15 00:00:00,2024-04-24 00:00:00,
Pvea Miraflores,15470720,2025-07-01 00:00:00,'-,Sala,Multifuncional,Part Time,Femenino,2005-07-13 00:00:00,2024-04-29 00:00:00,
Pvea Miraflores,15661786,2025-07-01 00:00:00,'-,Cajas,Asistente De Self Check Out Pt,Part Time,Femenino,2004-04-09 00:00:00,2024-05-08 00:00:00,
Pvea Miraflores,15853619,2025-07-01 00:00:00,'-,Sala,Multifuncional,Full Time,Masculino,1990-03-27 00:00:00,2025-06-01 00:00:00,
Pvea Miraflores,15874352,2025-07-01 00:00:00,'-,Cajas,Multifuncional 5X2 1Er Turno,Part Time,Masculino,2003-05-10 00:00:00,2024-05-23 00:00:00,
Pvea Miraflores,15968821,2025-07-01 00:00:00,'-,Cajas,Multifuncional,Part Time,Masculino,2005-06-04 00:00:00,2024-06-04 00:00:00,
Pvea Miraflores,15985097,2025-07-01 00:00:00,'-,Sala Frescos,Repres. De Servicios,Part Time,Masculino,2002-01-04 00:00:00,2024-06-06 00:00:00,
Pvea Miraflores,16025222,2025-07-01 00:00:00,'-,Sala,Multifuncional,Part Time,Masculino,2006-03-03 00:00:00,2024-06-17 00:00:00,
Pvea Miraflores,16069169,2025-07-01 00:00:00,'-,Sala Frescos,Repres. De Servicios,Part Time,Femenino,2001-06-26 00:00:00,2024-06-28 00:00:00,
Pvea Miraflores,16480681,2025-07-01 00:00:00,'-,Cajas,Multifuncional Fds,Part Time,Masculino,2005-02-13 00:00:00,2024-08-02 00:00:00,
Pvea Miraflores,16599143,2025-07-01 00:00:00,'-,Sala Frescos,Repres. De Servicios,Part Time,Masculino,1979-07-19 00:00:00,2024-08-09 00:00:00,
Pvea Miraflores,167,2025-07-01 00:00:00,'-,Administración,Asistente De Tienda,Full Time,Femenino,1982-10-31 00:00:00,2005-05-01 00:00:00,
Pvea Miraflores,16858680,2025-07-01 00:00:00,'-,Electro,Vendedor Part Time 5X2,Part Time,Masculino,2005-05-14 00:00:00,2025-06-01 00:00:00,
Pvea Miraflores,16867095,2025-07-01 00:00:00,'-,Cajas,Multifuncional 5X2 1Er Turno,Part Time,Femenino,2006-03-15 00:00:00,2024-09-11 00:00:00,
Pvea Miraflores,17014057,2025-07-01 00:00:00,'-,Sala Frescos,Repres. De Servicios,Full Time,Femenino,2004-06-19 00:00:00,2025-03-01 00:00:00,
Pvea Miraflores,17293470,2025-07-01 00:00:00,'-,Cajas,Multifuncional,Full Time,Femenino,2006-10-08 00:00:00,2025-06-01 00:00:00,
Pvea Miraflores,17304094,2025-07-01 00:00:00,'-,Recepción,Repres. De Servicios,Full Time,Masculino,2004-07-30 00:00:00,2025-05-01 00:00:00,
Pvea Miraflores,17304197,2025-07-01 00:00:00,'-,Sala Frescos,Repres. De Servicios Fds,Part Time,Femenino,2003-10-09 00:00:00,2024-10-25 00:00:00,2025-07-31 00:00:00
Pvea Miraflores,17468662,2025-07-01 00:00:00,'-,Cajas,Multifuncional 5X2,Part Time,Masculino,2005-08-19 00:00:00,2024-11-12 00:00:00,
Pvea Miraflores,17469240,2025-07-01 00:00:00,'-,Sala Frescos,Repres. De Servicios Fds,Part Time,Femenino,1993-11-13 00:00:00,2024-11-12 00:00:00,
Pvea Miraflores,17533975,2025-07-01 00:00:00,'-,Cajas,Multifuncional,Full Time,Femenino,2005-09-08 00:00:00,2024-11-18 00:00:00,
Pvea Miraflores,17533983,2025-07-01 00:00:00,'-,Cajas,Representante De Servicio 5X2 D,Part Time,Masculino,1995-04-11 00:00:00,2024-11-19 00:00:00,
Pvea Miraflores,17539280,2025-07-01 00:00:00,'-,Almacén,Repres. De Servicios,Full Time,Masculino,2006-02-26 00:00:00,2024-11-21 00:00:00,
Pvea Miraflores,17577248,2025-07-01 00:00:00,'-,Cajas,Multifuncional 5X2 1Er Turno,Part Time,Femenino,2002-04-09 00:00:00,2024-11-25 00:00:00,
Pvea Miraflores,17640369,2025-07-01 00:00:00,'-,Cajas,Multifuncional,Full Time,Femenino,1990-05-27 00:00:00,2024-11-25 00:00:00,
Pvea Miraflores,17657,2025-07-01 00:00:00,'-,Recepción E Inventarios,Auxiliar De Inventarios,Full Time,Masculino,1984-11-17 00:00:00,2011-09-05 00:00:00,
Pvea Miraflores,17661583,2025-07-01 00:00:00,'-,Cajas,Multifuncional Fds,Part Time,Femenino,2006-11-10 00:00:00,2024-11-27 00:00:00,
Pvea Miraflores,17732286,2025-07-01 00:00:00,'-,Cajas,Multifuncional,Part Time,Femenino,1988-11-21 00:00:00,2024-12-06 00:00:00,
Pvea Miraflores,17732520,2025-07-01 00:00:00,'-,Cajas,Repres. De Servicios,Full Time,Femenino,2001-07-23 00:00:00,2024-12-06 00:00:00,
Pvea Miraflores,17732526,2025-07-01 00:00:00,'-,Cajas,Repres. De Servicios,Full Time,Femenino,2004-07-24 00:00:00,2024-12-06 00:00:00,
Pvea Miraflores,17782950,2025-07-01 00:00:00,'-,Cajas,Multifuncional 5X2 1Er Turno,Part Time,Femenino,2006-09-27 00:00:00,2024-12-11 00:00:00,
Pvea Miraflores,17833376,2025-07-01 00:00:00,'-,Cajas,Multifuncional Fds,Part Time,Masculino,2002-02-20 00:00:00,2024-12-17 00:00:00,2025-07-25 00:00:00
Pvea Miraflores,17835529,2025-07-01 00:00:00,'-,Cajas,Multifuncional,Part Time,Femenino,1979-03-14 00:00:00,2024-12-19 00:00:00,
Pvea Miraflores,17861149,2025-07-01 00:00:00,'-,Cajas,Multifuncional,Part Time,Masculino,2006-03-29 00:00:00,2024-12-23 00:00:00,
Pvea Miraflores,17955881,2025-07-01 00:00:00,'-,Sala,Repres. De Servicios,Part Time,Masculino,2002-06-08 00:00:00,2025-01-23 00:00:00,
Pvea Miraflores,17994413,2025-07-01 00:00:00,'-,Cajas,Repres. De Servicios,Full Time,Masculino,2004-08-28 00:00:00,2025-01-30 00:00:00,2025-07-31 00:00:00
Pvea Miraflores,17994414,2025-07-01 00:00:00,'-,Cajas,Repres. De Servicios,Full Time,Femenino,1982-12-18 00:00:00,2025-01-30 00:00:00,
Pvea Miraflores,18025321,2025-07-01 00:00:00,'-,Cajas,Repres. De Servicios,Full Time,Femenino,2005-04-07 00:00:00,2025-02-05 00:00:00,2025-07-31 00:00:00
Pvea Miraflores,18028642,2025-07-01 00:00:00,'-,Sala Frescos,Repres. De Servicios,Full Time,Femenino,2006-08-25 00:00:00,2025-02-06 00:00:00,
Pvea Miraflores,18069864,2025-07-01 00:00:00,'-,Sala Frescos,Repres. De Servicios,Full Time,Femenino,2005-01-12 00:00:00,2025-02-13 00:00:00,
Pvea Miraflores,18085472,2025-07-01 00:00:00,'-,Sala,Repres. De Servicios,Part Time,Femenino,2007-01-17 00:00:00,2025-02-14 00:00:00,
Pvea Miraflores,18085473,2025-07-01 00:00:00,'-,Sala,Multifuncional,Part Time,Masculino,2005-10-09 00:00:00,2025-02-14 00:00:00,2025-07-15 00:00:00
Pvea Miraflores,18154,2025-07-01 00:00:00,'-,Sala Frescos,Repres. De Servicios,Part Time,Masculino,1995-05-26 00:00:00,2024-07-01 00:00:00,
Pvea Miraflores,18329320,2025-07-01 00:00:00,'-,Sala Frescos,Repres. De Servicios,Full Time,Femenino,1977-06-11 00:00:00,2025-03-21 00:00:00,
Pvea Miraflores,18329438,2025-07-01 00:00:00,'-,Almacén,Repres. De Servicios,Part Time,Masculino,2005-01-22 00:00:00,2025-03-21 00:00:00,
Pvea Miraflores,18329446,2025-07-01 00:00:00,'-,Recepción,Repres. De Servicios,Part Time,Masculino,2000-06-12 00:00:00,2025-03-21 00:00:00,
Pvea Miraflores,18329447,2025-07-01 00:00:00,'-,Sala,Repres. De Servicios,Part Time,Femenino,2006-05-20 00:00:00,2025-03-21 00:00:00,
Pvea Miraflores,18329456,2025-07-01 00:00:00,'-,Sala Frescos,Repres. De Servicios,Part Time,Femenino,1977-10-13 00:00:00,2025-03-21 00:00:00,
Pvea Miraflores,18339022,2025-07-01 00:00:00,'-,Sala,Repres. De Servicios 5X2 Eo,Part Time,Femenino,1959-10-19 00:00:00,2025-03-24 00:00:00,
Pvea Miraflores,18341093,2025-07-01 00:00:00,'-,Sala Frescos,Repres. De Servicios,Full Time,Femenino,2006-12-24 00:00:00,2025-03-31 00:00:00,2025-07-15 00:00:00
Pvea Miraflores,18625870,2025-07-01 00:00:00,'-,Cajas,Multifuncional,Part Time,Masculino,2003-08-30 00:00:00,2025-04-25 00:00:00,2025-07-25 00:00:00
Pvea Miraflores,18625893,2025-07-01 00:00:00,'-,Sala Frescos,Repres. De Servicios,Part Time,Femenino,2003-01-17 00:00:00,2025-04-25 00:00:00,
Pvea Miraflores,18625894,2025-07-01 00:00:00,'-,Sala Frescos,Repres. De Servicios,Part Time,Femenino,2006-03-14 00:00:00,2025-04-25 00:00:00,
Pvea Miraflores,18625925,2025-07-01 00:00:00,'-,Cajas,Multifuncional,Full Time,Masculino,1997-06-21 00:00:00,2025-04-25 00:00:00,
Pvea Miraflores,18628261,2025-07-01 00:00:00,'-,Cajas,Multifuncional,Part Time,Masculino,2006-10-05 00:00:00,2025-04-29 00:00:00,
Pvea Miraflores,18628307,2025-07-01 00:00:00,'-,Cajas,Multifuncional,Full Time,Femenino,1977-06-26 00:00:00,2025-04-29 00:00:00,
Pvea Miraflores,18633780,2025-07-01 00:00:00,'-,Cajas,Multifuncional 5X2,Part Time,Femenino,1997-03-11 00:00:00,2025-05-02 00:00:00,
Pvea Miraflores,18633781,2025-07-01 00:00:00,'-,Cajas,Multifuncional,Full Time,Femenino,2006-01-10 00:00:00,2025-05-02 00:00:00,
Pvea Miraflores,18633816,2025-07-01 00:00:00,'-,Cajas,Multifuncional Fds,Part Time,Masculino,2004-10-10 00:00:00,2025-05-02 00:00:00,
Pvea Miraflores,18680002,2025-07-01 00:00:00,'-,Sala Frescos,Repres. De Servicios,Part Time,Femenino,2005-04-01 00:00:00,2025-05-14 00:00:00,
Pvea Miraflores,18691393,2025-07-01 00:00:00,'-,Almacén,Repres. De Servicios,Part Time,Masculino,2004-03-02 00:00:00,2025-05-19 00:00:00,
Pvea Miraflores,18691397,2025-07-01 00:00:00,'-,Sala Frescos,Repres. De Servicios,Part Time,Femenino,1995-02-24 00:00:00,2025-05-19 00:00:00,2025-07-01 00:00:00
Pvea Miraflores,18704492,2025-07-01 00:00:00,'-,Cajas,Asistente De Self Check Out,Full Time,Femenino,1999-12-02 00:00:00,2025-05-23 00:00:00,
Pvea Miraflores,18833557,2025-07-01 00:00:00,'-,Sala Frescos,Repres. De Servicios,Full Time,Masculino,1975-02-13 00:00:00,2025-07-09 00:00:00,2025-07-31 00:00:00
Pvea Miraflores,18833588,2025-07-01 00:00:00,'-,Sala Frescos,Repres. De Servicios,Part Time,Femenino,2007-04-29 00:00:00,2025-07-09 00:00:00,
Pvea Miraflores,18833623,2025-07-01 00:00:00,'-,Sala Frescos,Repres. De Servicios,Part Time,Masculino,2005-01-16 00:00:00,2025-07-09 00:00:00,
Pvea Miraflores,18833652,2025-07-01 00:00:00,'-,Sala Frescos,Repres. De Servicios,Part Time,Femenino,2004-03-03 00:00:00,2025-07-09 00:00:00,
Pvea Miraflores,18837948,2025-07-01 00:00:00,'-,Almacén Frescos,Repres. De Servicios,Part Time,Masculino,2004-05-16 00:00:00,2025-07-11 00:00:00,
Pvea Miraflores,18837955,2025-07-01 00:00:00,'-,Sala Frescos,Repres. De Servicios,Part Time,Femenino,2005-10-07 00:00:00,2025-07-11 00:00:00,
Pvea Miraflores,18837963,2025-07-01 00:00:00,'-,Sala Frescos,Repres. De Servicios,Full Time,Masculino,2002-04-05 00:00:00,2025-07-11 00:00:00,
Pvea Miraflores,18838227,2025-07-01 00:00:00,'-,Sala Frescos,Repres. De Servicios,Part Time,Femenino,2007-06-07 00:00:00,2025-07-11 00:00:00,
Pvea Miraflores,18875095,2025-07-01 00:00:00,'-,Sala Frescos,Repres. De Servicios,Part Time,Masculino,2007-02-25 00:00:00,2025-07-18 00:00:00,
Pvea Miraflores,18904941,2025-07-01 00:00:00,'-,Recepción,Repres. De Servicios,Part Time,Masculino,2001-09-27 00:00:00,2025-07-22 00:00:00,
Pvea Miraflores,18904943,2025-07-01 00:00:00,'-,Sala Frescos,Repres. De Servicios,Part Time,Femenino,2005-04-14 00:00:00,2025-07-22 00:00:00,
Pvea Miraflores,18904963,2025-07-01 00:00:00,'-,Almacén,Repres. De Servicios,Part Time,Masculino,2005-02-18 00:00:00,2025-07-22 00:00:00,
Pvea Miraflores,203013,2025-07-01 00:00:00,'-,Electro,Vendedor,Full Time,Femenino,1968-11-24 00:00:00,2018-05-23 00:00:00,
Pvea Miraflores,203489,2025-07-01 00:00:00,'-,Cajas,Supervisor De Cajeros,Full Time,Femenino,1991-08-18 00:00:00,2025-05-01 00:00:00,
Pvea Miraflores,21147,2025-07-01 00:00:00,'-,Sala Frescos,Repres. De Servicios,Full Time,Masculino,1978-04-26 00:00:00,2011-03-01 00:00:00,
Pvea Miraflores,21448,2025-07-01 00:00:00,'-,Electro,Jefe De Seccion,Full Time,Femenino,1974-03-22 00:00:00,2012-10-01 00:00:00,
Pvea Miraflores,244437,2025-07-01 00:00:00,'-,Cajas,Supervisor De Cajeros,Full Time,Masculino,2000-05-19 00:00:00,2024-01-19 00:00:00,
Pvea Miraflores,24708,2025-07-01 00:00:00,'-,Administración,Gerente De Tienda,Full Time,Masculino,1975-09-22 00:00:00,2003-04-04 00:00:00,
Pvea Miraflores,25760,2025-07-01 00:00:00,'-,Almacén,Repres. De Servicios I,Full Time,Femenino,1973-10-12 00:00:00,2014-06-16 00:00:00,
Pvea Miraflores,272289,2025-07-01 00:00:00,'-,Cajas,Supervisor De Cajeros,Full Time,Femenino,2000-01-19 00:00:00,2025-05-01 00:00:00,
Pvea Miraflores,298588,2025-07-01 00:00:00,'-,Sala,Multifuncional 5X2 1Er Turno,Part Time,Femenino,1985-12-22 00:00:00,2024-12-02 00:00:00,
Pvea Miraflores,301805,2025-07-01 00:00:00,'-,Sala,Multifuncional,Full Time,Masculino,1995-12-13 00:00:00,2020-01-20 00:00:00,
Pvea Miraflores,304408,2025-07-01 00:00:00,'-,Almacén Frescos,Repres. De Servicios I,Full Time,Femenino,1992-12-05 00:00:00,2020-02-17 00:00:00,
Pvea Miraflores,31455,2025-07-01 00:00:00,'-,Sala Frescos,Jefe De Seccion,Full Time,Masculino,1981-11-10 00:00:00,2016-01-18 00:00:00,
Pvea Miraflores,34546,2025-07-01 00:00:00,'-,Sala Frescos,Repres. De Servicios,Full Time,Femenino,1967-05-24 00:00:00,2016-02-17 00:00:00,
Pvea Miraflores,36202,2025-07-01 00:00:00,'-,Sala Frescos,Repres. De Servicios,Full Time,Femenino,1992-05-22 00:00:00,2016-03-02 00:00:00,
Pvea Miraflores,3707,2025-07-01 00:00:00,'-,Administración,Asistente De Tienda,Full Time,Femenino,1974-10-22 00:00:00,2003-09-01 00:00:00,
Pvea Miraflores,41844,2025-07-01 00:00:00,'-,Sala Frescos,Repres. De Servicios,Full Time,Masculino,1984-09-10 00:00:00,2016-07-04 00:00:00,
Pvea Miraflores,42739,2025-07-01 00:00:00,'-,Sala,Jefe De Seccion,Full Time,Femenino,1998-06-14 00:00:00,2016-08-01 00:00:00,
Pvea Miraflores,4486016,2025-07-01 00:00:00,'-,Sala Frescos,Jefe De Seccion,Full Time,Femenino,1997-11-16 00:00:00,2020-06-03 00:00:00,
Pvea Miraflores,55309,2025-07-01 00:00:00,'-,Sala Frescos,Repres. De Servicios,Full Time,Femenino,1990-10-28 00:00:00,2020-02-01 00:00:00,2025-07-31 00:00:00
Pvea Miraflores,7318884,2025-07-01 00:00:00,'-,Cajas,Multifuncional 5X2 1Er Turno,Part Time,Femenino,1995-02-25 00:00:00,2021-09-22 00:00:00,
Pvea Miraflores,7319531,2025-07-01 00:00:00,'-,Sala,Multifuncional,Full Time,Masculino,1999-05-16 00:00:00,2023-01-01 00:00:00,
Pvea Miraflores,7319542,2025-07-01 00:00:00,'-,Sala,Jefe De Seccion,Full Time,Femenino,2001-05-26 00:00:00,2022-11-01 00:00:00,
Pvea Miraflores,7319599,2025-07-01 00:00:00,'-,Sala,Multifuncional,Full Time,Masculino,2000-02-10 00:00:00,2025-02-01 00:00:00,
Pvea Miraflores,7333556,2025-07-01 00:00:00,'-,Sala,Repres. De Servicios,Part Time,Femenino,2003-05-19 00:00:00,2024-12-11 00:00:00,
Pvea Miraflores,7333607,2025-07-01 00:00:00,'-,Cajas,Asistente De Self Check Out Pt,Part Time,Femenino,1979-09-11 00:00:00,2021-09-22 00:00:00,
Pvea Miraflores,7333614,2025-07-01 00:00:00,'-,Cajas,Multifuncional,Full Time,Femenino,2003-03-03 00:00:00,2023-08-01 00:00:00,
Pvea Miraflores,811,2025-07-01 00:00:00,'-,Sala,Especialista En Bebidas,Full Time,Masculino,1977-11-17 00:00:00,2016-07-13 00:00:00,
Pvea Miraflores,8350959,2025-07-01 00:00:00,'-,Sala Frescos,Repres. De Servicios I,Full Time,Masculino,1999-05-04 00:00:00,2023-05-01 00:00:00,
Pvea Miraflores,8682,2025-07-01 00:00:00,'-,Sala Frescos,Jefe De Seccion,Full Time,Femenino,1974-09-05 00:00:00,2018-08-03 00:00:00,
Pvea Miraflores,919,2025-07-01 00:00:00,'-,Sala Frescos,Repres. De Servicios,Full Time,Femenino,1973-08-07 00:00:00,2014-05-05 00:00:00,
Pvea Miraflores,9278728,2025-07-01 00:00:00,'-,Sala,Multifuncional 5X2 1Er Turno,Part Time,Femenino,1989-10-12 00:00:00,2021-11-02 00:00:00,
Pvea Miraflores,9481430,2025-07-01 00:00:00,'-,Almacén,Repres. De Servicios I,Full Time,Masculino,1999-08-02 00:00:00,2025-01-31 00:00:00,
Pvea Miraflores,9518850,2025-07-01 00:00:00,'-,Sala Frescos,Repres. De Servicios,Part Time,Femenino,2001-09-05 00:00:00,2022-01-10 00:00:00,
Pvea Miraflores,98053,2025-07-01 00:00:00,'-,Cajas,Supervisor De Cajeros,Full Time,Masculino,1982-02-15 00:00:00,2019-03-05 00:00:00,
Pvea Miraflores,98931,2025-07-01 00:00:00,'-,Cajas,Multifuncional Eo,Full Time,Masculino,1960-11-16 00:00:00,2017-08-01 00:00:00,
Pvea Miraflores,99177,2025-07-01 00:00:00,'-,Almacén,Jefe De Seccion,Full Time,Masculino,1998-07-09 00:00:00,2021-08-24 00:00:00,
Svea Corpac,103603,2025-07-01 00:00:00,'-,Cajas,Cajero 5X2,Part Time,Masculino,1986-06-08 00:00:00,2017-09-13 00:00:00,
Svea Corpac,104636,2025-07-01 00:00:00,'-,Almacén Frescos,Repres. De Servicios,Full Time,Femenino,1980-07-16 00:00:00,2023-06-15 00:00:00,
Svea Corpac,11405933,2025-07-01 00:00:00,'-,Recepción E Inventarios,Auxiliar De Inventarios,Full Time,Masculino,2002-08-30 00:00:00,2023-02-01 00:00:00,
Svea Corpac,11511916,2025-07-01 00:00:00,'-,Cajas,Supervisor De Cajeros,Full Time,Masculino,2002-07-16 00:00:00,2024-04-01 00:00:00,
Svea Corpac,1198235,2025-07-01 00:00:00,'-,Sala,Jefe De Seccion,Full Time,Femenino,1994-03-19 00:00:00,2020-03-17 00:00:00,
Svea Corpac,12301310,2025-07-01 00:00:00,'-,Cajas,Cajero 5X2,Part Time,Femenino,2004-08-03 00:00:00,2023-06-22 00:00:00,
Svea Corpac,12309872,2025-07-01 00:00:00,'-,Cajas,Repres. De Servicios,Part Time,Femenino,2001-11-20 00:00:00,2023-06-27 00:00:00,
Svea Corpac,12310210,2025-07-01 00:00:00,'-,Cajas,Cajero 5X2,Part Time,Femenino,2005-01-14 00:00:00,2023-06-27 00:00:00,2025-07-31 00:00:00
Svea Corpac,12352460,2025-07-01 00:00:00,'-,Almacén,Repres. De Servicios,Part Time,Masculino,2000-04-07 00:00:00,2023-07-21 00:00:00,
Svea Corpac,12681816,2025-07-01 00:00:00,'-,Sala Frescos,Repres. De Servicios,Part Time,Femenino,2005-03-01 00:00:00,2025-05-30 00:00:00,
Svea Corpac,129583,2025-07-01 00:00:00,'-,Sala,Repres. De Servicios,Part Time,Masculino,1988-08-24 00:00:00,2018-03-01 00:00:00,
Svea Corpac,13317317,2025-07-01 00:00:00,'-,Sala Frescos,Repres. De Servicios,Full Time,Femenino,2001-04-02 00:00:00,2024-07-01 00:00:00,
Svea Corpac,13351200,2025-07-01 00:00:00,'-,Sala,Repres. De Servicios,Full Time,Femenino,1999-01-28 00:00:00,2023-11-24 00:00:00,
Svea Corpac,14343,2025-07-01 00:00:00,'-,Almacén,Repres. De Servicios Eo,Full Time,Masculino,1958-09-28 00:00:00,2007-05-01 00:00:00,
Svea Corpac,14776588,2025-07-01 00:00:00,'-,Sala,Repres. De Servicios,Full Time,Masculino,2004-06-24 00:00:00,2025-04-01 00:00:00,
Svea Corpac,15519392,2025-07-01 00:00:00,'-,Almacén,Repres. De Servicios,Part Time,Masculino,2003-04-05 00:00:00,2024-05-02 00:00:00,
Svea Corpac,15877870,2025-07-01 00:00:00,'-,Cajas,Cajero 5X2,Part Time,Femenino,2005-01-29 00:00:00,2024-05-24 00:00:00,2025-07-31 00:00:00
Svea Corpac,15958306,2025-07-01 00:00:00,'-,Cajas,Cajero 5X2,Part Time,Femenino,2004-06-11 00:00:00,2024-06-03 00:00:00,2025-07-02 00:00:00
Svea Corpac,15958778,2025-07-01 00:00:00,'-,Cajas,Cajero 5X2,Part Time,Masculino,1998-06-03 00:00:00,2024-06-03 00:00:00,
Svea Corpac,17487114,2025-07-01 00:00:00,'-,Sala Frescos,Repres. De Servicios,Full Time,Femenino,1974-07-29 00:00:00,2024-11-14 00:00:00,
Svea Corpac,17702228,2025-07-01 00:00:00,'-,Sala Frescos,Repres. De Servicios,Part Time,Masculino,2000-05-07 00:00:00,2024-12-03 00:00:00,
Svea Corpac,17726664,2025-07-01 00:00:00,'-,Sala Frescos,Repres. De Servicios,Full Time,Femenino,2006-10-18 00:00:00,2025-07-22 00:00:00,
Svea Corpac,17837560,2025-07-01 00:00:00,'-,Sala Frescos,Repres. De Servicios,Part Time,Masculino,2006-06-05 00:00:00,2024-12-20 00:00:00,
Svea Corpac,17876776,2025-07-01 00:00:00,'-,Sala Frescos,Repres. De Servicios,Part Time,Masculino,2004-08-18 00:00:00,2024-12-24 00:00:00,
Svea Corpac,17958158,2025-07-01 00:00:00,'-,Sala Frescos,Repres. De Servicios,Part Time,Masculino,2006-04-19 00:00:00,2025-01-24 00:00:00,2025-07-31 00:00:00
Svea Corpac,17994390,2025-07-01 00:00:00,'-,Sala Frescos,Repres. De Servicios,Part Time,Femenino,2006-09-12 00:00:00,2025-01-30 00:00:00,2025-08-01 00:00:00
Svea Corpac,17994416,2025-07-01 00:00:00,'-,Recepción,Repres. De Servicios,Full Time,Masculino,2000-05-24 00:00:00,2025-01-30 00:00:00,2025-07-31 00:00:00
Svea Corpac,18288148,2025-07-01 00:00:00,'-,Sala,Repres. De Servicios,Part Time,Masculino,2007-02-03 00:00:00,2025-03-10 00:00:00,2025-07-31 00:00:00
Svea Corpac,18304720,2025-07-01 00:00:00,'-,Almacén Frescos,Repres. De Servicios,Part Time,Masculino,1998-04-28 00:00:00,2025-03-13 00:00:00,
Svea Corpac,18304723,2025-07-01 00:00:00,'-,Sala Frescos,Repres. De Servicios,Part Time,Femenino,2006-04-07 00:00:00,2025-03-13 00:00:00,
Svea Corpac,18329291,2025-07-01 00:00:00,'-,Sala,Repres. De Servicios,Part Time,Masculino,2006-02-15 00:00:00,2025-03-21 00:00:00,
Svea Corpac,18339046,2025-07-01 00:00:00,'-,Cajas,Repres. De Servicios 5X2 Eo,Part Time,Masculino,1959-04-07 00:00:00,2025-03-24 00:00:00,
Svea Corpac,18340465,2025-07-01 00:00:00,'-,Sala,Repres. De Servicios,Full Time,Femenino,2006-04-27 00:00:00,2025-03-26 00:00:00,
Svea Corpac,18480146,2025-07-01 00:00:00,'-,Almacén Frescos,Repres. De Servicios,Part Time,Masculino,2001-12-10 00:00:00,2025-04-15 00:00:00,
Svea Corpac,18480147,2025-07-01 00:00:00,'-,Almacén Frescos,Repres. De Servicios,Full Time,Masculino,2004-05-09 00:00:00,2025-04-15 00:00:00,
Svea Corpac,18680096,2025-07-01 00:00:00,'-,Almacén,Repres. De Servicios,Part Time,Masculino,2004-11-09 00:00:00,2025-05-14 00:00:00,
Svea Corpac,18691469,2025-07-01 00:00:00,'-,Almacén,Repres. De Servicios,Part Time,Masculino,2006-10-03 00:00:00,2025-05-19 00:00:00,
Svea Corpac,18691470,2025-07-01 00:00:00,'-,Almacén,Repres. De Servicios,Part Time,Masculino,2005-03-27 00:00:00,2025-05-19 00:00:00,
Svea Corpac,18694222,2025-07-01 00:00:00,'-,Sala Frescos,Repres. De Servicios,Part Time,Femenino,2006-05-14 00:00:00,2025-05-20 00:00:00,
Svea Corpac,18704501,2025-07-01 00:00:00,'-,Sala Frescos,Repres. De Servicios,Full Time,Masculino,2001-08-21 00:00:00,2025-05-23 00:00:00,
Svea Corpac,18704607,2025-07-01 00:00:00,'-,Sala Frescos,Repres. De Servicios,Full Time,Masculino,2005-06-04 00:00:00,2025-05-23 00:00:00,
Svea Corpac,18720150,2025-07-01 00:00:00,'-,Sala Frescos,Repres. De Servicios,Part Time,Masculino,2000-06-11 00:00:00,2025-05-30 00:00:00,
Svea Corpac,18720151,2025-07-01 00:00:00,'-,Sala Frescos,Repres. De Servicios,Part Time,Femenino,2004-07-10 00:00:00,2025-05-30 00:00:00,
Svea Corpac,18720152,2025-07-01 00:00:00,'-,Sala,Repres. De Servicios,Part Time,Femenino,2000-02-22 00:00:00,2025-05-30 00:00:00,
Svea Corpac,18720166,2025-07-01 00:00:00,'-,Sala Frescos,Repres. De Servicios,Part Time,Masculino,2005-07-03 00:00:00,2025-05-30 00:00:00,
Svea Corpac,18746842,2025-07-01 00:00:00,'-,Cajas,Jefe De Seccion,Full Time,Femenino,1984-06-23 00:00:00,2025-06-11 00:00:00,2025-08-01 00:00:00
Svea Corpac,18748653,2025-07-01 00:00:00,'-,Sala Frescos,Jefe De Seccion,Full Time,Masculino,1974-05-27 00:00:00,2025-06-12 00:00:00,2025-08-01 00:00:00
Svea Corpac,18833433,2025-07-01 00:00:00,'-,Recepción,Repres. De Servicios,Full Time,Masculino,2006-10-17 00:00:00,2025-07-09 00:00:00,2025-07-31 00:00:00
Svea Corpac,18905044,2025-07-01 00:00:00,'-,Cajas,Cajero 5X2,Part Time,Masculino,2007-01-22 00:00:00,2025-07-24 00:00:00,
Svea Corpac,18905045,2025-07-01 00:00:00,'-,Cajas,Cajero 5X2,Part Time,Femenino,2002-09-24 00:00:00,2025-07-24 00:00:00,
Svea Corpac,21115,2025-07-01 00:00:00,'-,Cajas,Representante De Servicio D,Full Time,Masculino,1981-02-25 00:00:00,2000-03-01 00:00:00,
Svea Corpac,235588,2025-07-01 00:00:00,'-,Cajas,Supervisor De Cajeros,Full Time,Femenino,1993-07-27 00:00:00,2018-10-05 00:00:00,
Svea Corpac,241013,2025-07-01 00:00:00,'-,Almacén,Jefe De Seccion,Full Time,Femenino,2000-06-21 00:00:00,2019-06-01 00:00:00,
Svea Corpac,243668,2025-07-01 00:00:00,'-,Sala Frescos,Repres. De Servicios,Part Time,Femenino,1994-04-04 00:00:00,2019-03-21 00:00:00,
Svea Corpac,266939,2025-07-01 00:00:00,'-,Administración,Gerente De Tienda,Full Time,Femenino,1990-06-29 00:00:00,2019-03-01 00:00:00,
Svea Corpac,43780,2025-07-01 00:00:00,'-,Cajas,Cajero 5X2,Full Time,Masculino,1989-10-27 00:00:00,2016-09-01 00:00:00,
Svea Corpac,44131,2025-07-01 00:00:00,'-,Cajas,Supervisor De Cajeros,Full Time,Femenino,1971-02-17 00:00:00,2016-09-05 00:00:00,
Svea Corpac,4457773,2025-07-01 00:00:00,'-,Almacén,Repres. De Servicios I,Full Time,Masculino,2002-01-18 00:00:00,2020-05-25 00:00:00,2025-08-01 00:00:00
Svea Corpac,4576139,2025-07-01 00:00:00,'-,Sala Frescos,Repres. De Servicios,Full Time,Femenino,1987-09-28 00:00:00,2020-06-12 00:00:00,
Svea Corpac,48590,2025-07-01 00:00:00,'-,Sala Frescos,Repres. De Servicios,Full Time,Femenino,1976-11-15 00:00:00,2016-12-14 00:00:00,
Svea Corpac,6722,2025-07-01 00:00:00,'-,Sala Frescos,Jefe De Seccion,Full Time,Femenino,1987-06-16 00:00:00,2022-02-22 00:00:00,
Svea Corpac,9278595,2025-07-01 00:00:00,'-,Cajas,Cajero 6X1,Full Time,Masculino,1994-12-25 00:00:00,2023-07-01 00:00:00,
Viv Monterrico,104143,2025-07-01 00:00:00,'-,"Carnes, Pescados, Fiambres, Frutas & Verduras",Repres. De Servicios,Full Time,Femenino,1985-09-27 00:00:00,2017-10-01 00:00:00,
Viv Monterrico,10653,2025-07-01 00:00:00,'-,"Carnes, Pescados, Fiambres, Frutas & Verduras",Repres. De Servicios,Full Time,Masculino,1971-05-11 00:00:00,2002-10-19 00:00:00,
Viv Monterrico,10845,2025-07-01 00:00:00,'-,"Carnes, Pescados, Fiambres, Frutas & Verduras",Jefe De Seccion,Full Time,Femenino,1979-08-02 00:00:00,2012-08-01 00:00:00,
Viv Monterrico,110670,2025-07-01 00:00:00,'-,"Carnes, Pescados, Fiambres, Frutas & Verduras",Repres. De Servicios Fds,Part Time,Femenino,1993-10-16 00:00:00,2025-04-01 00:00:00,
Viv Monterrico,11342636,2025-07-01 00:00:00,'-,Cajas,Cajero 6X1,Full Time,Femenino,2003-05-05 00:00:00,2025-04-22 00:00:00,
Viv Monterrico,11369697,2025-07-01 00:00:00,'-,Cajas,Cajero 6X1,Full Time,Masculino,2001-04-18 00:00:00,2025-02-01 00:00:00,
Viv Monterrico,11458504,2025-07-01 00:00:00,'-,Cajas,Cajero 4X3,Part Time,Femenino,2002-11-10 00:00:00,2022-10-19 00:00:00,
Viv Monterrico,11489004,2025-07-01 00:00:00,'-,Cajas,Asistente De Self Check Out Pt,Part Time,Masculino,2003-05-05 00:00:00,2025-05-02 00:00:00,
Viv Monterrico,11966759,2025-07-01 00:00:00,'-,Cajas,Cajero 4X3,Part Time,Masculino,2003-04-07 00:00:00,2023-03-09 00:00:00,
Viv Monterrico,1205195,2025-07-01 00:00:00,'-,Cajas,Repres. De Servicios,Part Time,Femenino,1999-12-16 00:00:00,2025-06-01 00:00:00,
Viv Monterrico,12261783,2025-07-01 00:00:00,'-,"Carnes, Pescados, Fiambres, Frutas & Verduras",Repres. De Servicios,Full Time,Masculino,1993-02-04 00:00:00,2023-06-13 00:00:00,
Viv Monterrico,128607,2025-07-01 00:00:00,'-,Cajas,Repres. De Servicios Fds,Part Time,Femenino,1995-01-19 00:00:00,2018-02-08 00:00:00,
Viv Monterrico,13227322,2025-07-01 00:00:00,'-,Cajas,Cajero 5X2,Part Time,Masculino,2004-01-31 00:00:00,2023-11-07 00:00:00,
Viv Monterrico,13277255,2025-07-01 00:00:00,'-,Sala,Repres. De Servicios,Part Time,Masculino,2003-09-22 00:00:00,2023-11-14 00:00:00,
Viv Monterrico,1331,2025-07-01 00:00:00,'-,Cajas,Cajero 5X2,Full Time,Femenino,1987-10-26 00:00:00,2025-05-02 00:00:00,
Viv Monterrico,13375806,2025-07-01 00:00:00,'-,Sala,Repres. De Servicios,Part Time,Femenino,2001-03-02 00:00:00,2024-04-03 00:00:00,
Viv Monterrico,13619568,2025-07-01 00:00:00,'-,"Carnes, Pescados, Fiambres, Frutas & Verduras",Repres. De Servicios,Full Time,Femenino,1969-12-30 00:00:00,2023-12-12 00:00:00,
Viv Monterrico,13709716,2025-07-01 00:00:00,'-,Almacén,Repres. De Servicios,Part Time,Masculino,2003-07-01 00:00:00,2023-12-22 00:00:00,
Viv Monterrico,13797674,2025-07-01 00:00:00,'-,Sala,Repres. De Servicios,Full Time,Femenino,2005-05-24 00:00:00,2024-01-09 00:00:00,
Viv Monterrico,13803247,2025-07-01 00:00:00,'-,Cajas,Repres. De Servicios,Full Time,Masculino,2001-06-03 00:00:00,2025-04-01 00:00:00,2025-07-02 00:00:00
Viv Monterrico,13808329,2025-07-01 00:00:00,'-,Sala,Repres. De Servicios,Part Time,Masculino,2004-05-27 00:00:00,2024-11-25 00:00:00,
Viv Monterrico,13816913,2025-07-01 00:00:00,'-,Cajas,Cajero 5X2,Part Time,Femenino,2002-02-03 00:00:00,2024-01-12 00:00:00,
Viv Monterrico,14071976,2025-07-01 00:00:00,'-,Cajas,Cajero 3X4,Part Time,Femenino,2004-01-07 00:00:00,2024-02-12 00:00:00,
Viv Monterrico,14270,2025-07-01 00:00:00,'-,"Carnes, Pescados, Fiambres, Frutas & Verduras",Repres. De Servicios,Full Time,Masculino,1972-02-18 00:00:00,2005-11-05 00:00:00,
Viv Monterrico,14470,2025-07-01 00:00:00,'-,Comidas Preparadas Panadería Y Pastelería,Repres. De Servicios,Full Time,Femenino,1988-01-20 00:00:00,2018-07-01 00:00:00,
Viv Monterrico,14618,2025-07-01 00:00:00,'-,Cajas,Cajero 4X3,Part Time,Femenino,1980-03-15 00:00:00,2013-10-01 00:00:00,
Viv Monterrico,14625595,2025-07-01 00:00:00,'-,Cajas,Cajero 5X2,Part Time,Femenino,2003-12-25 00:00:00,2024-03-08 00:00:00,
Viv Monterrico,14685168,2025-07-01 00:00:00,'-,Cajas,Cajero 3X4,Part Time,Femenino,2002-06-28 00:00:00,2024-09-01 00:00:00,
Viv Monterrico,14685194,2025-07-01 00:00:00,'-,Comidas Preparadas Panadería Y Pastelería,Repres. De Servicios,Full Time,Masculino,2004-10-08 00:00:00,2024-03-15 00:00:00,
Viv Monterrico,14941431,2025-07-01 00:00:00,'-,Cajas,Asistente De Self Check Out Pt,Part Time,Femenino,2002-01-18 00:00:00,2024-04-03 00:00:00,
Viv Monterrico,14978188,2025-07-01 00:00:00,'-,Cajas,Asistente De Self Check Out Pt,Part Time,Masculino,1999-04-22 00:00:00,2024-04-05 00:00:00,
Viv Monterrico,15079206,2025-07-01 00:00:00,'-,Cajas,Cajero 5X2,Part Time,Femenino,2003-08-29 00:00:00,2024-04-10 00:00:00,
Viv Monterrico,15087,2025-07-01 00:00:00,'-,Cajas,Jefe De Seccion,Full Time,Femenino,1989-03-13 00:00:00,2016-10-01 00:00:00,
Viv Monterrico,15146,2025-07-01 00:00:00,'-,Recepción,Repres. De Servicios,Full Time,Masculino,1982-09-29 00:00:00,2014-04-01 00:00:00,
Viv Monterrico,15345489,2025-07-01 00:00:00,'-,Cajas,Cajero 5X2,Part Time,Masculino,2004-08-18 00:00:00,2024-04-24 00:00:00,
Viv Monterrico,15470432,2025-07-01 00:00:00,'-,Sala,Repres. De Servicios,Part Time,Femenino,1998-08-10 00:00:00,2024-04-29 00:00:00,
Viv Monterrico,15470435,2025-07-01 00:00:00,'-,Cajas,Cajero 5X2,Part Time,Femenino,2004-03-31 00:00:00,2024-04-29 00:00:00,
Viv Monterrico,15525409,2025-07-01 00:00:00,'-,Almacén,Repres. De Servicios,Part Time,Masculino,2003-05-22 00:00:00,2024-05-03 00:00:00,
Viv Monterrico,15635412,2025-07-01 00:00:00,'-,Recepción,Repres. De Servicios,Full Time,Masculino,1999-05-06 00:00:00,2024-05-07 00:00:00,
Viv Monterrico,15754298,2025-07-01 00:00:00,'-,Cajas,Cajero 5X2,Part Time,Femenino,2004-03-15 00:00:00,2024-05-16 00:00:00,
Viv Monterrico,15906554,2025-07-01 00:00:00,'-,Sala,Repres. De Servicios,Part Time,Masculino,2004-03-07 00:00:00,2024-05-27 00:00:00,
Viv Monterrico,15933876,2025-07-01 00:00:00,'-,Comidas Preparadas Panadería Y Pastelería,Repres. De Servicios,Part Time,Femenino,2000-09-14 00:00:00,2024-05-30 00:00:00,
Viv Monterrico,16426796,2025-07-01 00:00:00,'-,Cajas,Cajero 3X4,Part Time,Masculino,2002-10-07 00:00:00,2024-07-30 00:00:00,
Viv Monterrico,16480751,2025-07-01 00:00:00,'-,"Carnes, Pescados, Fiambres, Frutas & Verduras",Repres. De Servicios,Part Time,Masculino,1998-12-14 00:00:00,2024-08-02 00:00:00,
Viv Monterrico,16648173,2025-07-01 00:00:00,'-,Cajas,Cajero 3X4,Part Time,Masculino,2006-04-14 00:00:00,2024-08-14 00:00:00,
Viv Monterrico,16674385,2025-07-01 00:00:00,'-,Cajas,Cajero 5X2,Part Time,Masculino,2004-11-04 00:00:00,2024-08-16 00:00:00,
Viv Monterrico,16682026,2025-07-01 00:00:00,'-,Cajas,Cajero 5X2,Part Time,Masculino,2004-03-16 00:00:00,2024-08-19 00:00:00,
Viv Monterrico,16682031,2025-07-01 00:00:00,'-,Cajas,Repres. De Servicios,Full Time,Femenino,2004-02-25 00:00:00,2025-06-01 00:00:00,
Viv Monterrico,16733483,2025-07-01 00:00:00,'-,Cajas,Cajero 5X2,Part Time,Femenino,2006-04-29 00:00:00,2024-08-26 00:00:00,
Viv Monterrico,16733509,2025-07-01 00:00:00,'-,"Carnes, Pescados, Fiambres, Frutas & Verduras",Repres. De Servicios,Full Time,Femenino,1996-05-24 00:00:00,2025-01-01 00:00:00,
Viv Monterrico,16754518,2025-07-01 00:00:00,'-,Cajas,Repres. De Servicios,Full Time,Masculino,2005-04-13 00:00:00,2025-02-01 00:00:00,
Viv Monterrico,16848004,2025-07-01 00:00:00,'-,"Carnes, Pescados, Fiambres, Frutas & Verduras",Repres. De Servicios,Full Time,Masculino,2005-11-16 00:00:00,2025-04-01 00:00:00,
Viv Monterrico,16870390,2025-07-01 00:00:00,'-,Administración,Trainee Gerente De Tienda,Full Time,Masculino,1985-01-26 00:00:00,2024-09-11 00:00:00,
Viv Monterrico,16936646,2025-07-01 00:00:00,'-,"Carnes, Pescados, Fiambres, Frutas & Verduras",Repres. De Servicios,Part Time,Masculino,2005-05-23 00:00:00,2024-09-13 00:00:00,
Viv Monterrico,17002754,2025-07-01 00:00:00,'-,Almacén,Repres. De Servicios,Part Time,Masculino,1999-09-25 00:00:00,2024-09-18 00:00:00,
Viv Monterrico,17002756,2025-07-01 00:00:00,'-,Comidas Preparadas Panadería Y Pastelería,Repres. De Servicios,Part Time,Masculino,2003-06-06 00:00:00,2024-09-18 00:00:00,
Viv Monterrico,17164480,2025-07-01 00:00:00,'-,Cajas,Cajero 4X3,Part Time,Femenino,2003-05-09 00:00:00,2024-10-14 00:00:00,
Viv Monterrico,17164485,2025-07-01 00:00:00,'-,Cajas,Cajero 3X4,Part Time,Masculino,2003-07-04 00:00:00,2024-10-14 00:00:00,
Viv Monterrico,17211153,2025-07-01 00:00:00,'-,Cajas,Cajero 5X2,Part Time,Femenino,1998-01-06 00:00:00,2024-10-17 00:00:00,
Viv Monterrico,17304722,2025-07-01 00:00:00,'-,Almacén,Repres. De Servicios,Part Time,Masculino,2003-06-03 00:00:00,2024-10-25 00:00:00,
Viv Monterrico,17367303,2025-07-01 00:00:00,'-,"Carnes, Pescados, Fiambres, Frutas & Verduras",Repres. De Servicios,Full Time,Masculino,2006-08-12 00:00:00,2025-02-01 00:00:00,
Viv Monterrico,17420925,2025-07-01 00:00:00,'-,Cajas,Cajero 3X4,Part Time,Masculino,2001-05-29 00:00:00,2024-11-05 00:00:00,
Viv Monterrico,17467498,2025-07-01 00:00:00,'-,Cajas,Cajero 3X4,Part Time,Femenino,1979-02-26 00:00:00,2024-11-12 00:00:00,2025-07-01 00:00:00
Viv Monterrico,17496663,2025-07-01 00:00:00,'-,Cajas,Cajero 5X2,Part Time,Masculino,2005-03-13 00:00:00,2024-11-15 00:00:00,
Viv Monterrico,17657910,2025-07-01 00:00:00,'-,Cajas,Cajero 3X4,Part Time,Femenino,2002-05-25 00:00:00,2024-11-27 00:00:00,
Viv Monterrico,17680473,2025-07-01 00:00:00,'-,Cajas,Cajero 5X2,Part Time,Femenino,1988-03-13 00:00:00,2024-11-25 00:00:00,
Viv Monterrico,17683128,2025-07-01 00:00:00,'-,Cajas,Cajero 5X2,Part Time,Femenino,2004-04-20 00:00:00,2024-11-28 00:00:00,
Viv Monterrico,17783053,2025-07-01 00:00:00,'-,Cajas,Cajero 5X2,Part Time,Masculino,2004-01-16 00:00:00,2024-12-10 00:00:00,
Viv Monterrico,17796970,2025-07-01 00:00:00,'-,"Carnes, Pescados, Fiambres, Frutas & Verduras",Repres. De Servicios,Part Time,Femenino,2003-10-06 00:00:00,2024-12-10 00:00:00,
Viv Monterrico,17820960,2025-07-01 00:00:00,'-,Almacén,Repres. De Servicios,Part Time,Masculino,2003-09-16 00:00:00,2024-12-13 00:00:00,
Viv Monterrico,17833876,2025-07-01 00:00:00,'-,Comidas Preparadas,Chef,Full Time,Femenino,2002-10-06 00:00:00,2024-12-16 00:00:00,
Viv Monterrico,17862528,2025-07-01 00:00:00,'-,"Carnes, Pescados, Fiambres, Frutas & Verduras",Repres. De Servicios,Part Time,Femenino,2006-07-29 00:00:00,2024-12-18 00:00:00,
Viv Monterrico,17958127,2025-07-01 00:00:00,'-,Almacén,Repres. De Servicios,Part Time,Masculino,2003-05-02 00:00:00,2025-01-24 00:00:00,
Viv Monterrico,17958132,2025-07-01 00:00:00,'-,"Carnes, Pescados, Fiambres, Frutas & Verduras",Repres. De Servicios,Part Time,Masculino,2004-07-28 00:00:00,2025-01-24 00:00:00,
Viv Monterrico,18216092,2025-07-01 00:00:00,'-,Cajas,Cajero 5X2,Part Time,Masculino,2002-04-17 00:00:00,2025-02-25 00:00:00,
Viv Monterrico,18256493,2025-07-01 00:00:00,'-,Cajas,Cajero 5X2,Part Time,Femenino,2001-12-24 00:00:00,2025-03-04 00:00:00,
Viv Monterrico,18294379,2025-07-01 00:00:00,'-,"Carnes, Pescados, Fiambres, Frutas & Verduras",Repres. De Servicios,Part Time,Masculino,2002-01-09 00:00:00,2025-03-11 00:00:00,
Viv Monterrico,18294404,2025-07-01 00:00:00,'-,"Carnes, Pescados, Fiambres, Frutas & Verduras",Repres. De Servicios,Part Time,Masculino,2006-02-13 00:00:00,2025-03-11 00:00:00,2025-07-06 00:00:00
Viv Monterrico,18294821,2025-07-01 00:00:00,'-,"Carnes, Pescados, Fiambres, Frutas & Verduras",Repres. De Servicios,Full Time,Masculino,2001-02-11 00:00:00,2025-03-11 00:00:00,
Viv Monterrico,18338674,2025-07-01 00:00:00,'-,"Carnes, Pescados, Fiambres, Frutas & Verduras",Repres. De Servicios,Part Time,Masculino,2003-11-07 00:00:00,2025-03-24 00:00:00,
Viv Monterrico,18338681,2025-07-01 00:00:00,'-,Sala,Repres. De Servicios,Part Time,Femenino,1993-12-15 00:00:00,2025-03-24 00:00:00,
Viv Monterrico,18343550,2025-07-01 00:00:00,'-,"Carnes, Pescados, Fiambres, Frutas & Verduras",Repres. De Servicios,Part Time,Femenino,2001-11-27 00:00:00,2025-04-01 00:00:00,
Viv Monterrico,18396,2025-07-01 00:00:00,'-,"Carnes, Pescados, Fiambres, Frutas & Verduras",Repres. De Servicios I,Full Time,Femenino,1982-06-03 00:00:00,2013-09-09 00:00:00,
Viv Monterrico,18438371,2025-07-01 00:00:00,'-,Cajas,Cajero 5X2,Part Time,Masculino,2004-11-21 00:00:00,2025-04-10 00:00:00,
Viv Monterrico,18488612,2025-07-01 00:00:00,'-,Cajas,Cajero 5X2,Part Time,Femenino,2006-09-20 00:00:00,2025-04-16 00:00:00,
Viv Monterrico,18488757,2025-07-01 00:00:00,'-,Cajas,Cajero 5X2,Part Time,Femenino,2005-07-25 00:00:00,2025-04-16 00:00:00,
Viv Monterrico,18625750,2025-07-01 00:00:00,'-,Cajas,Cajero 5X2,Full Time,Femenino,1986-12-26 00:00:00,2025-04-24 00:00:00,
Viv Monterrico,18625752,2025-07-01 00:00:00,'-,Cajas,Cajero 5X2,Part Time,Masculino,2005-09-30 00:00:00,2025-04-24 00:00:00,
Viv Monterrico,18625784,2025-07-01 00:00:00,'-,Cajas,Asistente De Self Check Out Pt,Part Time,Femenino,2007-03-29 00:00:00,2025-04-24 00:00:00,
Viv Monterrico,18626066,2025-07-01 00:00:00,'-,Cajas,Cajero 6X1,Full Time,Masculino,2004-05-07 00:00:00,2025-04-28 00:00:00,
Viv Monterrico,18626082,2025-07-01 00:00:00,'-,"Carnes, Pescados, Fiambres, Frutas & Verduras",Repres. De Servicios,Part Time,Masculino,2001-07-17 00:00:00,2025-04-28 00:00:00,
Viv Monterrico,18626107,2025-07-01 00:00:00,'-,Cajas,Asistente De Self Check Out Pt,Part Time,Masculino,2002-07-26 00:00:00,2025-04-28 00:00:00,
Viv Monterrico,18633767,2025-07-01 00:00:00,'-,"Carnes, Pescados, Fiambres, Frutas & Verduras",Repres. De Servicios,Part Time,Masculino,2006-03-24 00:00:00,2025-05-02 00:00:00,
Viv Monterrico,18644813,2025-07-01 00:00:00,'-,Cajas,Cajero 3X4,Part Time,Femenino,2000-09-15 00:00:00,2025-05-09 00:00:00,
Viv Monterrico,18678006,2025-07-01 00:00:00,'-,Cajas,Repres. De Servicios,Full Time,Femenino,2007-01-23 00:00:00,2025-05-13 00:00:00,
Viv Monterrico,18693350,2025-07-01 00:00:00,'-,Sala,Repres. De Servicios,Part Time,Masculino,2002-09-30 00:00:00,2025-05-20 00:00:00,
Viv Monterrico,18715415,2025-07-01 00:00:00,'-,Sala,Repres. De Servicios Fds,Part Time,Masculino,2005-03-23 00:00:00,2025-05-28 00:00:00,
Viv Monterrico,18715417,2025-07-01 00:00:00,'-,Comidas Preparadas Panadería Y Pastelería,Repres. De Servicios,Part Time,Femenino,1992-01-07 00:00:00,2025-05-28 00:00:00,2025-07-31 00:00:00
Viv Monterrico,18727973,2025-07-01 00:00:00,'-,"Carnes, Pescados, Fiambres, Frutas & Verduras",Repres. De Servicios,Part Time,Masculino,2005-02-12 00:00:00,2025-06-03 00:00:00,
Viv Monterrico,18727974,2025-07-01 00:00:00,'-,Comidas Preparadas Panadería Y Pastelería,Repres. De Servicios,Part Time,Femenino,2005-04-19 00:00:00,2025-06-03 00:00:00,
Viv Monterrico,18743530,2025-07-01 00:00:00,'-,Comidas Preparadas Panadería Y Pastelería,Repres. De Servicios,Part Time,Masculino,2006-08-18 00:00:00,2025-06-10 00:00:00,
Viv Monterrico,202051,2025-07-01 00:00:00,'-,"Carnes, Pescados, Fiambres, Frutas & Verduras",Jefe De Seccion,Full Time,Masculino,1993-01-05 00:00:00,2018-09-01 00:00:00,
Viv Monterrico,202700,2025-07-01 00:00:00,'-,Administración,Subgerente De Tienda,Full Time,Femenino,1998-03-05 00:00:00,2018-08-01 00:00:00,
Viv Monterrico,203197,2025-07-01 00:00:00,'-,Cajas,Supervisor De Cajeros,Full Time,Masculino,1993-06-08 00:00:00,2018-12-01 00:00:00,2025-07-01 00:00:00
Viv Monterrico,203493,2025-07-01 00:00:00,'-,Comidas Preparadas Panadería Y Pastelería,Jefe De Seccion,Full Time,Femenino,1993-07-18 00:00:00,2020-03-11 00:00:00,
Viv Monterrico,204123,2025-07-01 00:00:00,'-,Sala,Repres. De Servicios,Full Time,Femenino,1984-11-24 00:00:00,2018-06-26 00:00:00,
Viv Monterrico,21073,2025-07-01 00:00:00,'-,Comidas Preparadas Panadería Y Pastelería,Repres. De Servicios,Full Time,Masculino,1978-11-03 00:00:00,2008-09-01 00:00:00,
Viv Monterrico,21097,2025-07-01 00:00:00,'-,Almacén,Jefe De Seccion Eo,Full Time,Masculino,1965-04-05 00:00:00,1988-04-02 00:00:00,
Viv Monterrico,21184,2025-07-01 00:00:00,'-,Administración,Asistente De Tienda,Full Time,Femenino,1986-05-18 00:00:00,2012-01-05 00:00:00,
Viv Monterrico,21347,2025-07-01 00:00:00,'-,Sala,Repres. De Servicios I,Full Time,Masculino,1979-04-19 00:00:00,2011-02-10 00:00:00,
Viv Monterrico,22090,2025-07-01 00:00:00,'-,Sala,Repres. De Servicios I,Full Time,Femenino,1990-06-24 00:00:00,2019-05-01 00:00:00,
Viv Monterrico,233971,2025-07-01 00:00:00,'-,Cajas,Repres. De Servicios,Full Time,Masculino,1999-06-09 00:00:00,2018-09-14 00:00:00,
Viv Monterrico,235488,2025-07-01 00:00:00,'-,"Carnes, Pescados, Fiambres, Frutas & Verduras",Repres. De Servicios,Full Time,Femenino,1977-09-25 00:00:00,2020-01-01 00:00:00,
Viv Monterrico,241468,2025-07-01 00:00:00,'-,Sala,Especialista En Bebidas,Full Time,Masculino,1985-11-16 00:00:00,2018-11-15 00:00:00,
Viv Monterrico,242902,2025-07-01 00:00:00,'-,Cajas,Supervisor De Cajeros,Full Time,Femenino,2000-09-03 00:00:00,2024-11-25 00:00:00,
Viv Monterrico,245990,2025-07-01 00:00:00,'-,Cajas,Cajero 5X2,Full Time,Masculino,1989-09-26 00:00:00,2018-12-18 00:00:00,
Viv Monterrico,269011,2025-07-01 00:00:00,'-,Administración,Gerente De Tienda,Full Time,Femenino,1985-09-14 00:00:00,2019-04-01 00:00:00,
Viv Monterrico,27172,2025-07-01 00:00:00,'-,Comidas Preparadas Panadería Y Pastelería,Repres. De Servicios I,Full Time,Femenino,1992-08-05 00:00:00,2015-06-08 00:00:00,
Viv Monterrico,273875,2025-07-01 00:00:00,'-,"Carnes, Pescados, Fiambres, Frutas & Verduras",Repres. De Servicios I,Full Time,Masculino,2000-06-16 00:00:00,2025-07-07 00:00:00,
Viv Monterrico,27570,2025-07-01 00:00:00,'-,Comidas Preparadas Panadería Y Pastelería,Repres. De Servicios,Full Time,Femenino,1979-03-22 00:00:00,2015-09-01 00:00:00,
Viv Monterrico,276932,2025-07-01 00:00:00,'-,Cajas,Representante De Servicio 5X2 D,Part Time,Masculino,1979-03-26 00:00:00,2019-08-02 00:00:00,
Viv Monterrico,284648,2025-07-01 00:00:00,'-,Comidas Preparadas Panadería Y Pastelería,Repres. De Servicios,Full Time,Femenino,1998-01-12 00:00:00,2020-03-01 00:00:00,
Viv Monterrico,299199,2025-07-01 00:00:00,'-,Sala,Representante De Servicio 5X2 D,Part Time,Femenino,1965-08-29 00:00:00,2019-12-10 00:00:00,
Viv Monterrico,31001,2025-07-01 00:00:00,'-,Recepción E Inventarios,Auxiliar De Inventarios,Full Time,Femenino,1993-09-25 00:00:00,2016-01-01 00:00:00,
Viv Monterrico,31936,2025-07-01 00:00:00,'-,Cajas,Supervisor De Cajeros,Full Time,Femenino,1985-02-13 00:00:00,2016-02-01 00:00:00,
Viv Monterrico,34029,2025-07-01 00:00:00,'-,Comidas Preparadas Panadería Y Pastelería,Maestro En Panaderia,Full Time,Masculino,1990-06-01 00:00:00,2016-02-15 00:00:00,
Viv Monterrico,34551,2025-07-01 00:00:00,'-,Recepción,Repres. De Servicios,Full Time,Femenino,1987-11-06 00:00:00,2016-02-17 00:00:00,
Viv Monterrico,36599,2025-07-01 00:00:00,'-,"Carnes, Pescados, Fiambres, Frutas & Verduras",Repres. De Servicios,Full Time,Femenino,1982-11-15 00:00:00,2016-03-02 00:00:00,
Viv Monterrico,3705,2025-07-01 00:00:00,'-,Administración,Jefe Entrenador,Full Time,Masculino,1968-12-14 00:00:00,2004-04-01 00:00:00,
Viv Monterrico,38464,2025-07-01 00:00:00,'-,Cajas,Cajero 5X2,Full Time,Femenino,1976-11-28 00:00:00,2018-02-01 00:00:00,
Viv Monterrico,40160,2025-07-01 00:00:00,'-,Cajas,Repres. De Servicios,Part Time,Masculino,1992-12-07 00:00:00,2016-05-04 00:00:00,
Viv Monterrico,41959,2025-07-01 00:00:00,'-,"Carnes, Pescados, Fiambres, Frutas & Verduras",Repres. De Servicios,Full Time,Femenino,1973-06-24 00:00:00,2016-07-08 00:00:00,
Viv Monterrico,41985,2025-07-01 00:00:00,'-,Sala,Jefe De Seccion,Full Time,Masculino,1997-01-23 00:00:00,2018-03-01 00:00:00,
Viv Monterrico,51793,2025-07-01 00:00:00,'-,Administración,Coordinador De Operaciones Iga,Full Time,Femenino,1993-11-12 00:00:00,2022-02-01 00:00:00,
Viv Monterrico,6265241,2025-07-01 00:00:00,'-,Cajas,Cajero 6X1,Full Time,Masculino,2002-02-28 00:00:00,2025-04-01 00:00:00,
Viv Monterrico,6990,2025-07-01 00:00:00,'-,Comidas Preparadas Panadería Y Pastelería,Repres. De Servicios Eo,Full Time,Masculino,1964-03-29 00:00:00,2007-09-01 00:00:00,
Viv Monterrico,7178,2025-07-01 00:00:00,'-,Comidas Preparadas Panadería Y Pastelería,Repres. De Servicios,Full Time,Femenino,1991-04-30 00:00:00,2012-04-01 00:00:00,
Viv Monterrico,7280,2025-07-01 00:00:00,'-,"Carnes, Pescados, Fiambres, Frutas & Verduras",Repres. De Servicios Eo,Full Time,Femenino,1962-07-30 00:00:00,1997-12-01 00:00:00,
Viv Monterrico,7325,2025-07-01 00:00:00,'-,Cajas,Supervisor De Cajeros,Full Time,Femenino,1992-07-21 00:00:00,2019-11-29 00:00:00,
Viv Monterrico,8668,2025-07-01 00:00:00,'-,Sala,Repres. De Servicios,Full Time,Femenino,1983-02-21 00:00:00,2020-02-26 00:00:00,
Viv Monterrico,9517389,2025-07-01 00:00:00,'-,Cajas,Cajero 3X4,Part Time,Femenino,2002-04-29 00:00:00,2021-11-30 00:00:00,
Viv Monterrico,9734259,2025-07-01 00:00:00,'-,Sala,Repres. De Servicios,Part Time,Femenino,2001-04-22 00:00:00,2022-01-21 00:00:00,
Viv Monterrico,9864173,2025-07-01 00:00:00,'-,Cajas,Asistente De Self Check Out Pt,Part Time,Masculino,2002-04-18 00:00:00,2024-02-21 00:00:00,
Pvea Miraflores,108279,2025-06-01 00:00:00,'-,Almacén,Repres. De Servicios,Full Time,Masculino,1999-06-19 00:00:00,2024-11-01 00:00:00,
Pvea Miraflores,10922,2025-06-01 00:00:00,'-,Administración,Subgerente De Tienda,Full Time,Masculino,1989-05-26 00:00:00,2008-04-02 00:00:00,
Pvea Miraflores,11244,2025-06-01 00:00:00,'-,Recepción E Inventarios,Auxiliar De Inventarios,Full Time,Masculino,1992-07-22 00:00:00,2013-07-11 00:00:00,
Pvea Miraflores,11334373,2025-06-01 00:00:00,'-,Cajas,Multifuncional,Full Time,Masculino,2002-06-23 00:00:00,2024-07-01 00:00:00,
Pvea Miraflores,11467819,2025-06-01 00:00:00,'-,Sala Frescos,Repres. De Servicios,Part Time,Femenino,2002-08-04 00:00:00,2022-10-26 00:00:00,
Pvea Miraflores,11471369,2025-06-01 00:00:00,'-,Cajas,Multifuncional 5X2 1Er Turno,Part Time,Masculino,2001-11-07 00:00:00,2022-10-28 00:00:00,
Pvea Miraflores,11639932,2025-06-01 00:00:00,'-,Sala Frescos,Repres. De Servicios,Part Time,Masculino,2004-11-02 00:00:00,2023-01-24 00:00:00,
Pvea Miraflores,11640264,2025-06-01 00:00:00,'-,Cajas,Asistente De Self Check Out Pt 5X2,Part Time,Masculino,2002-09-28 00:00:00,2022-12-01 00:00:00,
Pvea Miraflores,11670565,2025-06-01 00:00:00,'-,Cajas,Multifuncional,Part Time,Femenino,1990-06-09 00:00:00,2022-12-06 00:00:00,
Pvea Miraflores,11721792,2025-06-01 00:00:00,'-,Sala Frescos,Repres. De Servicios,Full Time,Masculino,2002-04-17 00:00:00,2024-04-03 00:00:00,
Pvea Miraflores,1173,2025-06-01 00:00:00,'-,Sala Frescos,Repres. De Servicios I,Full Time,Femenino,1980-08-21 00:00:00,2014-08-05 00:00:00,
Pvea Miraflores,11755194,2025-06-01 00:00:00,'-,Cajas,Multifuncional 1Er Turno,Part Time,Femenino,2004-07-24 00:00:00,2023-01-13 00:00:00,
Pvea Miraflores,11919846,2025-06-01 00:00:00,'-,Recepción,Repres. De Servicios,Full Time,Masculino,2004-10-27 00:00:00,2024-05-01 00:00:00,
Pvea Miraflores,11966958,2025-06-01 00:00:00,'-,Sala Frescos,Repres. De Servicios,Full Time,Masculino,1998-10-25 00:00:00,2023-03-10 00:00:00,
Pvea Miraflores,11967461,2025-06-01 00:00:00,'-,Cajas,Multifuncional 5X2,Part Time,Masculino,2002-12-08 00:00:00,2024-03-26 00:00:00,
Pvea Miraflores,11968470,2025-06-01 00:00:00,'-,Sala Frescos,Repres. De Servicios,Full Time,Femenino,2004-12-19 00:00:00,2023-03-21 00:00:00,
Pvea Miraflores,1197572,2025-06-01 00:00:00,'-,Recepción E Inventarios,Auxiliar De Inventarios,Full Time,Masculino,1996-10-18 00:00:00,2024-05-06 00:00:00,
Pvea Miraflores,11975834,2025-06-01 00:00:00,'-,Sala Frescos,Repres. De Servicios,Full Time,Femenino,1990-07-17 00:00:00,2023-03-24 00:00:00,
Pvea Miraflores,11995789,2025-06-01 00:00:00,'-,Almacén Frescos,Repres. De Servicios I,Full Time,Masculino,2001-01-20 00:00:00,2024-04-01 00:00:00,
Pvea Miraflores,12020890,2025-06-01 00:00:00,'-,Sala Frescos,Repres. De Servicios,Full Time,Femenino,2004-08-03 00:00:00,2023-04-05 00:00:00,
Pvea Miraflores,12064373,2025-06-01 00:00:00,'-,Sala Frescos,Repres. De Servicios,Full Time,Masculino,1995-10-25 00:00:00,2024-04-01 00:00:00,
Pvea Miraflores,12069362,2025-06-01 00:00:00,'-,Almacén,Repres. De Servicios,Part Time,Masculino,2003-04-10 00:00:00,2023-04-20 00:00:00,
Pvea Miraflores,12103937,2025-06-01 00:00:00,'-,Almacén Frescos,Repres. De Servicios,Full Time,Masculino,1993-04-22 00:00:00,2023-04-27 00:00:00,
Pvea Miraflores,12179662,2025-06-01 00:00:00,'-,Sala Frescos,Chef,Full Time,Femenino,2004-05-07 00:00:00,2024-07-01 00:00:00,
Pvea Miraflores,12179728,2025-06-01 00:00:00,'-,Sala,Multifuncional,Full Time,Masculino,1991-06-16 00:00:00,2025-03-01 00:00:00,
Pvea Miraflores,12302,2025-06-01 00:00:00,'-,Recepción,Repres. De Servicios,Full Time,Masculino,1974-10-26 00:00:00,2019-01-22 00:00:00,
Pvea Miraflores,12341116,2025-06-01 00:00:00,'-,Cajas,Multifuncional 5X2 1Er Turno,Part Time,Femenino,2002-07-31 00:00:00,2023-07-14 00:00:00,
Pvea Miraflores,12478604,2025-06-01 00:00:00,'-,Cajas,Multifuncional 5X2,Part Time,Masculino,2003-06-28 00:00:00,2023-08-17 00:00:00,
Pvea Miraflores,12660368,2025-06-01 00:00:00,'-,Cajas,Multifuncional,Full Time,Masculino,2003-03-30 00:00:00,2025-04-01 00:00:00,
Pvea Miraflores,12930960,2025-06-01 00:00:00,'-,Cajas,Multifuncional,Full Time,Femenino,2003-02-02 00:00:00,2024-06-01 00:00:00,
Pvea Miraflores,13218619,2025-06-01 00:00:00,'-,Cajas,Multifuncional 5X2 1Er Turno,Part Time,Femenino,1992-08-16 00:00:00,2023-11-03 00:00:00,
Pvea Miraflores,13800552,2025-06-01 00:00:00,'-,Almacén Frescos,Repres. De Servicios,Full Time,Masculino,1975-09-29 00:00:00,2024-01-10 00:00:00,
Pvea Miraflores,14000816,2025-06-01 00:00:00,'-,Sala Frescos,Repres. De Servicios,Full Time,Femenino,2002-09-16 00:00:00,2024-02-06 00:00:00,
Pvea Miraflores,14000818,2025-06-01 00:00:00,'-,Sala,Multifuncional 5X2 1Er Turno,Part Time,Masculino,2003-05-09 00:00:00,2024-02-06 00:00:00,
Pvea Miraflores,14029100,2025-06-01 00:00:00,'-,Recepción E Inventarios,Auxiliar De Inventarios,Full Time,Masculino,1996-08-14 00:00:00,2024-02-07 00:00:00,
Pvea Miraflores,14198239,2025-06-01 00:00:00,'-,Sala Frescos,Repres. De Servicios,Part Time,Femenino,2005-08-10 00:00:00,2024-02-14 00:00:00,
Pvea Miraflores,14234670,2025-06-01 00:00:00,'-,Cajas,Multifuncional 5X2,Part Time,Masculino,2002-08-01 00:00:00,2024-11-25 00:00:00,
Pvea Miraflores,14574,2025-06-01 00:00:00,'-,Sala,Repres. De Servicios I,Full Time,Masculino,1969-09-18 00:00:00,2013-09-19 00:00:00,
Pvea Miraflores,14662123,2025-06-01 00:00:00,'-,Cajas,Multifuncional,Full Time,Femenino,2002-11-02 00:00:00,2025-03-01 00:00:00,
Pvea Miraflores,14683987,2025-06-01 00:00:00,'-,Cajas,Supervisor De Cajeros,Full Time,Femenino,2003-01-11 00:00:00,2025-01-01 00:00:00,
Pvea Miraflores,14684378,2025-06-01 00:00:00,'-,Cajas,Multifuncional Fds,Part Time,Femenino,2004-11-16 00:00:00,2024-03-15 00:00:00,
Pvea Miraflores,14788217,2025-06-01 00:00:00,'-,Cajas,Multifuncional,Full Time,Femenino,1998-11-15 00:00:00,2025-04-01 00:00:00,
Pvea Miraflores,14788228,2025-06-01 00:00:00,'-,Sala Frescos,Repres. De Servicios,Full Time,Femenino,1971-12-13 00:00:00,2024-07-01 00:00:00,
Pvea Miraflores,14830,2025-06-01 00:00:00,'-,Cajas,Jefe De Seccion,Full Time,Femenino,1987-04-02 00:00:00,2014-02-12 00:00:00,
Pvea Miraflores,14858577,2025-06-01 00:00:00,'-,Electro,Repres. De Servicios,Full Time,Masculino,2006-01-14 00:00:00,2024-09-01 00:00:00,
Pvea Miraflores,14858766,2025-06-01 00:00:00,'-,Sala Frescos,Repres. De Servicios,Full Time,Femenino,1975-10-04 00:00:00,2025-01-01 00:00:00,
Pvea Miraflores,14860022,2025-06-01 00:00:00,'-,Cajas,Asistente De Self Check Out Pt 5X2,Part Time,Femenino,2004-12-28 00:00:00,2024-03-26 00:00:00,
Pvea Miraflores,15329,2025-06-01 00:00:00,'-,Sala Frescos,Repres. De Servicios,Full Time,Masculino,1980-09-20 00:00:00,2014-10-15 00:00:00,
Pvea Miraflores,15345714,2025-06-01 00:00:00,'-,Almacén Frescos,Repres. De Servicios,Full Time,Masculino,2001-09-15 00:00:00,2024-04-24 00:00:00,
Pvea Miraflores,15470720,2025-06-01 00:00:00,'-,Sala,Multifuncional,Part Time,Femenino,2005-07-13 00:00:00,2024-04-29 00:00:00,
Pvea Miraflores,15661786,2025-06-01 00:00:00,'-,Cajas,Asistente De Self Check Out Pt 5X2,Part Time,Femenino,2004-04-09 00:00:00,2024-05-08 00:00:00,
Pvea Miraflores,15853619,2025-06-01 00:00:00,'-,Sala,Multifuncional,Full Time,Masculino,1990-03-27 00:00:00,2025-06-01 00:00:00,
Pvea Miraflores,15874352,2025-06-01 00:00:00,'-,Cajas,Multifuncional 5X2 1Er Turno,Part Time,Masculino,2003-05-10 00:00:00,2024-05-23 00:00:00,
Pvea Miraflores,15968821,2025-06-01 00:00:00,'-,Cajas,Multifuncional,Part Time,Masculino,2005-06-04 00:00:00,2024-06-04 00:00:00,
Pvea Miraflores,15985097,2025-06-01 00:00:00,'-,Sala Frescos,Repres. De Servicios,Part Time,Masculino,2002-01-04 00:00:00,2024-06-06 00:00:00,
Pvea Miraflores,16025222,2025-06-01 00:00:00,'-,Sala,Multifuncional,Part Time,Masculino,2006-03-03 00:00:00,2024-06-17 00:00:00,
Pvea Miraflores,16069169,2025-06-01 00:00:00,'-,Sala Frescos,Repres. De Servicios,Part Time,Femenino,2001-06-26 00:00:00,2024-06-28 00:00:00,
Pvea Miraflores,16480681,2025-06-01 00:00:00,'-,Cajas,Multifuncional Fds,Part Time,Masculino,2005-02-13 00:00:00,2024-08-02 00:00:00,
Pvea Miraflores,16599143,2025-06-01 00:00:00,'-,Sala Frescos,Repres. De Servicios,Part Time,Masculino,1979-07-19 00:00:00,2024-08-09 00:00:00,
Pvea Miraflores,167,2025-06-01 00:00:00,'-,Administración,Asistente De Tienda,Full Time,Femenino,1982-10-31 00:00:00,2005-05-01 00:00:00,
Pvea Miraflores,16858680,2025-06-01 00:00:00,'-,Electro,Vendedor Part Time 5X2,Part Time,Masculino,2005-05-14 00:00:00,2025-06-01 00:00:00,
Pvea Miraflores,16867095,2025-06-01 00:00:00,'-,Cajas,Multifuncional 5X2 1Er Turno,Part Time,Femenino,2006-03-15 00:00:00,2024-09-11 00:00:00,
Pvea Miraflores,17014057,2025-06-01 00:00:00,'-,Sala Frescos,Repres. De Servicios,Full Time,Femenino,2004-06-19 00:00:00,2025-03-01 00:00:00,
Pvea Miraflores,17293470,2025-06-01 00:00:00,'-,Cajas,Multifuncional,Full Time,Femenino,2006-10-08 00:00:00,2025-06-01 00:00:00,
Pvea Miraflores,17304094,2025-06-01 00:00:00,'-,Recepción,Repres. De Servicios,Full Time,Masculino,2004-07-30 00:00:00,2025-05-01 00:00:00,
Pvea Miraflores,17304197,2025-06-01 00:00:00,'-,Sala Frescos,Repres. De Servicios Fds,Part Time,Femenino,2003-10-09 00:00:00,2024-10-25 00:00:00,
Pvea Miraflores,17468662,2025-06-01 00:00:00,'-,Cajas,Multifuncional 5X2,Part Time,Masculino,2005-08-19 00:00:00,2024-11-12 00:00:00,
Pvea Miraflores,17469240,2025-06-01 00:00:00,'-,Sala Frescos,Repres. De Servicios Fds,Part Time,Femenino,1993-11-13 00:00:00,2024-11-12 00:00:00,
Pvea Miraflores,17533975,2025-06-01 00:00:00,'-,Cajas,Multifuncional,Full Time,Femenino,2005-09-08 00:00:00,2024-11-18 00:00:00,
Pvea Miraflores,17533983,2025-06-01 00:00:00,'-,Cajas,Representante De Servicio 5X2 D,Part Time,Masculino,1995-04-11 00:00:00,2024-11-19 00:00:00,
Pvea Miraflores,17539280,2025-06-01 00:00:00,'-,Almacén,Repres. De Servicios,Full Time,Masculino,2006-02-26 00:00:00,2024-11-21 00:00:00,
Pvea Miraflores,17577248,2025-06-01 00:00:00,'-,Cajas,Multifuncional 5X2 1Er Turno,Part Time,Femenino,2002-04-09 00:00:00,2024-11-25 00:00:00,
Pvea Miraflores,17640369,2025-06-01 00:00:00,'-,Cajas,Multifuncional,Full Time,Femenino,1990-05-27 00:00:00,2024-11-25 00:00:00,
Pvea Miraflores,17657,2025-06-01 00:00:00,'-,Recepción E Inventarios,Auxiliar De Inventarios,Full Time,Masculino,1984-11-17 00:00:00,2011-09-05 00:00:00,
Pvea Miraflores,17661583,2025-06-01 00:00:00,'-,Cajas,Multifuncional Fds,Part Time,Femenino,2006-11-10 00:00:00,2024-11-27 00:00:00,
Pvea Miraflores,17732286,2025-06-01 00:00:00,'-,Cajas,Multifuncional,Part Time,Femenino,1988-11-21 00:00:00,2024-12-06 00:00:00,
Pvea Miraflores,17732520,2025-06-01 00:00:00,'-,Cajas,Repres. De Servicios,Full Time,Femenino,2001-07-23 00:00:00,2024-12-06 00:00:00,
Pvea Miraflores,17732526,2025-06-01 00:00:00,'-,Cajas,Repres. De Servicios,Full Time,Femenino,2004-07-24 00:00:00,2024-12-06 00:00:00,
Pvea Miraflores,17782950,2025-06-01 00:00:00,'-,Cajas,Multifuncional 5X2 1Er Turno,Part Time,Femenino,2006-09-27 00:00:00,2024-12-11 00:00:00,
Pvea Miraflores,17833376,2025-06-01 00:00:00,'-,Cajas,Multifuncional Fds,Part Time,Masculino,2002-02-20 00:00:00,2024-12-17 00:00:00,
Pvea Miraflores,17835529,2025-06-01 00:00:00,'-,Cajas,Multifuncional,Part Time,Femenino,1979-03-14 00:00:00,2024-12-19 00:00:00,
Pvea Miraflores,17861149,2025-06-01 00:00:00,'-,Cajas,Multifuncional,Part Time,Masculino,2006-03-29 00:00:00,2024-12-23 00:00:00,
Pvea Miraflores,17955881,2025-06-01 00:00:00,'-,Sala,Repres. De Servicios,Part Time,Masculino,2002-06-08 00:00:00,2025-01-23 00:00:00,
Pvea Miraflores,17994413,2025-06-01 00:00:00,'-,Cajas,Repres. De Servicios,Full Time,Masculino,2004-08-28 00:00:00,2025-01-30 00:00:00,
Pvea Miraflores,17994414,2025-06-01 00:00:00,'-,Cajas,Repres. De Servicios,Full Time,Femenino,1982-12-18 00:00:00,2025-01-30 00:00:00,
Pvea Miraflores,18025321,2025-06-01 00:00:00,'-,Cajas,Repres. De Servicios,Full Time,Femenino,2005-04-07 00:00:00,2025-02-05 00:00:00,
Pvea Miraflores,18028642,2025-06-01 00:00:00,'-,Sala Frescos,Repres. De Servicios,Full Time,Femenino,2006-08-25 00:00:00,2025-02-06 00:00:00,
Pvea Miraflores,18069864,2025-06-01 00:00:00,'-,Sala Frescos,Repres. De Servicios,Full Time,Femenino,2005-01-12 00:00:00,2025-02-13 00:00:00,
Pvea Miraflores,18085472,2025-06-01 00:00:00,'-,Sala,Repres. De Servicios,Part Time,Femenino,2007-01-17 00:00:00,2025-02-14 00:00:00,
Pvea Miraflores,18085473,2025-06-01 00:00:00,'-,Sala,Multifuncional,Part Time,Masculino,2005-10-09 00:00:00,2025-02-14 00:00:00,
Pvea Miraflores,18154,2025-06-01 00:00:00,'-,Sala Frescos,Repres. De Servicios,Part Time,Masculino,1995-05-26 00:00:00,2024-07-01 00:00:00,
Pvea Miraflores,18329320,2025-06-01 00:00:00,'-,Sala Frescos,Repres. De Servicios,Full Time,Femenino,1977-06-11 00:00:00,2025-03-21 00:00:00,
Pvea Miraflores,18329437,2025-06-01 00:00:00,'-,Recepción,Repres. De Servicios,Full Time,Masculino,2005-10-25 00:00:00,2025-03-21 00:00:00,2025-06-04 00:00:00
Pvea Miraflores,18329438,2025-06-01 00:00:00,'-,Almacén,Repres. De Servicios,Part Time,Masculino,2005-01-22 00:00:00,2025-03-21 00:00:00,
Pvea Miraflores,18329446,2025-06-01 00:00:00,'-,Recepción,Repres. De Servicios,Part Time,Masculino,2000-06-12 00:00:00,2025-03-21 00:00:00,
Pvea Miraflores,18329447,2025-06-01 00:00:00,'-,Sala,Repres. De Servicios,Part Time,Femenino,2006-05-20 00:00:00,2025-03-21 00:00:00,
Pvea Miraflores,18329456,2025-06-01 00:00:00,'-,Sala Frescos,Repres. De Servicios,Part Time,Femenino,1977-10-13 00:00:00,2025-03-21 00:00:00,
Pvea Miraflores,18339022,2025-06-01 00:00:00,'-,Sala,Repres. De Servicios 5X2 Eo,Part Time,Femenino,1959-10-19 00:00:00,2025-03-24 00:00:00,
Pvea Miraflores,18341093,2025-06-01 00:00:00,'-,Sala Frescos,Repres. De Servicios,Full Time,Femenino,2006-12-24 00:00:00,2025-03-31 00:00:00,
Pvea Miraflores,18625870,2025-06-01 00:00:00,'-,Cajas,Multifuncional,Part Time,Masculino,2003-08-30 00:00:00,2025-04-25 00:00:00,
Pvea Miraflores,18625893,2025-06-01 00:00:00,'-,Sala Frescos,Repres. De Servicios,Part Time,Femenino,2003-01-17 00:00:00,2025-04-25 00:00:00,
Pvea Miraflores,18625894,2025-06-01 00:00:00,'-,Sala Frescos,Repres. De Servicios,Part Time,Femenino,2006-03-14 00:00:00,2025-04-25 00:00:00,
Pvea Miraflores,18625925,2025-06-01 00:00:00,'-,Cajas,Multifuncional,Full Time,Masculino,1997-06-21 00:00:00,2025-04-25 00:00:00,
Pvea Miraflores,18628261,2025-06-01 00:00:00,'-,Cajas,Multifuncional,Part Time,Masculino,2006-10-05 00:00:00,2025-04-29 00:00:00,
Pvea Miraflores,18628307,2025-06-01 00:00:00,'-,Cajas,Multifuncional,Full Time,Femenino,1977-06-26 00:00:00,2025-04-29 00:00:00,
Pvea Miraflores,18633780,2025-06-01 00:00:00,'-,Cajas,Multifuncional 5X2,Part Time,Femenino,1997-03-11 00:00:00,2025-05-02 00:00:00,
Pvea Miraflores,18633781,2025-06-01 00:00:00,'-,Cajas,Multifuncional,Full Time,Femenino,2006-01-10 00:00:00,2025-05-02 00:00:00,
Pvea Miraflores,18633782,2025-06-01 00:00:00,'-,Almacén Frescos,Repres. De Servicios,Part Time,Masculino,2003-12-23 00:00:00,2025-05-02 00:00:00,2025-06-02 00:00:00
Pvea Miraflores,18633816,2025-06-01 00:00:00,'-,Cajas,Multifuncional Fds,Part Time,Masculino,2004-10-10 00:00:00,2025-05-02 00:00:00,
Pvea Miraflores,18680002,2025-06-01 00:00:00,'-,Sala Frescos,Repres. De Servicios,Part Time,Femenino,2005-04-01 00:00:00,2025-05-14 00:00:00,
Pvea Miraflores,18691393,2025-06-01 00:00:00,'-,Almacén,Repres. De Servicios,Part Time,Masculino,2004-03-02 00:00:00,2025-05-19 00:00:00,
Pvea Miraflores,18691397,2025-06-01 00:00:00,'-,Sala Frescos,Repres. De Servicios,Part Time,Femenino,1995-02-24 00:00:00,2025-05-19 00:00:00,
Pvea Miraflores,18704492,2025-06-01 00:00:00,'-,Cajas,Asistente De Self Check Out,Full Time,Femenino,1999-12-02 00:00:00,2025-05-23 00:00:00,
Pvea Miraflores,203013,2025-06-01 00:00:00,'-,Electro,Vendedor,Full Time,Femenino,1968-11-24 00:00:00,2018-05-23 00:00:00,
Pvea Miraflores,203489,2025-06-01 00:00:00,'-,Cajas,Supervisor De Cajeros,Full Time,Femenino,1991-08-18 00:00:00,2025-05-01 00:00:00,
Pvea Miraflores,21147,2025-06-01 00:00:00,'-,Sala Frescos,Repres. De Servicios,Full Time,Masculino,1978-04-26 00:00:00,2011-03-01 00:00:00,
Pvea Miraflores,21448,2025-06-01 00:00:00,'-,Electro,Jefe De Seccion,Full Time,Femenino,1974-03-22 00:00:00,2012-10-01 00:00:00,
Pvea Miraflores,244437,2025-06-01 00:00:00,'-,Cajas,Supervisor De Cajeros,Full Time,Masculino,2000-05-19 00:00:00,2024-01-19 00:00:00,
Pvea Miraflores,24708,2025-06-01 00:00:00,'-,Administración,Gerente De Tienda,Full Time,Masculino,1975-09-22 00:00:00,2003-04-04 00:00:00,
Pvea Miraflores,25760,2025-06-01 00:00:00,'-,Almacén,Repres. De Servicios I,Full Time,Femenino,1973-10-12 00:00:00,2014-06-16 00:00:00,
Pvea Miraflores,272289,2025-06-01 00:00:00,'-,Cajas,Supervisor De Cajeros,Full Time,Femenino,2000-01-19 00:00:00,2025-05-01 00:00:00,
Pvea Miraflores,298588,2025-06-01 00:00:00,'-,Sala,Multifuncional 5X2 1Er Turno,Part Time,Femenino,1985-12-22 00:00:00,2024-12-02 00:00:00,
Pvea Miraflores,301805,2025-06-01 00:00:00,'-,Sala,Multifuncional,Full Time,Masculino,1995-12-13 00:00:00,2020-01-20 00:00:00,
Pvea Miraflores,304408,2025-06-01 00:00:00,'-,Almacén Frescos,Repres. De Servicios I,Full Time,Femenino,1992-12-05 00:00:00,2020-02-17 00:00:00,
Pvea Miraflores,31455,2025-06-01 00:00:00,'-,Sala Frescos,Jefe De Seccion,Full Time,Masculino,1981-11-10 00:00:00,2016-01-18 00:00:00,
Pvea Miraflores,34546,2025-06-01 00:00:00,'-,Sala Frescos,Repres. De Servicios,Full Time,Femenino,1967-05-24 00:00:00,2016-02-17 00:00:00,
Pvea Miraflores,36202,2025-06-01 00:00:00,'-,Sala Frescos,Repres. De Servicios,Full Time,Femenino,1992-05-22 00:00:00,2016-03-02 00:00:00,
Pvea Miraflores,3707,2025-06-01 00:00:00,'-,Administración,Asistente De Tienda,Full Time,Femenino,1974-10-22 00:00:00,2003-09-01 00:00:00,
Pvea Miraflores,41844,2025-06-01 00:00:00,'-,Sala Frescos,Repres. De Servicios,Full Time,Masculino,1984-09-10 00:00:00,2016-07-04 00:00:00,
Pvea Miraflores,42739,2025-06-01 00:00:00,'-,Sala,Jefe De Seccion,Full Time,Femenino,1998-06-14 00:00:00,2016-08-01 00:00:00,
Pvea Miraflores,43825,2025-06-01 00:00:00,'-,Almacén Frescos,Repres. De Servicios,Full Time,Masculino,1993-11-30 00:00:00,2025-01-30 00:00:00,2025-06-17 00:00:00
Pvea Miraflores,4486016,2025-06-01 00:00:00,'-,Sala Frescos,Jefe De Seccion,Full Time,Femenino,1997-11-16 00:00:00,2020-06-03 00:00:00,
Pvea Miraflores,55309,2025-06-01 00:00:00,'-,Sala Frescos,Repres. De Servicios,Full Time,Femenino,1990-10-28 00:00:00,2020-02-01 00:00:00,
Pvea Miraflores,7318884,2025-06-01 00:00:00,'-,Cajas,Multifuncional 5X2 1Er Turno,Part Time,Femenino,1995-02-25 00:00:00,2021-09-22 00:00:00,
Pvea Miraflores,7319531,2025-06-01 00:00:00,'-,Sala,Multifuncional,Full Time,Masculino,1999-05-16 00:00:00,2023-01-01 00:00:00,
Pvea Miraflores,7319542,2025-06-01 00:00:00,'-,Sala,Jefe De Seccion,Full Time,Femenino,2001-05-26 00:00:00,2022-11-01 00:00:00,
Pvea Miraflores,7319599,2025-06-01 00:00:00,'-,Sala,Multifuncional,Full Time,Masculino,2000-02-10 00:00:00,2025-02-01 00:00:00,
Pvea Miraflores,7333556,2025-06-01 00:00:00,'-,Sala,Repres. De Servicios,Part Time,Femenino,2003-05-19 00:00:00,2024-12-11 00:00:00,
Pvea Miraflores,7333607,2025-06-01 00:00:00,'-,Cajas,Asistente De Self Check Out Pt 5X2,Part Time,Femenino,1979-09-11 00:00:00,2021-09-22 00:00:00,
Pvea Miraflores,7333614,2025-06-01 00:00:00,'-,Cajas,Multifuncional,Full Time,Femenino,2003-03-03 00:00:00,2023-08-01 00:00:00,
Pvea Miraflores,811,2025-06-01 00:00:00,'-,Sala,Especialista En Bebidas,Full Time,Masculino,1977-11-17 00:00:00,2016-07-13 00:00:00,
Pvea Miraflores,8350959,2025-06-01 00:00:00,'-,Sala Frescos,Repres. De Servicios I,Full Time,Masculino,1999-05-04 00:00:00,2023-05-01 00:00:00,
Pvea Miraflores,8682,2025-06-01 00:00:00,'-,Sala Frescos,Jefe De Seccion,Full Time,Femenino,1974-09-05 00:00:00,2018-08-03 00:00:00,
Pvea Miraflores,919,2025-06-01 00:00:00,'-,Sala Frescos,Repres. De Servicios,Full Time,Femenino,1973-08-07 00:00:00,2014-05-05 00:00:00,
Pvea Miraflores,9278728,2025-06-01 00:00:00,'-,Sala,Multifuncional 5X2 1Er Turno,Part Time,Femenino,1989-10-12 00:00:00,2021-11-02 00:00:00,
Pvea Miraflores,9481430,2025-06-01 00:00:00,'-,Almacén,Repres. De Servicios I,Full Time,Masculino,1999-08-02 00:00:00,2025-01-31 00:00:00,
Pvea Miraflores,9518850,2025-06-01 00:00:00,'-,Sala Frescos,Repres. De Servicios,Part Time,Femenino,2001-09-05 00:00:00,2022-01-10 00:00:00,
Pvea Miraflores,98053,2025-06-01 00:00:00,'-,Cajas,Supervisor De Cajeros,Full Time,Masculino,1982-02-15 00:00:00,2019-03-05 00:00:00,
Pvea Miraflores,98931,2025-06-01 00:00:00,'-,Cajas,Multifuncional Eo,Full Time,Masculino,1960-11-16 00:00:00,2017-08-01 00:00:00,
Pvea Miraflores,99177,2025-06-01 00:00:00,'-,Almacén,Jefe De Seccion,Full Time,Masculino,1998-07-09 00:00:00,2021-08-24 00:00:00,
Svea Corpac,103603,2025-06-01 00:00:00,'-,Cajas,Cajero 5X2,Part Time,Masculino,1986-06-08 00:00:00,2017-09-13 00:00:00,
Svea Corpac,104636,2025-06-01 00:00:00,'-,Almacén Frescos,Repres. De Servicios,Full Time,Femenino,1980-07-16 00:00:00,2023-06-15 00:00:00,
Svea Corpac,11405933,2025-06-01 00:00:00,'-,Recepción E Inventarios,Auxiliar De Inventarios,Full Time,Masculino,2002-08-30 00:00:00,2023-02-01 00:00:00,
Svea Corpac,11511916,2025-06-01 00:00:00,'-,Cajas,Supervisor De Cajeros,Full Time,Masculino,2002-07-16 00:00:00,2024-04-01 00:00:00,
Svea Corpac,1198235,2025-06-01 00:00:00,'-,Sala,Jefe De Seccion,Full Time,Femenino,1994-03-19 00:00:00,2020-03-17 00:00:00,
Svea Corpac,12301310,2025-06-01 00:00:00,'-,Cajas,Cajero 5X2,Part Time,Femenino,2004-08-03 00:00:00,2023-06-22 00:00:00,
Svea Corpac,12309872,2025-06-01 00:00:00,'-,Cajas,Repres. De Servicios,Part Time,Femenino,2001-11-20 00:00:00,2023-06-27 00:00:00,
Svea Corpac,12310210,2025-06-01 00:00:00,'-,Cajas,Cajero 5X2,Part Time,Femenino,2005-01-14 00:00:00,2023-06-27 00:00:00,
Svea Corpac,12352460,2025-06-01 00:00:00,'-,Almacén,Repres. De Servicios,Part Time,Masculino,2000-04-07 00:00:00,2023-07-21 00:00:00,
Svea Corpac,12681816,2025-06-01 00:00:00,'-,Sala Frescos,Repres. De Servicios,Part Time,Femenino,2005-03-01 00:00:00,2025-05-30 00:00:00,
Svea Corpac,129583,2025-06-01 00:00:00,'-,Sala,Repres. De Servicios,Part Time,Masculino,1988-08-24 00:00:00,2018-03-01 00:00:00,
Svea Corpac,13042885,2025-06-01 00:00:00,'-,Cajas,Cajero 5X2,Part Time,Masculino,2001-10-14 00:00:00,2023-10-27 00:00:00,2025-06-30 00:00:00
Svea Corpac,13317317,2025-06-01 00:00:00,'-,Sala Frescos,Repres. De Servicios,Full Time,Femenino,2001-04-02 00:00:00,2024-07-01 00:00:00,
Svea Corpac,13351200,2025-06-01 00:00:00,'-,Sala,Repres. De Servicios,Full Time,Femenino,1999-01-28 00:00:00,2023-11-24 00:00:00,
Svea Corpac,14343,2025-06-01 00:00:00,'-,Almacén,Repres. De Servicios Eo,Full Time,Masculino,1958-09-28 00:00:00,2007-05-01 00:00:00,
Svea Corpac,14625657,2025-06-01 00:00:00,'-,Cajas,Cajero 5X2,Part Time,Femenino,1998-03-20 00:00:00,2024-03-08 00:00:00,2025-06-01 00:00:00
Svea Corpac,14776588,2025-06-01 00:00:00,'-,Sala,Repres. De Servicios,Full Time,Masculino,2004-06-24 00:00:00,2025-04-01 00:00:00,
Svea Corpac,15519392,2025-06-01 00:00:00,'-,Almacén,Repres. De Servicios,Part Time,Masculino,2003-04-05 00:00:00,2024-05-02 00:00:00,
Svea Corpac,15834576,2025-06-01 00:00:00,'-,Cajas,Cajero 5X2,Part Time,Femenino,2004-04-20 00:00:00,2024-05-20 00:00:00,2025-06-16 00:00:00
Svea Corpac,15877870,2025-06-01 00:00:00,'-,Cajas,Cajero 5X2,Part Time,Femenino,2005-01-29 00:00:00,2024-05-24 00:00:00,
Svea Corpac,15958306,2025-06-01 00:00:00,'-,Cajas,Cajero 5X2,Part Time,Femenino,2004-06-11 00:00:00,2024-06-03 00:00:00,
Svea Corpac,15958778,2025-06-01 00:00:00,'-,Cajas,Cajero 5X2,Part Time,Masculino,1998-06-03 00:00:00,2024-06-03 00:00:00,
Svea Corpac,17035031,2025-06-01 00:00:00,'-,Almacén Frescos,Repres. De Servicios,Part Time,Masculino,2003-01-14 00:00:00,2024-09-27 00:00:00,2025-06-17 00:00:00
Svea Corpac,17487114,2025-06-01 00:00:00,'-,Sala Frescos,Repres. De Servicios,Full Time,Femenino,1974-07-29 00:00:00,2024-11-14 00:00:00,
Svea Corpac,17702228,2025-06-01 00:00:00,'-,Sala Frescos,Repres. De Servicios,Part Time,Masculino,2000-05-07 00:00:00,2024-12-03 00:00:00,
Svea Corpac,17837560,2025-06-01 00:00:00,'-,Sala Frescos,Repres. De Servicios,Part Time,Masculino,2006-06-05 00:00:00,2024-12-20 00:00:00,
Svea Corpac,17876776,2025-06-01 00:00:00,'-,Sala Frescos,Repres. De Servicios,Part Time,Masculino,2004-08-18 00:00:00,2024-12-24 00:00:00,
Svea Corpac,17958158,2025-06-01 00:00:00,'-,Sala Frescos,Repres. De Servicios,Part Time,Masculino,2006-04-19 00:00:00,2025-01-24 00:00:00,
Svea Corpac,17994390,2025-06-01 00:00:00,'-,Sala Frescos,Repres. De Servicios,Part Time,Femenino,2006-09-12 00:00:00,2025-01-30 00:00:00,
Svea Corpac,17994416,2025-06-01 00:00:00,'-,Recepción,Repres. De Servicios,Full Time,Masculino,2000-05-24 00:00:00,2025-01-30 00:00:00,
Svea Corpac,18288148,2025-06-01 00:00:00,'-,Sala,Repres. De Servicios,Part Time,Masculino,2007-02-03 00:00:00,2025-03-10 00:00:00,
Svea Corpac,18304720,2025-06-01 00:00:00,'-,Almacén Frescos,Repres. De Servicios,Part Time,Masculino,1998-04-28 00:00:00,2025-03-13 00:00:00,
Svea Corpac,18304723,2025-06-01 00:00:00,'-,Sala Frescos,Repres. De Servicios,Part Time,Femenino,2006-04-07 00:00:00,2025-03-13 00:00:00,
Svea Corpac,18329276,2025-06-01 00:00:00,'-,Sala,Repres. De Servicios,Full Time,Femenino,2002-04-10 00:00:00,2025-03-21 00:00:00,2025-06-02 00:00:00
Svea Corpac,18329291,2025-06-01 00:00:00,'-,Sala,Repres. De Servicios,Part Time,Masculino,2006-02-15 00:00:00,2025-03-21 00:00:00,
Svea Corpac,18339046,2025-06-01 00:00:00,'-,Cajas,Repres. De Servicios 5X2 Eo,Part Time,Masculino,1959-04-07 00:00:00,2025-03-24 00:00:00,
Svea Corpac,18340465,2025-06-01 00:00:00,'-,Sala,Repres. De Servicios,Full Time,Femenino,2006-04-27 00:00:00,2025-03-26 00:00:00,
Svea Corpac,18480146,2025-06-01 00:00:00,'-,Almacén Frescos,Repres. De Servicios,Part Time,Masculino,2001-12-10 00:00:00,2025-04-15 00:00:00,
Svea Corpac,18480147,2025-06-01 00:00:00,'-,Almacén Frescos,Repres. De Servicios,Full Time,Masculino,2004-05-09 00:00:00,2025-04-15 00:00:00,
Svea Corpac,18680096,2025-06-01 00:00:00,'-,Almacén,Repres. De Servicios,Part Time,Masculino,2004-11-09 00:00:00,2025-05-14 00:00:00,
Svea Corpac,18691469,2025-06-01 00:00:00,'-,Almacén,Repres. De Servicios,Part Time,Masculino,2006-10-03 00:00:00,2025-05-19 00:00:00,
Svea Corpac,18691470,2025-06-01 00:00:00,'-,Almacén,Repres. De Servicios,Part Time,Masculino,2005-03-27 00:00:00,2025-05-19 00:00:00,
Svea Corpac,18694222,2025-06-01 00:00:00,'-,Sala Frescos,Repres. De Servicios,Part Time,Femenino,2006-05-14 00:00:00,2025-05-20 00:00:00,
Svea Corpac,18700358,2025-06-01 00:00:00,'-,Sala Frescos,Repres. De Servicios,Part Time,Femenino,1986-04-09 00:00:00,2025-05-22 00:00:00,2025-06-08 00:00:00
Svea Corpac,18704501,2025-06-01 00:00:00,'-,Sala Frescos,Repres. De Servicios,Full Time,Masculino,2001-08-21 00:00:00,2025-05-23 00:00:00,
Svea Corpac,18704607,2025-06-01 00:00:00,'-,Sala Frescos,Repres. De Servicios,Full Time,Masculino,2005-06-04 00:00:00,2025-05-23 00:00:00,
Svea Corpac,18720149,2025-06-01 00:00:00,'-,Sala Frescos,Repres. De Servicios,Full Time,Femenino,2005-10-07 00:00:00,2025-05-30 00:00:00,2025-06-15 00:00:00
Svea Corpac,18720150,2025-06-01 00:00:00,'-,Sala Frescos,Repres. De Servicios,Part Time,Masculino,2000-06-11 00:00:00,2025-05-30 00:00:00,
Svea Corpac,18720151,2025-06-01 00:00:00,'-,Sala Frescos,Repres. De Servicios,Part Time,Femenino,2004-07-10 00:00:00,2025-05-30 00:00:00,
Svea Corpac,18720152,2025-06-01 00:00:00,'-,Sala,Repres. De Servicios,Part Time,Femenino,2000-02-22 00:00:00,2025-05-30 00:00:00,
Svea Corpac,18720166,2025-06-01 00:00:00,'-,Sala Frescos,Repres. De Servicios,Part Time,Masculino,2005-07-03 00:00:00,2025-05-30 00:00:00,
Svea Corpac,18746842,2025-06-01 00:00:00,'-,Cajas,Jefe De Seccion,Full Time,Femenino,1984-06-23 00:00:00,2025-06-11 00:00:00,
Svea Corpac,18748653,2025-06-01 00:00:00,'-,Sala Frescos,Jefe De Seccion,Full Time,Masculino,1974-05-27 00:00:00,2025-06-12 00:00:00,
Svea Corpac,21115,2025-06-01 00:00:00,'-,Cajas,Representante De Servicio D,Full Time,Masculino,1981-02-25 00:00:00,2000-03-01 00:00:00,
Svea Corpac,21370,2025-06-01 00:00:00,'-,Cajas,Supervisor De Cajeros,Full Time,Masculino,1977-05-27 00:00:00,2010-04-07 00:00:00,2025-06-04 00:00:00
Svea Corpac,235588,2025-06-01 00:00:00,'-,Cajas,Supervisor De Cajeros,Full Time,Femenino,1993-07-27 00:00:00,2018-10-05 00:00:00,
Svea Corpac,241013,2025-06-01 00:00:00,'-,Almacén,Jefe De Seccion,Full Time,Femenino,2000-06-21 00:00:00,2019-06-01 00:00:00,
Svea Corpac,243668,2025-06-01 00:00:00,'-,Sala Frescos,Repres. De Servicios,Part Time,Femenino,1994-04-04 00:00:00,2019-03-21 00:00:00,
Svea Corpac,266939,2025-06-01 00:00:00,'-,Administración,Gerente De Tienda,Full Time,Femenino,1990-06-29 00:00:00,2019-03-01 00:00:00,
Svea Corpac,43780,2025-06-01 00:00:00,'-,Cajas,Cajero 5X2,Full Time,Masculino,1989-10-27 00:00:00,2016-09-01 00:00:00,
Svea Corpac,44131,2025-06-01 00:00:00,'-,Cajas,Supervisor De Cajeros,Full Time,Femenino,1971-02-17 00:00:00,2016-09-05 00:00:00,
Svea Corpac,4457773,2025-06-01 00:00:00,'-,Almacén,Repres. De Servicios I,Full Time,Masculino,2002-01-18 00:00:00,2020-05-25 00:00:00,
Svea Corpac,4576139,2025-06-01 00:00:00,'-,Sala Frescos,Repres. De Servicios,Full Time,Femenino,1987-09-28 00:00:00,2020-06-12 00:00:00,
Svea Corpac,48590,2025-06-01 00:00:00,'-,Sala Frescos,Repres. De Servicios,Full Time,Femenino,1976-11-15 00:00:00,2016-12-14 00:00:00,
Svea Corpac,6038,2025-06-01 00:00:00,'-,Sala Frescos,Repres. De Servicios I,Full Time,Femenino,1979-06-25 00:00:00,2018-06-27 00:00:00,2025-06-12 00:00:00
Svea Corpac,6722,2025-06-01 00:00:00,'-,Sala Frescos,Jefe De Seccion,Full Time,Femenino,1987-06-16 00:00:00,2022-02-22 00:00:00,
Svea Corpac,9278595,2025-06-01 00:00:00,'-,Cajas,Cajero 6X1,Full Time,Masculino,1994-12-25 00:00:00,2023-07-01 00:00:00,
Viv Monterrico,104143,2025-06-01 00:00:00,'-,"Carnes, Pescados, Fiambres, Frutas & Verduras",Repres. De Servicios,Full Time,Femenino,1985-09-27 00:00:00,2017-10-01 00:00:00,
Viv Monterrico,10653,2025-06-01 00:00:00,'-,"Carnes, Pescados, Fiambres, Frutas & Verduras",Repres. De Servicios,Full Time,Masculino,1971-05-11 00:00:00,2002-10-19 00:00:00,
Viv Monterrico,10845,2025-06-01 00:00:00,'-,"Carnes, Pescados, Fiambres, Frutas & Verduras",Jefe De Seccion,Full Time,Femenino,1979-08-02 00:00:00,2012-08-01 00:00:00,
Viv Monterrico,110670,2025-06-01 00:00:00,'-,"Carnes, Pescados, Fiambres, Frutas & Verduras",Repres. De Servicios Fds,Part Time,Femenino,1993-10-16 00:00:00,2025-04-01 00:00:00,
Viv Monterrico,11342636,2025-06-01 00:00:00,'-,Cajas,Cajero 6X1,Full Time,Femenino,2003-05-05 00:00:00,2025-04-22 00:00:00,
Viv Monterrico,11369697,2025-06-01 00:00:00,'-,Cajas,Cajero 6X1,Full Time,Masculino,2001-04-18 00:00:00,2025-02-01 00:00:00,
Viv Monterrico,11458504,2025-06-01 00:00:00,'-,Cajas,Cajero 4X3,Part Time,Femenino,2002-11-10 00:00:00,2022-10-19 00:00:00,
Viv Monterrico,11489004,2025-06-01 00:00:00,'-,Cajas,Asistente De Self Check Out Pt 5X2,Part Time,Masculino,2003-05-05 00:00:00,2025-05-02 00:00:00,
Viv Monterrico,11966759,2025-06-01 00:00:00,'-,Cajas,Cajero 4X3,Part Time,Masculino,2003-04-07 00:00:00,2023-03-09 00:00:00,
Viv Monterrico,1205195,2025-06-01 00:00:00,'-,Cajas,Repres. De Servicios,Part Time,Femenino,1999-12-16 00:00:00,2025-06-01 00:00:00,
Viv Monterrico,12261783,2025-06-01 00:00:00,'-,"Carnes, Pescados, Fiambres, Frutas & Verduras",Repres. De Servicios,Full Time,Masculino,1993-02-04 00:00:00,2023-06-13 00:00:00,
Viv Monterrico,128607,2025-06-01 00:00:00,'-,Cajas,Repres. De Servicios Fds,Part Time,Femenino,1995-01-19 00:00:00,2018-02-08 00:00:00,
Viv Monterrico,13227322,2025-06-01 00:00:00,'-,Cajas,Cajero 5X2,Part Time,Masculino,2004-01-31 00:00:00,2023-11-07 00:00:00,
Viv Monterrico,13277255,2025-06-01 00:00:00,'-,Sala,Repres. De Servicios,Part Time,Masculino,2003-09-22 00:00:00,2023-11-14 00:00:00,
Viv Monterrico,1331,2025-06-01 00:00:00,'-,Cajas,Cajero 5X2,Full Time,Femenino,1987-10-26 00:00:00,2025-05-02 00:00:00,
Viv Monterrico,13375806,2025-06-01 00:00:00,'-,Sala,Repres. De Servicios,Part Time,Femenino,2001-03-02 00:00:00,2024-04-03 00:00:00,
Viv Monterrico,13619568,2025-06-01 00:00:00,'-,"Carnes, Pescados, Fiambres, Frutas & Verduras",Repres. De Servicios,Full Time,Femenino,1969-12-30 00:00:00,2023-12-12 00:00:00,
Viv Monterrico,13709716,2025-06-01 00:00:00,'-,Almacén,Repres. De Servicios,Part Time,Masculino,2003-07-01 00:00:00,2023-12-22 00:00:00,
Viv Monterrico,13797674,2025-06-01 00:00:00,'-,Sala,Repres. De Servicios,Full Time,Femenino,2005-05-24 00:00:00,2024-01-09 00:00:00,
Viv Monterrico,13803247,2025-06-01 00:00:00,'-,Cajas,Repres. De Servicios,Full Time,Masculino,2001-06-03 00:00:00,2025-04-01 00:00:00,
Viv Monterrico,13808329,2025-06-01 00:00:00,'-,Sala,Repres. De Servicios,Part Time,Masculino,2004-05-27 00:00:00,2024-11-25 00:00:00,
Viv Monterrico,13816913,2025-06-01 00:00:00,'-,Cajas,Cajero 5X2,Part Time,Femenino,2002-02-03 00:00:00,2024-01-12 00:00:00,
Viv Monterrico,14071976,2025-06-01 00:00:00,'-,Cajas,Cajero 3X4,Part Time,Femenino,2004-01-07 00:00:00,2024-02-12 00:00:00,
Viv Monterrico,14270,2025-06-01 00:00:00,'-,"Carnes, Pescados, Fiambres, Frutas & Verduras",Repres. De Servicios,Full Time,Masculino,1972-02-18 00:00:00,2005-11-05 00:00:00,
Viv Monterrico,14470,2025-06-01 00:00:00,'-,Comidas Preparadas Panadería Y Pastelería,Repres. De Servicios,Full Time,Femenino,1988-01-20 00:00:00,2018-07-01 00:00:00,
Viv Monterrico,14618,2025-06-01 00:00:00,'-,Cajas,Cajero 4X3,Part Time,Femenino,1980-03-15 00:00:00,2013-10-01 00:00:00,
Viv Monterrico,14625595,2025-06-01 00:00:00,'-,Cajas,Cajero 5X2,Part Time,Femenino,2003-12-25 00:00:00,2024-03-08 00:00:00,
Viv Monterrico,14685168,2025-06-01 00:00:00,'-,Cajas,Cajero 3X4,Part Time,Femenino,2002-06-28 00:00:00,2024-09-01 00:00:00,
Viv Monterrico,14685194,2025-06-01 00:00:00,'-,Comidas Preparadas Panadería Y Pastelería,Repres. De Servicios,Full Time,Masculino,2004-10-08 00:00:00,2024-03-15 00:00:00,
Viv Monterrico,14941431,2025-06-01 00:00:00,'-,Cajas,Asistente De Self Check Out Pt 5X2,Part Time,Femenino,2002-01-18 00:00:00,2024-04-03 00:00:00,
Viv Monterrico,14978188,2025-06-01 00:00:00,'-,Cajas,Asistente De Self Check Out Pt,Part Time,Masculino,1999-04-22 00:00:00,2024-04-05 00:00:00,
Viv Monterrico,15079206,2025-06-01 00:00:00,'-,Cajas,Cajero 5X2,Part Time,Femenino,2003-08-29 00:00:00,2024-04-10 00:00:00,
Viv Monterrico,15087,2025-06-01 00:00:00,'-,Cajas,Jefe De Seccion,Full Time,Femenino,1989-03-13 00:00:00,2016-10-01 00:00:00,
Viv Monterrico,15146,2025-06-01 00:00:00,'-,Recepción,Repres. De Servicios,Full Time,Masculino,1982-09-29 00:00:00,2014-04-01 00:00:00,
Viv Monterrico,15345489,2025-06-01 00:00:00,'-,Cajas,Cajero 5X2,Part Time,Masculino,2004-08-18 00:00:00,2024-04-24 00:00:00,
Viv Monterrico,15470432,2025-06-01 00:00:00,'-,Sala,Repres. De Servicios,Part Time,Femenino,1998-08-10 00:00:00,2024-04-29 00:00:00,
Viv Monterrico,15470435,2025-06-01 00:00:00,'-,Cajas,Cajero 5X2,Part Time,Femenino,2004-03-31 00:00:00,2024-04-29 00:00:00,
Viv Monterrico,15525409,2025-06-01 00:00:00,'-,Almacén,Repres. De Servicios,Part Time,Masculino,2003-05-22 00:00:00,2024-05-03 00:00:00,
Viv Monterrico,15635412,2025-06-01 00:00:00,'-,Recepción,Repres. De Servicios,Full Time,Masculino,1999-05-06 00:00:00,2024-05-07 00:00:00,
Viv Monterrico,15754298,2025-06-01 00:00:00,'-,Cajas,Cajero 5X2,Part Time,Femenino,2004-03-15 00:00:00,2024-05-16 00:00:00,
Viv Monterrico,15906554,2025-06-01 00:00:00,'-,Sala,Repres. De Servicios,Part Time,Masculino,2004-03-07 00:00:00,2024-05-27 00:00:00,
Viv Monterrico,15933876,2025-06-01 00:00:00,'-,Comidas Preparadas Panadería Y Pastelería,Repres. De Servicios,Part Time,Femenino,2000-09-14 00:00:00,2024-05-30 00:00:00,
Viv Monterrico,16426796,2025-06-01 00:00:00,'-,Cajas,Cajero 3X4,Part Time,Masculino,2002-10-07 00:00:00,2024-07-30 00:00:00,
Viv Monterrico,16480751,2025-06-01 00:00:00,'-,"Carnes, Pescados, Fiambres, Frutas & Verduras",Repres. De Servicios,Part Time,Masculino,1998-12-14 00:00:00,2024-08-02 00:00:00,
Viv Monterrico,16648173,2025-06-01 00:00:00,'-,Cajas,Cajero 3X4,Part Time,Masculino,2006-04-14 00:00:00,2024-08-14 00:00:00,
Viv Monterrico,16674385,2025-06-01 00:00:00,'-,Cajas,Cajero 5X2,Part Time,Masculino,2004-11-04 00:00:00,2024-08-16 00:00:00,
Viv Monterrico,16682026,2025-06-01 00:00:00,'-,Cajas,Cajero 5X2,Part Time,Masculino,2004-03-16 00:00:00,2024-08-19 00:00:00,
Viv Monterrico,16682031,2025-06-01 00:00:00,'-,Cajas,Repres. De Servicios,Full Time,Femenino,2004-02-25 00:00:00,2025-06-01 00:00:00,
Viv Monterrico,16733483,2025-06-01 00:00:00,'-,Cajas,Cajero 5X2,Part Time,Femenino,2006-04-29 00:00:00,2024-08-26 00:00:00,
Viv Monterrico,16733509,2025-06-01 00:00:00,'-,"Carnes, Pescados, Fiambres, Frutas & Verduras",Repres. De Servicios,Full Time,Femenino,1996-05-24 00:00:00,2025-01-01 00:00:00,
Viv Monterrico,16754518,2025-06-01 00:00:00,'-,Cajas,Repres. De Servicios,Full Time,Masculino,2005-04-13 00:00:00,2025-02-01 00:00:00,
Viv Monterrico,16848004,2025-06-01 00:00:00,'-,"Carnes, Pescados, Fiambres, Frutas & Verduras",Repres. De Servicios,Full Time,Masculino,2005-11-16 00:00:00,2025-04-01 00:00:00,
Viv Monterrico,16936646,2025-06-01 00:00:00,'-,"Carnes, Pescados, Fiambres, Frutas & Verduras",Repres. De Servicios,Part Time,Masculino,2005-05-23 00:00:00,2024-09-13 00:00:00,
Viv Monterrico,17002754,2025-06-01 00:00:00,'-,Almacén,Repres. De Servicios,Part Time,Masculino,1999-09-25 00:00:00,2024-09-18 00:00:00,
Viv Monterrico,17002756,2025-06-01 00:00:00,'-,Comidas Preparadas Panadería Y Pastelería,Repres. De Servicios,Part Time,Masculino,2003-06-06 00:00:00,2024-09-18 00:00:00,
Viv Monterrico,17164480,2025-06-01 00:00:00,'-,Cajas,Cajero 4X3,Part Time,Femenino,2003-05-09 00:00:00,2024-10-14 00:00:00,
Viv Monterrico,17164485,2025-06-01 00:00:00,'-,Cajas,Cajero 3X4,Part Time,Masculino,2003-07-04 00:00:00,2024-10-14 00:00:00,
Viv Monterrico,17211153,2025-06-01 00:00:00,'-,Cajas,Cajero 5X2,Part Time,Femenino,1998-01-06 00:00:00,2024-10-17 00:00:00,
Viv Monterrico,17304722,2025-06-01 00:00:00,'-,Almacén,Repres. De Servicios,Part Time,Masculino,2003-06-03 00:00:00,2024-10-25 00:00:00,
Viv Monterrico,17367303,2025-06-01 00:00:00,'-,"Carnes, Pescados, Fiambres, Frutas & Verduras",Repres. De Servicios,Full Time,Masculino,2006-08-12 00:00:00,2025-02-01 00:00:00,
Viv Monterrico,17420925,2025-06-01 00:00:00,'-,Cajas,Cajero 3X4,Part Time,Masculino,2001-05-29 00:00:00,2024-11-05 00:00:00,
Viv Monterrico,17467498,2025-06-01 00:00:00,'-,Cajas,Cajero 3X4,Part Time,Femenino,1979-02-26 00:00:00,2024-11-12 00:00:00,
Viv Monterrico,17496663,2025-06-01 00:00:00,'-,Cajas,Cajero 5X2,Part Time,Masculino,2005-03-13 00:00:00,2024-11-15 00:00:00,
Viv Monterrico,17657910,2025-06-01 00:00:00,'-,Cajas,Cajero 3X4,Part Time,Femenino,2002-05-25 00:00:00,2024-11-27 00:00:00,
Viv Monterrico,17680473,2025-06-01 00:00:00,'-,Cajas,Cajero 5X2,Part Time,Femenino,1988-03-13 00:00:00,2024-11-25 00:00:00,
Viv Monterrico,17683128,2025-06-01 00:00:00,'-,Cajas,Cajero 5X2,Part Time,Femenino,2004-04-20 00:00:00,2024-11-28 00:00:00,
Viv Monterrico,17783053,2025-06-01 00:00:00,'-,Cajas,Cajero 5X2,Part Time,Masculino,2004-01-16 00:00:00,2024-12-10 00:00:00,
Viv Monterrico,17796970,2025-06-01 00:00:00,'-,"Carnes, Pescados, Fiambres, Frutas & Verduras",Repres. De Servicios,Part Time,Femenino,2003-10-06 00:00:00,2024-12-10 00:00:00,
Viv Monterrico,17820960,2025-06-01 00:00:00,'-,Almacén,Repres. De Servicios,Part Time,Masculino,2003-09-16 00:00:00,2024-12-13 00:00:00,
Viv Monterrico,17833876,2025-06-01 00:00:00,'-,Comidas Preparadas,Chef,Full Time,Femenino,2002-10-06 00:00:00,2024-12-16 00:00:00,
Viv Monterrico,17862528,2025-06-01 00:00:00,'-,"Carnes, Pescados, Fiambres, Frutas & Verduras",Repres. De Servicios,Part Time,Femenino,2006-07-29 00:00:00,2024-12-18 00:00:00,
Viv Monterrico,17958127,2025-06-01 00:00:00,'-,Almacén,Repres. De Servicios,Part Time,Masculino,2003-05-02 00:00:00,2025-01-24 00:00:00,
Viv Monterrico,17958132,2025-06-01 00:00:00,'-,"Carnes, Pescados, Fiambres, Frutas & Verduras",Repres. De Servicios,Part Time,Masculino,2004-07-28 00:00:00,2025-01-24 00:00:00,
Viv Monterrico,18216092,2025-06-01 00:00:00,'-,Cajas,Cajero 5X2,Part Time,Masculino,2002-04-17 00:00:00,2025-02-25 00:00:00,
Viv Monterrico,18256493,2025-06-01 00:00:00,'-,Cajas,Cajero 5X2,Part Time,Femenino,2001-12-24 00:00:00,2025-03-04 00:00:00,
Viv Monterrico,18294379,2025-06-01 00:00:00,'-,"Carnes, Pescados, Fiambres, Frutas & Verduras",Repres. De Servicios,Part Time,Masculino,2002-01-09 00:00:00,2025-03-11 00:00:00,
Viv Monterrico,18294404,2025-06-01 00:00:00,'-,"Carnes, Pescados, Fiambres, Frutas & Verduras",Repres. De Servicios,Part Time,Masculino,2006-02-13 00:00:00,2025-03-11 00:00:00,
Viv Monterrico,18294821,2025-06-01 00:00:00,'-,"Carnes, Pescados, Fiambres, Frutas & Verduras",Repres. De Servicios,Full Time,Masculino,2001-02-11 00:00:00,2025-03-11 00:00:00,
Viv Monterrico,18338674,2025-06-01 00:00:00,'-,"Carnes, Pescados, Fiambres, Frutas & Verduras",Repres. De Servicios,Part Time,Masculino,2003-11-07 00:00:00,2025-03-24 00:00:00,
Viv Monterrico,18338681,2025-06-01 00:00:00,'-,Sala,Repres. De Servicios,Part Time,Femenino,1993-12-15 00:00:00,2025-03-24 00:00:00,
Viv Monterrico,18343550,2025-06-01 00:00:00,'-,"Carnes, Pescados, Fiambres, Frutas & Verduras",Repres. De Servicios,Part Time,Femenino,2001-11-27 00:00:00,2025-04-01 00:00:00,
Viv Monterrico,18396,2025-06-01 00:00:00,'-,"Carnes, Pescados, Fiambres, Frutas & Verduras",Repres. De Servicios I,Full Time,Femenino,1982-06-03 00:00:00,2013-09-09 00:00:00,
Viv Monterrico,18438371,2025-06-01 00:00:00,'-,Cajas,Cajero 5X2,Part Time,Masculino,2004-11-21 00:00:00,2025-04-10 00:00:00,
Viv Monterrico,18488612,2025-06-01 00:00:00,'-,Cajas,Cajero 5X2,Part Time,Femenino,2006-09-20 00:00:00,2025-04-16 00:00:00,
Viv Monterrico,18488757,2025-06-01 00:00:00,'-,Cajas,Cajero 5X2,Part Time,Femenino,2005-07-25 00:00:00,2025-04-16 00:00:00,
Viv Monterrico,18625750,2025-06-01 00:00:00,'-,Cajas,Cajero 5X2,Full Time,Femenino,1986-12-26 00:00:00,2025-04-24 00:00:00,
Viv Monterrico,18625751,2025-06-01 00:00:00,'-,Comidas Preparadas Panadería Y Pastelería,Repres. De Servicios Fds,Part Time,Femenino,2004-03-17 00:00:00,2025-04-24 00:00:00,2025-06-06 00:00:00
Viv Monterrico,18625752,2025-06-01 00:00:00,'-,Cajas,Cajero 5X2,Part Time,Masculino,2005-09-30 00:00:00,2025-04-24 00:00:00,
Viv Monterrico,18625784,2025-06-01 00:00:00,'-,Cajas,Asistente De Self Check Out Pt 5X2,Part Time,Femenino,2007-03-29 00:00:00,2025-04-24 00:00:00,
Viv Monterrico,18626066,2025-06-01 00:00:00,'-,Cajas,Cajero 6X1,Full Time,Masculino,2004-05-07 00:00:00,2025-04-28 00:00:00,
Viv Monterrico,18626082,2025-06-01 00:00:00,'-,"Carnes, Pescados, Fiambres, Frutas & Verduras",Repres. De Servicios,Part Time,Masculino,2001-07-17 00:00:00,2025-04-28 00:00:00,
Viv Monterrico,18626107,2025-06-01 00:00:00,'-,Cajas,Asistente De Self Check Out Pt 5X2,Part Time,Masculino,2002-07-26 00:00:00,2025-04-28 00:00:00,
Viv Monterrico,18633767,2025-06-01 00:00:00,'-,"Carnes, Pescados, Fiambres, Frutas & Verduras",Repres. De Servicios,Part Time,Masculino,2006-03-24 00:00:00,2025-05-02 00:00:00,
Viv Monterrico,18644813,2025-06-01 00:00:00,'-,Cajas,Cajero 3X4,Part Time,Femenino,2000-09-15 00:00:00,2025-05-09 00:00:00,
Viv Monterrico,18678006,2025-06-01 00:00:00,'-,Cajas,Repres. De Servicios,Full Time,Femenino,2007-01-23 00:00:00,2025-05-13 00:00:00,
Viv Monterrico,18693350,2025-06-01 00:00:00,'-,Sala,Repres. De Servicios,Part Time,Masculino,2002-09-30 00:00:00,2025-05-20 00:00:00,
Viv Monterrico,18715415,2025-06-01 00:00:00,'-,Sala,Repres. De Servicios Fds,Part Time,Masculino,2005-03-23 00:00:00,2025-05-28 00:00:00,
Viv Monterrico,18715417,2025-06-01 00:00:00,'-,Comidas Preparadas Panadería Y Pastelería,Repres. De Servicios,Part Time,Femenino,1992-01-07 00:00:00,2025-05-28 00:00:00,
Viv Monterrico,18727973,2025-06-01 00:00:00,'-,"Carnes, Pescados, Fiambres, Frutas & Verduras",Repres. De Servicios,Part Time,Masculino,2005-02-12 00:00:00,2025-06-03 00:00:00,
Viv Monterrico,18727974,2025-06-01 00:00:00,'-,Comidas Preparadas Panadería Y Pastelería,Repres. De Servicios,Part Time,Femenino,2005-04-19 00:00:00,2025-06-03 00:00:00,
Viv Monterrico,18743530,2025-06-01 00:00:00,'-,Comidas Preparadas Panadería Y Pastelería,Repres. De Servicios,Part Time,Masculino,2006-08-18 00:00:00,2025-06-10 00:00:00,
Viv Monterrico,202051,2025-06-01 00:00:00,'-,"Carnes, Pescados, Fiambres, Frutas & Verduras",Jefe De Seccion,Full Time,Masculino,1993-01-05 00:00:00,2018-09-01 00:00:00,
Viv Monterrico,202700,2025-06-01 00:00:00,'-,Administración,Subgerente De Tienda,Full Time,Femenino,1998-03-05 00:00:00,2018-08-01 00:00:00,
Viv Monterrico,203197,2025-06-01 00:00:00,'-,Cajas,Supervisor De Cajeros,Full Time,Masculino,1993-06-08 00:00:00,2018-12-01 00:00:00,2025-07-01 00:00:00
Viv Monterrico,203493,2025-06-01 00:00:00,'-,Comidas Preparadas Panadería Y Pastelería,Jefe De Seccion,Full Time,Femenino,1993-07-18 00:00:00,2020-03-11 00:00:00,
Viv Monterrico,204123,2025-06-01 00:00:00,'-,Sala,Repres. De Servicios,Full Time,Femenino,1984-11-24 00:00:00,2018-06-26 00:00:00,
Viv Monterrico,21073,2025-06-01 00:00:00,'-,Comidas Preparadas Panadería Y Pastelería,Repres. De Servicios,Full Time,Masculino,1978-11-03 00:00:00,2008-09-01 00:00:00,
Viv Monterrico,21097,2025-06-01 00:00:00,'-,Almacén,Jefe De Seccion Eo,Full Time,Masculino,1965-04-05 00:00:00,1988-04-02 00:00:00,
Viv Monterrico,21184,2025-06-01 00:00:00,'-,Administración,Asistente De Tienda,Full Time,Femenino,1986-05-18 00:00:00,2012-01-05 00:00:00,
Viv Monterrico,21347,2025-06-01 00:00:00,'-,Sala,Repres. De Servicios I,Full Time,Masculino,1979-04-19 00:00:00,2011-02-10 00:00:00,
Viv Monterrico,22090,2025-06-01 00:00:00,'-,Sala,Repres. De Servicios I,Full Time,Femenino,1990-06-24 00:00:00,2019-05-01 00:00:00,
Viv Monterrico,233971,2025-06-01 00:00:00,'-,Cajas,Repres. De Servicios,Full Time,Masculino,1999-06-09 00:00:00,2018-09-14 00:00:00,
Viv Monterrico,235488,2025-06-01 00:00:00,'-,"Carnes, Pescados, Fiambres, Frutas & Verduras",Repres. De Servicios,Full Time,Femenino,1977-09-25 00:00:00,2020-01-01 00:00:00,
Viv Monterrico,241468,2025-06-01 00:00:00,'-,Sala,Especialista En Bebidas,Full Time,Masculino,1985-11-16 00:00:00,2018-11-15 00:00:00,
Viv Monterrico,242902,2025-06-01 00:00:00,'-,Cajas,Supervisor De Cajeros,Full Time,Femenino,2000-09-03 00:00:00,2024-11-25 00:00:00,
Viv Monterrico,2452,2025-06-01 00:00:00,'-,Cajas,Repres. De Servicios,Part Time,Masculino,1997-06-12 00:00:00,2022-12-01 00:00:00,2025-06-15 00:00:00
Viv Monterrico,245990,2025-06-01 00:00:00,'-,Cajas,Cajero 5X2,Full Time,Masculino,1989-09-26 00:00:00,2018-12-18 00:00:00,
Viv Monterrico,269011,2025-06-01 00:00:00,'-,Administración,Gerente De Tienda,Full Time,Femenino,1985-09-14 00:00:00,2019-04-01 00:00:00,
Viv Monterrico,27172,2025-06-01 00:00:00,'-,Comidas Preparadas Panadería Y Pastelería,Repres. De Servicios I,Full Time,Femenino,1992-08-05 00:00:00,2015-06-08 00:00:00,
Viv Monterrico,27570,2025-06-01 00:00:00,'-,Comidas Preparadas Panadería Y Pastelería,Repres. De Servicios,Full Time,Femenino,1979-03-22 00:00:00,2015-09-01 00:00:00,
Viv Monterrico,276932,2025-06-01 00:00:00,'-,Cajas,Representante De Servicio 5X2 D,Part Time,Masculino,1979-03-26 00:00:00,2019-08-02 00:00:00,
Viv Monterrico,284648,2025-06-01 00:00:00,'-,Comidas Preparadas Panadería Y Pastelería,Repres. De Servicios,Full Time,Femenino,1998-01-12 00:00:00,2020-03-01 00:00:00,
Viv Monterrico,299199,2025-06-01 00:00:00,'-,Sala,Representante De Servicio 5X2 D,Part Time,Femenino,1965-08-29 00:00:00,2019-12-10 00:00:00,
Viv Monterrico,31001,2025-06-01 00:00:00,'-,Recepción E Inventarios,Auxiliar De Inventarios,Full Time,Femenino,1993-09-25 00:00:00,2016-01-01 00:00:00,
Viv Monterrico,31936,2025-06-01 00:00:00,'-,Cajas,Supervisor De Cajeros,Full Time,Femenino,1985-02-13 00:00:00,2016-02-01 00:00:00,
Viv Monterrico,34029,2025-06-01 00:00:00,'-,Comidas Preparadas Panadería Y Pastelería,Maestro En Panaderia,Full Time,Masculino,1990-06-01 00:00:00,2016-02-15 00:00:00,
Viv Monterrico,34551,2025-06-01 00:00:00,'-,Recepción,Repres. De Servicios,Full Time,Femenino,1987-11-06 00:00:00,2016-02-17 00:00:00,
Viv Monterrico,36599,2025-06-01 00:00:00,'-,"Carnes, Pescados, Fiambres, Frutas & Verduras",Repres. De Servicios,Full Time,Femenino,1982-11-15 00:00:00,2016-03-02 00:00:00,
Viv Monterrico,3705,2025-06-01 00:00:00,'-,Administración,Jefe Entrenador,Full Time,Masculino,1968-12-14 00:00:00,2004-04-01 00:00:00,
Viv Monterrico,38464,2025-06-01 00:00:00,'-,Cajas,Cajero 5X2,Full Time,Femenino,1976-11-28 00:00:00,2018-02-01 00:00:00,
Viv Monterrico,40160,2025-06-01 00:00:00,'-,Cajas,Repres. De Servicios,Part Time,Masculino,1992-12-07 00:00:00,2016-05-04 00:00:00,
Viv Monterrico,41959,2025-06-01 00:00:00,'-,"Carnes, Pescados, Fiambres, Frutas & Verduras",Repres. De Servicios,Full Time,Femenino,1973-06-24 00:00:00,2016-07-08 00:00:00,
Viv Monterrico,41985,2025-06-01 00:00:00,'-,Sala,Jefe De Seccion,Full Time,Masculino,1997-01-23 00:00:00,2018-03-01 00:00:00,
Viv Monterrico,51793,2025-06-01 00:00:00,'-,Administración,Coordinador De Operaciones Iga,Full Time,Femenino,1993-11-12 00:00:00,2022-02-01 00:00:00,
Viv Monterrico,6265241,2025-06-01 00:00:00,'-,Cajas,Cajero 6X1,Full Time,Masculino,2002-02-28 00:00:00,2025-04-01 00:00:00,
Viv Monterrico,6990,2025-06-01 00:00:00,'-,Comidas Preparadas Panadería Y Pastelería,Repres. De Servicios Eo,Full Time,Masculino,1964-03-29 00:00:00,2007-09-01 00:00:00,
Viv Monterrico,7178,2025-06-01 00:00:00,'-,Comidas Preparadas Panadería Y Pastelería,Repres. De Servicios,Full Time,Femenino,1991-04-30 00:00:00,2012-04-01 00:00:00,
Viv Monterrico,7280,2025-06-01 00:00:00,'-,"Carnes, Pescados, Fiambres, Frutas & Verduras",Repres. De Servicios Eo,Full Time,Femenino,1962-07-30 00:00:00,1997-12-01 00:00:00,
Viv Monterrico,7325,2025-06-01 00:00:00,'-,Cajas,Supervisor De Cajeros,Full Time,Femenino,1992-07-21 00:00:00,2019-11-29 00:00:00,
Viv Monterrico,8668,2025-06-01 00:00:00,'-,Sala,Repres. De Servicios,Full Time,Femenino,1983-02-21 00:00:00,2020-02-26 00:00:00,
Viv Monterrico,9517389,2025-06-01 00:00:00,'-,Cajas,Cajero 3X4,Part Time,Femenino,2002-04-29 00:00:00,2021-11-30 00:00:00,
Viv Monterrico,9734259,2025-06-01 00:00:00,'-,Sala,Repres. De Servicios,Part Time,Femenino,2001-04-22 00:00:00,2022-01-21 00:00:00,
Viv Monterrico,9864173,2025-06-01 00:00:00,'-,Cajas,Asistente De Self Check Out Pt 5X2,Part Time,Masculino,2002-04-18 00:00:00,2024-02-21 00:00:00,
Pvea Miraflores,108279,2025-05-01 00:00:00,'-,Almacén,Repres. De Servicios,Full Time,Masculino,1999-06-19 00:00:00,2024-11-01 00:00:00,
Pvea Miraflores,10922,2025-05-01 00:00:00,'-,Administración,Subgerente De Tienda,Full Time,Masculino,1989-05-26 00:00:00,2008-04-02 00:00:00,
Pvea Miraflores,11244,2025-05-01 00:00:00,'-,Recepción E Inventarios,Auxiliar De Inventarios,Full Time,Masculino,1992-07-22 00:00:00,2013-07-11 00:00:00,
Pvea Miraflores,11334373,2025-05-01 00:00:00,'-,Cajas,Multifuncional,Full Time,Masculino,2002-06-23 00:00:00,2024-07-01 00:00:00,
Pvea Miraflores,11467819,2025-05-01 00:00:00,'-,Sala Frescos,Repres. De Servicios 2Do Turno,Part Time,Femenino,2002-08-04 00:00:00,2022-10-26 00:00:00,
Pvea Miraflores,11471369,2025-05-01 00:00:00,'-,Cajas,Multifuncional 1Er Turno,Part Time,Masculino,2001-11-07 00:00:00,2022-10-28 00:00:00,
Pvea Miraflores,11639932,2025-05-01 00:00:00,'-,Sala Frescos,Repres. De Servicios 2Do Turno,Part Time,Masculino,2004-11-02 00:00:00,2023-01-24 00:00:00,
Pvea Miraflores,11640264,2025-05-01 00:00:00,'-,Cajas,Asistente De Self Check Out Pt,Part Time,Masculino,2002-09-28 00:00:00,2022-12-01 00:00:00,
Pvea Miraflores,11670565,2025-05-01 00:00:00,'-,Cajas,Multifuncional 2Do Turno,Part Time,Femenino,1990-06-09 00:00:00,2022-12-06 00:00:00,
Pvea Miraflores,11721792,2025-05-01 00:00:00,'-,Sala Frescos,Repres. De Servicios,Full Time,Masculino,2002-04-17 00:00:00,2024-04-03 00:00:00,
Pvea Miraflores,1173,2025-05-01 00:00:00,'-,Sala Frescos,Repres. De Servicios I,Full Time,Femenino,1980-08-21 00:00:00,2014-08-05 00:00:00,
Pvea Miraflores,11755194,2025-05-01 00:00:00,'-,Cajas,Multifuncional 1Er Turno,Part Time,Femenino,2004-07-24 00:00:00,2023-01-13 00:00:00,
Pvea Miraflores,11919846,2025-05-01 00:00:00,'-,Recepción,Repres. De Servicios,Full Time,Masculino,2004-10-27 00:00:00,2024-05-01 00:00:00,
Pvea Miraflores,11966958,2025-05-01 00:00:00,'-,Sala Frescos,Repres. De Servicios,Full Time,Masculino,1998-10-25 00:00:00,2023-03-10 00:00:00,
Pvea Miraflores,11967461,2025-05-01 00:00:00,'-,Cajas,Multifuncional,Part Time,Masculino,2002-12-08 00:00:00,2024-03-26 00:00:00,
Pvea Miraflores,11968470,2025-05-01 00:00:00,'-,Sala Frescos,Repres. De Servicios,Full Time,Femenino,2004-12-19 00:00:00,2023-03-21 00:00:00,
Pvea Miraflores,1197572,2025-05-01 00:00:00,'-,Recepción E Inventarios,Auxiliar De Inventarios,Full Time,Masculino,1996-10-18 00:00:00,2024-05-06 00:00:00,
Pvea Miraflores,11975834,2025-05-01 00:00:00,'-,Sala Frescos,Repres. De Servicios,Full Time,Femenino,1990-07-17 00:00:00,2023-03-24 00:00:00,
Pvea Miraflores,11995789,2025-05-01 00:00:00,'-,Almacén Frescos,Repres. De Servicios I,Full Time,Masculino,2001-01-20 00:00:00,2024-04-01 00:00:00,
Pvea Miraflores,12020890,2025-05-01 00:00:00,'-,Sala Frescos,Repres. De Servicios,Full Time,Femenino,2004-08-03 00:00:00,2023-04-05 00:00:00,
Pvea Miraflores,12064373,2025-05-01 00:00:00,'-,Sala Frescos,Repres. De Servicios,Full Time,Masculino,1995-10-25 00:00:00,2024-04-01 00:00:00,
Pvea Miraflores,12069362,2025-05-01 00:00:00,'-,Almacén,Repres. De Servicios 2Do Turno,Part Time,Masculino,2003-04-10 00:00:00,2023-04-20 00:00:00,
Pvea Miraflores,12103937,2025-05-01 00:00:00,'-,Almacén Frescos,Repres. De Servicios,Full Time,Masculino,1993-04-22 00:00:00,2023-04-27 00:00:00,
Pvea Miraflores,12179662,2025-05-01 00:00:00,'-,Sala Frescos,Chef,Full Time,Femenino,2004-05-07 00:00:00,2024-07-01 00:00:00,
Pvea Miraflores,12179728,2025-05-01 00:00:00,'-,Sala,Multifuncional,Full Time,Masculino,1991-06-16 00:00:00,2025-03-01 00:00:00,
Pvea Miraflores,12302,2025-05-01 00:00:00,'-,Recepción,Repres. De Servicios,Full Time,Masculino,1974-10-26 00:00:00,2019-01-22 00:00:00,
Pvea Miraflores,12341116,2025-05-01 00:00:00,'-,Cajas,Multifuncional 1Er Turno,Part Time,Femenino,2002-07-31 00:00:00,2023-07-14 00:00:00,
Pvea Miraflores,12478604,2025-05-01 00:00:00,'-,Cajas,Multifuncional,Part Time,Masculino,2003-06-28 00:00:00,2023-08-17 00:00:00,
Pvea Miraflores,12660368,2025-05-01 00:00:00,'-,Cajas,Multifuncional,Full Time,Masculino,2003-03-30 00:00:00,2025-04-01 00:00:00,
Pvea Miraflores,12660703,2025-05-01 00:00:00,'-,Almacén,Repres. De Servicios I,Full Time,Masculino,2001-10-17 00:00:00,2024-05-01 00:00:00,2025-05-02 00:00:00
Pvea Miraflores,12930960,2025-05-01 00:00:00,'-,Cajas,Multifuncional,Full Time,Femenino,2003-02-02 00:00:00,2024-06-01 00:00:00,
Pvea Miraflores,13218619,2025-05-01 00:00:00,'-,Cajas,Multifuncional 1Er Turno,Part Time,Femenino,1992-08-16 00:00:00,2023-11-03 00:00:00,
Pvea Miraflores,13800552,2025-05-01 00:00:00,'-,Almacén Frescos,Repres. De Servicios,Full Time,Masculino,1975-09-29 00:00:00,2024-01-10 00:00:00,
Pvea Miraflores,14000816,2025-05-01 00:00:00,'-,Sala Frescos,Repres. De Servicios,Full Time,Femenino,2002-09-16 00:00:00,2024-02-06 00:00:00,
Pvea Miraflores,14000818,2025-05-01 00:00:00,'-,Sala,Multifuncional 1Er Turno,Part Time,Masculino,2003-05-09 00:00:00,2024-02-06 00:00:00,
Pvea Miraflores,14029100,2025-05-01 00:00:00,'-,Recepción E Inventarios,Auxiliar De Inventarios,Full Time,Masculino,1996-08-14 00:00:00,2024-02-07 00:00:00,
Pvea Miraflores,14198239,2025-05-01 00:00:00,'-,Sala Frescos,Repres. De Servicios 2Do Turno,Part Time,Femenino,2005-08-10 00:00:00,2024-02-14 00:00:00,
Pvea Miraflores,14234670,2025-05-01 00:00:00,'-,Cajas,Multifuncional,Part Time,Masculino,2002-08-01 00:00:00,2024-11-25 00:00:00,
Pvea Miraflores,14574,2025-05-01 00:00:00,'-,Sala,Repres. De Servicios I,Full Time,Masculino,1969-09-18 00:00:00,2013-09-19 00:00:00,
Pvea Miraflores,14600088,2025-05-01 00:00:00,'-,Almacén Frescos,Repres. De Servicios,Full Time,Masculino,2005-01-18 00:00:00,2024-03-05 00:00:00,2025-05-07 00:00:00
Pvea Miraflores,14662123,2025-05-01 00:00:00,'-,Cajas,Multifuncional,Full Time,Femenino,2002-11-02 00:00:00,2025-03-01 00:00:00,
Pvea Miraflores,14683987,2025-05-01 00:00:00,'-,Cajas,Supervisor De Cajeros,Full Time,Femenino,2003-01-11 00:00:00,2025-01-01 00:00:00,
Pvea Miraflores,14684378,2025-05-01 00:00:00,'-,Cajas,Multifuncional Fds,Part Time,Femenino,2004-11-16 00:00:00,2024-03-15 00:00:00,
Pvea Miraflores,14788217,2025-05-01 00:00:00,'-,Cajas,Multifuncional,Full Time,Femenino,1998-11-15 00:00:00,2025-04-01 00:00:00,
Pvea Miraflores,14788228,2025-05-01 00:00:00,'-,Sala Frescos,Repres. De Servicios,Full Time,Femenino,1971-12-13 00:00:00,2024-07-01 00:00:00,
Pvea Miraflores,14830,2025-05-01 00:00:00,'-,Cajas,Jefe De Seccion,Full Time,Femenino,1987-04-02 00:00:00,2014-02-12 00:00:00,
Pvea Miraflores,14858577,2025-05-01 00:00:00,'-,Cajas,Multifuncional,Full Time,Masculino,2006-01-14 00:00:00,2024-09-01 00:00:00,
Pvea Miraflores,14858579,2025-05-01 00:00:00,'-,Cajas,Multifuncional,Full Time,Masculino,2005-06-16 00:00:00,2024-11-01 00:00:00,2025-05-05 00:00:00
Pvea Miraflores,14858766,2025-05-01 00:00:00,'-,Sala Frescos,Repres. De Servicios,Full Time,Femenino,1975-10-04 00:00:00,2025-01-01 00:00:00,
Pvea Miraflores,14860022,2025-05-01 00:00:00,'-,Cajas,Asistente De Self Check Out Pt,Part Time,Femenino,2004-12-28 00:00:00,2024-03-26 00:00:00,
Pvea Miraflores,15329,2025-05-01 00:00:00,'-,Sala Frescos,Repres. De Servicios,Full Time,Masculino,1980-09-20 00:00:00,2014-10-15 00:00:00,
Pvea Miraflores,15345714,2025-05-01 00:00:00,'-,Almacén Frescos,Repres. De Servicios,Full Time,Masculino,2001-09-15 00:00:00,2024-04-24 00:00:00,
Pvea Miraflores,15470720,2025-05-01 00:00:00,'-,Sala,Multifuncional 2Do Turno,Part Time,Femenino,2005-07-13 00:00:00,2024-04-29 00:00:00,
Pvea Miraflores,15661786,2025-05-01 00:00:00,'-,Cajas,Asistente De Self Check Out Pt,Part Time,Femenino,2004-04-09 00:00:00,2024-05-08 00:00:00,
Pvea Miraflores,15853619,2025-05-01 00:00:00,'-,Sala,Multifuncional 2Do Turno,Part Time,Masculino,1990-03-27 00:00:00,2024-05-21 00:00:00,2025-05-31 00:00:00
Pvea Miraflores,15874352,2025-05-01 00:00:00,'-,Cajas,Multifuncional 1Er Turno,Part Time,Masculino,2003-05-10 00:00:00,2024-05-23 00:00:00,
Pvea Miraflores,15968821,2025-05-01 00:00:00,'-,Cajas,Multifuncional 2Do Turno,Part Time,Masculino,2005-06-04 00:00:00,2024-06-04 00:00:00,
Pvea Miraflores,15985097,2025-05-01 00:00:00,'-,Sala Frescos,Repres. De Servicios 2Do Turno,Part Time,Masculino,2002-01-04 00:00:00,2024-06-06 00:00:00,
Pvea Miraflores,16025222,2025-05-01 00:00:00,'-,Sala,Multifuncional 2Do Turno,Part Time,Masculino,2006-03-03 00:00:00,2024-06-17 00:00:00,
Pvea Miraflores,16069169,2025-05-01 00:00:00,'-,Sala Frescos,Repres. De Servicios 1Er Turno,Part Time,Femenino,2001-06-26 00:00:00,2024-06-28 00:00:00,
Pvea Miraflores,16480681,2025-05-01 00:00:00,'-,Cajas,Multifuncional Fds,Part Time,Masculino,2005-02-13 00:00:00,2024-08-02 00:00:00,
Pvea Miraflores,16599143,2025-05-01 00:00:00,'-,Sala Frescos,Repres. De Servicios 1Er Turno,Part Time,Masculino,1979-07-19 00:00:00,2024-08-09 00:00:00,
Pvea Miraflores,167,2025-05-01 00:00:00,'-,Administración,Asistente De Tienda,Full Time,Femenino,1982-10-31 00:00:00,2005-05-01 00:00:00,
Pvea Miraflores,16858680,2025-05-01 00:00:00,'-,Electro,Repres. De Servicios,Full Time,Masculino,2005-05-14 00:00:00,2024-12-01 00:00:00,2025-05-31 00:00:00
Pvea Miraflores,16867095,2025-05-01 00:00:00,'-,Cajas,Multifuncional 1Er Turno,Part Time,Femenino,2006-03-15 00:00:00,2024-09-11 00:00:00,
Pvea Miraflores,17014057,2025-05-01 00:00:00,'-,Sala Frescos,Repres. De Servicios,Full Time,Femenino,2004-06-19 00:00:00,2025-03-01 00:00:00,
Pvea Miraflores,17293470,2025-05-01 00:00:00,'-,Cajas,Multifuncional,Part Time,Femenino,2006-10-08 00:00:00,2024-10-24 00:00:00,2025-05-31 00:00:00
Pvea Miraflores,17304094,2025-05-01 00:00:00,'-,Recepción,Repres. De Servicios,Full Time,Masculino,2004-07-30 00:00:00,2025-05-01 00:00:00,
Pvea Miraflores,17304197,2025-05-01 00:00:00,'-,Sala Frescos,Repres. De Servicios Fds,Part Time,Femenino,2003-10-09 00:00:00,2024-10-25 00:00:00,
Pvea Miraflores,17468662,2025-05-01 00:00:00,'-,Cajas,Multifuncional,Part Time,Masculino,2005-08-19 00:00:00,2024-11-12 00:00:00,
Pvea Miraflores,17469240,2025-05-01 00:00:00,'-,Sala Frescos,Repres. De Servicios Fds,Part Time,Femenino,1993-11-13 00:00:00,2024-11-12 00:00:00,
Pvea Miraflores,17533975,2025-05-01 00:00:00,'-,Cajas,Multifuncional,Full Time,Femenino,2005-09-08 00:00:00,2024-11-18 00:00:00,
Pvea Miraflores,17533983,2025-05-01 00:00:00,'-,Cajas,Representante De Servicio D,Part Time,Masculino,1995-04-11 00:00:00,2024-11-19 00:00:00,
Pvea Miraflores,17539280,2025-05-01 00:00:00,'-,Almacén,Repres. De Servicios,Full Time,Masculino,2006-02-26 00:00:00,2024-11-21 00:00:00,
Pvea Miraflores,17577248,2025-05-01 00:00:00,'-,Cajas,Multifuncional 1Er Turno,Part Time,Femenino,2002-04-09 00:00:00,2024-11-25 00:00:00,
Pvea Miraflores,17640369,2025-05-01 00:00:00,'-,Cajas,Multifuncional,Full Time,Femenino,1990-05-27 00:00:00,2024-11-25 00:00:00,
Pvea Miraflores,17657,2025-05-01 00:00:00,'-,Recepción E Inventarios,Auxiliar De Inventarios,Full Time,Masculino,1984-11-17 00:00:00,2011-09-05 00:00:00,
Pvea Miraflores,17661583,2025-05-01 00:00:00,'-,Cajas,Multifuncional Fds,Part Time,Femenino,2006-11-10 00:00:00,2024-11-27 00:00:00,
Pvea Miraflores,17732286,2025-05-01 00:00:00,'-,Cajas,Multifuncional 2Do Turno,Part Time,Femenino,1988-11-21 00:00:00,2024-12-06 00:00:00,
Pvea Miraflores,17732520,2025-05-01 00:00:00,'-,Cajas,Repres. De Servicios,Full Time,Femenino,2001-07-23 00:00:00,2024-12-06 00:00:00,
Pvea Miraflores,17732526,2025-05-01 00:00:00,'-,Cajas,Repres. De Servicios,Full Time,Femenino,2004-07-24 00:00:00,2024-12-06 00:00:00,
Pvea Miraflores,17782950,2025-05-01 00:00:00,'-,Cajas,Multifuncional 1Er Turno,Part Time,Femenino,2006-09-27 00:00:00,2024-12-11 00:00:00,
Pvea Miraflores,17833376,2025-05-01 00:00:00,'-,Cajas,Multifuncional Fds,Part Time,Masculino,2002-02-20 00:00:00,2024-12-17 00:00:00,
Pvea Miraflores,17835529,2025-05-01 00:00:00,'-,Cajas,Multifuncional 2Do Turno,Part Time,Femenino,1979-03-14 00:00:00,2024-12-19 00:00:00,
Pvea Miraflores,17861149,2025-05-01 00:00:00,'-,Cajas,Multifuncional 2Do Turno,Part Time,Masculino,2006-03-29 00:00:00,2024-12-23 00:00:00,
Pvea Miraflores,17955881,2025-05-01 00:00:00,'-,Sala,Repres. De Servicios,Part Time,Masculino,2002-06-08 00:00:00,2025-01-23 00:00:00,
Pvea Miraflores,17992918,2025-05-01 00:00:00,'-,Cajas,Repres. De Servicios,Part Time,Masculino,2005-02-11 00:00:00,2025-01-28 00:00:00,2025-05-04 00:00:00
Pvea Miraflores,17993317,2025-05-01 00:00:00,'-,Cajas,Multifuncional Fds,Part Time,Femenino,2003-11-01 00:00:00,2025-01-28 00:00:00,2025-05-09 00:00:00
Pvea Miraflores,17994413,2025-05-01 00:00:00,'-,Cajas,Repres. De Servicios,Full Time,Masculino,2004-08-28 00:00:00,2025-01-30 00:00:00,
Pvea Miraflores,17994414,2025-05-01 00:00:00,'-,Cajas,Repres. De Servicios,Full Time,Femenino,1982-12-18 00:00:00,2025-01-30 00:00:00,
Pvea Miraflores,18025321,2025-05-01 00:00:00,'-,Cajas,Repres. De Servicios,Full Time,Femenino,2005-04-07 00:00:00,2025-02-05 00:00:00,
Pvea Miraflores,18028642,2025-05-01 00:00:00,'-,Sala Frescos,Repres. De Servicios,Full Time,Femenino,2006-08-25 00:00:00,2025-02-06 00:00:00,
Pvea Miraflores,18069864,2025-05-01 00:00:00,'-,Sala Frescos,Repres. De Servicios,Full Time,Femenino,2005-01-12 00:00:00,2025-02-13 00:00:00,
Pvea Miraflores,18085472,2025-05-01 00:00:00,'-,Sala,Repres. De Servicios,Part Time,Femenino,2007-01-17 00:00:00,2025-02-14 00:00:00,
Pvea Miraflores,18085473,2025-05-01 00:00:00,'-,Sala,Multifuncional 2Do Turno,Part Time,Masculino,2005-10-09 00:00:00,2025-02-14 00:00:00,
Pvea Miraflores,18154,2025-05-01 00:00:00,'-,Sala Frescos,Repres. De Servicios 1Er Turno,Part Time,Masculino,1995-05-26 00:00:00,2024-07-01 00:00:00,
Pvea Miraflores,18294823,2025-05-01 00:00:00,'-,Cajas,Repres. De Servicios,Part Time,Femenino,2005-01-07 00:00:00,2025-03-11 00:00:00,2025-05-15 00:00:00
Pvea Miraflores,18329320,2025-05-01 00:00:00,'-,Sala Frescos,Repres. De Servicios,Full Time,Femenino,1977-06-11 00:00:00,2025-03-21 00:00:00,
Pvea Miraflores,18329437,2025-05-01 00:00:00,'-,Recepción,Repres. De Servicios,Full Time,Masculino,2005-10-25 00:00:00,2025-03-21 00:00:00,
Pvea Miraflores,18329438,2025-05-01 00:00:00,'-,Almacén,Repres. De Servicios 2Do Turno,Part Time,Masculino,2005-01-22 00:00:00,2025-03-21 00:00:00,
Pvea Miraflores,18329446,2025-05-01 00:00:00,'-,Recepción,Repres. De Servicios 2Do Turno,Part Time,Masculino,2000-06-12 00:00:00,2025-03-21 00:00:00,
Pvea Miraflores,18329447,2025-05-01 00:00:00,'-,Sala,Repres. De Servicios 2Do Turno,Part Time,Femenino,2006-05-20 00:00:00,2025-03-21 00:00:00,
Pvea Miraflores,18329456,2025-05-01 00:00:00,'-,Sala Frescos,Repres. De Servicios 2Do Turno,Part Time,Femenino,1977-10-13 00:00:00,2025-03-21 00:00:00,
Pvea Miraflores,18339022,2025-05-01 00:00:00,'-,Sala,Repres. De Servicios 5X2 Eo,Part Time,Femenino,1959-10-19 00:00:00,2025-03-24 00:00:00,
Pvea Miraflores,18341093,2025-05-01 00:00:00,'-,Sala Frescos,Repres. De Servicios,Full Time,Femenino,2006-12-24 00:00:00,2025-03-31 00:00:00,
Pvea Miraflores,18489842,2025-05-01 00:00:00,'-,Sala Frescos,Repres. De Servicios,Part Time,Femenino,2007-03-21 00:00:00,2025-04-16 00:00:00,2025-05-31 00:00:00
Pvea Miraflores,18625870,2025-05-01 00:00:00,'-,Cajas,Multifuncional,Part Time,Masculino,2003-08-30 00:00:00,2025-04-25 00:00:00,
Pvea Miraflores,18625893,2025-05-01 00:00:00,'-,Sala Frescos,Repres. De Servicios,Part Time,Femenino,2003-01-17 00:00:00,2025-04-25 00:00:00,
Pvea Miraflores,18625894,2025-05-01 00:00:00,'-,Sala Frescos,Repres. De Servicios,Part Time,Femenino,2006-03-14 00:00:00,2025-04-25 00:00:00,
Pvea Miraflores,18625925,2025-05-01 00:00:00,'-,Cajas,Multifuncional,Full Time,Masculino,1997-06-21 00:00:00,2025-04-25 00:00:00,
Pvea Miraflores,18628261,2025-05-01 00:00:00,'-,Cajas,Multifuncional,Part Time,Masculino,2006-10-05 00:00:00,2025-04-29 00:00:00,
Pvea Miraflores,18628307,2025-05-01 00:00:00,'-,Cajas,Multifuncional,Full Time,Femenino,1977-06-26 00:00:00,2025-04-29 00:00:00,
Pvea Miraflores,18633780,2025-05-01 00:00:00,'-,Cajas,Multifuncional 5X2,Part Time,Femenino,1997-03-11 00:00:00,2025-05-02 00:00:00,
Pvea Miraflores,18633781,2025-05-01 00:00:00,'-,Cajas,Multifuncional,Full Time,Femenino,2006-01-10 00:00:00,2025-05-02 00:00:00,
Pvea Miraflores,18633782,2025-05-01 00:00:00,'-,Almacén Frescos,Repres. De Servicios,Part Time,Masculino,2003-12-23 00:00:00,2025-05-02 00:00:00,
Pvea Miraflores,18633816,2025-05-01 00:00:00,'-,Cajas,Multifuncional Fds,Part Time,Masculino,2004-10-10 00:00:00,2025-05-02 00:00:00,
Pvea Miraflores,18680002,2025-05-01 00:00:00,'-,Sala Frescos,Repres. De Servicios,Part Time,Femenino,2005-04-01 00:00:00,2025-05-14 00:00:00,
Pvea Miraflores,18691393,2025-05-01 00:00:00,'-,Almacén,Repres. De Servicios,Part Time,Masculino,2004-03-02 00:00:00,2025-05-19 00:00:00,
Pvea Miraflores,18691397,2025-05-01 00:00:00,'-,Sala Frescos,Repres. De Servicios,Part Time,Femenino,1995-02-24 00:00:00,2025-05-19 00:00:00,
Pvea Miraflores,18704492,2025-05-01 00:00:00,'-,Cajas,Asistente De Self Check Out,Full Time,Femenino,1999-12-02 00:00:00,2025-05-23 00:00:00,
Pvea Miraflores,203013,2025-05-01 00:00:00,'-,Electro,Vendedor,Full Time,Femenino,1968-11-24 00:00:00,2018-05-23 00:00:00,
Pvea Miraflores,203489,2025-05-01 00:00:00,'-,Cajas,Supervisor De Cajeros,Full Time,Femenino,1991-08-18 00:00:00,2025-05-01 00:00:00,
Pvea Miraflores,21448,2025-05-01 00:00:00,'-,Electro,Jefe De Seccion,Full Time,Femenino,1974-03-22 00:00:00,2012-10-01 00:00:00,
Pvea Miraflores,241412,2025-05-01 00:00:00,'-,Cajas,Supervisor De Cajeros,Full Time,Femenino,1974-01-30 00:00:00,2024-05-01 00:00:00,2025-05-11 00:00:00
Pvea Miraflores,244437,2025-05-01 00:00:00,'-,Cajas,Supervisor De Cajeros,Full Time,Masculino,2000-05-19 00:00:00,2024-01-19 00:00:00,
Pvea Miraflores,24708,2025-05-01 00:00:00,'-,Administración,Gerente De Tienda,Full Time,Masculino,1975-09-22 00:00:00,2003-04-04 00:00:00,
Pvea Miraflores,25760,2025-05-01 00:00:00,'-,Almacén,Repres. De Servicios I,Full Time,Femenino,1973-10-12 00:00:00,2014-06-16 00:00:00,
Pvea Miraflores,272289,2025-05-01 00:00:00,'-,Cajas,Supervisor De Cajeros,Full Time,Femenino,2000-01-19 00:00:00,2025-05-01 00:00:00,
Pvea Miraflores,298588,2025-05-01 00:00:00,'-,Sala,Multifuncional 1Er Turno,Part Time,Femenino,1985-12-22 00:00:00,2024-12-02 00:00:00,
Pvea Miraflores,301805,2025-05-01 00:00:00,'-,Sala,Multifuncional,Full Time,Masculino,1995-12-13 00:00:00,2020-01-20 00:00:00,
Pvea Miraflores,304408,2025-05-01 00:00:00,'-,Almacén Frescos,Repres. De Servicios I,Full Time,Femenino,1992-12-05 00:00:00,2020-02-17 00:00:00,
Pvea Miraflores,31455,2025-05-01 00:00:00,'-,Sala Frescos,Jefe De Seccion,Full Time,Masculino,1981-11-10 00:00:00,2016-01-18 00:00:00,
Pvea Miraflores,34546,2025-05-01 00:00:00,'-,Sala Frescos,Repres. De Servicios,Full Time,Femenino,1967-05-24 00:00:00,2016-02-17 00:00:00,
Pvea Miraflores,36202,2025-05-01 00:00:00,'-,Sala Frescos,Repres. De Servicios,Full Time,Femenino,1992-05-22 00:00:00,2016-03-02 00:00:00,
Pvea Miraflores,3707,2025-05-01 00:00:00,'-,Administración,Asistente De Tienda,Full Time,Femenino,1974-10-22 00:00:00,2003-09-01 00:00:00,
Pvea Miraflores,41844,2025-05-01 00:00:00,'-,Sala Frescos,Repres. De Servicios,Full Time,Masculino,1984-09-10 00:00:00,2016-07-04 00:00:00,
Pvea Miraflores,42739,2025-05-01 00:00:00,'-,Sala,Jefe De Seccion,Full Time,Femenino,1998-06-14 00:00:00,2016-08-01 00:00:00,
Pvea Miraflores,43825,2025-05-01 00:00:00,'-,Almacén Frescos,Repres. De Servicios,Full Time,Masculino,1993-11-30 00:00:00,2025-01-30 00:00:00,
Pvea Miraflores,4486016,2025-05-01 00:00:00,'-,Sala Frescos,Jefe De Seccion,Full Time,Femenino,1997-11-16 00:00:00,2020-06-03 00:00:00,
Pvea Miraflores,55309,2025-05-01 00:00:00,'-,Sala Frescos,Repres. De Servicios,Full Time,Femenino,1990-10-28 00:00:00,2020-02-01 00:00:00,
Pvea Miraflores,7318884,2025-05-01 00:00:00,'-,Cajas,Multifuncional 1Er Turno,Part Time,Femenino,1995-02-25 00:00:00,2021-09-22 00:00:00,
Pvea Miraflores,7319531,2025-05-01 00:00:00,'-,Sala,Multifuncional,Full Time,Masculino,1999-05-16 00:00:00,2023-01-01 00:00:00,
Pvea Miraflores,7319542,2025-05-01 00:00:00,'-,Sala,Jefe De Seccion,Full Time,Femenino,2001-05-26 00:00:00,2022-11-01 00:00:00,
Pvea Miraflores,7319599,2025-05-01 00:00:00,'-,Sala,Multifuncional,Full Time,Masculino,2000-02-10 00:00:00,2025-02-01 00:00:00,
Pvea Miraflores,7333556,2025-05-01 00:00:00,'-,Sala,Repres. De Servicios,Part Time,Femenino,2003-05-19 00:00:00,2024-12-11 00:00:00,
Pvea Miraflores,7333607,2025-05-01 00:00:00,'-,Cajas,Asistente De Self Check Out Pt,Part Time,Femenino,1979-09-11 00:00:00,2021-09-22 00:00:00,
Pvea Miraflores,7333614,2025-05-01 00:00:00,'-,Cajas,Multifuncional,Full Time,Femenino,2003-03-03 00:00:00,2023-08-01 00:00:00,
Pvea Miraflores,811,2025-05-01 00:00:00,'-,Sala,Especialista En Bebidas,Full Time,Masculino,1977-11-17 00:00:00,2016-07-13 00:00:00,
Pvea Miraflores,8350959,2025-05-01 00:00:00,'-,Sala Frescos,Repres. De Servicios I,Full Time,Masculino,1999-05-04 00:00:00,2023-05-01 00:00:00,
Pvea Miraflores,8682,2025-05-01 00:00:00,'-,Sala Frescos,Jefe De Seccion,Full Time,Femenino,1974-09-05 00:00:00,2018-08-03 00:00:00,
Pvea Miraflores,919,2025-05-01 00:00:00,'-,Sala Frescos,Repres. De Servicios,Full Time,Femenino,1973-08-07 00:00:00,2014-05-05 00:00:00,
Pvea Miraflores,9278728,2025-05-01 00:00:00,'-,Sala,Multifuncional 1Er Turno,Part Time,Femenino,1989-10-12 00:00:00,2021-11-02 00:00:00,
Pvea Miraflores,9481430,2025-05-01 00:00:00,'-,Almacén,Repres. De Servicios,Full Time,Masculino,1999-08-02 00:00:00,2025-01-31 00:00:00,
Pvea Miraflores,9518850,2025-05-01 00:00:00,'-,Sala Frescos,Repres. De Servicios 1Er Turno,Part Time,Femenino,2001-09-05 00:00:00,2022-01-10 00:00:00,
Pvea Miraflores,98053,2025-05-01 00:00:00,'-,Cajas,Supervisor De Cajeros,Full Time,Masculino,1982-02-15 00:00:00,2019-03-05 00:00:00,
Pvea Miraflores,98931,2025-05-01 00:00:00,'-,Cajas,Multifuncional Eo,Full Time,Masculino,1960-11-16 00:00:00,2017-08-01 00:00:00,
Pvea Miraflores,99177,2025-05-01 00:00:00,'-,Almacén,Jefe De Seccion,Full Time,Masculino,1998-07-09 00:00:00,2021-08-24 00:00:00,
Svea Corpac,103603,2025-05-01 00:00:00,'-,Cajas,Cajero 6X1,Part Time,Masculino,1986-06-08 00:00:00,2017-09-13 00:00:00,
Svea Corpac,104636,2025-05-01 00:00:00,'-,Almacén Frescos,Repres. De Servicios,Full Time,Femenino,1980-07-16 00:00:00,2023-06-15 00:00:00,
Svea Corpac,109719,2025-05-01 00:00:00,'-,Cajas,Jefe De Seccion,Full Time,Masculino,1989-05-05 00:00:00,2018-01-01 00:00:00,2025-05-31 00:00:00
Svea Corpac,11405933,2025-05-01 00:00:00,'-,Recepción E Inventarios,Auxiliar De Inventarios,Full Time,Masculino,2002-08-30 00:00:00,2023-02-01 00:00:00,
Svea Corpac,1198235,2025-05-01 00:00:00,'-,Sala,Jefe De Seccion,Full Time,Femenino,1994-03-19 00:00:00,2020-03-17 00:00:00,
Svea Corpac,12301310,2025-05-01 00:00:00,'-,Cajas,Cajero 6X1 2Do Turno,Part Time,Femenino,2004-08-03 00:00:00,2023-06-22 00:00:00,
Svea Corpac,12309872,2025-05-01 00:00:00,'-,Cajas,Repres. De Servicios,Part Time,Femenino,2001-11-20 00:00:00,2023-06-27 00:00:00,
Svea Corpac,12310210,2025-05-01 00:00:00,'-,Cajas,Cajero 6X1,Part Time,Femenino,2005-01-14 00:00:00,2023-06-27 00:00:00,
Svea Corpac,12352460,2025-05-01 00:00:00,'-,Almacén,Repres. De Servicios 2Do Turno,Part Time,Masculino,2000-04-07 00:00:00,2023-07-21 00:00:00,
Svea Corpac,12681816,2025-05-01 00:00:00,'-,Sala Frescos,Repres. De Servicios,Part Time,Femenino,2005-03-01 00:00:00,2025-05-30 00:00:00,
Svea Corpac,129583,2025-05-01 00:00:00,'-,Sala,Repres. De Servicios 2Do Turno,Part Time,Masculino,1988-08-24 00:00:00,2018-03-01 00:00:00,
Svea Corpac,13042885,2025-05-01 00:00:00,'-,Cajas,Cajero 6X1 1Er Turno,Part Time,Masculino,2001-10-14 00:00:00,2023-10-27 00:00:00,
Svea Corpac,13317317,2025-05-01 00:00:00,'-,Sala Frescos,Repres. De Servicios,Full Time,Femenino,2001-04-02 00:00:00,2024-07-01 00:00:00,
Svea Corpac,13351200,2025-05-01 00:00:00,'-,Sala,Repres. De Servicios,Full Time,Femenino,1999-01-28 00:00:00,2023-11-24 00:00:00,
Svea Corpac,13789094,2025-05-01 00:00:00,'-,Cajas,Representante De Servicio D,Part Time,Femenino,1981-12-18 00:00:00,2024-01-01 00:00:00,
Svea Corpac,14343,2025-05-01 00:00:00,'-,Almacén,Repres. De Servicios Eo,Full Time,Masculino,1958-09-28 00:00:00,2007-05-01 00:00:00,
Svea Corpac,14625657,2025-05-01 00:00:00,'-,Cajas,Cajero 6X1 2Do Turno,Part Time,Femenino,1998-03-20 00:00:00,2024-03-08 00:00:00,
Svea Corpac,14776588,2025-05-01 00:00:00,'-,Sala,Repres. De Servicios,Full Time,Masculino,2004-06-24 00:00:00,2025-04-01 00:00:00,
Svea Corpac,15519392,2025-05-01 00:00:00,'-,Almacén,Repres. De Servicios 1Er Turno,Part Time,Masculino,2003-04-05 00:00:00,2024-05-02 00:00:00,
Svea Corpac,15834576,2025-05-01 00:00:00,'-,Cajas,Cajero 6X1 2Do Turno,Part Time,Femenino,2004-04-20 00:00:00,2024-05-20 00:00:00,
Svea Corpac,15877870,2025-05-01 00:00:00,'-,Cajas,Cajero 6X1 1Er Turno,Part Time,Femenino,2005-01-29 00:00:00,2024-05-24 00:00:00,
Svea Corpac,15958306,2025-05-01 00:00:00,'-,Cajas,Cajero 6X1 2Do Turno,Part Time,Femenino,2004-06-11 00:00:00,2024-06-03 00:00:00,
Svea Corpac,15958778,2025-05-01 00:00:00,'-,Cajas,Cajero 6X1 2Do Turno,Part Time,Masculino,1998-06-03 00:00:00,2024-06-03 00:00:00,
Svea Corpac,17035031,2025-05-01 00:00:00,'-,Almacén Frescos,Repres. De Servicios 1Er Turno,Part Time,Masculino,2003-01-14 00:00:00,2024-09-27 00:00:00,
Svea Corpac,17487114,2025-05-01 00:00:00,'-,Sala Frescos,Repres. De Servicios,Full Time,Femenino,1974-07-29 00:00:00,2024-11-14 00:00:00,
Svea Corpac,17540130,2025-05-01 00:00:00,'-,Sala Frescos,Repres. De Servicios 2Do Turno,Part Time,Masculino,2006-09-16 00:00:00,2024-11-22 00:00:00,2025-05-31 00:00:00
Svea Corpac,17702228,2025-05-01 00:00:00,'-,Sala Frescos,Repres. De Servicios 1Er Turno,Part Time,Masculino,2000-05-07 00:00:00,2024-12-03 00:00:00,
Svea Corpac,17836645,2025-05-01 00:00:00,'-,Sala Frescos,Repres. De Servicios,Part Time,Femenino,2004-07-28 00:00:00,2025-05-01 00:00:00,2025-05-31 00:00:00
Svea Corpac,17837447,2025-05-01 00:00:00,'-,Sala Frescos,Repres. De Servicios,Part Time,Masculino,2005-07-17 00:00:00,2025-05-01 00:00:00,2025-05-09 00:00:00
Svea Corpac,17837560,2025-05-01 00:00:00,'-,Sala Frescos,Repres. De Servicios 2Do Turno,Part Time,Masculino,2006-06-05 00:00:00,2024-12-20 00:00:00,
Svea Corpac,17876776,2025-05-01 00:00:00,'-,Sala Frescos,Repres. De Servicios 2Do Turno,Part Time,Masculino,2004-08-18 00:00:00,2024-12-24 00:00:00,
Svea Corpac,17902576,2025-05-01 00:00:00,'-,Sala Frescos,Repres. De Servicios,Full Time,Femenino,2006-09-09 00:00:00,2025-05-01 00:00:00,2025-05-31 00:00:00
Svea Corpac,17958158,2025-05-01 00:00:00,'-,Sala Frescos,Repres. De Servicios 2Do Turno,Part Time,Masculino,2006-04-19 00:00:00,2025-01-24 00:00:00,
Svea Corpac,17994390,2025-05-01 00:00:00,'-,Sala Frescos,Repres. De Servicios 2Do Turno,Part Time,Femenino,2006-09-12 00:00:00,2025-01-30 00:00:00,
Svea Corpac,17994416,2025-05-01 00:00:00,'-,Recepción,Repres. De Servicios,Full Time,Masculino,2000-05-24 00:00:00,2025-01-30 00:00:00,
Svea Corpac,18028645,2025-05-01 00:00:00,'-,Sala Frescos,Repres. De Servicios,Full Time,Femenino,2005-02-02 00:00:00,2025-02-06 00:00:00,2025-05-31 00:00:00
Svea Corpac,18030432,2025-05-01 00:00:00,'-,Sala Frescos,Repres. De Servicios 2Do Turno,Part Time,Masculino,2003-02-03 00:00:00,2025-02-06 00:00:00,2025-05-31 00:00:00
Svea Corpac,18288104,2025-05-01 00:00:00,'-,Sala,Repres. De Servicios 2Do Turno,Part Time,Masculino,2005-04-13 00:00:00,2025-03-10 00:00:00,2025-05-06 00:00:00
Svea Corpac,18288148,2025-05-01 00:00:00,'-,Sala,Repres. De Servicios 2Do Turno,Part Time,Masculino,2007-02-03 00:00:00,2025-03-10 00:00:00,
Svea Corpac,18304720,2025-05-01 00:00:00,'-,Almacén Frescos,Repres. De Servicios,Part Time,Masculino,1998-04-28 00:00:00,2025-03-13 00:00:00,
Svea Corpac,18304723,2025-05-01 00:00:00,'-,Sala Frescos,Repres. De Servicios 2Do Turno,Part Time,Femenino,2006-04-07 00:00:00,2025-03-13 00:00:00,
Svea Corpac,18329276,2025-05-01 00:00:00,'-,Sala,Repres. De Servicios,Full Time,Femenino,2002-04-10 00:00:00,2025-03-21 00:00:00,
Svea Corpac,18329282,2025-05-01 00:00:00,'-,Sala,Repres. De Servicios Fds,Part Time,Femenino,1995-12-14 00:00:00,2025-03-21 00:00:00,2025-05-16 00:00:00
Svea Corpac,18329291,2025-05-01 00:00:00,'-,Sala,Repres. De Servicios 2Do Turno,Part Time,Masculino,2006-02-15 00:00:00,2025-03-21 00:00:00,
Svea Corpac,18329292,2025-05-01 00:00:00,'-,Almacén Frescos,Repres. De Servicios 2Do Turno,Part Time,Masculino,2006-08-10 00:00:00,2025-03-21 00:00:00,2025-05-15 00:00:00
Svea Corpac,18339046,2025-05-01 00:00:00,'-,Cajas,Repres. De Servicios 5X2 Eo,Part Time,Masculino,1959-04-07 00:00:00,2025-03-24 00:00:00,
Svea Corpac,18340465,2025-05-01 00:00:00,'-,Sala,Repres. De Servicios,Full Time,Femenino,2006-04-27 00:00:00,2025-03-26 00:00:00,
Svea Corpac,18480146,2025-05-01 00:00:00,'-,Almacén Frescos,Repres. De Servicios,Part Time,Masculino,2001-12-10 00:00:00,2025-04-15 00:00:00,
Svea Corpac,18480147,2025-05-01 00:00:00,'-,Almacén Frescos,Repres. De Servicios,Full Time,Masculino,2004-05-09 00:00:00,2025-04-15 00:00:00,
Svea Corpac,18625905,2025-05-01 00:00:00,'-,Almacén Frescos,Repres. De Servicios,Full Time,Masculino,1996-03-28 00:00:00,2025-04-25 00:00:00,2025-05-31 00:00:00
Svea Corpac,18680096,2025-05-01 00:00:00,'-,Almacén,Repres. De Servicios,Part Time,Masculino,2004-11-09 00:00:00,2025-05-14 00:00:00,
Svea Corpac,18691469,2025-05-01 00:00:00,'-,Almacén,Repres. De Servicios,Part Time,Masculino,2006-10-03 00:00:00,2025-05-19 00:00:00,
Svea Corpac,18691470,2025-05-01 00:00:00,'-,Almacén,Repres. De Servicios,Part Time,Masculino,2005-03-27 00:00:00,2025-05-19 00:00:00,
Svea Corpac,18694222,2025-05-01 00:00:00,'-,Sala Frescos,Repres. De Servicios,Part Time,Femenino,2006-05-14 00:00:00,2025-05-20 00:00:00,
Svea Corpac,18700358,2025-05-01 00:00:00,'-,Sala Frescos,Repres. De Servicios,Part Time,Femenino,1986-04-09 00:00:00,2025-05-22 00:00:00,
Svea Corpac,18704501,2025-05-01 00:00:00,'-,Sala Frescos,Repres. De Servicios,Full Time,Masculino,2001-08-21 00:00:00,2025-05-23 00:00:00,
Svea Corpac,18704607,2025-05-01 00:00:00,'-,Sala Frescos,Repres. De Servicios,Full Time,Masculino,2005-06-04 00:00:00,2025-05-23 00:00:00,
Svea Corpac,18720149,2025-05-01 00:00:00,'-,Sala Frescos,Repres. De Servicios,Full Time,Femenino,2005-10-07 00:00:00,2025-05-30 00:00:00,
Svea Corpac,18720150,2025-05-01 00:00:00,'-,Sala Frescos,Repres. De Servicios,Part Time,Masculino,2000-06-11 00:00:00,2025-05-30 00:00:00,
Svea Corpac,18720151,2025-05-01 00:00:00,'-,Sala Frescos,Repres. De Servicios,Part Time,Femenino,2004-07-10 00:00:00,2025-05-30 00:00:00,
Svea Corpac,18720152,2025-05-01 00:00:00,'-,Sala,Repres. De Servicios,Part Time,Femenino,2000-02-22 00:00:00,2025-05-30 00:00:00,
Svea Corpac,18720166,2025-05-01 00:00:00,'-,Sala Frescos,Repres. De Servicios,Part Time,Masculino,2005-07-03 00:00:00,2025-05-30 00:00:00,
Svea Corpac,21115,2025-05-01 00:00:00,'-,Cajas,Representante De Servicio D,Full Time,Masculino,1981-02-25 00:00:00,2000-03-01 00:00:00,
Svea Corpac,21370,2025-05-01 00:00:00,'-,Cajas,Supervisor De Cajeros,Full Time,Masculino,1977-05-27 00:00:00,2010-04-07 00:00:00,
Svea Corpac,235588,2025-05-01 00:00:00,'-,Cajas,Supervisor De Cajeros,Full Time,Femenino,1993-07-27 00:00:00,2018-10-05 00:00:00,
Svea Corpac,241013,2025-05-01 00:00:00,'-,Almacén,Jefe De Seccion,Full Time,Femenino,2000-06-21 00:00:00,2019-06-01 00:00:00,
Svea Corpac,243668,2025-05-01 00:00:00,'-,Sala Frescos,Repres. De Servicios 2Do Turno,Part Time,Femenino,1994-04-04 00:00:00,2019-03-21 00:00:00,
Svea Corpac,266939,2025-05-01 00:00:00,'-,Administración,Gerente De Tienda,Full Time,Femenino,1990-06-29 00:00:00,2019-03-01 00:00:00,
Svea Corpac,273730,2025-05-01 00:00:00,'-,Cajas,Supervisor De Cajeros,Full Time,Femenino,1993-06-30 00:00:00,2023-05-01 00:00:00,2025-05-01 00:00:00
Svea Corpac,43780,2025-05-01 00:00:00,'-,Cajas,Cajero 5X2,Full Time,Masculino,1989-10-27 00:00:00,2016-09-01 00:00:00,
Svea Corpac,44131,2025-05-01 00:00:00,'-,Cajas,Supervisor De Cajeros,Full Time,Femenino,1971-02-17 00:00:00,2016-09-05 00:00:00,
Svea Corpac,4457773,2025-05-01 00:00:00,'-,Almacén,Repres. De Servicios I,Full Time,Masculino,2002-01-18 00:00:00,2020-05-25 00:00:00,
Svea Corpac,4576139,2025-05-01 00:00:00,'-,Sala Frescos,Repres. De Servicios,Full Time,Femenino,1987-09-28 00:00:00,2020-06-12 00:00:00,
Svea Corpac,48590,2025-05-01 00:00:00,'-,Sala Frescos,Repres. De Servicios,Full Time,Femenino,1976-11-15 00:00:00,2016-12-14 00:00:00,
Svea Corpac,6038,2025-05-01 00:00:00,'-,Sala Frescos,Repres. De Servicios I,Full Time,Femenino,1979-06-25 00:00:00,2018-06-27 00:00:00,
Svea Corpac,6722,2025-05-01 00:00:00,'-,Sala,Repres. De Servicios I,Full Time,Femenino,1987-06-16 00:00:00,2022-02-22 00:00:00,
Svea Corpac,89851,2025-05-01 00:00:00,'-,Sala Frescos,Jefe De Seccion,Full Time,Masculino,1986-03-18 00:00:00,2023-10-31 00:00:00,2025-05-11 00:00:00
Svea Corpac,9278595,2025-05-01 00:00:00,'-,Cajas,Cajero 6X1,Full Time,Masculino,1994-12-25 00:00:00,2023-07-01 00:00:00,
Viv Monterrico,104143,2025-05-01 00:00:00,'-,"Carnes, Pescados, Fiambres, Frutas & Verduras",Repres. De Servicios,Full Time,Femenino,1985-09-27 00:00:00,2017-10-01 00:00:00,
Viv Monterrico,10653,2025-05-01 00:00:00,'-,"Carnes, Pescados, Fiambres, Frutas & Verduras",Repres. De Servicios,Full Time,Masculino,1971-05-11 00:00:00,2002-10-19 00:00:00,
Viv Monterrico,10845,2025-05-01 00:00:00,'-,"Carnes, Pescados, Fiambres, Frutas & Verduras",Jefe De Seccion,Full Time,Femenino,1979-08-02 00:00:00,2012-08-01 00:00:00,
Viv Monterrico,110670,2025-05-01 00:00:00,'-,"Carnes, Pescados, Fiambres, Frutas & Verduras",Repres. De Servicios Fds,Part Time,Femenino,1993-10-16 00:00:00,2025-04-01 00:00:00,
Viv Monterrico,11342636,2025-05-01 00:00:00,'-,Cajas,Cajero 5X2,Full Time,Femenino,2003-05-05 00:00:00,2025-04-22 00:00:00,
Viv Monterrico,11369697,2025-05-01 00:00:00,'-,Cajas,Cajero 6X1,Full Time,Masculino,2001-04-18 00:00:00,2025-02-01 00:00:00,
Viv Monterrico,11458504,2025-05-01 00:00:00,'-,Cajas,Cajero 4X3,Part Time,Femenino,2002-11-10 00:00:00,2022-10-19 00:00:00,
Viv Monterrico,11489004,2025-05-01 00:00:00,'-,Cajas,Asistente De Self Check Out Pt 5X2,Part Time,Masculino,2003-05-05 00:00:00,2025-05-02 00:00:00,
Viv Monterrico,11966759,2025-05-01 00:00:00,'-,Cajas,Cajero 4X3,Part Time,Masculino,2003-04-07 00:00:00,2023-03-09 00:00:00,
Viv Monterrico,1205195,2025-05-01 00:00:00,'-,Cajas,Repres. De Servicios,Full Time,Femenino,1999-12-16 00:00:00,2020-03-18 00:00:00,2025-05-31 00:00:00
Viv Monterrico,12261783,2025-05-01 00:00:00,'-,"Carnes, Pescados, Fiambres, Frutas & Verduras",Repres. De Servicios,Full Time,Masculino,1993-02-04 00:00:00,2023-06-13 00:00:00,
Viv Monterrico,12389939,2025-05-01 00:00:00,'-,Almacén,Repres. De Servicios I,Full Time,Masculino,2004-02-06 00:00:00,2024-05-01 00:00:00,
Viv Monterrico,128607,2025-05-01 00:00:00,'-,Cajas,Repres. De Servicios Fds,Part Time,Femenino,1995-01-19 00:00:00,2018-02-08 00:00:00,
Viv Monterrico,13227322,2025-05-01 00:00:00,'-,Cajas,Cajero 6X1 1Er Turno,Part Time,Masculino,2004-01-31 00:00:00,2023-11-07 00:00:00,
Viv Monterrico,13277255,2025-05-01 00:00:00,'-,Sala,Repres. De Servicios 2Do Turno,Part Time,Masculino,2003-09-22 00:00:00,2023-11-14 00:00:00,
Viv Monterrico,1331,2025-05-01 00:00:00,'-,Cajas,Cajero 5X2,Full Time,Femenino,1987-10-26 00:00:00,2025-05-02 00:00:00,
Viv Monterrico,13375806,2025-05-01 00:00:00,'-,Sala,Repres. De Servicios 2Do Turno,Part Time,Femenino,2001-03-02 00:00:00,2024-04-03 00:00:00,
Viv Monterrico,13619568,2025-05-01 00:00:00,'-,"Carnes, Pescados, Fiambres, Frutas & Verduras",Repres. De Servicios,Full Time,Femenino,1969-12-30 00:00:00,2023-12-12 00:00:00,
Viv Monterrico,13709716,2025-05-01 00:00:00,'-,Almacén,Repres. De Servicios 1Er Turno,Part Time,Masculino,2003-07-01 00:00:00,2023-12-22 00:00:00,
Viv Monterrico,13797674,2025-05-01 00:00:00,'-,Sala,Repres. De Servicios,Full Time,Femenino,2005-05-24 00:00:00,2024-01-09 00:00:00,
Viv Monterrico,13803247,2025-05-01 00:00:00,'-,Cajas,Repres. De Servicios,Full Time,Masculino,2001-06-03 00:00:00,2025-04-01 00:00:00,
Viv Monterrico,13808329,2025-05-01 00:00:00,'-,Sala,Repres. De Servicios 1Er Turno,Part Time,Masculino,2004-05-27 00:00:00,2024-11-25 00:00:00,
Viv Monterrico,13816913,2025-05-01 00:00:00,'-,Cajas,Cajero 6X1 2Do Turno,Part Time,Femenino,2002-02-03 00:00:00,2024-01-12 00:00:00,
Viv Monterrico,14071976,2025-05-01 00:00:00,'-,Cajas,Cajero 3X4,Part Time,Femenino,2004-01-07 00:00:00,2024-02-12 00:00:00,
Viv Monterrico,14270,2025-05-01 00:00:00,'-,"Carnes, Pescados, Fiambres, Frutas & Verduras",Repres. De Servicios,Full Time,Masculino,1972-02-18 00:00:00,2005-11-05 00:00:00,
Viv Monterrico,14470,2025-05-01 00:00:00,'-,Comidas Preparadas Panadería Y Pastelería,Repres. De Servicios,Full Time,Femenino,1988-01-20 00:00:00,2018-07-01 00:00:00,
Viv Monterrico,14618,2025-05-01 00:00:00,'-,Cajas,Cajero 4X3,Part Time,Femenino,1980-03-15 00:00:00,2013-10-01 00:00:00,
Viv Monterrico,14625595,2025-05-01 00:00:00,'-,Cajas,Cajero 6X1 2Do Turno,Part Time,Femenino,2003-12-25 00:00:00,2024-03-08 00:00:00,
Viv Monterrico,14685168,2025-05-01 00:00:00,'-,Cajas,Cajero 3X4,Part Time,Femenino,2002-06-28 00:00:00,2024-09-01 00:00:00,
Viv Monterrico,14685194,2025-05-01 00:00:00,'-,Comidas Preparadas Panadería Y Pastelería,Repres. De Servicios,Full Time,Masculino,2004-10-08 00:00:00,2024-03-15 00:00:00,
Viv Monterrico,14941431,2025-05-01 00:00:00,'-,Cajas,Asistente De Self Check Out Pt,Part Time,Femenino,2002-01-18 00:00:00,2024-04-03 00:00:00,
Viv Monterrico,14978188,2025-05-01 00:00:00,'-,Cajas,Asistente De Self Check Out Pt,Part Time,Masculino,1999-04-22 00:00:00,2024-04-05 00:00:00,
Viv Monterrico,15079206,2025-05-01 00:00:00,'-,Cajas,Cajero 6X1 1Er Turno,Part Time,Femenino,2003-08-29 00:00:00,2024-04-10 00:00:00,
Viv Monterrico,15087,2025-05-01 00:00:00,'-,Cajas,Jefe De Seccion,Full Time,Femenino,1989-03-13 00:00:00,2016-10-01 00:00:00,
Viv Monterrico,15146,2025-05-01 00:00:00,'-,Recepción,Repres. De Servicios,Full Time,Masculino,1982-09-29 00:00:00,2014-04-01 00:00:00,
Viv Monterrico,15345489,2025-05-01 00:00:00,'-,Cajas,Cajero 6X1 2Do Turno,Part Time,Masculino,2004-08-18 00:00:00,2024-04-24 00:00:00,
Viv Monterrico,15470432,2025-05-01 00:00:00,'-,Sala,Repres. De Servicios 2Do Turno,Part Time,Femenino,1998-08-10 00:00:00,2024-04-29 00:00:00,
Viv Monterrico,15470435,2025-05-01 00:00:00,'-,Cajas,Cajero 6X1 1Er Turno,Part Time,Femenino,2004-03-31 00:00:00,2024-04-29 00:00:00,
Viv Monterrico,15525409,2025-05-01 00:00:00,'-,Almacén,Repres. De Servicios 2Do Turno,Part Time,Masculino,2003-05-22 00:00:00,2024-05-03 00:00:00,
Viv Monterrico,15635412,2025-05-01 00:00:00,'-,Recepción,Repres. De Servicios,Full Time,Masculino,1999-05-06 00:00:00,2024-05-07 00:00:00,
Viv Monterrico,15754298,2025-05-01 00:00:00,'-,Cajas,Cajero 6X1 1Er Turno,Part Time,Femenino,2004-03-15 00:00:00,2024-05-16 00:00:00,
Viv Monterrico,15906554,2025-05-01 00:00:00,'-,Sala,Repres. De Servicios 1Er Turno,Part Time,Masculino,2004-03-07 00:00:00,2024-05-27 00:00:00,
Viv Monterrico,15933876,2025-05-01 00:00:00,'-,Comidas Preparadas Panadería Y Pastelería,Repres. De Servicios 2Do Turno,Part Time,Femenino,2000-09-14 00:00:00,2024-05-30 00:00:00,
Viv Monterrico,16426796,2025-05-01 00:00:00,'-,Cajas,Cajero 3X4,Part Time,Masculino,2002-10-07 00:00:00,2024-07-30 00:00:00,
Viv Monterrico,16480751,2025-05-01 00:00:00,'-,"Carnes, Pescados, Fiambres, Frutas & Verduras",Repres. De Servicios 1Er Turno,Part Time,Masculino,1998-12-14 00:00:00,2024-08-02 00:00:00,
Viv Monterrico,16648173,2025-05-01 00:00:00,'-,Cajas,Cajero 3X4,Part Time,Masculino,2006-04-14 00:00:00,2024-08-14 00:00:00,
Viv Monterrico,16674385,2025-05-01 00:00:00,'-,Cajas,Cajero 6X1 2Do Turno,Part Time,Masculino,2004-11-04 00:00:00,2024-08-16 00:00:00,
Viv Monterrico,16682026,2025-05-01 00:00:00,'-,Cajas,Cajero 6X1 1Er Turno,Part Time,Masculino,2004-03-16 00:00:00,2024-08-19 00:00:00,
Viv Monterrico,16682031,2025-05-01 00:00:00,'-,Cajas,Cajero 6X1 2Do Turno,Part Time,Femenino,2004-02-25 00:00:00,2024-08-19 00:00:00,2025-05-31 00:00:00
Viv Monterrico,16733483,2025-05-01 00:00:00,'-,Cajas,Cajero 6X1 2Do Turno,Part Time,Femenino,2006-04-29 00:00:00,2024-08-26 00:00:00,
Viv Monterrico,16733509,2025-05-01 00:00:00,'-,"Carnes, Pescados, Fiambres, Frutas & Verduras",Repres. De Servicios,Full Time,Femenino,1996-05-24 00:00:00,2025-01-01 00:00:00,
Viv Monterrico,16754518,2025-05-01 00:00:00,'-,Cajas,Repres. De Servicios,Full Time,Masculino,2005-04-13 00:00:00,2025-02-01 00:00:00,
Viv Monterrico,16848004,2025-05-01 00:00:00,'-,"Carnes, Pescados, Fiambres, Frutas & Verduras",Repres. De Servicios,Full Time,Masculino,2005-11-16 00:00:00,2025-04-01 00:00:00,
Viv Monterrico,16936646,2025-05-01 00:00:00,'-,"Carnes, Pescados, Fiambres, Frutas & Verduras",Repres. De Servicios 2Do Turno,Part Time,Masculino,2005-05-23 00:00:00,2024-09-13 00:00:00,
Viv Monterrico,17002754,2025-05-01 00:00:00,'-,Almacén,Repres. De Servicios 1Er Turno,Part Time,Masculino,1999-09-25 00:00:00,2024-09-18 00:00:00,
Viv Monterrico,17002756,2025-05-01 00:00:00,'-,Comidas Preparadas Panadería Y Pastelería,Repres. De Servicios 2Do Turno,Part Time,Masculino,2003-06-06 00:00:00,2024-09-18 00:00:00,
Viv Monterrico,17164480,2025-05-01 00:00:00,'-,Cajas,Cajero 4X3,Part Time,Femenino,2003-05-09 00:00:00,2024-10-14 00:00:00,
Viv Monterrico,17164485,2025-05-01 00:00:00,'-,Cajas,Cajero 3X4,Part Time,Masculino,2003-07-04 00:00:00,2024-10-14 00:00:00,
Viv Monterrico,17211153,2025-05-01 00:00:00,'-,Cajas,Cajero 6X1 2Do Turno,Part Time,Femenino,1998-01-06 00:00:00,2024-10-17 00:00:00,
Viv Monterrico,17304722,2025-05-01 00:00:00,'-,Almacén,Repres. De Servicios 1Er Turno,Part Time,Masculino,2003-06-03 00:00:00,2024-10-25 00:00:00,
Viv Monterrico,17367303,2025-05-01 00:00:00,'-,"Carnes, Pescados, Fiambres, Frutas & Verduras",Repres. De Servicios,Full Time,Masculino,2006-08-12 00:00:00,2025-02-01 00:00:00,
Viv Monterrico,17420925,2025-05-01 00:00:00,'-,Cajas,Cajero 3X4,Part Time,Masculino,2001-05-29 00:00:00,2024-11-05 00:00:00,
Viv Monterrico,17467498,2025-05-01 00:00:00,'-,Cajas,Cajero 3X4,Part Time,Femenino,1979-02-26 00:00:00,2024-11-12 00:00:00,
Viv Monterrico,17496663,2025-05-01 00:00:00,'-,Cajas,Cajero 6X1 1Er Turno,Part Time,Masculino,2005-03-13 00:00:00,2024-11-15 00:00:00,
Viv Monterrico,17657910,2025-05-01 00:00:00,'-,Cajas,Cajero 3X4,Part Time,Femenino,2002-05-25 00:00:00,2024-11-27 00:00:00,
Viv Monterrico,17680473,2025-05-01 00:00:00,'-,Cajas,Cajero 6X1 2Do Turno,Part Time,Femenino,1988-03-13 00:00:00,2024-11-25 00:00:00,
Viv Monterrico,17683128,2025-05-01 00:00:00,'-,Cajas,Cajero 6X1 2Do Turno,Part Time,Femenino,2004-04-20 00:00:00,2024-11-28 00:00:00,
Viv Monterrico,17783053,2025-05-01 00:00:00,'-,Cajas,Cajero 6X1 1Er Turno,Part Time,Masculino,2004-01-16 00:00:00,2024-12-10 00:00:00,
Viv Monterrico,17796970,2025-05-01 00:00:00,'-,"Carnes, Pescados, Fiambres, Frutas & Verduras",Repres. De Servicios 1Er Turno,Part Time,Femenino,2003-10-06 00:00:00,2024-12-10 00:00:00,
Viv Monterrico,17814916,2025-05-01 00:00:00,'-,Almacén,Repres. De Servicios 1Er Turno,Part Time,Masculino,2004-03-24 00:00:00,2024-12-12 00:00:00,2025-05-01 00:00:00
Viv Monterrico,17820960,2025-05-01 00:00:00,'-,Almacén,Repres. De Servicios 1Er Turno,Part Time,Masculino,2003-09-16 00:00:00,2024-12-13 00:00:00,
Viv Monterrico,17833876,2025-05-01 00:00:00,'-,Comidas Preparadas,Chef,Full Time,Femenino,2002-10-06 00:00:00,2024-12-16 00:00:00,
Viv Monterrico,17862528,2025-05-01 00:00:00,'-,"Carnes, Pescados, Fiambres, Frutas & Verduras",Repres. De Servicios 2Do Turno,Part Time,Femenino,2006-07-29 00:00:00,2024-12-18 00:00:00,
Viv Monterrico,17958127,2025-05-01 00:00:00,'-,Almacén,Repres. De Servicios 1Er Turno,Part Time,Masculino,2003-05-02 00:00:00,2025-01-24 00:00:00,
Viv Monterrico,17958128,2025-05-01 00:00:00,'-,Cajas,Cajero 6X1 1Er Turno,Part Time,Femenino,2004-11-22 00:00:00,2025-01-24 00:00:00,2025-05-01 00:00:00
Viv Monterrico,17958130,2025-05-01 00:00:00,'-,Cajas,Cajero 3X4,Part Time,Masculino,2006-04-26 00:00:00,2025-01-24 00:00:00,2025-05-01 00:00:00
Viv Monterrico,17958132,2025-05-01 00:00:00,'-,"Carnes, Pescados, Fiambres, Frutas & Verduras",Repres. De Servicios 1Er Turno,Part Time,Masculino,2004-07-28 00:00:00,2025-01-24 00:00:00,
Viv Monterrico,18211860,2025-05-01 00:00:00,'-,Almacén,Repres. De Servicios 2Do Turno,Part Time,Masculino,2005-12-10 00:00:00,2025-02-20 00:00:00,2025-05-01 00:00:00
Viv Monterrico,18216092,2025-05-01 00:00:00,'-,Cajas,Cajero 6X1 1Er Turno,Part Time,Masculino,2002-04-17 00:00:00,2025-02-25 00:00:00,
Viv Monterrico,18256493,2025-05-01 00:00:00,'-,Cajas,Cajero 6X1 1Er Turno,Part Time,Femenino,2001-12-24 00:00:00,2025-03-04 00:00:00,
Viv Monterrico,18280503,2025-05-01 00:00:00,'-,"Carnes, Pescados, Fiambres, Frutas & Verduras",Repres. De Servicios,Full Time,Femenino,2006-07-22 00:00:00,2025-03-07 00:00:00,2025-05-05 00:00:00
Viv Monterrico,18294379,2025-05-01 00:00:00,'-,"Carnes, Pescados, Fiambres, Frutas & Verduras",Repres. De Servicios 2Do Turno,Part Time,Masculino,2002-01-09 00:00:00,2025-03-11 00:00:00,
Viv Monterrico,18294404,2025-05-01 00:00:00,'-,"Carnes, Pescados, Fiambres, Frutas & Verduras",Repres. De Servicios 2Do Turno,Part Time,Masculino,2006-02-13 00:00:00,2025-03-11 00:00:00,
Viv Monterrico,18294821,2025-05-01 00:00:00,'-,"Carnes, Pescados, Fiambres, Frutas & Verduras",Repres. De Servicios,Full Time,Masculino,2001-02-11 00:00:00,2025-03-11 00:00:00,
Viv Monterrico,18338674,2025-05-01 00:00:00,'-,"Carnes, Pescados, Fiambres, Frutas & Verduras",Repres. De Servicios,Part Time,Masculino,2003-11-07 00:00:00,2025-03-24 00:00:00,
Viv Monterrico,18338681,2025-05-01 00:00:00,'-,Sala,Repres. De Servicios,Part Time,Femenino,1993-12-15 00:00:00,2025-03-24 00:00:00,
Viv Monterrico,18343550,2025-05-01 00:00:00,'-,"Carnes, Pescados, Fiambres, Frutas & Verduras",Repres. De Servicios,Part Time,Femenino,2001-11-27 00:00:00,2025-04-01 00:00:00,
Viv Monterrico,18396,2025-05-01 00:00:00,'-,"Carnes, Pescados, Fiambres, Frutas & Verduras",Repres. De Servicios I,Full Time,Femenino,1982-06-03 00:00:00,2013-09-09 00:00:00,
Viv Monterrico,18438371,2025-05-01 00:00:00,'-,Cajas,Cajero 5X2,Part Time,Masculino,2004-11-21 00:00:00,2025-04-10 00:00:00,
Viv Monterrico,18488612,2025-05-01 00:00:00,'-,Cajas,Cajero 5X2,Part Time,Femenino,2006-09-20 00:00:00,2025-04-16 00:00:00,
Viv Monterrico,18488757,2025-05-01 00:00:00,'-,Cajas,Cajero 5X2,Part Time,Femenino,2005-07-25 00:00:00,2025-04-16 00:00:00,
Viv Monterrico,18625750,2025-05-01 00:00:00,'-,Cajas,Cajero 5X2,Full Time,Femenino,1986-12-26 00:00:00,2025-04-24 00:00:00,
Viv Monterrico,18625751,2025-05-01 00:00:00,'-,Comidas Preparadas Panadería Y Pastelería,Repres. De Servicios Fds,Part Time,Femenino,2004-03-17 00:00:00,2025-04-24 00:00:00,
Viv Monterrico,18625752,2025-05-01 00:00:00,'-,Cajas,Cajero 5X2,Part Time,Masculino,2005-09-30 00:00:00,2025-04-24 00:00:00,
Viv Monterrico,18625784,2025-05-01 00:00:00,'-,Cajas,Asistente De Self Check Out Pt 5X2,Part Time,Femenino,2007-03-29 00:00:00,2025-04-24 00:00:00,
Viv Monterrico,18626066,2025-05-01 00:00:00,'-,Cajas,Cajero 6X1,Full Time,Masculino,2004-05-07 00:00:00,2025-04-28 00:00:00,
Viv Monterrico,18626082,2025-05-01 00:00:00,'-,"Carnes, Pescados, Fiambres, Frutas & Verduras",Repres. De Servicios,Part Time,Masculino,2001-07-17 00:00:00,2025-04-28 00:00:00,
Viv Monterrico,18626107,2025-05-01 00:00:00,'-,Cajas,Asistente De Self Check Out Pt 5X2,Part Time,Masculino,2002-07-26 00:00:00,2025-04-28 00:00:00,
Viv Monterrico,18633767,2025-05-01 00:00:00,'-,"Carnes, Pescados, Fiambres, Frutas & Verduras",Repres. De Servicios,Part Time,Masculino,2006-03-24 00:00:00,2025-05-02 00:00:00,
Viv Monterrico,18644813,2025-05-01 00:00:00,'-,Cajas,Cajero 3X4,Part Time,Femenino,2000-09-15 00:00:00,2025-05-09 00:00:00,
Viv Monterrico,18677385,2025-05-01 00:00:00,'-,Cajas,Cajero 5X2,Part Time,Femenino,1999-05-31 00:00:00,2025-05-12 00:00:00,2025-05-14 00:00:00
Viv Monterrico,18678006,2025-05-01 00:00:00,'-,Cajas,Repres. De Servicios,Full Time,Femenino,2007-01-23 00:00:00,2025-05-13 00:00:00,
Viv Monterrico,18693350,2025-05-01 00:00:00,'-,Sala,Repres. De Servicios,Part Time,Masculino,2002-09-30 00:00:00,2025-05-20 00:00:00,
Viv Monterrico,18715415,2025-05-01 00:00:00,'-,Sala,Repres. De Servicios Fds,Part Time,Masculino,2005-03-23 00:00:00,2025-05-28 00:00:00,
Viv Monterrico,18715417,2025-05-01 00:00:00,'-,Comidas Preparadas Panadería Y Pastelería,Repres. De Servicios,Part Time,Femenino,1992-01-07 00:00:00,2025-05-28 00:00:00,
Viv Monterrico,202051,2025-05-01 00:00:00,'-,"Carnes, Pescados, Fiambres, Frutas & Verduras",Jefe De Seccion,Full Time,Masculino,1993-01-05 00:00:00,2018-09-01 00:00:00,
Viv Monterrico,202700,2025-05-01 00:00:00,'-,Administración,Subgerente De Tienda,Full Time,Femenino,1998-03-05 00:00:00,2018-08-01 00:00:00,
Viv Monterrico,203197,2025-05-01 00:00:00,'-,Cajas,Supervisor De Cajeros,Full Time,Masculino,1993-06-08 00:00:00,2018-12-01 00:00:00,
Viv Monterrico,203493,2025-05-01 00:00:00,'-,Comidas Preparadas Panadería Y Pastelería,Jefe De Seccion,Full Time,Femenino,1993-07-18 00:00:00,2020-03-11 00:00:00,
Viv Monterrico,204123,2025-05-01 00:00:00,'-,Sala,Repres. De Servicios,Full Time,Femenino,1984-11-24 00:00:00,2018-06-26 00:00:00,
Viv Monterrico,21073,2025-05-01 00:00:00,'-,Comidas Preparadas Panadería Y Pastelería,Repres. De Servicios,Full Time,Masculino,1978-11-03 00:00:00,2008-09-01 00:00:00,
Viv Monterrico,21097,2025-05-01 00:00:00,'-,Almacén,Jefe De Seccion Eo,Full Time,Masculino,1965-04-05 00:00:00,1988-04-02 00:00:00,
Viv Monterrico,21184,2025-05-01 00:00:00,'-,Administración,Asistente De Tienda,Full Time,Femenino,1986-05-18 00:00:00,2012-01-05 00:00:00,
Viv Monterrico,21347,2025-05-01 00:00:00,'-,Sala,Repres. De Servicios I,Full Time,Masculino,1979-04-19 00:00:00,2011-02-10 00:00:00,
Viv Monterrico,22090,2025-05-01 00:00:00,'-,Sala,Repres. De Servicios I,Full Time,Femenino,1990-06-24 00:00:00,2019-05-01 00:00:00,
Viv Monterrico,233971,2025-05-01 00:00:00,'-,Cajas,Repres. De Servicios,Full Time,Masculino,1999-06-09 00:00:00,2018-09-14 00:00:00,
Viv Monterrico,235488,2025-05-01 00:00:00,'-,"Carnes, Pescados, Fiambres, Frutas & Verduras",Repres. De Servicios,Full Time,Femenino,1977-09-25 00:00:00,2020-01-01 00:00:00,
Viv Monterrico,241468,2025-05-01 00:00:00,'-,Sala,Especialista En Bebidas,Full Time,Masculino,1985-11-16 00:00:00,2018-11-15 00:00:00,
Viv Monterrico,242902,2025-05-01 00:00:00,'-,Cajas,Supervisor De Cajeros,Full Time,Femenino,2000-09-03 00:00:00,2024-11-25 00:00:00,
Viv Monterrico,2452,2025-05-01 00:00:00,'-,Cajas,Repres. De Servicios,Part Time,Masculino,1997-06-12 00:00:00,2022-12-01 00:00:00,
Viv Monterrico,245990,2025-05-01 00:00:00,'-,Cajas,Cajero 5X2,Full Time,Masculino,1989-09-26 00:00:00,2018-12-18 00:00:00,
Viv Monterrico,269011,2025-05-01 00:00:00,'-,Administración,Gerente De Tienda,Full Time,Femenino,1985-09-14 00:00:00,2019-04-01 00:00:00,
Viv Monterrico,27172,2025-05-01 00:00:00,'-,Comidas Preparadas Panadería Y Pastelería,Repres. De Servicios I,Full Time,Femenino,1992-08-05 00:00:00,2015-06-08 00:00:00,
Viv Monterrico,27570,2025-05-01 00:00:00,'-,Comidas Preparadas Panadería Y Pastelería,Repres. De Servicios,Full Time,Femenino,1979-03-22 00:00:00,2015-09-01 00:00:00,
Viv Monterrico,276932,2025-05-01 00:00:00,'-,Cajas,Representante De Servicio D,Part Time,Masculino,1979-03-26 00:00:00,2019-08-02 00:00:00,
Viv Monterrico,284648,2025-05-01 00:00:00,'-,Comidas Preparadas Panadería Y Pastelería,Repres. De Servicios,Full Time,Femenino,1998-01-12 00:00:00,2020-03-01 00:00:00,
Viv Monterrico,299199,2025-05-01 00:00:00,'-,Sala,Representante De Servicio D,Part Time,Femenino,1965-08-29 00:00:00,2019-12-10 00:00:00,
Viv Monterrico,31001,2025-05-01 00:00:00,'-,Recepción E Inventarios,Auxiliar De Inventarios,Full Time,Femenino,1993-09-25 00:00:00,2016-01-01 00:00:00,
Viv Monterrico,31936,2025-05-01 00:00:00,'-,Cajas,Supervisor De Cajeros,Full Time,Femenino,1985-02-13 00:00:00,2016-02-01 00:00:00,
Viv Monterrico,34029,2025-05-01 00:00:00,'-,Comidas Preparadas Panadería Y Pastelería,Maestro En Panaderia,Full Time,Masculino,1990-06-01 00:00:00,2016-02-15 00:00:00,
Viv Monterrico,34551,2025-05-01 00:00:00,'-,Recepción,Repres. De Servicios,Full Time,Femenino,1987-11-06 00:00:00,2016-02-17 00:00:00,
Viv Monterrico,36599,2025-05-01 00:00:00,'-,"Carnes, Pescados, Fiambres, Frutas & Verduras",Repres. De Servicios,Full Time,Femenino,1982-11-15 00:00:00,2016-03-02 00:00:00,
Viv Monterrico,3705,2025-05-01 00:00:00,'-,Administración,Jefe Entrenador,Full Time,Masculino,1968-12-14 00:00:00,2004-04-01 00:00:00,
Viv Monterrico,38464,2025-05-01 00:00:00,'-,Cajas,Cajero 5X2,Full Time,Femenino,1976-11-28 00:00:00,2018-02-01 00:00:00,
Viv Monterrico,40160,2025-05-01 00:00:00,'-,Cajas,Repres. De Servicios,Part Time,Masculino,1992-12-07 00:00:00,2016-05-04 00:00:00,
Viv Monterrico,41959,2025-05-01 00:00:00,'-,"Carnes, Pescados, Fiambres, Frutas & Verduras",Repres. De Servicios,Full Time,Femenino,1973-06-24 00:00:00,2016-07-08 00:00:00,
Viv Monterrico,41985,2025-05-01 00:00:00,'-,Sala,Jefe De Seccion,Full Time,Masculino,1997-01-23 00:00:00,2018-03-01 00:00:00,
Viv Monterrico,51793,2025-05-01 00:00:00,'-,Administración,Coordinador De Operaciones Iga,Full Time,Femenino,1993-11-12 00:00:00,2022-02-01 00:00:00,
Viv Monterrico,6265241,2025-05-01 00:00:00,'-,Cajas,Cajero 6X1,Full Time,Masculino,2002-02-28 00:00:00,2025-04-01 00:00:00,
Viv Monterrico,6990,2025-05-01 00:00:00,'-,Comidas Preparadas Panadería Y Pastelería,Repres. De Servicios Eo,Full Time,Masculino,1964-03-29 00:00:00,2007-09-01 00:00:00,
Viv Monterrico,7178,2025-05-01 00:00:00,'-,Comidas Preparadas Panadería Y Pastelería,Repres. De Servicios,Full Time,Femenino,1991-04-30 00:00:00,2012-04-01 00:00:00,
Viv Monterrico,7280,2025-05-01 00:00:00,'-,"Carnes, Pescados, Fiambres, Frutas & Verduras",Repres. De Servicios Eo,Full Time,Femenino,1962-07-30 00:00:00,1997-12-01 00:00:00,
Viv Monterrico,7325,2025-05-01 00:00:00,'-,Cajas,Supervisor De Cajeros,Full Time,Femenino,1992-07-21 00:00:00,2019-11-29 00:00:00,
Viv Monterrico,8668,2025-05-01 00:00:00,'-,Sala,Repres. De Servicios,Full Time,Femenino,1983-02-21 00:00:00,2020-02-26 00:00:00,
Viv Monterrico,9517389,2025-05-01 00:00:00,'-,Cajas,Cajero 3X4,Part Time,Femenino,2002-04-29 00:00:00,2021-11-30 00:00:00,
Viv Monterrico,9734259,2025-05-01 00:00:00,'-,Sala,Repres. De Servicios 2Do Turno,Part Time,Femenino,2001-04-22 00:00:00,2022-01-21 00:00:00,
Viv Monterrico,9864173,2025-05-01 00:00:00,'-,Cajas,Asistente De Self Check Out Pt,Part Time,Masculino,2002-04-18 00:00:00,2024-02-21 00:00:00,
Pvea Miraflores,108279,2025-04-01 00:00:00,'-,Sala,Multifuncional,Full Time,Masculino,1999-06-19 00:00:00,2024-11-01 00:00:00,
Pvea Miraflores,10922,2025-04-01 00:00:00,'-,Administración,Subgerente De Tienda,Full Time,Masculino,1989-05-26 00:00:00,2008-04-02 00:00:00,
Pvea Miraflores,11244,2025-04-01 00:00:00,'-,Recepción E Inventarios,Auxiliar De Inventarios,Full Time,Masculino,1992-07-22 00:00:00,2013-07-11 00:00:00,
Pvea Miraflores,11334373,2025-04-01 00:00:00,'-,Cajas,Multifuncional,Full Time,Masculino,2002-06-23 00:00:00,2024-07-01 00:00:00,
Pvea Miraflores,11467819,2025-04-01 00:00:00,'-,Sala Frescos,Repres. De Servicios 2Do Turno,Part Time,Femenino,2002-08-04 00:00:00,2022-10-26 00:00:00,
Pvea Miraflores,11471369,2025-04-01 00:00:00,'-,Cajas,Multifuncional 1Er Turno,Part Time,Masculino,2001-11-07 00:00:00,2022-10-28 00:00:00,
Pvea Miraflores,11639932,2025-04-01 00:00:00,'-,Sala Frescos,Repres. De Servicios 2Do Turno,Part Time,Masculino,2004-11-02 00:00:00,2023-01-24 00:00:00,
Pvea Miraflores,11640264,2025-04-01 00:00:00,'-,Cajas,Asistente De Self Check Out Pt,Part Time,Masculino,2002-09-28 00:00:00,2022-12-01 00:00:00,
Pvea Miraflores,11670565,2025-04-01 00:00:00,'-,Cajas,Multifuncional 2Do Turno,Part Time,Femenino,1990-06-09 00:00:00,2022-12-06 00:00:00,
Pvea Miraflores,11721792,2025-04-01 00:00:00,'-,Sala Frescos,Repres. De Servicios,Full Time,Masculino,2002-04-17 00:00:00,2024-04-03 00:00:00,
Pvea Miraflores,1173,2025-04-01 00:00:00,'-,Sala Frescos,Repres. De Servicios I,Full Time,Femenino,1980-08-21 00:00:00,2014-08-05 00:00:00,
Pvea Miraflores,11755194,2025-04-01 00:00:00,'-,Cajas,Multifuncional 1Er Turno,Part Time,Femenino,2004-07-24 00:00:00,2023-01-13 00:00:00,
Pvea Miraflores,11919846,2025-04-01 00:00:00,'-,Recepción,Repres. De Servicios,Full Time,Masculino,2004-10-27 00:00:00,2024-05-01 00:00:00,
Pvea Miraflores,11966958,2025-04-01 00:00:00,'-,Sala Frescos,Repres. De Servicios,Full Time,Masculino,1998-10-25 00:00:00,2023-03-10 00:00:00,
Pvea Miraflores,11967461,2025-04-01 00:00:00,'-,Cajas,Multifuncional,Part Time,Masculino,2002-12-08 00:00:00,2024-03-26 00:00:00,
Pvea Miraflores,11968470,2025-04-01 00:00:00,'-,Sala Frescos,Repres. De Servicios,Full Time,Femenino,2004-12-19 00:00:00,2023-03-21 00:00:00,
Pvea Miraflores,11968493,2025-04-01 00:00:00,'-,Cajas,Multifuncional,Full Time,Femenino,1983-01-31 00:00:00,2024-04-01 00:00:00,
Pvea Miraflores,1197572,2025-04-01 00:00:00,'-,Recepción E Inventarios,Auxiliar De Inventarios,Full Time,Masculino,1996-10-18 00:00:00,2024-05-06 00:00:00,
Pvea Miraflores,11975834,2025-04-01 00:00:00,'-,Sala Frescos,Repres. De Servicios,Full Time,Femenino,1990-07-17 00:00:00,2023-03-24 00:00:00,
Pvea Miraflores,11995789,2025-04-01 00:00:00,'-,Almacén Frescos,Repres. De Servicios I,Full Time,Masculino,2001-01-20 00:00:00,2024-04-01 00:00:00,
Pvea Miraflores,12020890,2025-04-01 00:00:00,'-,Sala Frescos,Repres. De Servicios,Full Time,Femenino,2004-08-03 00:00:00,2023-04-05 00:00:00,
Pvea Miraflores,12064373,2025-04-01 00:00:00,'-,Sala Frescos,Repres. De Servicios,Full Time,Masculino,1995-10-25 00:00:00,2024-04-01 00:00:00,
Pvea Miraflores,12069362,2025-04-01 00:00:00,'-,Almacén,Repres. De Servicios 2Do Turno,Part Time,Masculino,2003-04-10 00:00:00,2023-04-20 00:00:00,
Pvea Miraflores,12103937,2025-04-01 00:00:00,'-,Almacén Frescos,Repres. De Servicios,Full Time,Masculino,1993-04-22 00:00:00,2023-04-27 00:00:00,
Pvea Miraflores,12179662,2025-04-01 00:00:00,'-,Sala Frescos,Chef,Full Time,Femenino,2004-05-07 00:00:00,2024-07-01 00:00:00,
Pvea Miraflores,12179728,2025-04-01 00:00:00,'-,Sala,Multifuncional,Full Time,Masculino,1991-06-16 00:00:00,2025-03-01 00:00:00,
Pvea Miraflores,12302,2025-04-01 00:00:00,'-,Recepción,Repres. De Servicios,Full Time,Masculino,1974-10-26 00:00:00,2019-01-22 00:00:00,
Pvea Miraflores,12341116,2025-04-01 00:00:00,'-,Cajas,Multifuncional 1Er Turno,Part Time,Femenino,2002-07-31 00:00:00,2023-07-14 00:00:00,
Pvea Miraflores,12478604,2025-04-01 00:00:00,'-,Cajas,Multifuncional,Part Time,Masculino,2003-06-28 00:00:00,2023-08-17 00:00:00,
Pvea Miraflores,12660368,2025-04-01 00:00:00,'-,Cajas,Multifuncional,Full Time,Masculino,2003-03-30 00:00:00,2025-04-01 00:00:00,
Pvea Miraflores,12660703,2025-04-01 00:00:00,'-,Almacén,Repres. De Servicios I,Full Time,Masculino,2001-10-17 00:00:00,2024-05-01 00:00:00,2025-05-02 00:00:00
Pvea Miraflores,12930960,2025-04-01 00:00:00,'-,Cajas,Multifuncional,Full Time,Femenino,2003-02-02 00:00:00,2024-06-01 00:00:00,
Pvea Miraflores,13218619,2025-04-01 00:00:00,'-,Cajas,Multifuncional 1Er Turno,Part Time,Femenino,1992-08-16 00:00:00,2023-11-03 00:00:00,
Pvea Miraflores,13800552,2025-04-01 00:00:00,'-,Almacén Frescos,Repres. De Servicios,Full Time,Masculino,1975-09-29 00:00:00,2024-01-10 00:00:00,
Pvea Miraflores,14000816,2025-04-01 00:00:00,'-,Sala Frescos,Repres. De Servicios,Full Time,Femenino,2002-09-16 00:00:00,2024-02-06 00:00:00,
Pvea Miraflores,14000818,2025-04-01 00:00:00,'-,Sala,Multifuncional 1Er Turno,Part Time,Masculino,2003-05-09 00:00:00,2024-02-06 00:00:00,
Pvea Miraflores,14029100,2025-04-01 00:00:00,'-,Recepción E Inventarios,Auxiliar De Inventarios,Full Time,Masculino,1996-08-14 00:00:00,2024-02-07 00:00:00,
Pvea Miraflores,14198239,2025-04-01 00:00:00,'-,Sala Frescos,Repres. De Servicios 2Do Turno,Part Time,Femenino,2005-08-10 00:00:00,2024-02-14 00:00:00,
Pvea Miraflores,14234670,2025-04-01 00:00:00,'-,Cajas,Multifuncional,Part Time,Masculino,2002-08-01 00:00:00,2024-11-25 00:00:00,
Pvea Miraflores,14574,2025-04-01 00:00:00,'-,Sala,Repres. De Servicios I,Full Time,Masculino,1969-09-18 00:00:00,2013-09-19 00:00:00,
Pvea Miraflores,14600088,2025-04-01 00:00:00,'-,Almacén Frescos,Repres. De Servicios,Full Time,Masculino,2005-01-18 00:00:00,2024-03-05 00:00:00,
Pvea Miraflores,14662123,2025-04-01 00:00:00,'-,Cajas,Multifuncional,Full Time,Femenino,2002-11-02 00:00:00,2025-03-01 00:00:00,
Pvea Miraflores,14683987,2025-04-01 00:00:00,'-,Cajas,Supervisor De Cajeros,Full Time,Femenino,2003-01-11 00:00:00,2025-01-01 00:00:00,
Pvea Miraflores,14684378,2025-04-01 00:00:00,'-,Cajas,Multifuncional Fds,Part Time,Femenino,2004-11-16 00:00:00,2024-03-15 00:00:00,
Pvea Miraflores,14762864,2025-04-01 00:00:00,'-,Cajas,Multifuncional 2Do Turno,Part Time,Femenino,2003-07-01 00:00:00,2024-03-14 00:00:00,2025-04-06 00:00:00
Pvea Miraflores,14788217,2025-04-01 00:00:00,'-,Cajas,Multifuncional,Full Time,Femenino,1998-11-15 00:00:00,2025-04-01 00:00:00,
Pvea Miraflores,14788228,2025-04-01 00:00:00,'-,Sala Frescos,Repres. De Servicios,Full Time,Femenino,1971-12-13 00:00:00,2024-07-01 00:00:00,
Pvea Miraflores,14830,2025-04-01 00:00:00,'-,Cajas,Jefe De Seccion,Full Time,Femenino,1987-04-02 00:00:00,2014-02-12 00:00:00,
Pvea Miraflores,14858577,2025-04-01 00:00:00,'-,Cajas,Multifuncional,Full Time,Masculino,2006-01-14 00:00:00,2024-09-01 00:00:00,
Pvea Miraflores,14858579,2025-04-01 00:00:00,'-,Cajas,Multifuncional,Full Time,Masculino,2005-06-16 00:00:00,2024-11-01 00:00:00,2025-05-05 00:00:00
Pvea Miraflores,14858766,2025-04-01 00:00:00,'-,Sala Frescos,Repres. De Servicios,Full Time,Femenino,1975-10-04 00:00:00,2025-01-01 00:00:00,
Pvea Miraflores,14860022,2025-04-01 00:00:00,'-,Cajas,Asistente De Self Check Out Pt,Part Time,Femenino,2004-12-28 00:00:00,2024-03-26 00:00:00,
Pvea Miraflores,15329,2025-04-01 00:00:00,'-,Sala Frescos,Repres. De Servicios,Full Time,Masculino,1980-09-20 00:00:00,2014-10-15 00:00:00,
Pvea Miraflores,15345714,2025-04-01 00:00:00,'-,Almacén Frescos,Repres. De Servicios,Full Time,Masculino,2001-09-15 00:00:00,2024-04-24 00:00:00,
Pvea Miraflores,15470720,2025-04-01 00:00:00,'-,Sala,Multifuncional 2Do Turno,Part Time,Femenino,2005-07-13 00:00:00,2024-04-29 00:00:00,
Pvea Miraflores,15661786,2025-04-01 00:00:00,'-,Cajas,Asistente De Self Check Out Pt,Part Time,Femenino,2004-04-09 00:00:00,2024-05-08 00:00:00,
Pvea Miraflores,15853619,2025-04-01 00:00:00,'-,Sala,Multifuncional 2Do Turno,Part Time,Masculino,1990-03-27 00:00:00,2024-05-21 00:00:00,
Pvea Miraflores,15874352,2025-04-01 00:00:00,'-,Cajas,Multifuncional 1Er Turno,Part Time,Masculino,2003-05-10 00:00:00,2024-05-23 00:00:00,
Pvea Miraflores,15968821,2025-04-01 00:00:00,'-,Cajas,Multifuncional 2Do Turno,Part Time,Masculino,2005-06-04 00:00:00,2024-06-04 00:00:00,
Pvea Miraflores,15985097,2025-04-01 00:00:00,'-,Sala Frescos,Repres. De Servicios 2Do Turno,Part Time,Masculino,2002-01-04 00:00:00,2024-06-06 00:00:00,
Pvea Miraflores,16025222,2025-04-01 00:00:00,'-,Sala,Multifuncional 2Do Turno,Part Time,Masculino,2006-03-03 00:00:00,2024-06-17 00:00:00,
Pvea Miraflores,16069169,2025-04-01 00:00:00,'-,Sala Frescos,Repres. De Servicios 1Er Turno,Part Time,Femenino,2001-06-26 00:00:00,2024-06-28 00:00:00,
Pvea Miraflores,16102232,2025-04-01 00:00:00,'-,Sala,Multifuncional 2Do Turno,Part Time,Masculino,2004-08-03 00:00:00,2024-07-03 00:00:00,2025-04-01 00:00:00
Pvea Miraflores,16480681,2025-04-01 00:00:00,'-,Cajas,Multifuncional Fds,Part Time,Masculino,2005-02-13 00:00:00,2024-08-02 00:00:00,
Pvea Miraflores,16599143,2025-04-01 00:00:00,'-,Sala Frescos,Repres. De Servicios 1Er Turno,Part Time,Masculino,1979-07-19 00:00:00,2024-08-09 00:00:00,
Pvea Miraflores,167,2025-04-01 00:00:00,'-,Administración,Asistente De Tienda,Full Time,Femenino,1982-10-31 00:00:00,2005-05-01 00:00:00,
Pvea Miraflores,16858680,2025-04-01 00:00:00,'-,Electro,Repres. De Servicios,Full Time,Masculino,2005-05-14 00:00:00,2024-12-01 00:00:00,
Pvea Miraflores,16867095,2025-04-01 00:00:00,'-,Cajas,Multifuncional 1Er Turno,Part Time,Femenino,2006-03-15 00:00:00,2024-09-11 00:00:00,
Pvea Miraflores,16976705,2025-04-01 00:00:00,'-,Sala Frescos,Repres. De Servicios 2Do Turno,Part Time,Masculino,2004-08-13 00:00:00,2024-09-13 00:00:00,2025-04-01 00:00:00
Pvea Miraflores,17014057,2025-04-01 00:00:00,'-,Sala Frescos,Repres. De Servicios,Full Time,Femenino,2004-06-19 00:00:00,2025-03-01 00:00:00,
Pvea Miraflores,17293470,2025-04-01 00:00:00,'-,Cajas,Multifuncional,Part Time,Femenino,2006-10-08 00:00:00,2024-10-24 00:00:00,
Pvea Miraflores,17304094,2025-04-01 00:00:00,'-,Recepción,Repres. De Servicios 2Do Turno,Part Time,Masculino,2004-07-30 00:00:00,2024-10-25 00:00:00,2025-04-30 00:00:00
Pvea Miraflores,17304197,2025-04-01 00:00:00,'-,Sala Frescos,Repres. De Servicios Fds,Part Time,Femenino,2003-10-09 00:00:00,2024-10-25 00:00:00,
Pvea Miraflores,17468662,2025-04-01 00:00:00,'-,Cajas,Multifuncional,Part Time,Masculino,2005-08-19 00:00:00,2024-11-12 00:00:00,
Pvea Miraflores,17469240,2025-04-01 00:00:00,'-,Sala Frescos,Repres. De Servicios Fds,Part Time,Femenino,1993-11-13 00:00:00,2024-11-12 00:00:00,
Pvea Miraflores,17533975,2025-04-01 00:00:00,'-,Cajas,Multifuncional,Full Time,Femenino,2005-09-08 00:00:00,2024-11-18 00:00:00,
Pvea Miraflores,17533983,2025-04-01 00:00:00,'-,Cajas,Representante De Servicio D,Part Time,Masculino,1995-04-11 00:00:00,2024-11-19 00:00:00,
Pvea Miraflores,17539280,2025-04-01 00:00:00,'-,Almacén,Repres. De Servicios,Full Time,Masculino,2006-02-26 00:00:00,2024-11-21 00:00:00,
Pvea Miraflores,17539285,2025-04-01 00:00:00,'-,Almacén,Repres. De Servicios,Full Time,Masculino,2004-08-30 00:00:00,2025-03-01 00:00:00,2025-04-10 00:00:00
Pvea Miraflores,17577248,2025-04-01 00:00:00,'-,Cajas,Multifuncional 1Er Turno,Part Time,Femenino,2002-04-09 00:00:00,2024-11-25 00:00:00,
Pvea Miraflores,17640369,2025-04-01 00:00:00,'-,Cajas,Multifuncional,Full Time,Femenino,1990-05-27 00:00:00,2024-11-25 00:00:00,
Pvea Miraflores,17657,2025-04-01 00:00:00,'-,Recepción E Inventarios,Auxiliar De Inventarios,Full Time,Masculino,1984-11-17 00:00:00,2011-09-05 00:00:00,
Pvea Miraflores,17661583,2025-04-01 00:00:00,'-,Cajas,Multifuncional Fds,Part Time,Femenino,2006-11-10 00:00:00,2024-11-27 00:00:00,
Pvea Miraflores,17732286,2025-04-01 00:00:00,'-,Cajas,Multifuncional 2Do Turno,Part Time,Femenino,1988-11-21 00:00:00,2024-12-06 00:00:00,
Pvea Miraflores,17732520,2025-04-01 00:00:00,'-,Cajas,Repres. De Servicios,Full Time,Femenino,2001-07-23 00:00:00,2024-12-06 00:00:00,
Pvea Miraflores,17732526,2025-04-01 00:00:00,'-,Cajas,Repres. De Servicios,Full Time,Femenino,2004-07-24 00:00:00,2024-12-06 00:00:00,
Pvea Miraflores,17782950,2025-04-01 00:00:00,'-,Cajas,Multifuncional 1Er Turno,Part Time,Femenino,2006-09-27 00:00:00,2024-12-11 00:00:00,
Pvea Miraflores,17833376,2025-04-01 00:00:00,'-,Cajas,Multifuncional Fds,Part Time,Masculino,2002-02-20 00:00:00,2024-12-17 00:00:00,
Pvea Miraflores,17835529,2025-04-01 00:00:00,'-,Cajas,Multifuncional 2Do Turno,Part Time,Femenino,1979-03-14 00:00:00,2024-12-19 00:00:00,
Pvea Miraflores,17861149,2025-04-01 00:00:00,'-,Cajas,Multifuncional 2Do Turno,Part Time,Masculino,2006-03-29 00:00:00,2024-12-23 00:00:00,
Pvea Miraflores,17908056,2025-04-01 00:00:00,'-,Sala Frescos,Repres. De Servicios 2Do Turno,Part Time,Femenino,2005-07-23 00:00:00,2024-12-30 00:00:00,2025-04-01 00:00:00
Pvea Miraflores,17955881,2025-04-01 00:00:00,'-,Sala,Repres. De Servicios,Part Time,Masculino,2002-06-08 00:00:00,2025-01-23 00:00:00,
Pvea Miraflores,17955883,2025-04-01 00:00:00,'-,Sala,Repres. De Servicios,Part Time,Masculino,2005-10-21 00:00:00,2025-01-23 00:00:00,2025-04-01 00:00:00
Pvea Miraflores,17958354,2025-04-01 00:00:00,'-,Almacén,Repres. De Servicios,Part Time,Masculino,2004-12-02 00:00:00,2025-04-01 00:00:00,2025-04-15 00:00:00
Pvea Miraflores,17992918,2025-04-01 00:00:00,'-,Cajas,Repres. De Servicios,Part Time,Masculino,2005-02-11 00:00:00,2025-01-28 00:00:00,
Pvea Miraflores,17993317,2025-04-01 00:00:00,'-,Cajas,Multifuncional Fds,Part Time,Femenino,2003-11-01 00:00:00,2025-01-28 00:00:00,
Pvea Miraflores,17994400,2025-04-01 00:00:00,'-,Sala Frescos,Repres. De Servicios 2Do Turno,Part Time,Masculino,2003-05-17 00:00:00,2025-01-30 00:00:00,2025-04-06 00:00:00
Pvea Miraflores,17994413,2025-04-01 00:00:00,'-,Cajas,Repres. De Servicios,Full Time,Masculino,2004-08-28 00:00:00,2025-01-30 00:00:00,
Pvea Miraflores,17994414,2025-04-01 00:00:00,'-,Cajas,Repres. De Servicios,Full Time,Femenino,1982-12-18 00:00:00,2025-01-30 00:00:00,
Pvea Miraflores,18025321,2025-04-01 00:00:00,'-,Cajas,Repres. De Servicios,Full Time,Femenino,2005-04-07 00:00:00,2025-02-05 00:00:00,
Pvea Miraflores,18028641,2025-04-01 00:00:00,'-,Sala Frescos,Repres. De Servicios,Full Time,Femenino,1980-09-24 00:00:00,2025-02-06 00:00:00,2025-04-30 00:00:00
Pvea Miraflores,18028642,2025-04-01 00:00:00,'-,Sala Frescos,Repres. De Servicios,Full Time,Femenino,2006-08-25 00:00:00,2025-02-06 00:00:00,
Pvea Miraflores,18069864,2025-04-01 00:00:00,'-,Sala Frescos,Repres. De Servicios,Full Time,Femenino,2005-01-12 00:00:00,2025-02-13 00:00:00,
Pvea Miraflores,18085472,2025-04-01 00:00:00,'-,Sala,Repres. De Servicios,Part Time,Femenino,2007-01-17 00:00:00,2025-02-14 00:00:00,
Pvea Miraflores,18085473,2025-04-01 00:00:00,'-,Sala,Multifuncional 2Do Turno,Part Time,Masculino,2005-10-09 00:00:00,2025-02-14 00:00:00,
Pvea Miraflores,18109215,2025-04-01 00:00:00,'-,Sala,Multifuncional Campaña,Part Time,Masculino,2006-01-16 00:00:00,2025-02-17 00:00:00,2025-04-08 00:00:00
Pvea Miraflores,18154,2025-04-01 00:00:00,'-,Sala Frescos,Repres. De Servicios 1Er Turno,Part Time,Masculino,1995-05-26 00:00:00,2024-07-01 00:00:00,
Pvea Miraflores,18294823,2025-04-01 00:00:00,'-,Cajas,Repres. De Servicios,Part Time,Femenino,2005-01-07 00:00:00,2025-03-11 00:00:00,
Pvea Miraflores,18329320,2025-04-01 00:00:00,'-,Sala Frescos,Repres. De Servicios,Full Time,Femenino,1977-06-11 00:00:00,2025-03-21 00:00:00,
Pvea Miraflores,18329437,2025-04-01 00:00:00,'-,Recepción,Repres. De Servicios,Full Time,Masculino,2005-10-25 00:00:00,2025-03-21 00:00:00,
Pvea Miraflores,18329438,2025-04-01 00:00:00,'-,Almacén,Repres. De Servicios 2Do Turno,Part Time,Masculino,2005-01-22 00:00:00,2025-03-21 00:00:00,
Pvea Miraflores,18329439,2025-04-01 00:00:00,'-,Recepción,Repres. De Servicios,Full Time,Masculino,2007-02-24 00:00:00,2025-03-21 00:00:00,2025-04-01 00:00:00
Pvea Miraflores,18329446,2025-04-01 00:00:00,'-,Recepción,Repres. De Servicios 2Do Turno,Part Time,Masculino,2000-06-12 00:00:00,2025-03-21 00:00:00,
Pvea Miraflores,18329447,2025-04-01 00:00:00,'-,Sala,Repres. De Servicios 2Do Turno,Part Time,Femenino,2006-05-20 00:00:00,2025-03-21 00:00:00,
Pvea Miraflores,18329456,2025-04-01 00:00:00,'-,Sala Frescos,Repres. De Servicios 2Do Turno,Part Time,Femenino,1977-10-13 00:00:00,2025-03-21 00:00:00,
Pvea Miraflores,18339022,2025-04-01 00:00:00,'-,Sala,Repres. De Servicios 5X2 Eo,Part Time,Femenino,1959-10-19 00:00:00,2025-03-24 00:00:00,
Pvea Miraflores,18341092,2025-04-01 00:00:00,'-,Sala Frescos,Repres. De Servicios,Full Time,Femenino,2005-12-16 00:00:00,2025-03-31 00:00:00,2025-04-30 00:00:00
Pvea Miraflores,18341093,2025-04-01 00:00:00,'-,Sala Frescos,Repres. De Servicios,Full Time,Femenino,2006-12-24 00:00:00,2025-03-31 00:00:00,
Pvea Miraflores,18489842,2025-04-01 00:00:00,'-,Sala Frescos,Repres. De Servicios,Part Time,Femenino,2007-03-21 00:00:00,2025-04-16 00:00:00,
Pvea Miraflores,18625870,2025-04-01 00:00:00,'-,Cajas,Multifuncional,Part Time,Masculino,2003-08-30 00:00:00,2025-04-25 00:00:00,
Pvea Miraflores,18625893,2025-04-01 00:00:00,'-,Sala Frescos,Repres. De Servicios,Part Time,Femenino,2003-01-17 00:00:00,2025-04-25 00:00:00,
Pvea Miraflores,18625894,2025-04-01 00:00:00,'-,Sala Frescos,Repres. De Servicios,Part Time,Femenino,2006-03-14 00:00:00,2025-04-25 00:00:00,
Pvea Miraflores,18625925,2025-04-01 00:00:00,'-,Cajas,Multifuncional,Full Time,Masculino,1997-06-21 00:00:00,2025-04-25 00:00:00,
Pvea Miraflores,18628261,2025-04-01 00:00:00,'-,Cajas,Multifuncional,Part Time,Masculino,2006-10-05 00:00:00,2025-04-29 00:00:00,
Pvea Miraflores,18628307,2025-04-01 00:00:00,'-,Cajas,Multifuncional,Full Time,Femenino,1977-06-26 00:00:00,2025-04-29 00:00:00,
Pvea Miraflores,203013,2025-04-01 00:00:00,'-,Electro,Vendedor,Full Time,Femenino,1968-11-24 00:00:00,2018-05-23 00:00:00,
Pvea Miraflores,203489,2025-04-01 00:00:00,'-,Cajas,Supervisor De Cajeros Pt,Part Time,Femenino,1991-08-18 00:00:00,2024-04-02 00:00:00,2025-04-30 00:00:00
Pvea Miraflores,21448,2025-04-01 00:00:00,'-,Electro,Jefe De Seccion,Full Time,Femenino,1974-03-22 00:00:00,2012-10-01 00:00:00,
Pvea Miraflores,241412,2025-04-01 00:00:00,'-,Cajas,Supervisor De Cajeros,Full Time,Femenino,1974-01-30 00:00:00,2024-05-01 00:00:00,
Pvea Miraflores,244437,2025-04-01 00:00:00,'-,Cajas,Supervisor De Cajeros,Full Time,Masculino,2000-05-19 00:00:00,2024-01-19 00:00:00,
Pvea Miraflores,24708,2025-04-01 00:00:00,'-,Administración,Gerente De Tienda,Full Time,Masculino,1975-09-22 00:00:00,2003-04-04 00:00:00,
Pvea Miraflores,25760,2025-04-01 00:00:00,'-,Almacén,Repres. De Servicios I,Full Time,Femenino,1973-10-12 00:00:00,2014-06-16 00:00:00,
Pvea Miraflores,298588,2025-04-01 00:00:00,'-,Sala,Multifuncional 1Er Turno,Part Time,Femenino,1985-12-22 00:00:00,2024-12-02 00:00:00,
Pvea Miraflores,301805,2025-04-01 00:00:00,'-,Sala,Multifuncional,Full Time,Masculino,1995-12-13 00:00:00,2020-01-20 00:00:00,
Pvea Miraflores,304408,2025-04-01 00:00:00,'-,Almacén Frescos,Repres. De Servicios I,Full Time,Femenino,1992-12-05 00:00:00,2020-02-17 00:00:00,
Pvea Miraflores,31455,2025-04-01 00:00:00,'-,Sala Frescos,Jefe De Seccion,Full Time,Masculino,1981-11-10 00:00:00,2016-01-18 00:00:00,
Pvea Miraflores,34546,2025-04-01 00:00:00,'-,Sala Frescos,Repres. De Servicios,Full Time,Femenino,1967-05-24 00:00:00,2016-02-17 00:00:00,
Pvea Miraflores,36202,2025-04-01 00:00:00,'-,Sala Frescos,Repres. De Servicios,Full Time,Femenino,1992-05-22 00:00:00,2016-03-02 00:00:00,
Pvea Miraflores,3707,2025-04-01 00:00:00,'-,Administración,Asistente De Tienda,Full Time,Femenino,1974-10-22 00:00:00,2003-09-01 00:00:00,
Pvea Miraflores,37084,2025-04-01 00:00:00,'-,Cajas,Supervisor De Cajeros,Full Time,Femenino,1982-09-08 00:00:00,2016-03-14 00:00:00,2025-04-30 00:00:00
Pvea Miraflores,41844,2025-04-01 00:00:00,'-,Sala Frescos,Repres. De Servicios,Full Time,Masculino,1984-09-10 00:00:00,2016-07-04 00:00:00,
Pvea Miraflores,42739,2025-04-01 00:00:00,'-,Sala,Jefe De Seccion,Full Time,Femenino,1998-06-14 00:00:00,2016-08-01 00:00:00,
Pvea Miraflores,43825,2025-04-01 00:00:00,'-,Almacén Frescos,Repres. De Servicios,Full Time,Masculino,1993-11-30 00:00:00,2025-01-30 00:00:00,
Pvea Miraflores,4486016,2025-04-01 00:00:00,'-,Sala Frescos,Jefe De Seccion,Full Time,Femenino,1997-11-16 00:00:00,2020-06-03 00:00:00,
Pvea Miraflores,52599,2025-04-01 00:00:00,'-,Cajas,Supervisor De Cajeros,Full Time,Femenino,1983-02-06 00:00:00,2017-09-01 00:00:00,2025-04-30 00:00:00
Pvea Miraflores,55309,2025-04-01 00:00:00,'-,Sala Frescos,Repres. De Servicios,Full Time,Femenino,1990-10-28 00:00:00,2020-02-01 00:00:00,
Pvea Miraflores,7318884,2025-04-01 00:00:00,'-,Cajas,Multifuncional 1Er Turno,Part Time,Femenino,1995-02-25 00:00:00,2021-09-22 00:00:00,
Pvea Miraflores,7319531,2025-04-01 00:00:00,'-,Sala,Multifuncional,Full Time,Masculino,1999-05-16 00:00:00,2023-01-01 00:00:00,
Pvea Miraflores,7319542,2025-04-01 00:00:00,'-,Sala,Repres. De Servicios I,Full Time,Femenino,2001-05-26 00:00:00,2022-11-01 00:00:00,
Pvea Miraflores,7319599,2025-04-01 00:00:00,'-,Sala,Multifuncional,Full Time,Masculino,2000-02-10 00:00:00,2025-02-01 00:00:00,
Pvea Miraflores,7333556,2025-04-01 00:00:00,'-,Sala,Repres. De Servicios,Part Time,Femenino,2003-05-19 00:00:00,2024-12-11 00:00:00,
Pvea Miraflores,7333607,2025-04-01 00:00:00,'-,Cajas,Asistente De Self Check Out Pt,Part Time,Femenino,1979-09-11 00:00:00,2021-09-22 00:00:00,
Pvea Miraflores,7333614,2025-04-01 00:00:00,'-,Cajas,Multifuncional,Full Time,Femenino,2003-03-03 00:00:00,2023-08-01 00:00:00,
Pvea Miraflores,811,2025-04-01 00:00:00,'-,Sala,Especialista En Bebidas,Full Time,Masculino,1977-11-17 00:00:00,2016-07-13 00:00:00,
Pvea Miraflores,8350959,2025-04-01 00:00:00,'-,Sala Frescos,Repres. De Servicios I,Full Time,Masculino,1999-05-04 00:00:00,2023-05-01 00:00:00,
Pvea Miraflores,8682,2025-04-01 00:00:00,'-,Sala Frescos,Jefe De Seccion,Full Time,Femenino,1974-09-05 00:00:00,2018-08-03 00:00:00,
Pvea Miraflores,919,2025-04-01 00:00:00,'-,Sala Frescos,Repres. De Servicios,Full Time,Femenino,1973-08-07 00:00:00,2014-05-05 00:00:00,
Pvea Miraflores,9278728,2025-04-01 00:00:00,'-,Sala,Multifuncional 1Er Turno,Part Time,Femenino,1989-10-12 00:00:00,2021-11-02 00:00:00,
Pvea Miraflores,9481430,2025-04-01 00:00:00,'-,Almacén,Repres. De Servicios,Full Time,Masculino,1999-08-02 00:00:00,2025-01-31 00:00:00,
Pvea Miraflores,9518850,2025-04-01 00:00:00,'-,Sala Frescos,Repres. De Servicios 1Er Turno,Part Time,Femenino,2001-09-05 00:00:00,2022-01-10 00:00:00,
Pvea Miraflores,98931,2025-04-01 00:00:00,'-,Cajas,Multifuncional Eo,Full Time,Masculino,1960-11-16 00:00:00,2017-08-01 00:00:00,
Pvea Miraflores,99177,2025-04-01 00:00:00,'-,Almacén,Jefe De Seccion,Full Time,Masculino,1998-07-09 00:00:00,2021-08-24 00:00:00,
Svea Corpac,103603,2025-04-01 00:00:00,'-,Cajas,Cajero 6X1,Part Time,Masculino,1986-06-08 00:00:00,2017-09-13 00:00:00,
Svea Corpac,104636,2025-04-01 00:00:00,'-,Almacén Frescos,Repres. De Servicios,Full Time,Femenino,1980-07-16 00:00:00,2023-06-15 00:00:00,
Svea Corpac,109719,2025-04-01 00:00:00,'-,Cajas,Jefe De Seccion,Full Time,Masculino,1989-05-05 00:00:00,2018-01-01 00:00:00,
Svea Corpac,11405933,2025-04-01 00:00:00,'-,Recepción E Inventarios,Auxiliar De Inventarios,Full Time,Masculino,2002-08-30 00:00:00,2023-02-01 00:00:00,
Svea Corpac,1198235,2025-04-01 00:00:00,'-,Sala,Jefe De Seccion,Full Time,Femenino,1994-03-19 00:00:00,2020-03-17 00:00:00,
Svea Corpac,12301310,2025-04-01 00:00:00,'-,Cajas,Cajero 6X1 2Do Turno,Part Time,Femenino,2004-08-03 00:00:00,2023-06-22 00:00:00,
Svea Corpac,12309872,2025-04-01 00:00:00,'-,Cajas,Repres. De Servicios,Part Time,Femenino,2001-11-20 00:00:00,2023-06-27 00:00:00,
Svea Corpac,12310210,2025-04-01 00:00:00,'-,Cajas,Cajero 6X1,Part Time,Femenino,2005-01-14 00:00:00,2023-06-27 00:00:00,
Svea Corpac,12352460,2025-04-01 00:00:00,'-,Almacén,Repres. De Servicios 2Do Turno,Part Time,Masculino,2000-04-07 00:00:00,2023-07-21 00:00:00,
Svea Corpac,129583,2025-04-01 00:00:00,'-,Sala,Repres. De Servicios 2Do Turno,Part Time,Masculino,1988-08-24 00:00:00,2018-03-01 00:00:00,
Svea Corpac,13042885,2025-04-01 00:00:00,'-,Cajas,Cajero 6X1 1Er Turno,Part Time,Masculino,2001-10-14 00:00:00,2023-10-27 00:00:00,
Svea Corpac,13317317,2025-04-01 00:00:00,'-,Sala Frescos,Repres. De Servicios,Full Time,Femenino,2001-04-02 00:00:00,2024-07-01 00:00:00,
Svea Corpac,13351200,2025-04-01 00:00:00,'-,Sala,Repres. De Servicios,Full Time,Femenino,1999-01-28 00:00:00,2023-11-24 00:00:00,
Svea Corpac,13789094,2025-04-01 00:00:00,'-,Cajas,Representante De Servicio D,Part Time,Femenino,1981-12-18 00:00:00,2024-01-01 00:00:00,
Svea Corpac,14343,2025-04-01 00:00:00,'-,Almacén,Repres. De Servicios Eo,Full Time,Masculino,1958-09-28 00:00:00,2007-05-01 00:00:00,
Svea Corpac,14625657,2025-04-01 00:00:00,'-,Cajas,Cajero 6X1 2Do Turno,Part Time,Femenino,1998-03-20 00:00:00,2024-03-08 00:00:00,
Svea Corpac,14625726,2025-04-01 00:00:00,'-,Cajas,Cajero 6X1,Full Time,Femenino,2002-11-11 00:00:00,2024-03-08 00:00:00,2025-04-30 00:00:00
Svea Corpac,14776588,2025-04-01 00:00:00,'-,Sala,Repres. De Servicios,Full Time,Masculino,2004-06-24 00:00:00,2025-04-01 00:00:00,
Svea Corpac,15519392,2025-04-01 00:00:00,'-,Almacén,Repres. De Servicios 1Er Turno,Part Time,Masculino,2003-04-05 00:00:00,2024-05-02 00:00:00,
Svea Corpac,15834576,2025-04-01 00:00:00,'-,Cajas,Cajero 6X1 2Do Turno,Part Time,Femenino,2004-04-20 00:00:00,2024-05-20 00:00:00,
Svea Corpac,15877870,2025-04-01 00:00:00,'-,Cajas,Cajero 6X1 1Er Turno,Part Time,Femenino,2005-01-29 00:00:00,2024-05-24 00:00:00,
Svea Corpac,15958306,2025-04-01 00:00:00,'-,Cajas,Cajero 6X1 2Do Turno,Part Time,Femenino,2004-06-11 00:00:00,2024-06-03 00:00:00,
Svea Corpac,15958778,2025-04-01 00:00:00,'-,Cajas,Cajero 6X1 2Do Turno,Part Time,Masculino,1998-06-03 00:00:00,2024-06-03 00:00:00,
Svea Corpac,17035031,2025-04-01 00:00:00,'-,Almacén Frescos,Repres. De Servicios 1Er Turno,Part Time,Masculino,2003-01-14 00:00:00,2024-09-27 00:00:00,
Svea Corpac,17487114,2025-04-01 00:00:00,'-,Sala Frescos,Repres. De Servicios,Full Time,Femenino,1974-07-29 00:00:00,2024-11-14 00:00:00,
Svea Corpac,17540130,2025-04-01 00:00:00,'-,Sala Frescos,Repres. De Servicios 2Do Turno,Part Time,Masculino,2006-09-16 00:00:00,2024-11-22 00:00:00,
Svea Corpac,17679911,2025-04-01 00:00:00,'-,Cajas,Cajero 6X1 Campaña,Part Time,Masculino,2002-07-22 00:00:00,2024-11-26 00:00:00,2025-04-01 00:00:00
Svea Corpac,17702228,2025-04-01 00:00:00,'-,Sala Frescos,Repres. De Servicios 1Er Turno,Part Time,Masculino,2000-05-07 00:00:00,2024-12-03 00:00:00,
Svea Corpac,17836645,2025-04-01 00:00:00,'-,Sala Frescos,Repres. De Servicios,Full Time,Femenino,2004-07-28 00:00:00,2024-12-20 00:00:00,2025-04-30 00:00:00
Svea Corpac,17837447,2025-04-01 00:00:00,'-,Sala Frescos,Repres. De Servicios,Full Time,Masculino,2005-07-17 00:00:00,2024-12-20 00:00:00,2025-04-30 00:00:00
Svea Corpac,17837560,2025-04-01 00:00:00,'-,Sala Frescos,Repres. De Servicios 2Do Turno,Part Time,Masculino,2006-06-05 00:00:00,2024-12-20 00:00:00,
Svea Corpac,17876776,2025-04-01 00:00:00,'-,Sala Frescos,Repres. De Servicios 2Do Turno,Part Time,Masculino,2004-08-18 00:00:00,2024-12-24 00:00:00,
Svea Corpac,17902576,2025-04-01 00:00:00,'-,Sala Frescos,Repres. De Servicios 2Do Turno,Part Time,Femenino,2006-09-09 00:00:00,2024-12-24 00:00:00,2025-04-30 00:00:00
Svea Corpac,17958158,2025-04-01 00:00:00,'-,Sala Frescos,Repres. De Servicios 2Do Turno,Part Time,Masculino,2006-04-19 00:00:00,2025-01-24 00:00:00,
Svea Corpac,17994390,2025-04-01 00:00:00,'-,Sala Frescos,Repres. De Servicios 2Do Turno,Part Time,Femenino,2006-09-12 00:00:00,2025-01-30 00:00:00,
Svea Corpac,17994416,2025-04-01 00:00:00,'-,Recepción,Repres. De Servicios,Full Time,Masculino,2000-05-24 00:00:00,2025-01-30 00:00:00,
Svea Corpac,18028645,2025-04-01 00:00:00,'-,Sala Frescos,Repres. De Servicios,Full Time,Femenino,2005-02-02 00:00:00,2025-02-06 00:00:00,
Svea Corpac,18028664,2025-04-01 00:00:00,'-,Sala Frescos,Repres. De Servicios 2Do Turno,Part Time,Masculino,2004-07-03 00:00:00,2025-02-06 00:00:00,2025-04-01 00:00:00
Svea Corpac,18030432,2025-04-01 00:00:00,'-,Sala Frescos,Repres. De Servicios 2Do Turno,Part Time,Masculino,2003-02-03 00:00:00,2025-02-06 00:00:00,
Svea Corpac,18288104,2025-04-01 00:00:00,'-,Sala,Repres. De Servicios 2Do Turno,Part Time,Masculino,2005-04-13 00:00:00,2025-03-10 00:00:00,
Svea Corpac,18288148,2025-04-01 00:00:00,'-,Sala,Repres. De Servicios 2Do Turno,Part Time,Masculino,2007-02-03 00:00:00,2025-03-10 00:00:00,
Svea Corpac,18300245,2025-04-01 00:00:00,'-,Sala,Repres. De Servicios Fds,Part Time,Masculino,2006-09-27 00:00:00,2025-03-12 00:00:00,2025-04-08 00:00:00
Svea Corpac,18304720,2025-04-01 00:00:00,'-,Almacén Frescos,Repres. De Servicios,Part Time,Masculino,1998-04-28 00:00:00,2025-03-13 00:00:00,
Svea Corpac,18304723,2025-04-01 00:00:00,'-,Sala Frescos,Repres. De Servicios 2Do Turno,Part Time,Femenino,2006-04-07 00:00:00,2025-03-13 00:00:00,
Svea Corpac,18329276,2025-04-01 00:00:00,'-,Sala,Repres. De Servicios,Full Time,Femenino,2002-04-10 00:00:00,2025-03-21 00:00:00,
Svea Corpac,18329282,2025-04-01 00:00:00,'-,Sala,Repres. De Servicios Fds,Part Time,Femenino,1995-12-14 00:00:00,2025-03-21 00:00:00,
Svea Corpac,18329291,2025-04-01 00:00:00,'-,Sala,Repres. De Servicios 2Do Turno,Part Time,Masculino,2006-02-15 00:00:00,2025-03-21 00:00:00,
Svea Corpac,18329292,2025-04-01 00:00:00,'-,Almacén Frescos,Repres. De Servicios 2Do Turno,Part Time,Masculino,2006-08-10 00:00:00,2025-03-21 00:00:00,
Svea Corpac,18339046,2025-04-01 00:00:00,'-,Cajas,Repres. De Servicios 5X2 Eo,Part Time,Masculino,1959-04-07 00:00:00,2025-03-24 00:00:00,
Svea Corpac,18340465,2025-04-01 00:00:00,'-,Sala,Repres. De Servicios,Full Time,Femenino,2006-04-27 00:00:00,2025-03-26 00:00:00,
Svea Corpac,18480146,2025-04-01 00:00:00,'-,Almacén Frescos,Repres. De Servicios,Part Time,Masculino,2001-12-10 00:00:00,2025-04-15 00:00:00,
Svea Corpac,18480147,2025-04-01 00:00:00,'-,Almacén Frescos,Repres. De Servicios,Full Time,Masculino,2004-05-09 00:00:00,2025-04-15 00:00:00,
Svea Corpac,18625905,2025-04-01 00:00:00,'-,Almacén Frescos,Repres. De Servicios,Full Time,Masculino,1996-03-28 00:00:00,2025-04-25 00:00:00,
Svea Corpac,21115,2025-04-01 00:00:00,'-,Cajas,Representante De Servicio D,Full Time,Masculino,1981-02-25 00:00:00,2000-03-01 00:00:00,
Svea Corpac,21370,2025-04-01 00:00:00,'-,Cajas,Supervisor De Cajeros,Full Time,Masculino,1977-05-27 00:00:00,2010-04-07 00:00:00,
Svea Corpac,235588,2025-04-01 00:00:00,'-,Cajas,Supervisor De Cajeros,Full Time,Femenino,1993-07-27 00:00:00,2018-10-05 00:00:00,
Svea Corpac,241013,2025-04-01 00:00:00,'-,Almacén,Jefe De Seccion,Full Time,Femenino,2000-06-21 00:00:00,2019-06-01 00:00:00,
Svea Corpac,243668,2025-04-01 00:00:00,'-,Sala Frescos,Repres. De Servicios 2Do Turno,Part Time,Femenino,1994-04-04 00:00:00,2019-03-21 00:00:00,
Svea Corpac,266939,2025-04-01 00:00:00,'-,Administración,Gerente De Tienda,Full Time,Femenino,1990-06-29 00:00:00,2019-03-01 00:00:00,
Svea Corpac,273730,2025-04-01 00:00:00,'-,Cajas,Supervisor De Cajeros,Full Time,Femenino,1993-06-30 00:00:00,2023-05-01 00:00:00,2025-05-01 00:00:00
Svea Corpac,43780,2025-04-01 00:00:00,'-,Cajas,Cajero 5X2,Full Time,Masculino,1989-10-27 00:00:00,2016-09-01 00:00:00,
Svea Corpac,4457773,2025-04-01 00:00:00,'-,Almacén,Repres. De Servicios I,Full Time,Masculino,2002-01-18 00:00:00,2020-05-25 00:00:00,
Svea Corpac,4576139,2025-04-01 00:00:00,'-,Sala Frescos,Repres. De Servicios,Full Time,Femenino,1987-09-28 00:00:00,2020-06-12 00:00:00,
Svea Corpac,48590,2025-04-01 00:00:00,'-,Sala Frescos,Repres. De Servicios,Full Time,Femenino,1976-11-15 00:00:00,2016-12-14 00:00:00,
Svea Corpac,6038,2025-04-01 00:00:00,'-,Sala Frescos,Repres. De Servicios I,Full Time,Femenino,1979-06-25 00:00:00,2018-06-27 00:00:00,
Svea Corpac,631856,2025-04-01 00:00:00,'-,Sala Frescos,Repres. De Servicios Nochero,Full Time,Masculino,1992-10-14 00:00:00,2019-03-26 00:00:00,2025-04-30 00:00:00
Svea Corpac,6722,2025-04-01 00:00:00,'-,Sala,Repres. De Servicios I,Full Time,Femenino,1987-06-16 00:00:00,2022-02-22 00:00:00,
Svea Corpac,7879,2025-04-01 00:00:00,'-,Sala Frescos,Jefe De Seccion,Full Time,Masculino,1988-04-14 00:00:00,2019-06-25 00:00:00,2025-04-05 00:00:00
Svea Corpac,89851,2025-04-01 00:00:00,'-,Sala Frescos,Jefe De Seccion,Full Time,Masculino,1986-03-18 00:00:00,2023-10-31 00:00:00,
Svea Corpac,9278595,2025-04-01 00:00:00,'-,Cajas,Cajero 6X1,Full Time,Masculino,1994-12-25 00:00:00,2023-07-01 00:00:00,
Viv Monterrico,104143,2025-04-01 00:00:00,'-,"Carnes, Pescados, Fiambres, Frutas & Verduras",Repres. De Servicios,Full Time,Femenino,1985-09-27 00:00:00,2017-10-01 00:00:00,
Viv Monterrico,10653,2025-04-01 00:00:00,'-,"Carnes, Pescados, Fiambres, Frutas & Verduras",Repres. De Servicios,Full Time,Masculino,1971-05-11 00:00:00,2002-10-19 00:00:00,
Viv Monterrico,10845,2025-04-01 00:00:00,'-,"Carnes, Pescados, Fiambres, Frutas & Verduras",Jefe De Seccion,Full Time,Femenino,1979-08-02 00:00:00,2012-08-01 00:00:00,
Viv Monterrico,110670,2025-04-01 00:00:00,'-,"Carnes, Pescados, Fiambres, Frutas & Verduras",Repres. De Servicios Fds,Part Time,Femenino,1993-10-16 00:00:00,2025-04-01 00:00:00,
Viv Monterrico,11342636,2025-04-01 00:00:00,'-,Cajas,Cajero 5X2,Full Time,Femenino,2003-05-05 00:00:00,2025-04-22 00:00:00,
Viv Monterrico,11369697,2025-04-01 00:00:00,'-,Cajas,Cajero 6X1,Full Time,Masculino,2001-04-18 00:00:00,2025-02-01 00:00:00,
Viv Monterrico,11458504,2025-04-01 00:00:00,'-,Cajas,Cajero 4X3,Part Time,Femenino,2002-11-10 00:00:00,2022-10-19 00:00:00,
Viv Monterrico,11966759,2025-04-01 00:00:00,'-,Cajas,Cajero 4X3,Part Time,Masculino,2003-04-07 00:00:00,2023-03-09 00:00:00,
Viv Monterrico,1205195,2025-04-01 00:00:00,'-,Cajas,Repres. De Servicios,Full Time,Femenino,1999-12-16 00:00:00,2020-03-18 00:00:00,
Viv Monterrico,12261783,2025-04-01 00:00:00,'-,"Carnes, Pescados, Fiambres, Frutas & Verduras",Repres. De Servicios,Full Time,Masculino,1993-02-04 00:00:00,2023-06-13 00:00:00,
Viv Monterrico,12389939,2025-04-01 00:00:00,'-,Almacén,Repres. De Servicios I,Full Time,Masculino,2004-02-06 00:00:00,2024-05-01 00:00:00,
Viv Monterrico,12442653,2025-04-01 00:00:00,'-,Cajas,Cajero 6X1 2Do Turno,Part Time,Masculino,2004-09-11 00:00:00,2023-08-11 00:00:00,2025-04-01 00:00:00
Viv Monterrico,128607,2025-04-01 00:00:00,'-,Cajas,Repres. De Servicios Fds,Part Time,Femenino,1995-01-19 00:00:00,2018-02-08 00:00:00,
Viv Monterrico,13209233,2025-04-01 00:00:00,'-,Cajas,Cajero 6X1 2Do Turno,Part Time,Femenino,2003-06-30 00:00:00,2023-11-03 00:00:00,2025-04-01 00:00:00
Viv Monterrico,13227322,2025-04-01 00:00:00,'-,Cajas,Cajero 6X1 1Er Turno,Part Time,Masculino,2004-01-31 00:00:00,2023-11-07 00:00:00,
Viv Monterrico,13277255,2025-04-01 00:00:00,'-,Sala,Repres. De Servicios 2Do Turno,Part Time,Masculino,2003-09-22 00:00:00,2023-11-14 00:00:00,
Viv Monterrico,13375806,2025-04-01 00:00:00,'-,Sala,Repres. De Servicios 2Do Turno,Part Time,Femenino,2001-03-02 00:00:00,2024-04-03 00:00:00,
Viv Monterrico,13619568,2025-04-01 00:00:00,'-,"Carnes, Pescados, Fiambres, Frutas & Verduras",Repres. De Servicios,Full Time,Femenino,1969-12-30 00:00:00,2023-12-12 00:00:00,
Viv Monterrico,13709716,2025-04-01 00:00:00,'-,Almacén,Repres. De Servicios 1Er Turno,Part Time,Masculino,2003-07-01 00:00:00,2023-12-22 00:00:00,
Viv Monterrico,13797674,2025-04-01 00:00:00,'-,Sala,Repres. De Servicios,Full Time,Femenino,2005-05-24 00:00:00,2024-01-09 00:00:00,
Viv Monterrico,13803247,2025-04-01 00:00:00,'-,Cajas,Repres. De Servicios,Full Time,Masculino,2001-06-03 00:00:00,2025-04-01 00:00:00,
Viv Monterrico,13808113,2025-04-01 00:00:00,'-,Sala,Repres. De Servicios 2Do Turno,Part Time,Femenino,2003-02-08 00:00:00,2024-01-10 00:00:00,2025-04-01 00:00:00
Viv Monterrico,13808329,2025-04-01 00:00:00,'-,Sala,Repres. De Servicios 1Er Turno,Part Time,Masculino,2004-05-27 00:00:00,2024-11-25 00:00:00,
Viv Monterrico,13816913,2025-04-01 00:00:00,'-,Cajas,Cajero 6X1 2Do Turno,Part Time,Femenino,2002-02-03 00:00:00,2024-01-12 00:00:00,
Viv Monterrico,14071976,2025-04-01 00:00:00,'-,Cajas,Cajero 3X4,Part Time,Femenino,2004-01-07 00:00:00,2024-02-12 00:00:00,
Viv Monterrico,14270,2025-04-01 00:00:00,'-,"Carnes, Pescados, Fiambres, Frutas & Verduras",Repres. De Servicios,Full Time,Masculino,1972-02-18 00:00:00,2005-11-05 00:00:00,
Viv Monterrico,14470,2025-04-01 00:00:00,'-,Comidas Preparadas Panadería Y Pastelería,Repres. De Servicios,Full Time,Femenino,1988-01-20 00:00:00,2018-07-01 00:00:00,
Viv Monterrico,14618,2025-04-01 00:00:00,'-,Cajas,Cajero 4X3,Part Time,Femenino,1980-03-15 00:00:00,2013-10-01 00:00:00,
Viv Monterrico,14625595,2025-04-01 00:00:00,'-,Cajas,Cajero 6X1 2Do Turno,Part Time,Femenino,2003-12-25 00:00:00,2024-03-08 00:00:00,
Viv Monterrico,14685168,2025-04-01 00:00:00,'-,Cajas,Cajero 3X4,Part Time,Femenino,2002-06-28 00:00:00,2024-09-01 00:00:00,
Viv Monterrico,14685194,2025-04-01 00:00:00,'-,Comidas Preparadas Panadería Y Pastelería,Repres. De Servicios,Full Time,Masculino,2004-10-08 00:00:00,2024-03-15 00:00:00,
Viv Monterrico,14941431,2025-04-01 00:00:00,'-,Cajas,Asistente De Self Check Out Pt,Part Time,Femenino,2002-01-18 00:00:00,2024-04-03 00:00:00,
Viv Monterrico,14978188,2025-04-01 00:00:00,'-,Cajas,Cajero 6X1 2Do Turno,Part Time,Masculino,1999-04-22 00:00:00,2024-04-05 00:00:00,
Viv Monterrico,14978395,2025-04-01 00:00:00,'-,Recepción,Repres. De Servicios,Full Time,Masculino,2005-02-19 00:00:00,2025-02-01 00:00:00,2025-04-01 00:00:00
Viv Monterrico,15079206,2025-04-01 00:00:00,'-,Cajas,Cajero 6X1 1Er Turno,Part Time,Femenino,2003-08-29 00:00:00,2024-04-10 00:00:00,
Viv Monterrico,15146,2025-04-01 00:00:00,'-,Recepción,Repres. De Servicios,Full Time,Masculino,1982-09-29 00:00:00,2014-04-01 00:00:00,
Viv Monterrico,15345489,2025-04-01 00:00:00,'-,Cajas,Cajero 6X1 2Do Turno,Part Time,Masculino,2004-08-18 00:00:00,2024-04-24 00:00:00,
Viv Monterrico,15470297,2025-04-01 00:00:00,'-,Cajas,Cajero 6X1 1Er Turno,Part Time,Masculino,2002-08-02 00:00:00,2024-04-29 00:00:00,2025-04-01 00:00:00
Viv Monterrico,15470432,2025-04-01 00:00:00,'-,Sala,Repres. De Servicios 2Do Turno,Part Time,Femenino,1998-08-10 00:00:00,2024-04-29 00:00:00,
Viv Monterrico,15470435,2025-04-01 00:00:00,'-,Cajas,Cajero 6X1 1Er Turno,Part Time,Femenino,2004-03-31 00:00:00,2024-04-29 00:00:00,
Viv Monterrico,15525409,2025-04-01 00:00:00,'-,Almacén,Repres. De Servicios 2Do Turno,Part Time,Masculino,2003-05-22 00:00:00,2024-05-03 00:00:00,
Viv Monterrico,15635412,2025-04-01 00:00:00,'-,Recepción,Repres. De Servicios,Full Time,Masculino,1999-05-06 00:00:00,2024-05-07 00:00:00,
Viv Monterrico,15754298,2025-04-01 00:00:00,'-,Cajas,Cajero 6X1 1Er Turno,Part Time,Femenino,2004-03-15 00:00:00,2024-05-16 00:00:00,
Viv Monterrico,15906554,2025-04-01 00:00:00,'-,Sala,Repres. De Servicios 1Er Turno,Part Time,Masculino,2004-03-07 00:00:00,2024-05-27 00:00:00,
Viv Monterrico,15933876,2025-04-01 00:00:00,'-,Comidas Preparadas Panadería Y Pastelería,Repres. De Servicios 2Do Turno,Part Time,Femenino,2000-09-14 00:00:00,2024-05-30 00:00:00,
Viv Monterrico,16426796,2025-04-01 00:00:00,'-,Cajas,Cajero 3X4,Part Time,Masculino,2002-10-07 00:00:00,2024-07-30 00:00:00,
Viv Monterrico,16480751,2025-04-01 00:00:00,'-,"Carnes, Pescados, Fiambres, Frutas & Verduras",Repres. De Servicios 1Er Turno,Part Time,Masculino,1998-12-14 00:00:00,2024-08-02 00:00:00,
Viv Monterrico,16648173,2025-04-01 00:00:00,'-,Cajas,Cajero 3X4,Part Time,Masculino,2006-04-14 00:00:00,2024-08-14 00:00:00,
Viv Monterrico,16673709,2025-04-01 00:00:00,'-,Cajas,Cajero 6X1 2Do Turno,Part Time,Femenino,2004-12-26 00:00:00,2024-08-16 00:00:00,2025-04-01 00:00:00
Viv Monterrico,16674385,2025-04-01 00:00:00,'-,Cajas,Cajero 6X1 2Do Turno,Part Time,Masculino,2004-11-04 00:00:00,2024-08-16 00:00:00,
Viv Monterrico,16682026,2025-04-01 00:00:00,'-,Cajas,Cajero 6X1 1Er Turno,Part Time,Masculino,2004-03-16 00:00:00,2024-08-19 00:00:00,
Viv Monterrico,16682031,2025-04-01 00:00:00,'-,Cajas,Cajero 6X1 2Do Turno,Part Time,Femenino,2004-02-25 00:00:00,2024-08-19 00:00:00,
Viv Monterrico,16733483,2025-04-01 00:00:00,'-,Cajas,Cajero 6X1 2Do Turno,Part Time,Femenino,2006-04-29 00:00:00,2024-08-26 00:00:00,
Viv Monterrico,16733509,2025-04-01 00:00:00,'-,"Carnes, Pescados, Fiambres, Frutas & Verduras",Repres. De Servicios,Full Time,Femenino,1996-05-24 00:00:00,2025-01-01 00:00:00,
Viv Monterrico,16754518,2025-04-01 00:00:00,'-,Cajas,Repres. De Servicios,Full Time,Masculino,2005-04-13 00:00:00,2025-02-01 00:00:00,
Viv Monterrico,16848004,2025-04-01 00:00:00,'-,"Carnes, Pescados, Fiambres, Frutas & Verduras",Repres. De Servicios,Full Time,Masculino,2005-11-16 00:00:00,2025-04-01 00:00:00,
Viv Monterrico,16906777,2025-04-01 00:00:00,'-,Cajas,Asistente De Self Check Out Pt,Part Time,Masculino,2002-02-25 00:00:00,2024-09-13 00:00:00,2025-04-03 00:00:00
Viv Monterrico,16936646,2025-04-01 00:00:00,'-,"Carnes, Pescados, Fiambres, Frutas & Verduras",Repres. De Servicios 2Do Turno,Part Time,Masculino,2005-05-23 00:00:00,2024-09-13 00:00:00,
Viv Monterrico,17002754,2025-04-01 00:00:00,'-,Almacén,Repres. De Servicios 1Er Turno,Part Time,Masculino,1999-09-25 00:00:00,2024-09-18 00:00:00,
Viv Monterrico,17002756,2025-04-01 00:00:00,'-,Comidas Preparadas Panadería Y Pastelería,Repres. De Servicios 2Do Turno,Part Time,Masculino,2003-06-06 00:00:00,2024-09-18 00:00:00,
Viv Monterrico,17164480,2025-04-01 00:00:00,'-,Cajas,Cajero 4X3,Part Time,Femenino,2003-05-09 00:00:00,2024-10-14 00:00:00,
Viv Monterrico,17164485,2025-04-01 00:00:00,'-,Cajas,Cajero 3X4,Part Time,Masculino,2003-07-04 00:00:00,2024-10-14 00:00:00,
Viv Monterrico,17211153,2025-04-01 00:00:00,'-,Cajas,Cajero 6X1 2Do Turno,Part Time,Femenino,1998-01-06 00:00:00,2024-10-17 00:00:00,
Viv Monterrico,17304722,2025-04-01 00:00:00,'-,Almacén,Repres. De Servicios 1Er Turno,Part Time,Masculino,2003-06-03 00:00:00,2024-10-25 00:00:00,
Viv Monterrico,17367303,2025-04-01 00:00:00,'-,"Carnes, Pescados, Fiambres, Frutas & Verduras",Repres. De Servicios,Full Time,Masculino,2006-08-12 00:00:00,2025-02-01 00:00:00,
Viv Monterrico,17420925,2025-04-01 00:00:00,'-,Cajas,Cajero 3X4,Part Time,Masculino,2001-05-29 00:00:00,2024-11-05 00:00:00,
Viv Monterrico,17436586,2025-04-01 00:00:00,'-,Cajas,Cajero 3X4,Part Time,Masculino,2005-09-08 00:00:00,2024-11-07 00:00:00,2025-04-07 00:00:00
Viv Monterrico,17467498,2025-04-01 00:00:00,'-,Cajas,Cajero 3X4,Part Time,Femenino,1979-02-26 00:00:00,2024-11-12 00:00:00,
Viv Monterrico,17477990,2025-04-01 00:00:00,'-,Cajas,Cajero 6X1 2Do Turno,Part Time,Femenino,2001-09-16 00:00:00,2024-11-13 00:00:00,2025-04-07 00:00:00
Viv Monterrico,17496663,2025-04-01 00:00:00,'-,Cajas,Cajero 6X1 1Er Turno,Part Time,Masculino,2005-03-13 00:00:00,2024-11-15 00:00:00,
Viv Monterrico,17657910,2025-04-01 00:00:00,'-,Cajas,Cajero 3X4,Part Time,Femenino,2002-05-25 00:00:00,2024-11-27 00:00:00,
Viv Monterrico,17680473,2025-04-01 00:00:00,'-,Cajas,Cajero 6X1 2Do Turno,Part Time,Femenino,1988-03-13 00:00:00,2024-11-25 00:00:00,
Viv Monterrico,17683128,2025-04-01 00:00:00,'-,Cajas,Cajero 6X1 2Do Turno,Part Time,Femenino,2004-04-20 00:00:00,2024-11-28 00:00:00,
Viv Monterrico,17783053,2025-04-01 00:00:00,'-,Cajas,Cajero 6X1 1Er Turno,Part Time,Masculino,2004-01-16 00:00:00,2024-12-10 00:00:00,
Viv Monterrico,17796970,2025-04-01 00:00:00,'-,"Carnes, Pescados, Fiambres, Frutas & Verduras",Repres. De Servicios 1Er Turno,Part Time,Femenino,2003-10-06 00:00:00,2024-12-10 00:00:00,
Viv Monterrico,17802989,2025-04-01 00:00:00,'-,Sala,Repres. De Servicios 1Er Turno,Part Time,Femenino,2003-08-02 00:00:00,2024-12-10 00:00:00,2025-04-01 00:00:00
Viv Monterrico,17814866,2025-04-01 00:00:00,'-,Sala,Repres. De Servicios 1Er Turno,Part Time,Femenino,2003-01-28 00:00:00,2024-12-12 00:00:00,2025-04-07 00:00:00
Viv Monterrico,17814916,2025-04-01 00:00:00,'-,Almacén,Repres. De Servicios 1Er Turno,Part Time,Masculino,2004-03-24 00:00:00,2024-12-12 00:00:00,2025-05-01 00:00:00
Viv Monterrico,17820960,2025-04-01 00:00:00,'-,Almacén,Repres. De Servicios 1Er Turno,Part Time,Masculino,2003-09-16 00:00:00,2024-12-13 00:00:00,
Viv Monterrico,17833876,2025-04-01 00:00:00,'-,Comidas Preparadas,Chef,Full Time,Femenino,2002-10-06 00:00:00,2024-12-16 00:00:00,
Viv Monterrico,17862528,2025-04-01 00:00:00,'-,"Carnes, Pescados, Fiambres, Frutas & Verduras",Repres. De Servicios 2Do Turno,Part Time,Femenino,2006-07-29 00:00:00,2024-12-18 00:00:00,
Viv Monterrico,17958127,2025-04-01 00:00:00,'-,Almacén,Repres. De Servicios 1Er Turno,Part Time,Masculino,2003-05-02 00:00:00,2025-01-24 00:00:00,
Viv Monterrico,17958128,2025-04-01 00:00:00,'-,Cajas,Cajero 6X1 1Er Turno,Part Time,Femenino,2004-11-22 00:00:00,2025-01-24 00:00:00,2025-05-01 00:00:00
Viv Monterrico,17958130,2025-04-01 00:00:00,'-,Cajas,Cajero 3X4,Part Time,Masculino,2006-04-26 00:00:00,2025-01-24 00:00:00,2025-05-01 00:00:00
Viv Monterrico,17958131,2025-04-01 00:00:00,'-,Almacén,Repres. De Servicios 1Er Turno,Part Time,Masculino,2002-04-07 00:00:00,2025-01-24 00:00:00,2025-04-13 00:00:00
Viv Monterrico,17958132,2025-04-01 00:00:00,'-,"Carnes, Pescados, Fiambres, Frutas & Verduras",Repres. De Servicios 1Er Turno,Part Time,Masculino,2004-07-28 00:00:00,2025-01-24 00:00:00,
Viv Monterrico,18211860,2025-04-01 00:00:00,'-,Almacén,Repres. De Servicios 2Do Turno,Part Time,Masculino,2005-12-10 00:00:00,2025-02-20 00:00:00,2025-05-01 00:00:00
Viv Monterrico,18211884,2025-04-01 00:00:00,'-,Cajas,Cajero 6X1 1Er Turno,Part Time,Femenino,2005-08-30 00:00:00,2025-02-20 00:00:00,2025-04-30 00:00:00
Viv Monterrico,18216092,2025-04-01 00:00:00,'-,Cajas,Cajero 6X1 1Er Turno,Part Time,Masculino,2002-04-17 00:00:00,2025-02-25 00:00:00,
Viv Monterrico,18256492,2025-04-01 00:00:00,'-,Cajas,Cajero 6X1 2Do Turno,Part Time,Masculino,2003-02-08 00:00:00,2025-03-04 00:00:00,2025-04-01 00:00:00
Viv Monterrico,18256493,2025-04-01 00:00:00,'-,Cajas,Cajero 6X1 1Er Turno,Part Time,Femenino,2001-12-24 00:00:00,2025-03-04 00:00:00,
Viv Monterrico,18280503,2025-04-01 00:00:00,'-,"Carnes, Pescados, Fiambres, Frutas & Verduras",Repres. De Servicios,Full Time,Femenino,2006-07-22 00:00:00,2025-03-07 00:00:00,
Viv Monterrico,18294378,2025-04-01 00:00:00,'-,"Carnes, Pescados, Fiambres, Frutas & Verduras",Repres. De Servicios 2Do Turno,Part Time,Masculino,2006-10-06 00:00:00,2025-03-11 00:00:00,2025-04-04 00:00:00
Viv Monterrico,18294379,2025-04-01 00:00:00,'-,"Carnes, Pescados, Fiambres, Frutas & Verduras",Repres. De Servicios 2Do Turno,Part Time,Masculino,2002-01-09 00:00:00,2025-03-11 00:00:00,
Viv Monterrico,18294404,2025-04-01 00:00:00,'-,"Carnes, Pescados, Fiambres, Frutas & Verduras",Repres. De Servicios 2Do Turno,Part Time,Masculino,2006-02-13 00:00:00,2025-03-11 00:00:00,
Viv Monterrico,18294821,2025-04-01 00:00:00,'-,"Carnes, Pescados, Fiambres, Frutas & Verduras",Repres. De Servicios,Full Time,Masculino,2001-02-11 00:00:00,2025-03-11 00:00:00,
Viv Monterrico,18300309,2025-04-01 00:00:00,'-,Cajas,Asistente De Self Check Out Pt,Part Time,Masculino,2002-10-08 00:00:00,2025-03-12 00:00:00,2025-04-02 00:00:00
Viv Monterrico,18338674,2025-04-01 00:00:00,'-,"Carnes, Pescados, Fiambres, Frutas & Verduras",Repres. De Servicios,Part Time,Masculino,2003-11-07 00:00:00,2025-03-24 00:00:00,
Viv Monterrico,18338681,2025-04-01 00:00:00,'-,Sala,Repres. De Servicios,Part Time,Femenino,1993-12-15 00:00:00,2025-03-24 00:00:00,
Viv Monterrico,18343550,2025-04-01 00:00:00,'-,"Carnes, Pescados, Fiambres, Frutas & Verduras",Repres. De Servicios,Part Time,Femenino,2001-11-27 00:00:00,2025-04-01 00:00:00,
Viv Monterrico,18370283,2025-04-01 00:00:00,'-,Cajas,Cajero 5X2,Part Time,Femenino,2003-11-04 00:00:00,2025-04-04 00:00:00,2025-04-30 00:00:00
Viv Monterrico,18396,2025-04-01 00:00:00,'-,"Carnes, Pescados, Fiambres, Frutas & Verduras",Repres. De Servicios I,Full Time,Femenino,1982-06-03 00:00:00,2013-09-09 00:00:00,
Viv Monterrico,18438371,2025-04-01 00:00:00,'-,Cajas,Cajero 5X2,Part Time,Masculino,2004-11-21 00:00:00,2025-04-10 00:00:00,
Viv Monterrico,18488612,2025-04-01 00:00:00,'-,Cajas,Cajero 5X2,Part Time,Femenino,2006-09-20 00:00:00,2025-04-16 00:00:00,
Viv Monterrico,18488757,2025-04-01 00:00:00,'-,Cajas,Cajero 5X2,Part Time,Femenino,2005-07-25 00:00:00,2025-04-16 00:00:00,
Viv Monterrico,18625750,2025-04-01 00:00:00,'-,Cajas,Cajero 5X2,Full Time,Femenino,1986-12-26 00:00:00,2025-04-24 00:00:00,
Viv Monterrico,18625751,2025-04-01 00:00:00,'-,Comidas Preparadas Panadería Y Pastelería,Repres. De Servicios Fds,Part Time,Femenino,2004-03-17 00:00:00,2025-04-24 00:00:00,
Viv Monterrico,18625752,2025-04-01 00:00:00,'-,Cajas,Cajero 5X2,Part Time,Masculino,2005-09-30 00:00:00,2025-04-24 00:00:00,
Viv Monterrico,18625784,2025-04-01 00:00:00,'-,Cajas,Asistente De Self Check Out Pt 5X2,Part Time,Femenino,2007-03-29 00:00:00,2025-04-24 00:00:00,
Viv Monterrico,18626066,2025-04-01 00:00:00,'-,Cajas,Cajero 6X1,Full Time,Masculino,2004-05-07 00:00:00,2025-04-28 00:00:00,
Viv Monterrico,18626082,2025-04-01 00:00:00,'-,"Carnes, Pescados, Fiambres, Frutas & Verduras",Repres. De Servicios,Part Time,Masculino,2001-07-17 00:00:00,2025-04-28 00:00:00,
Viv Monterrico,18626107,2025-04-01 00:00:00,'-,Cajas,Asistente De Self Check Out Pt 5X2,Part Time,Masculino,2002-07-26 00:00:00,2025-04-28 00:00:00,
Viv Monterrico,202051,2025-04-01 00:00:00,'-,"Carnes, Pescados, Fiambres, Frutas & Verduras",Jefe De Seccion,Full Time,Masculino,1993-01-05 00:00:00,2018-09-01 00:00:00,
Viv Monterrico,203197,2025-04-01 00:00:00,'-,Cajas,Supervisor De Cajeros,Full Time,Masculino,1993-06-08 00:00:00,2018-12-01 00:00:00,
Viv Monterrico,203493,2025-04-01 00:00:00,'-,Comidas Preparadas Panadería Y Pastelería,Jefe De Seccion,Full Time,Femenino,1993-07-18 00:00:00,2020-03-11 00:00:00,
Viv Monterrico,204123,2025-04-01 00:00:00,'-,Sala,Repres. De Servicios,Full Time,Femenino,1984-11-24 00:00:00,2018-06-26 00:00:00,
Viv Monterrico,21073,2025-04-01 00:00:00,'-,"Carnes, Pescados, Fiambres, Frutas & Verduras",Repres. De Servicios,Full Time,Masculino,1978-11-03 00:00:00,2008-09-01 00:00:00,
Viv Monterrico,21097,2025-04-01 00:00:00,'-,Almacén,Jefe De Seccion Eo,Full Time,Masculino,1965-04-05 00:00:00,1988-04-02 00:00:00,
Viv Monterrico,21184,2025-04-01 00:00:00,'-,Administración,Asistente De Tienda,Full Time,Femenino,1986-05-18 00:00:00,2012-01-05 00:00:00,
Viv Monterrico,21347,2025-04-01 00:00:00,'-,Sala,Repres. De Servicios I,Full Time,Masculino,1979-04-19 00:00:00,2011-02-10 00:00:00,
Viv Monterrico,22090,2025-04-01 00:00:00,'-,Sala,Repres. De Servicios I,Full Time,Femenino,1990-06-24 00:00:00,2019-05-01 00:00:00,
Viv Monterrico,233971,2025-04-01 00:00:00,'-,Cajas,Repres. De Servicios,Full Time,Masculino,1999-06-09 00:00:00,2018-09-14 00:00:00,
Viv Monterrico,235488,2025-04-01 00:00:00,'-,"Carnes, Pescados, Fiambres, Frutas & Verduras",Repres. De Servicios,Full Time,Femenino,1977-09-25 00:00:00,2020-01-01 00:00:00,
Viv Monterrico,241468,2025-04-01 00:00:00,'-,Sala,Repres. De Servicios,Full Time,Masculino,1985-11-16 00:00:00,2018-11-15 00:00:00,
Viv Monterrico,2452,2025-04-01 00:00:00,'-,Cajas,Repres. De Servicios,Part Time,Masculino,1997-06-12 00:00:00,2022-12-01 00:00:00,
Viv Monterrico,245990,2025-04-01 00:00:00,'-,Cajas,Cajero 5X2,Full Time,Masculino,1989-09-26 00:00:00,2018-12-18 00:00:00,
Viv Monterrico,24975,2025-04-01 00:00:00,'-,Cajas,Jefe De Seccion,Full Time,Femenino,1982-05-15 00:00:00,2012-08-06 00:00:00,2025-04-30 00:00:00
Viv Monterrico,269011,2025-04-01 00:00:00,'-,Administración,Gerente De Tienda,Full Time,Femenino,1985-09-14 00:00:00,2019-04-01 00:00:00,
Viv Monterrico,27172,2025-04-01 00:00:00,'-,Comidas Preparadas Panadería Y Pastelería,Repres. De Servicios I,Full Time,Femenino,1992-08-05 00:00:00,2015-06-08 00:00:00,
Viv Monterrico,27570,2025-04-01 00:00:00,'-,Comidas Preparadas Panadería Y Pastelería,Repres. De Servicios,Full Time,Femenino,1979-03-22 00:00:00,2015-09-01 00:00:00,
Viv Monterrico,276932,2025-04-01 00:00:00,'-,Cajas,Representante De Servicio D,Part Time,Masculino,1979-03-26 00:00:00,2019-08-02 00:00:00,
Viv Monterrico,277146,2025-04-01 00:00:00,'-,Sala,Repres. De Servicios 1Er Turno,Part Time,Masculino,2000-12-20 00:00:00,2022-05-01 00:00:00,2025-04-01 00:00:00
Viv Monterrico,284648,2025-04-01 00:00:00,'-,Comidas Preparadas Panadería Y Pastelería,Repres. De Servicios,Full Time,Femenino,1998-01-12 00:00:00,2020-03-01 00:00:00,
Viv Monterrico,299199,2025-04-01 00:00:00,'-,Sala,Representante De Servicio D,Part Time,Femenino,1965-08-29 00:00:00,2019-12-10 00:00:00,
Viv Monterrico,31001,2025-04-01 00:00:00,'-,Recepción E Inventarios,Auxiliar De Inventarios,Full Time,Femenino,1993-09-25 00:00:00,2016-01-01 00:00:00,
Viv Monterrico,31936,2025-04-01 00:00:00,'-,Cajas,Supervisor De Cajeros,Full Time,Femenino,1985-02-13 00:00:00,2016-02-01 00:00:00,
Viv Monterrico,34551,2025-04-01 00:00:00,'-,Recepción,Repres. De Servicios,Full Time,Femenino,1987-11-06 00:00:00,2016-02-17 00:00:00,
Viv Monterrico,36599,2025-04-01 00:00:00,'-,"Carnes, Pescados, Fiambres, Frutas & Verduras",Repres. De Servicios,Full Time,Femenino,1982-11-15 00:00:00,2016-03-02 00:00:00,
Viv Monterrico,3705,2025-04-01 00:00:00,'-,Administración,Jefe Entrenador,Full Time,Masculino,1968-12-14 00:00:00,2004-04-01 00:00:00,
Viv Monterrico,38464,2025-04-01 00:00:00,'-,Cajas,Cajero 5X2,Full Time,Femenino,1976-11-28 00:00:00,2018-02-01 00:00:00,
Viv Monterrico,40160,2025-04-01 00:00:00,'-,Cajas,Repres. De Servicios,Part Time,Masculino,1992-12-07 00:00:00,2016-05-04 00:00:00,
Viv Monterrico,41959,2025-04-01 00:00:00,'-,"Carnes, Pescados, Fiambres, Frutas & Verduras",Repres. De Servicios,Full Time,Femenino,1973-06-24 00:00:00,2016-07-08 00:00:00,
Viv Monterrico,41985,2025-04-01 00:00:00,'-,Sala,Jefe De Seccion,Full Time,Masculino,1997-01-23 00:00:00,2018-03-01 00:00:00,
Viv Monterrico,51793,2025-04-01 00:00:00,'-,Administración,Coordinador De Operaciones Iga,Full Time,Femenino,1993-11-12 00:00:00,2022-02-01 00:00:00,
Viv Monterrico,6265241,2025-04-01 00:00:00,'-,Cajas,Cajero 6X1,Full Time,Masculino,2002-02-28 00:00:00,2025-04-01 00:00:00,
Viv Monterrico,6990,2025-04-01 00:00:00,'-,Comidas Preparadas Panadería Y Pastelería,Repres. De Servicios Eo,Full Time,Masculino,1964-03-29 00:00:00,2007-09-01 00:00:00,
Viv Monterrico,7178,2025-04-01 00:00:00,'-,Comidas Preparadas Panadería Y Pastelería,Repres. De Servicios,Full Time,Femenino,1991-04-30 00:00:00,2012-04-01 00:00:00,
Viv Monterrico,7280,2025-04-01 00:00:00,'-,"Carnes, Pescados, Fiambres, Frutas & Verduras",Repres. De Servicios Eo,Full Time,Femenino,1962-07-30 00:00:00,1997-12-01 00:00:00,
Viv Monterrico,7325,2025-04-01 00:00:00,'-,Cajas,Supervisor De Cajeros,Full Time,Femenino,1992-07-21 00:00:00,2019-11-29 00:00:00,
Viv Monterrico,8668,2025-04-01 00:00:00,'-,Sala,Repres. De Servicios,Full Time,Femenino,1983-02-21 00:00:00,2020-02-26 00:00:00,
Viv Monterrico,9517389,2025-04-01 00:00:00,'-,Cajas,Cajero 3X4,Part Time,Femenino,2002-04-29 00:00:00,2021-11-30 00:00:00,
Viv Monterrico,9734259,2025-04-01 00:00:00,'-,Sala,Repres. De Servicios 2Do Turno,Part Time,Femenino,2001-04-22 00:00:00,2022-01-21 00:00:00,
Viv Monterrico,9864173,2025-04-01 00:00:00,'-,Cajas,Asistente De Self Check Out Pt,Part Time,Masculino,2002-04-18 00:00:00,2024-02-21 00:00:00,
Pvea Miraflores,108279,2025-03-01 00:00:00,'-,Sala,Multifuncional,Full Time,Masculino,1999-06-19 00:00:00,2024-11-01 00:00:00,
Pvea Miraflores,10922,2025-03-01 00:00:00,'-,Administración,Subgerente De Tienda,Full Time,Masculino,1989-05-26 00:00:00,2008-04-02 00:00:00,
Pvea Miraflores,11244,2025-03-01 00:00:00,'-,Recepción E Inventarios,Auxiliar De Inventarios,Full Time,Masculino,1992-07-22 00:00:00,2013-07-11 00:00:00,
Pvea Miraflores,11334373,2025-03-01 00:00:00,'-,Cajas,Multifuncional,Full Time,Masculino,2002-06-23 00:00:00,2024-07-01 00:00:00,
Pvea Miraflores,11467819,2025-03-01 00:00:00,'-,Sala Frescos,Repres. De Servicios 2Do Turno,Part Time,Femenino,2002-08-04 00:00:00,2022-10-26 00:00:00,
Pvea Miraflores,11471369,2025-03-01 00:00:00,'-,Cajas,Multifuncional 1Er Turno,Part Time,Masculino,2001-11-07 00:00:00,2022-10-28 00:00:00,
Pvea Miraflores,11639932,2025-03-01 00:00:00,'-,Sala Frescos,Repres. De Servicios 2Do Turno,Part Time,Masculino,2004-11-02 00:00:00,2023-01-24 00:00:00,
Pvea Miraflores,11640264,2025-03-01 00:00:00,'-,Cajas,Asistente De Self Check Out Pt,Part Time,Masculino,2002-09-28 00:00:00,2022-12-01 00:00:00,
Pvea Miraflores,11670565,2025-03-01 00:00:00,'-,Cajas,Multifuncional 2Do Turno,Part Time,Femenino,1990-06-09 00:00:00,2022-12-06 00:00:00,
Pvea Miraflores,11721792,2025-03-01 00:00:00,'-,Sala Frescos,Repres. De Servicios,Full Time,Masculino,2002-04-17 00:00:00,2024-04-03 00:00:00,
Pvea Miraflores,1173,2025-03-01 00:00:00,'-,Sala Frescos,Repres. De Servicios I,Full Time,Femenino,1980-08-21 00:00:00,2014-08-05 00:00:00,
Pvea Miraflores,11755194,2025-03-01 00:00:00,'-,Cajas,Multifuncional 1Er Turno,Part Time,Femenino,2004-07-24 00:00:00,2023-01-13 00:00:00,
Pvea Miraflores,11919846,2025-03-01 00:00:00,'-,Recepción,Repres. De Servicios,Full Time,Masculino,2004-10-27 00:00:00,2024-05-01 00:00:00,
Pvea Miraflores,11966958,2025-03-01 00:00:00,'-,Sala Frescos,Repres. De Servicios,Full Time,Masculino,1998-10-25 00:00:00,2023-03-10 00:00:00,
Pvea Miraflores,11967461,2025-03-01 00:00:00,'-,Cajas,Multifuncional,Part Time,Masculino,2002-12-08 00:00:00,2024-03-26 00:00:00,
Pvea Miraflores,11968470,2025-03-01 00:00:00,'-,Sala Frescos,Repres. De Servicios,Full Time,Femenino,2004-12-19 00:00:00,2023-03-21 00:00:00,
Pvea Miraflores,11968493,2025-03-01 00:00:00,'-,Cajas,Multifuncional,Full Time,Femenino,1983-01-31 00:00:00,2024-04-01 00:00:00,
Pvea Miraflores,1197572,2025-03-01 00:00:00,'-,Recepción E Inventarios,Auxiliar De Inventarios,Full Time,Masculino,1996-10-18 00:00:00,2024-05-06 00:00:00,
Pvea Miraflores,11975834,2025-03-01 00:00:00,'-,Sala Frescos,Repres. De Servicios,Full Time,Femenino,1990-07-17 00:00:00,2023-03-24 00:00:00,
Pvea Miraflores,11995789,2025-03-01 00:00:00,'-,Almacén Frescos,Repres. De Servicios I,Full Time,Masculino,2001-01-20 00:00:00,2024-04-01 00:00:00,
Pvea Miraflores,11999841,2025-03-01 00:00:00,'-,Almacén,Repres. De Servicios 2Do Turno,Part Time,Masculino,2003-08-22 00:00:00,2023-03-31 00:00:00,2025-03-14 00:00:00
Pvea Miraflores,12020890,2025-03-01 00:00:00,'-,Sala Frescos,Repres. De Servicios,Full Time,Femenino,2004-08-03 00:00:00,2023-04-05 00:00:00,
Pvea Miraflores,12064373,2025-03-01 00:00:00,'-,Sala Frescos,Repres. De Servicios,Full Time,Masculino,1995-10-25 00:00:00,2024-04-01 00:00:00,
Pvea Miraflores,12069362,2025-03-01 00:00:00,'-,Almacén,Repres. De Servicios 2Do Turno,Part Time,Masculino,2003-04-10 00:00:00,2023-04-20 00:00:00,
Pvea Miraflores,12103908,2025-03-01 00:00:00,'-,Almacén,Repres. De Servicios 2Do Turno,Part Time,Masculino,1997-12-27 00:00:00,2023-04-27 00:00:00,
Pvea Miraflores,12103937,2025-03-01 00:00:00,'-,Almacén Frescos,Repres. De Servicios,Full Time,Masculino,1993-04-22 00:00:00,2023-04-27 00:00:00,
Pvea Miraflores,12179662,2025-03-01 00:00:00,'-,Sala Frescos,Chef,Full Time,Femenino,2004-05-07 00:00:00,2024-07-01 00:00:00,
Pvea Miraflores,12179728,2025-03-01 00:00:00,'-,Sala,Multifuncional,Full Time,Masculino,1991-06-16 00:00:00,2025-03-01 00:00:00,
Pvea Miraflores,12302,2025-03-01 00:00:00,'-,Recepción,Repres. De Servicios,Full Time,Masculino,1974-10-26 00:00:00,2019-01-22 00:00:00,
Pvea Miraflores,12341116,2025-03-01 00:00:00,'-,Cajas,Multifuncional 1Er Turno,Part Time,Femenino,2002-07-31 00:00:00,2023-07-14 00:00:00,
Pvea Miraflores,12478604,2025-03-01 00:00:00,'-,Cajas,Multifuncional,Part Time,Masculino,2003-06-28 00:00:00,2023-08-17 00:00:00,
Pvea Miraflores,12660368,2025-03-01 00:00:00,'-,Cajas,Multifuncional 2Do Turno,Part Time,Masculino,2003-03-30 00:00:00,2023-09-08 00:00:00,2025-03-31 00:00:00
Pvea Miraflores,12660703,2025-03-01 00:00:00,'-,Almacén,Repres. De Servicios I,Full Time,Masculino,2001-10-17 00:00:00,2024-05-01 00:00:00,
Pvea Miraflores,12930960,2025-03-01 00:00:00,'-,Cajas,Multifuncional,Full Time,Femenino,2003-02-02 00:00:00,2024-06-01 00:00:00,
Pvea Miraflores,13218619,2025-03-01 00:00:00,'-,Cajas,Multifuncional 1Er Turno,Part Time,Femenino,1992-08-16 00:00:00,2023-11-03 00:00:00,
Pvea Miraflores,13800552,2025-03-01 00:00:00,'-,Almacén Frescos,Repres. De Servicios,Full Time,Masculino,1975-09-29 00:00:00,2024-01-10 00:00:00,
Pvea Miraflores,13922785,2025-03-01 00:00:00,'-,Cajas,Multifuncional,Part Time,Femenino,2005-06-30 00:00:00,2024-01-24 00:00:00,2025-03-31 00:00:00
Pvea Miraflores,14000762,2025-03-01 00:00:00,'-,Sala Frescos,Repres. De Servicios Fds,Part Time,Femenino,2003-11-06 00:00:00,2024-02-06 00:00:00,2025-03-31 00:00:00
Pvea Miraflores,14000816,2025-03-01 00:00:00,'-,Sala Frescos,Repres. De Servicios,Full Time,Femenino,2002-09-16 00:00:00,2024-02-06 00:00:00,
Pvea Miraflores,14000818,2025-03-01 00:00:00,'-,Sala,Multifuncional 1Er Turno,Part Time,Masculino,2003-05-09 00:00:00,2024-02-06 00:00:00,
Pvea Miraflores,14029100,2025-03-01 00:00:00,'-,Recepción E Inventarios,Auxiliar De Inventarios,Full Time,Masculino,1996-08-14 00:00:00,2024-02-07 00:00:00,
Pvea Miraflores,14198239,2025-03-01 00:00:00,'-,Sala Frescos,Repres. De Servicios 2Do Turno,Part Time,Femenino,2005-08-10 00:00:00,2024-02-14 00:00:00,
Pvea Miraflores,14234670,2025-03-01 00:00:00,'-,Cajas,Multifuncional,Part Time,Masculino,2002-08-01 00:00:00,2024-11-25 00:00:00,
Pvea Miraflores,14574,2025-03-01 00:00:00,'-,Sala,Repres. De Servicios I,Full Time,Masculino,1969-09-18 00:00:00,2013-09-19 00:00:00,
Pvea Miraflores,14600088,2025-03-01 00:00:00,'-,Almacén Frescos,Repres. De Servicios,Full Time,Masculino,2005-01-18 00:00:00,2024-03-05 00:00:00,
Pvea Miraflores,14662123,2025-03-01 00:00:00,'-,Cajas,Multifuncional,Full Time,Femenino,2002-11-02 00:00:00,2025-03-01 00:00:00,
Pvea Miraflores,14672845,2025-03-01 00:00:00,'-,Cajas,Multifuncional 2Do Turno,Part Time,Femenino,2005-10-29 00:00:00,2024-03-14 00:00:00,2025-03-31 00:00:00
Pvea Miraflores,14683987,2025-03-01 00:00:00,'-,Cajas,Supervisor De Cajeros,Full Time,Femenino,2003-01-11 00:00:00,2025-01-01 00:00:00,
Pvea Miraflores,14684378,2025-03-01 00:00:00,'-,Cajas,Multifuncional Fds,Part Time,Femenino,2004-11-16 00:00:00,2024-03-15 00:00:00,
Pvea Miraflores,14762864,2025-03-01 00:00:00,'-,Cajas,Multifuncional 2Do Turno,Part Time,Femenino,2003-07-01 00:00:00,2024-03-14 00:00:00,
Pvea Miraflores,14788176,2025-03-01 00:00:00,'-,Sala Frescos,Repres. De Servicios 1Er Turno,Part Time,Femenino,2005-04-15 00:00:00,2024-03-21 00:00:00,2025-03-22 00:00:00
Pvea Miraflores,14788217,2025-03-01 00:00:00,'-,Cajas,Multifuncional 1Er Turno,Part Time,Femenino,1998-11-15 00:00:00,2024-03-21 00:00:00,2025-03-31 00:00:00
Pvea Miraflores,14788228,2025-03-01 00:00:00,'-,Sala Frescos,Repres. De Servicios,Full Time,Femenino,1971-12-13 00:00:00,2024-07-01 00:00:00,
Pvea Miraflores,14830,2025-03-01 00:00:00,'-,Cajas,Jefe De Seccion,Full Time,Femenino,1987-04-02 00:00:00,2014-02-12 00:00:00,
Pvea Miraflores,14858577,2025-03-01 00:00:00,'-,Cajas,Multifuncional,Full Time,Masculino,2006-01-14 00:00:00,2024-09-01 00:00:00,
Pvea Miraflores,14858579,2025-03-01 00:00:00,'-,Cajas,Multifuncional,Full Time,Masculino,2005-06-16 00:00:00,2024-11-01 00:00:00,
Pvea Miraflores,14858766,2025-03-01 00:00:00,'-,Sala Frescos,Repres. De Servicios,Full Time,Femenino,1975-10-04 00:00:00,2025-01-01 00:00:00,
Pvea Miraflores,14860022,2025-03-01 00:00:00,'-,Cajas,Asistente De Self Check Out Pt,Part Time,Femenino,2004-12-28 00:00:00,2024-03-26 00:00:00,
Pvea Miraflores,15262551,2025-03-01 00:00:00,'-,Sala Frescos,Repres. De Servicios,Full Time,Femenino,2003-02-05 00:00:00,2024-04-19 00:00:00,2025-03-17 00:00:00
Pvea Miraflores,15329,2025-03-01 00:00:00,'-,Sala Frescos,Repres. De Servicios,Full Time,Masculino,1980-09-20 00:00:00,2014-10-15 00:00:00,
Pvea Miraflores,15345714,2025-03-01 00:00:00,'-,Almacén Frescos,Repres. De Servicios,Full Time,Masculino,2001-09-15 00:00:00,2024-04-24 00:00:00,
Pvea Miraflores,15470720,2025-03-01 00:00:00,'-,Sala,Multifuncional 2Do Turno,Part Time,Femenino,2005-07-13 00:00:00,2024-04-29 00:00:00,
Pvea Miraflores,15661786,2025-03-01 00:00:00,'-,Cajas,Asistente De Self Check Out Pt,Part Time,Femenino,2004-04-09 00:00:00,2024-05-08 00:00:00,
Pvea Miraflores,15853619,2025-03-01 00:00:00,'-,Sala,Multifuncional 2Do Turno,Part Time,Masculino,1990-03-27 00:00:00,2024-05-21 00:00:00,
Pvea Miraflores,15874352,2025-03-01 00:00:00,'-,Cajas,Multifuncional 1Er Turno,Part Time,Masculino,2003-05-10 00:00:00,2024-05-23 00:00:00,
Pvea Miraflores,15968821,2025-03-01 00:00:00,'-,Cajas,Multifuncional 2Do Turno,Part Time,Masculino,2005-06-04 00:00:00,2024-06-04 00:00:00,
Pvea Miraflores,15985097,2025-03-01 00:00:00,'-,Sala Frescos,Repres. De Servicios 2Do Turno,Part Time,Masculino,2002-01-04 00:00:00,2024-06-06 00:00:00,
Pvea Miraflores,16025222,2025-03-01 00:00:00,'-,Sala,Multifuncional 2Do Turno,Part Time,Masculino,2006-03-03 00:00:00,2024-06-17 00:00:00,
Pvea Miraflores,16069169,2025-03-01 00:00:00,'-,Sala Frescos,Repres. De Servicios 1Er Turno,Part Time,Femenino,2001-06-26 00:00:00,2024-06-28 00:00:00,
Pvea Miraflores,16102232,2025-03-01 00:00:00,'-,Sala,Multifuncional 2Do Turno,Part Time,Masculino,2004-08-03 00:00:00,2024-07-03 00:00:00,
Pvea Miraflores,16480681,2025-03-01 00:00:00,'-,Cajas,Multifuncional Fds,Part Time,Masculino,2005-02-13 00:00:00,2024-08-02 00:00:00,
Pvea Miraflores,16488687,2025-03-01 00:00:00,'-,Cajas,Multifuncional,Part Time,Femenino,2006-03-09 00:00:00,2024-08-05 00:00:00,2025-03-16 00:00:00
Pvea Miraflores,16599143,2025-03-01 00:00:00,'-,Sala Frescos,Repres. De Servicios 1Er Turno,Part Time,Masculino,1979-07-19 00:00:00,2024-08-09 00:00:00,
Pvea Miraflores,167,2025-03-01 00:00:00,'-,Administración,Asistente De Tienda,Full Time,Femenino,1982-10-31 00:00:00,2005-05-01 00:00:00,
Pvea Miraflores,16717072,2025-03-01 00:00:00,'-,Almacén,Repres. De Servicios 2Do Turno,Part Time,Femenino,2006-03-10 00:00:00,2024-08-22 00:00:00,2025-03-01 00:00:00
Pvea Miraflores,16858680,2025-03-01 00:00:00,'-,Electro,Repres. De Servicios,Full Time,Masculino,2005-05-14 00:00:00,2024-12-01 00:00:00,
Pvea Miraflores,16867095,2025-03-01 00:00:00,'-,Cajas,Multifuncional 1Er Turno,Part Time,Femenino,2006-03-15 00:00:00,2024-09-11 00:00:00,
Pvea Miraflores,16976705,2025-03-01 00:00:00,'-,Sala Frescos,Repres. De Servicios 2Do Turno,Part Time,Masculino,2004-08-13 00:00:00,2024-09-13 00:00:00,
Pvea Miraflores,17014057,2025-03-01 00:00:00,'-,Sala Frescos,Repres. De Servicios,Full Time,Femenino,2004-06-19 00:00:00,2025-03-01 00:00:00,
Pvea Miraflores,17293470,2025-03-01 00:00:00,'-,Cajas,Multifuncional,Part Time,Femenino,2006-10-08 00:00:00,2024-10-24 00:00:00,
Pvea Miraflores,17304094,2025-03-01 00:00:00,'-,Recepción,Repres. De Servicios 2Do Turno,Part Time,Masculino,2004-07-30 00:00:00,2024-10-25 00:00:00,
Pvea Miraflores,17304197,2025-03-01 00:00:00,'-,Sala Frescos,Repres. De Servicios Fds,Part Time,Femenino,2003-10-09 00:00:00,2024-10-25 00:00:00,
Pvea Miraflores,17468662,2025-03-01 00:00:00,'-,Cajas,Multifuncional,Part Time,Masculino,2005-08-19 00:00:00,2024-11-12 00:00:00,
Pvea Miraflores,17469240,2025-03-01 00:00:00,'-,Sala Frescos,Repres. De Servicios Fds,Part Time,Femenino,1993-11-13 00:00:00,2024-11-12 00:00:00,
Pvea Miraflores,17487266,2025-03-01 00:00:00,'-,Cajas,Multifuncional 2Do Turno,Part Time,Femenino,2006-06-27 00:00:00,2024-11-14 00:00:00,2025-03-09 00:00:00
Pvea Miraflores,17533975,2025-03-01 00:00:00,'-,Cajas,Multifuncional,Full Time,Femenino,2005-09-08 00:00:00,2024-11-18 00:00:00,
Pvea Miraflores,17533983,2025-03-01 00:00:00,'-,Cajas,Representante De Servicio D,Part Time,Masculino,1995-04-11 00:00:00,2024-11-19 00:00:00,
Pvea Miraflores,17539280,2025-03-01 00:00:00,'-,Almacén,Repres. De Servicios,Full Time,Masculino,2006-02-26 00:00:00,2024-11-21 00:00:00,
Pvea Miraflores,17539285,2025-03-01 00:00:00,'-,Almacén,Repres. De Servicios,Full Time,Masculino,2004-08-30 00:00:00,2025-03-01 00:00:00,
Pvea Miraflores,17577229,2025-03-01 00:00:00,'-,Cajas,Multifuncional,Part Time,Masculino,1996-03-16 00:00:00,2024-11-25 00:00:00,2025-03-09 00:00:00
Pvea Miraflores,17577248,2025-03-01 00:00:00,'-,Cajas,Multifuncional 1Er Turno,Part Time,Femenino,2002-04-09 00:00:00,2024-11-25 00:00:00,
Pvea Miraflores,17577253,2025-03-01 00:00:00,'-,Cajas,Multifuncional,Part Time,Masculino,2004-09-03 00:00:00,2024-11-25 00:00:00,2025-03-08 00:00:00
Pvea Miraflores,17640369,2025-03-01 00:00:00,'-,Cajas,Multifuncional,Full Time,Femenino,1990-05-27 00:00:00,2024-11-25 00:00:00,
Pvea Miraflores,17657,2025-03-01 00:00:00,'-,Recepción E Inventarios,Auxiliar De Inventarios,Full Time,Masculino,1984-11-17 00:00:00,2011-09-05 00:00:00,
Pvea Miraflores,17661583,2025-03-01 00:00:00,'-,Cajas,Multifuncional Fds,Part Time,Femenino,2006-11-10 00:00:00,2024-11-27 00:00:00,
Pvea Miraflores,17732286,2025-03-01 00:00:00,'-,Cajas,Multifuncional 2Do Turno,Part Time,Femenino,1988-11-21 00:00:00,2024-12-06 00:00:00,
Pvea Miraflores,17732520,2025-03-01 00:00:00,'-,Cajas,Repres. De Servicios,Full Time,Femenino,2001-07-23 00:00:00,2024-12-06 00:00:00,
Pvea Miraflores,17732526,2025-03-01 00:00:00,'-,Cajas,Repres. De Servicios,Full Time,Femenino,2004-07-24 00:00:00,2024-12-06 00:00:00,
Pvea Miraflores,17782950,2025-03-01 00:00:00,'-,Cajas,Multifuncional 1Er Turno,Part Time,Femenino,2006-09-27 00:00:00,2024-12-11 00:00:00,
Pvea Miraflores,17820963,2025-03-01 00:00:00,'-,Cajas,Multifuncional 2Do Turno,Part Time,Femenino,2005-12-30 00:00:00,2024-12-13 00:00:00,2025-03-16 00:00:00
Pvea Miraflores,17830355,2025-03-01 00:00:00,'-,Cajas,Multifuncional 2Do Turno,Part Time,Femenino,2006-09-05 00:00:00,2024-12-16 00:00:00,2025-03-16 00:00:00
Pvea Miraflores,17833376,2025-03-01 00:00:00,'-,Cajas,Multifuncional 2Do Turno,Part Time,Masculino,2002-02-20 00:00:00,2024-12-17 00:00:00,
Pvea Miraflores,17835502,2025-03-01 00:00:00,'-,Cajas,Repres. De Servicios,Part Time,Masculino,2002-09-12 00:00:00,2024-12-19 00:00:00,2025-03-19 00:00:00
Pvea Miraflores,17835529,2025-03-01 00:00:00,'-,Cajas,Multifuncional 2Do Turno,Part Time,Femenino,1979-03-14 00:00:00,2024-12-19 00:00:00,
Pvea Miraflores,17835549,2025-03-01 00:00:00,'-,Sala Frescos,Repres. De Servicios 2Do Turno,Part Time,Femenino,2005-03-22 00:00:00,2024-12-19 00:00:00,2025-03-31 00:00:00
Pvea Miraflores,17861149,2025-03-01 00:00:00,'-,Cajas,Multifuncional 2Do Turno,Part Time,Masculino,2006-03-29 00:00:00,2024-12-23 00:00:00,
Pvea Miraflores,17861284,2025-03-01 00:00:00,'-,Cajas,Repres. De Servicios,Full Time,Femenino,2006-07-29 00:00:00,2024-12-23 00:00:00,2025-03-31 00:00:00
Pvea Miraflores,17908056,2025-03-01 00:00:00,'-,Sala Frescos,Repres. De Servicios 2Do Turno,Part Time,Femenino,2005-07-23 00:00:00,2024-12-30 00:00:00,
Pvea Miraflores,17955881,2025-03-01 00:00:00,'-,Sala,Repres. De Servicios,Part Time,Masculino,2002-06-08 00:00:00,2025-01-23 00:00:00,
Pvea Miraflores,17955883,2025-03-01 00:00:00,'-,Sala,Repres. De Servicios,Part Time,Masculino,2005-10-21 00:00:00,2025-01-23 00:00:00,
Pvea Miraflores,17958354,2025-03-01 00:00:00,'-,Almacén,Repres. De Servicios,Full Time,Masculino,2004-12-02 00:00:00,2025-01-24 00:00:00,2025-03-31 00:00:00
Pvea Miraflores,17992918,2025-03-01 00:00:00,'-,Cajas,Repres. De Servicios,Part Time,Masculino,2005-02-11 00:00:00,2025-01-28 00:00:00,
Pvea Miraflores,17993317,2025-03-01 00:00:00,'-,Cajas,Multifuncional,Part Time,Femenino,2003-11-01 00:00:00,2025-01-28 00:00:00,
Pvea Miraflores,17993500,2025-03-01 00:00:00,'-,Cajas,Repres. De Servicios,Full Time,Masculino,2005-07-03 00:00:00,2025-01-28 00:00:00,2025-03-23 00:00:00
Pvea Miraflores,17994397,2025-03-01 00:00:00,'-,Sala Frescos,Repres. De Servicios 2Do Turno,Part Time,Masculino,2005-11-13 00:00:00,2025-01-30 00:00:00,2025-03-31 00:00:00
Pvea Miraflores,17994399,2025-03-01 00:00:00,'-,Almacén Frescos,Repres. De Servicios 2Do Turno,Part Time,Masculino,2005-01-15 00:00:00,2025-01-30 00:00:00,2025-03-31 00:00:00
Pvea Miraflores,17994400,2025-03-01 00:00:00,'-,Sala Frescos,Repres. De Servicios 2Do Turno,Part Time,Masculino,2003-05-17 00:00:00,2025-01-30 00:00:00,
Pvea Miraflores,17994411,2025-03-01 00:00:00,'-,Sala Frescos,Repres. De Servicios,Full Time,Masculino,2006-12-13 00:00:00,2025-01-30 00:00:00,2025-03-05 00:00:00
Pvea Miraflores,17994413,2025-03-01 00:00:00,'-,Cajas,Repres. De Servicios,Full Time,Masculino,2004-08-28 00:00:00,2025-01-30 00:00:00,
Pvea Miraflores,17994414,2025-03-01 00:00:00,'-,Cajas,Repres. De Servicios,Full Time,Femenino,1982-12-18 00:00:00,2025-01-30 00:00:00,
Pvea Miraflores,18025321,2025-03-01 00:00:00,'-,Cajas,Repres. De Servicios,Full Time,Femenino,2005-04-07 00:00:00,2025-02-05 00:00:00,
Pvea Miraflores,18028641,2025-03-01 00:00:00,'-,Sala Frescos,Repres. De Servicios,Full Time,Femenino,1980-09-24 00:00:00,2025-02-06 00:00:00,
Pvea Miraflores,18028642,2025-03-01 00:00:00,'-,Sala Frescos,Repres. De Servicios,Full Time,Femenino,2006-08-25 00:00:00,2025-02-06 00:00:00,
Pvea Miraflores,18069863,2025-03-01 00:00:00,'-,Sala Frescos,Repres. De Servicios,Full Time,Masculino,1998-02-27 00:00:00,2025-02-13 00:00:00,2025-03-11 00:00:00
Pvea Miraflores,18069864,2025-03-01 00:00:00,'-,Sala Frescos,Repres. De Servicios,Full Time,Femenino,2005-01-12 00:00:00,2025-02-13 00:00:00,
Pvea Miraflores,18085472,2025-03-01 00:00:00,'-,Sala,Repres. De Servicios,Part Time,Femenino,2007-01-17 00:00:00,2025-02-14 00:00:00,
Pvea Miraflores,18085473,2025-03-01 00:00:00,'-,Sala,Multifuncional 2Do Turno,Part Time,Masculino,2005-10-09 00:00:00,2025-02-14 00:00:00,
Pvea Miraflores,18108863,2025-03-01 00:00:00,'-,Sala,Multifuncional Campaña,Part Time,Masculino,2005-04-10 00:00:00,2025-02-17 00:00:00,2025-03-31 00:00:00
Pvea Miraflores,18109077,2025-03-01 00:00:00,'-,Sala,Multifuncional Campaña,Part Time,Femenino,1998-08-16 00:00:00,2025-02-17 00:00:00,2025-03-31 00:00:00
Pvea Miraflores,18109215,2025-03-01 00:00:00,'-,Sala,Multifuncional Campaña,Part Time,Masculino,2006-01-16 00:00:00,2025-02-17 00:00:00,
Pvea Miraflores,18154,2025-03-01 00:00:00,'-,Sala Frescos,Repres. De Servicios 1Er Turno,Part Time,Masculino,1995-05-26 00:00:00,2024-07-01 00:00:00,
Pvea Miraflores,18209968,2025-03-01 00:00:00,'-,Sala,Multifuncional Campaña,Part Time,Masculino,2004-05-01 00:00:00,2025-02-17 00:00:00,2025-03-31 00:00:00
Pvea Miraflores,18294823,2025-03-01 00:00:00,'-,Cajas,Repres. De Servicios,Part Time,Femenino,2005-01-07 00:00:00,2025-03-11 00:00:00,
Pvea Miraflores,18329320,2025-03-01 00:00:00,'-,Sala Frescos,Repres. De Servicios,Full Time,Femenino,1977-06-11 00:00:00,2025-03-21 00:00:00,
Pvea Miraflores,18329437,2025-03-01 00:00:00,'-,Recepción,Repres. De Servicios,Full Time,Masculino,2005-10-25 00:00:00,2025-03-21 00:00:00,
Pvea Miraflores,18329438,2025-03-01 00:00:00,'-,Almacén,Repres. De Servicios 2Do Turno,Part Time,Masculino,2005-01-22 00:00:00,2025-03-21 00:00:00,
Pvea Miraflores,18329439,2025-03-01 00:00:00,'-,Recepción,Repres. De Servicios,Full Time,Masculino,2007-02-24 00:00:00,2025-03-21 00:00:00,
Pvea Miraflores,18329446,2025-03-01 00:00:00,'-,Recepción,Repres. De Servicios 2Do Turno,Part Time,Masculino,2000-06-12 00:00:00,2025-03-21 00:00:00,
Pvea Miraflores,18329447,2025-03-01 00:00:00,'-,Sala,Repres. De Servicios 2Do Turno,Part Time,Femenino,2006-05-20 00:00:00,2025-03-21 00:00:00,
Pvea Miraflores,18329456,2025-03-01 00:00:00,'-,Sala Frescos,Repres. De Servicios 2Do Turno,Part Time,Femenino,1977-10-13 00:00:00,2025-03-21 00:00:00,
Pvea Miraflores,18339022,2025-03-01 00:00:00,'-,Sala,Repres. De Servicios 5X2 Eo,Part Time,Femenino,1959-10-19 00:00:00,2025-03-24 00:00:00,
Pvea Miraflores,18858,2025-03-01 00:00:00,'-,Cajas,Representante De Servicio D,Full Time,Femenino,1980-08-23 00:00:00,2014-08-06 00:00:00,
Pvea Miraflores,203013,2025-03-01 00:00:00,'-,Electro,Vendedor,Full Time,Femenino,1968-11-24 00:00:00,2018-05-23 00:00:00,
Pvea Miraflores,203489,2025-03-01 00:00:00,'-,Cajas,Supervisor De Cajeros Pt,Part Time,Femenino,1991-08-18 00:00:00,2024-04-02 00:00:00,
Pvea Miraflores,21147,2025-03-01 00:00:00,'-,Sala Frescos,Repres. De Servicios,Full Time,Masculino,1978-04-26 00:00:00,2011-03-01 00:00:00,
Pvea Miraflores,21448,2025-03-01 00:00:00,'-,Electro,Jefe De Seccion,Full Time,Femenino,1974-03-22 00:00:00,2012-10-01 00:00:00,
Pvea Miraflores,241412,2025-03-01 00:00:00,'-,Cajas,Supervisor De Cajeros,Full Time,Femenino,1974-01-30 00:00:00,2024-05-01 00:00:00,
Pvea Miraflores,244437,2025-03-01 00:00:00,'-,Cajas,Supervisor De Cajeros,Full Time,Masculino,2000-05-19 00:00:00,2024-01-19 00:00:00,
Pvea Miraflores,24708,2025-03-01 00:00:00,'-,Administración,Gerente De Tienda,Full Time,Masculino,1975-09-22 00:00:00,2003-04-04 00:00:00,
Pvea Miraflores,25760,2025-03-01 00:00:00,'-,Almacén,Repres. De Servicios I,Full Time,Femenino,1973-10-12 00:00:00,2014-06-16 00:00:00,
Pvea Miraflores,298588,2025-03-01 00:00:00,'-,Sala,Multifuncional 1Er Turno,Part Time,Femenino,1985-12-22 00:00:00,2024-12-02 00:00:00,
Pvea Miraflores,301805,2025-03-01 00:00:00,'-,Sala,Multifuncional,Full Time,Masculino,1995-12-13 00:00:00,2020-01-20 00:00:00,
Pvea Miraflores,304408,2025-03-01 00:00:00,'-,Almacén Frescos,Repres. De Servicios I,Full Time,Femenino,1992-12-05 00:00:00,2020-02-17 00:00:00,
Pvea Miraflores,31455,2025-03-01 00:00:00,'-,Sala Frescos,Jefe De Seccion,Full Time,Masculino,1981-11-10 00:00:00,2016-01-18 00:00:00,
Pvea Miraflores,34546,2025-03-01 00:00:00,'-,Sala Frescos,Repres. De Servicios,Full Time,Femenino,1967-05-24 00:00:00,2016-02-17 00:00:00,
Pvea Miraflores,36202,2025-03-01 00:00:00,'-,Sala Frescos,Repres. De Servicios,Full Time,Femenino,1992-05-22 00:00:00,2016-03-02 00:00:00,
Pvea Miraflores,3707,2025-03-01 00:00:00,'-,Administración,Asistente De Tienda,Full Time,Femenino,1974-10-22 00:00:00,2003-09-01 00:00:00,
Pvea Miraflores,37084,2025-03-01 00:00:00,'-,Cajas,Supervisor De Cajeros,Full Time,Femenino,1982-09-08 00:00:00,2016-03-14 00:00:00,
Pvea Miraflores,41844,2025-03-01 00:00:00,'-,Sala Frescos,Repres. De Servicios,Full Time,Masculino,1984-09-10 00:00:00,2016-07-04 00:00:00,
Pvea Miraflores,42739,2025-03-01 00:00:00,'-,Sala,Jefe De Seccion,Full Time,Femenino,1998-06-14 00:00:00,2016-08-01 00:00:00,
Pvea Miraflores,43825,2025-03-01 00:00:00,'-,Almacén Frescos,Repres. De Servicios,Full Time,Masculino,1993-11-30 00:00:00,2025-01-30 00:00:00,
Pvea Miraflores,4486016,2025-03-01 00:00:00,'-,Sala Frescos,Jefe De Seccion,Full Time,Femenino,1997-11-16 00:00:00,2020-06-03 00:00:00,
Pvea Miraflores,52599,2025-03-01 00:00:00,'-,Cajas,Supervisor De Cajeros,Full Time,Femenino,1983-02-06 00:00:00,2017-09-01 00:00:00,
Pvea Miraflores,53468,2025-03-01 00:00:00,'-,Sala Frescos,Repres. De Servicios,Full Time,Femenino,1984-07-04 00:00:00,2017-05-01 00:00:00,
Pvea Miraflores,55309,2025-03-01 00:00:00,'-,Sala Frescos,Repres. De Servicios,Full Time,Femenino,1990-10-28 00:00:00,2020-02-01 00:00:00,
Pvea Miraflores,7318884,2025-03-01 00:00:00,'-,Cajas,Multifuncional 1Er Turno,Part Time,Femenino,1995-02-25 00:00:00,2021-09-22 00:00:00,
Pvea Miraflores,7319531,2025-03-01 00:00:00,'-,Sala,Multifuncional,Full Time,Masculino,1999-05-16 00:00:00,2023-01-01 00:00:00,
Pvea Miraflores,7319542,2025-03-01 00:00:00,'-,Sala,Repres. De Servicios I,Full Time,Femenino,2001-05-26 00:00:00,2022-11-01 00:00:00,
Pvea Miraflores,7319599,2025-03-01 00:00:00,'-,Sala,Multifuncional,Full Time,Masculino,2000-02-10 00:00:00,2025-02-01 00:00:00,
Pvea Miraflores,7331977,2025-03-01 00:00:00,'-,Sala Frescos,Repres. De Servicios 1Er Turno,Part Time,Femenino,2002-08-01 00:00:00,2021-09-22 00:00:00,2025-03-31 00:00:00
Pvea Miraflores,7333556,2025-03-01 00:00:00,'-,Sala,Repres. De Servicios,Part Time,Femenino,2003-05-19 00:00:00,2024-12-11 00:00:00,
Pvea Miraflores,7333607,2025-03-01 00:00:00,'-,Cajas,Asistente De Self Check Out Pt,Part Time,Femenino,1979-09-11 00:00:00,2021-09-22 00:00:00,
Pvea Miraflores,7333614,2025-03-01 00:00:00,'-,Cajas,Multifuncional,Full Time,Femenino,2003-03-03 00:00:00,2023-08-01 00:00:00,
Pvea Miraflores,811,2025-03-01 00:00:00,'-,Sala,Especialista En Bebidas,Full Time,Masculino,1977-11-17 00:00:00,2016-07-13 00:00:00,
Pvea Miraflores,8350959,2025-03-01 00:00:00,'-,Sala Frescos,Repres. De Servicios I,Full Time,Masculino,1999-05-04 00:00:00,2023-05-01 00:00:00,
Pvea Miraflores,8682,2025-03-01 00:00:00,'-,Sala Frescos,Jefe De Seccion,Full Time,Femenino,1974-09-05 00:00:00,2018-08-03 00:00:00,
Pvea Miraflores,919,2025-03-01 00:00:00,'-,Sala Frescos,Repres. De Servicios,Full Time,Femenino,1973-08-07 00:00:00,2014-05-05 00:00:00,
Pvea Miraflores,9278728,2025-03-01 00:00:00,'-,Sala,Multifuncional 1Er Turno,Part Time,Femenino,1989-10-12 00:00:00,2021-11-02 00:00:00,
Pvea Miraflores,9481430,2025-03-01 00:00:00,'-,Almacén,Repres. De Servicios,Full Time,Masculino,1999-08-02 00:00:00,2025-01-31 00:00:00,
Pvea Miraflores,9518850,2025-03-01 00:00:00,'-,Sala Frescos,Repres. De Servicios 1Er Turno,Part Time,Femenino,2001-09-05 00:00:00,2022-01-10 00:00:00,
Pvea Miraflores,98931,2025-03-01 00:00:00,'-,Cajas,Multifuncional Eo,Full Time,Masculino,1960-11-16 00:00:00,2017-08-01 00:00:00,
Pvea Miraflores,99177,2025-03-01 00:00:00,'-,Sala,Jefe De Seccion,Full Time,Masculino,1998-07-09 00:00:00,2021-08-24 00:00:00,
Svea Corpac,103603,2025-03-01 00:00:00,'-,Cajas,Cajero 6X1,Part Time,Masculino,1986-06-08 00:00:00,2017-09-13 00:00:00,
Svea Corpac,104636,2025-03-01 00:00:00,'-,Almacén Frescos,Repres. De Servicios,Full Time,Femenino,1980-07-16 00:00:00,2023-06-15 00:00:00,
Svea Corpac,109719,2025-03-01 00:00:00,'-,Cajas,Jefe De Seccion,Full Time,Masculino,1989-05-05 00:00:00,2018-01-01 00:00:00,
Svea Corpac,11405933,2025-03-01 00:00:00,'-,Recepción E Inventarios,Auxiliar De Inventarios,Full Time,Masculino,2002-08-30 00:00:00,2023-02-01 00:00:00,
Svea Corpac,1198235,2025-03-01 00:00:00,'-,Sala,Jefe De Seccion,Full Time,Femenino,1994-03-19 00:00:00,2020-03-17 00:00:00,
Svea Corpac,12301310,2025-03-01 00:00:00,'-,Cajas,Cajero 6X1 2Do Turno,Part Time,Femenino,2004-08-03 00:00:00,2023-06-22 00:00:00,
Svea Corpac,12309872,2025-03-01 00:00:00,'-,Cajas,Repres. De Servicios,Part Time,Femenino,2001-11-20 00:00:00,2023-06-27 00:00:00,
Svea Corpac,12310210,2025-03-01 00:00:00,'-,Cajas,Cajero 6X1,Part Time,Femenino,2005-01-14 00:00:00,2023-06-27 00:00:00,
Svea Corpac,12352460,2025-03-01 00:00:00,'-,Almacén,Repres. De Servicios 2Do Turno,Part Time,Masculino,2000-04-07 00:00:00,2023-07-21 00:00:00,
Svea Corpac,129583,2025-03-01 00:00:00,'-,Sala,Repres. De Servicios 2Do Turno,Part Time,Masculino,1988-08-24 00:00:00,2018-03-01 00:00:00,
Svea Corpac,13042885,2025-03-01 00:00:00,'-,Cajas,Cajero 6X1 1Er Turno,Part Time,Masculino,2001-10-14 00:00:00,2023-10-27 00:00:00,
Svea Corpac,13317317,2025-03-01 00:00:00,'-,Sala Frescos,Repres. De Servicios,Full Time,Femenino,2001-04-02 00:00:00,2024-07-01 00:00:00,
Svea Corpac,13351142,2025-03-01 00:00:00,'-,Sala Frescos,Repres. De Servicios 1Er Turno,Part Time,Femenino,2005-05-08 00:00:00,2023-11-24 00:00:00,2025-03-31 00:00:00
Svea Corpac,13351200,2025-03-01 00:00:00,'-,Sala,Repres. De Servicios,Full Time,Femenino,1999-01-28 00:00:00,2023-11-24 00:00:00,
Svea Corpac,13789094,2025-03-01 00:00:00,'-,Cajas,Representante De Servicio D,Part Time,Femenino,1981-12-18 00:00:00,2024-01-01 00:00:00,
Svea Corpac,14269683,2025-03-01 00:00:00,'-,Sala,Repres. De Servicios 2Do Turno,Part Time,Femenino,2006-02-02 00:00:00,2024-02-19 00:00:00,2025-03-31 00:00:00
Svea Corpac,14343,2025-03-01 00:00:00,'-,Almacén,Repres. De Servicios Eo,Full Time,Masculino,1958-09-28 00:00:00,2007-05-01 00:00:00,
Svea Corpac,14625657,2025-03-01 00:00:00,'-,Cajas,Cajero 6X1 2Do Turno,Part Time,Femenino,1998-03-20 00:00:00,2024-03-08 00:00:00,
Svea Corpac,14625726,2025-03-01 00:00:00,'-,Cajas,Cajero 6X1,Full Time,Femenino,2002-11-11 00:00:00,2024-03-08 00:00:00,
Svea Corpac,14776588,2025-03-01 00:00:00,'-,Almacén,Repres. De Servicios 2Do Turno,Part Time,Masculino,2004-06-24 00:00:00,2024-03-20 00:00:00,2025-03-31 00:00:00
Svea Corpac,15519392,2025-03-01 00:00:00,'-,Almacén,Repres. De Servicios 1Er Turno,Part Time,Masculino,2003-04-05 00:00:00,2024-05-02 00:00:00,
Svea Corpac,15834576,2025-03-01 00:00:00,'-,Cajas,Cajero 6X1 2Do Turno,Part Time,Femenino,2004-04-20 00:00:00,2024-05-20 00:00:00,
Svea Corpac,15877870,2025-03-01 00:00:00,'-,Cajas,Cajero 6X1 1Er Turno,Part Time,Femenino,2005-01-29 00:00:00,2024-05-24 00:00:00,
Svea Corpac,15958306,2025-03-01 00:00:00,'-,Cajas,Cajero 6X1 2Do Turno,Part Time,Femenino,2004-06-11 00:00:00,2024-06-03 00:00:00,
Svea Corpac,15958778,2025-03-01 00:00:00,'-,Cajas,Cajero 6X1 2Do Turno,Part Time,Masculino,1998-06-03 00:00:00,2024-06-03 00:00:00,
Svea Corpac,17035031,2025-03-01 00:00:00,'-,Almacén Frescos,Repres. De Servicios 1Er Turno,Part Time,Masculino,2003-01-14 00:00:00,2024-09-27 00:00:00,
Svea Corpac,17487114,2025-03-01 00:00:00,'-,Sala Frescos,Repres. De Servicios,Full Time,Femenino,1974-07-29 00:00:00,2024-11-14 00:00:00,
Svea Corpac,17540130,2025-03-01 00:00:00,'-,Sala Frescos,Repres. De Servicios 2Do Turno,Part Time,Masculino,2006-09-16 00:00:00,2024-11-22 00:00:00,
Svea Corpac,17679911,2025-03-01 00:00:00,'-,Cajas,Cajero 6X1 Campaña,Part Time,Masculino,2002-07-22 00:00:00,2024-11-26 00:00:00,
Svea Corpac,17702228,2025-03-01 00:00:00,'-,Sala Frescos,Repres. De Servicios 1Er Turno,Part Time,Masculino,2000-05-07 00:00:00,2024-12-03 00:00:00,
Svea Corpac,17836645,2025-03-01 00:00:00,'-,Sala Frescos,Repres. De Servicios,Full Time,Femenino,2004-07-28 00:00:00,2024-12-20 00:00:00,
Svea Corpac,17837447,2025-03-01 00:00:00,'-,Sala Frescos,Repres. De Servicios,Full Time,Masculino,2005-07-17 00:00:00,2024-12-20 00:00:00,
Svea Corpac,17837560,2025-03-01 00:00:00,'-,Sala Frescos,Repres. De Servicios 2Do Turno,Part Time,Masculino,2006-06-05 00:00:00,2024-12-20 00:00:00,
Svea Corpac,17876776,2025-03-01 00:00:00,'-,Sala Frescos,Repres. De Servicios 2Do Turno,Part Time,Masculino,2004-08-18 00:00:00,2024-12-24 00:00:00,
Svea Corpac,17902576,2025-03-01 00:00:00,'-,Sala Frescos,Repres. De Servicios 2Do Turno,Part Time,Femenino,2006-09-09 00:00:00,2024-12-24 00:00:00,
Svea Corpac,17958158,2025-03-01 00:00:00,'-,Sala Frescos,Repres. De Servicios 2Do Turno,Part Time,Masculino,2006-04-19 00:00:00,2025-01-24 00:00:00,
Svea Corpac,17994390,2025-03-01 00:00:00,'-,Sala Frescos,Repres. De Servicios 2Do Turno,Part Time,Femenino,2006-09-12 00:00:00,2025-01-30 00:00:00,
Svea Corpac,17994416,2025-03-01 00:00:00,'-,Recepción,Repres. De Servicios,Full Time,Masculino,2000-05-24 00:00:00,2025-01-30 00:00:00,
Svea Corpac,18028645,2025-03-01 00:00:00,'-,Sala Frescos,Repres. De Servicios,Full Time,Femenino,2005-02-02 00:00:00,2025-02-06 00:00:00,
Svea Corpac,18028664,2025-03-01 00:00:00,'-,Sala Frescos,Repres. De Servicios 2Do Turno,Part Time,Masculino,2004-07-03 00:00:00,2025-02-06 00:00:00,
Svea Corpac,18030432,2025-03-01 00:00:00,'-,Sala Frescos,Repres. De Servicios 2Do Turno,Part Time,Masculino,2003-02-03 00:00:00,2025-02-06 00:00:00,
Svea Corpac,18288104,2025-03-01 00:00:00,'-,Sala,Repres. De Servicios 2Do Turno,Part Time,Masculino,2005-04-13 00:00:00,2025-03-10 00:00:00,
Svea Corpac,18288148,2025-03-01 00:00:00,'-,Sala,Repres. De Servicios 2Do Turno,Part Time,Masculino,2007-02-03 00:00:00,2025-03-10 00:00:00,
Svea Corpac,18300245,2025-03-01 00:00:00,'-,Sala,Repres. De Servicios Fds,Part Time,Masculino,2006-09-27 00:00:00,2025-03-12 00:00:00,
Svea Corpac,18304720,2025-03-01 00:00:00,'-,Almacén Frescos,Repres. De Servicios,Part Time,Masculino,1998-04-28 00:00:00,2025-03-13 00:00:00,
Svea Corpac,18304723,2025-03-01 00:00:00,'-,Sala Frescos,Repres. De Servicios 2Do Turno,Part Time,Femenino,2006-04-07 00:00:00,2025-03-13 00:00:00,
Svea Corpac,18329276,2025-03-01 00:00:00,'-,Sala,Repres. De Servicios,Full Time,Femenino,2002-04-10 00:00:00,2025-03-21 00:00:00,
Svea Corpac,18329282,2025-03-01 00:00:00,'-,Sala,Repres. De Servicios Fds,Part Time,Femenino,1995-12-14 00:00:00,2025-03-21 00:00:00,
Svea Corpac,18329291,2025-03-01 00:00:00,'-,Sala,Repres. De Servicios 2Do Turno,Part Time,Masculino,2006-02-15 00:00:00,2025-03-21 00:00:00,
Svea Corpac,18329292,2025-03-01 00:00:00,'-,Almacén Frescos,Repres. De Servicios 2Do Turno,Part Time,Masculino,2006-08-10 00:00:00,2025-03-21 00:00:00,
Svea Corpac,18339046,2025-03-01 00:00:00,'-,Cajas,Repres. De Servicios 5X2 Eo,Part Time,Masculino,1959-04-07 00:00:00,2025-03-24 00:00:00,
Svea Corpac,18340465,2025-03-01 00:00:00,'-,Sala,Repres. De Servicios,Full Time,Femenino,2006-04-27 00:00:00,2025-03-26 00:00:00,
Svea Corpac,21115,2025-03-01 00:00:00,'-,Cajas,Representante De Servicio D,Full Time,Masculino,1981-02-25 00:00:00,2000-03-01 00:00:00,
Svea Corpac,21370,2025-03-01 00:00:00,'-,Cajas,Supervisor De Cajeros,Full Time,Masculino,1977-05-27 00:00:00,2010-04-07 00:00:00,
Svea Corpac,235588,2025-03-01 00:00:00,'-,Cajas,Supervisor De Cajeros,Full Time,Femenino,1993-07-27 00:00:00,2018-10-05 00:00:00,
Svea Corpac,241013,2025-03-01 00:00:00,'-,Almacén,Jefe De Seccion,Full Time,Femenino,2000-06-21 00:00:00,2019-06-01 00:00:00,
Svea Corpac,243668,2025-03-01 00:00:00,'-,Sala Frescos,Repres. De Servicios 2Do Turno,Part Time,Femenino,1994-04-04 00:00:00,2019-03-21 00:00:00,
Svea Corpac,266939,2025-03-01 00:00:00,'-,Administración,Gerente De Tienda,Full Time,Femenino,1990-06-29 00:00:00,2019-03-01 00:00:00,
Svea Corpac,273730,2025-03-01 00:00:00,'-,Cajas,Supervisor De Cajeros,Full Time,Femenino,1993-06-30 00:00:00,2023-05-01 00:00:00,
Svea Corpac,275646,2025-03-01 00:00:00,'-,Recepción,Repres. De Servicios,Full Time,Masculino,2000-03-16 00:00:00,2024-03-01 00:00:00,2025-03-31 00:00:00
Svea Corpac,43780,2025-03-01 00:00:00,'-,Cajas,Cajero 5X2,Full Time,Masculino,1989-10-27 00:00:00,2016-09-01 00:00:00,
Svea Corpac,4457773,2025-03-01 00:00:00,'-,Almacén,Repres. De Servicios I,Full Time,Masculino,2002-01-18 00:00:00,2020-05-25 00:00:00,
Svea Corpac,4576139,2025-03-01 00:00:00,'-,Sala Frescos,Repres. De Servicios,Full Time,Femenino,1987-09-28 00:00:00,2020-06-12 00:00:00,
Svea Corpac,48590,2025-03-01 00:00:00,'-,Sala Frescos,Repres. De Servicios,Full Time,Femenino,1976-11-15 00:00:00,2016-12-14 00:00:00,
Svea Corpac,6038,2025-03-01 00:00:00,'-,Sala Frescos,Repres. De Servicios I,Full Time,Femenino,1979-06-25 00:00:00,2018-06-27 00:00:00,
Svea Corpac,631856,2025-03-01 00:00:00,'-,Sala Frescos,Repres. De Servicios Nochero,Full Time,Masculino,1992-10-14 00:00:00,2019-03-26 00:00:00,
Svea Corpac,6722,2025-03-01 00:00:00,'-,Sala,Repres. De Servicios I,Full Time,Femenino,1987-06-16 00:00:00,2022-02-22 00:00:00,
Svea Corpac,7879,2025-03-01 00:00:00,'-,Sala Frescos,Jefe De Seccion,Full Time,Masculino,1988-04-14 00:00:00,2019-06-25 00:00:00,
Svea Corpac,89851,2025-03-01 00:00:00,'-,Sala Frescos,Jefe De Seccion,Full Time,Masculino,1986-03-18 00:00:00,2023-10-31 00:00:00,
Svea Corpac,9278595,2025-03-01 00:00:00,'-,Cajas,Cajero 6X1,Full Time,Masculino,1994-12-25 00:00:00,2023-07-01 00:00:00,
Viv Monterrico,104143,2025-03-01 00:00:00,'-,"Carnes, Pescados, Fiambres, Frutas & Verduras",Repres. De Servicios,Full Time,Femenino,1985-09-27 00:00:00,2017-10-01 00:00:00,
Viv Monterrico,10653,2025-03-01 00:00:00,'-,"Carnes, Pescados, Fiambres, Frutas & Verduras",Repres. De Servicios,Full Time,Masculino,1971-05-11 00:00:00,2002-10-19 00:00:00,
Viv Monterrico,10775,2025-03-01 00:00:00,'-,"Carnes, Pescados, Fiambres, Frutas & Verduras",Repres. De Servicios I,Full Time,Femenino,1972-07-24 00:00:00,2011-01-18 00:00:00,2025-03-31 00:00:00
Viv Monterrico,10845,2025-03-01 00:00:00,'-,"Carnes, Pescados, Fiambres, Frutas & Verduras",Jefe De Seccion,Full Time,Femenino,1979-08-02 00:00:00,2012-08-01 00:00:00,
Viv Monterrico,110670,2025-03-01 00:00:00,'-,"Carnes, Pescados, Fiambres, Frutas & Verduras",Repres. De Servicios I,Full Time,Femenino,1993-10-16 00:00:00,2018-08-01 00:00:00,2025-03-31 00:00:00
Viv Monterrico,11369697,2025-03-01 00:00:00,'-,Cajas,Cajero 6X1,Full Time,Masculino,2001-04-18 00:00:00,2025-02-01 00:00:00,
Viv Monterrico,11458504,2025-03-01 00:00:00,'-,Cajas,Cajero 4X3,Part Time,Femenino,2002-11-10 00:00:00,2022-10-19 00:00:00,
Viv Monterrico,11670773,2025-03-01 00:00:00,'-,"Carnes, Pescados, Fiambres, Frutas & Verduras",Repres. De Servicios,Full Time,Masculino,1992-04-18 00:00:00,2022-12-07 00:00:00,2025-03-31 00:00:00
Viv Monterrico,11966759,2025-03-01 00:00:00,'-,Cajas,Cajero 4X3,Part Time,Masculino,2003-04-07 00:00:00,2023-03-09 00:00:00,
Viv Monterrico,1205195,2025-03-01 00:00:00,'-,Cajas,Repres. De Servicios,Full Time,Femenino,1999-12-16 00:00:00,2020-03-18 00:00:00,
Viv Monterrico,12261783,2025-03-01 00:00:00,'-,"Carnes, Pescados, Fiambres, Frutas & Verduras",Repres. De Servicios,Full Time,Masculino,1993-02-04 00:00:00,2023-06-13 00:00:00,
Viv Monterrico,12389939,2025-03-01 00:00:00,'-,Almacén,Repres. De Servicios I,Full Time,Masculino,2004-02-06 00:00:00,2024-05-01 00:00:00,
Viv Monterrico,12442653,2025-03-01 00:00:00,'-,Cajas,Cajero 6X1 2Do Turno,Part Time,Masculino,2004-09-11 00:00:00,2023-08-11 00:00:00,
Viv Monterrico,128607,2025-03-01 00:00:00,'-,Cajas,Repres. De Servicios Fds,Part Time,Femenino,1995-01-19 00:00:00,2018-02-08 00:00:00,
Viv Monterrico,129302,2025-03-01 00:00:00,'-,Comidas Preparadas Panadería Y Pastelería,Repres. De Servicios,Full Time,Femenino,1998-11-15 00:00:00,2018-02-15 00:00:00,2025-03-31 00:00:00
Viv Monterrico,13209233,2025-03-01 00:00:00,'-,Cajas,Cajero 6X1 2Do Turno,Part Time,Femenino,2003-06-30 00:00:00,2023-11-03 00:00:00,2025-04-01 00:00:00
Viv Monterrico,13227322,2025-03-01 00:00:00,'-,Cajas,Cajero 6X1 1Er Turno,Part Time,Masculino,2004-01-31 00:00:00,2023-11-07 00:00:00,
Viv Monterrico,13277255,2025-03-01 00:00:00,'-,Sala,Repres. De Servicios 2Do Turno,Part Time,Masculino,2003-09-22 00:00:00,2023-11-14 00:00:00,
Viv Monterrico,13375806,2025-03-01 00:00:00,'-,Sala,Repres. De Servicios 2Do Turno,Part Time,Femenino,2001-03-02 00:00:00,2024-04-03 00:00:00,
Viv Monterrico,13619568,2025-03-01 00:00:00,'-,"Carnes, Pescados, Fiambres, Frutas & Verduras",Repres. De Servicios,Full Time,Femenino,1969-12-30 00:00:00,2023-12-12 00:00:00,
Viv Monterrico,13709716,2025-03-01 00:00:00,'-,Almacén,Repres. De Servicios 1Er Turno,Part Time,Masculino,2003-07-01 00:00:00,2023-12-22 00:00:00,
Viv Monterrico,13797674,2025-03-01 00:00:00,'-,Sala,Repres. De Servicios,Full Time,Femenino,2005-05-24 00:00:00,2024-01-09 00:00:00,
Viv Monterrico,13803247,2025-03-01 00:00:00,'-,Cajas,Cajero 4X3,Part Time,Masculino,2001-06-03 00:00:00,2024-01-10 00:00:00,2025-03-31 00:00:00
Viv Monterrico,13808113,2025-03-01 00:00:00,'-,Sala,Repres. De Servicios 2Do Turno,Part Time,Femenino,2003-02-08 00:00:00,2024-01-10 00:00:00,2025-04-01 00:00:00
Viv Monterrico,13808329,2025-03-01 00:00:00,'-,Sala,Repres. De Servicios 1Er Turno,Part Time,Masculino,2004-05-27 00:00:00,2024-11-25 00:00:00,
Viv Monterrico,13816913,2025-03-01 00:00:00,'-,Cajas,Cajero 6X1 2Do Turno,Part Time,Femenino,2002-02-03 00:00:00,2024-01-12 00:00:00,
Viv Monterrico,13816916,2025-03-01 00:00:00,'-,Comidas Preparadas Panadería Y Pastelería,Repres. De Servicios Fds,Part Time,Masculino,2003-06-09 00:00:00,2024-01-12 00:00:00,2025-03-15 00:00:00
Viv Monterrico,14071976,2025-03-01 00:00:00,'-,Cajas,Cajero 3X4,Part Time,Femenino,2004-01-07 00:00:00,2024-02-12 00:00:00,
Viv Monterrico,14229663,2025-03-01 00:00:00,'-,Cajas,Cajero 6X1 2Do Turno,Part Time,Femenino,2005-07-18 00:00:00,2024-02-12 00:00:00,2025-03-17 00:00:00
Viv Monterrico,14270,2025-03-01 00:00:00,'-,"Carnes, Pescados, Fiambres, Frutas & Verduras",Repres. De Servicios,Full Time,Masculino,1972-02-18 00:00:00,2005-11-05 00:00:00,
Viv Monterrico,14470,2025-03-01 00:00:00,'-,Comidas Preparadas Panadería Y Pastelería,Repres. De Servicios,Full Time,Femenino,1988-01-20 00:00:00,2018-07-01 00:00:00,
Viv Monterrico,14618,2025-03-01 00:00:00,'-,Cajas,Cajero 4X3,Part Time,Femenino,1980-03-15 00:00:00,2013-10-01 00:00:00,
Viv Monterrico,14625595,2025-03-01 00:00:00,'-,Cajas,Cajero 6X1 2Do Turno,Part Time,Femenino,2003-12-25 00:00:00,2024-03-08 00:00:00,
Viv Monterrico,14685168,2025-03-01 00:00:00,'-,Cajas,Cajero 3X4,Part Time,Femenino,2002-06-28 00:00:00,2024-09-01 00:00:00,
Viv Monterrico,14685194,2025-03-01 00:00:00,'-,Comidas Preparadas Panadería Y Pastelería,Repres. De Servicios,Full Time,Masculino,2004-10-08 00:00:00,2024-03-15 00:00:00,
Viv Monterrico,14941431,2025-03-01 00:00:00,'-,Cajas,Asistente De Self Check Out Pt,Part Time,Femenino,2002-01-18 00:00:00,2024-04-03 00:00:00,
Viv Monterrico,14978188,2025-03-01 00:00:00,'-,Cajas,Cajero 6X1 2Do Turno,Part Time,Masculino,1999-04-22 00:00:00,2024-04-05 00:00:00,
Viv Monterrico,14978395,2025-03-01 00:00:00,'-,Recepción,Repres. De Servicios,Full Time,Masculino,2005-02-19 00:00:00,2025-02-01 00:00:00,2025-04-01 00:00:00
Viv Monterrico,15079206,2025-03-01 00:00:00,'-,Cajas,Cajero 6X1 1Er Turno,Part Time,Femenino,2003-08-29 00:00:00,2024-04-10 00:00:00,
Viv Monterrico,15146,2025-03-01 00:00:00,'-,Recepción,Repres. De Servicios,Full Time,Masculino,1982-09-29 00:00:00,2014-04-01 00:00:00,
Viv Monterrico,15190653,2025-03-01 00:00:00,'-,Comidas Preparadas,Chef,Full Time,Masculino,1996-04-10 00:00:00,2024-04-15 00:00:00,2025-03-31 00:00:00
Viv Monterrico,15345489,2025-03-01 00:00:00,'-,Cajas,Cajero 6X1 2Do Turno,Part Time,Masculino,2004-08-18 00:00:00,2024-04-24 00:00:00,
Viv Monterrico,15470297,2025-03-01 00:00:00,'-,Cajas,Cajero 6X1 1Er Turno,Part Time,Masculino,2002-08-02 00:00:00,2024-04-29 00:00:00,2025-04-01 00:00:00
Viv Monterrico,15470432,2025-03-01 00:00:00,'-,Sala,Repres. De Servicios 2Do Turno,Part Time,Femenino,1998-08-10 00:00:00,2024-04-29 00:00:00,
Viv Monterrico,15470435,2025-03-01 00:00:00,'-,Cajas,Cajero 6X1 1Er Turno,Part Time,Femenino,2004-03-31 00:00:00,2024-04-29 00:00:00,
Viv Monterrico,15525409,2025-03-01 00:00:00,'-,Almacén,Repres. De Servicios 2Do Turno,Part Time,Masculino,2003-05-22 00:00:00,2024-05-03 00:00:00,
Viv Monterrico,15635412,2025-03-01 00:00:00,'-,Recepción,Repres. De Servicios,Full Time,Masculino,1999-05-06 00:00:00,2024-05-07 00:00:00,
Viv Monterrico,15754298,2025-03-01 00:00:00,'-,Cajas,Cajero 6X1 1Er Turno,Part Time,Femenino,2004-03-15 00:00:00,2024-05-16 00:00:00,
Viv Monterrico,15906554,2025-03-01 00:00:00,'-,Sala,Repres. De Servicios 1Er Turno,Part Time,Masculino,2004-03-07 00:00:00,2024-05-27 00:00:00,
Viv Monterrico,15933876,2025-03-01 00:00:00,'-,Comidas Preparadas Panadería Y Pastelería,Repres. De Servicios 2Do Turno,Part Time,Femenino,2000-09-14 00:00:00,2024-05-30 00:00:00,
Viv Monterrico,16426796,2025-03-01 00:00:00,'-,Cajas,Cajero 6X1 1Er Turno,Part Time,Masculino,2002-10-07 00:00:00,2024-07-30 00:00:00,
Viv Monterrico,16480751,2025-03-01 00:00:00,'-,"Carnes, Pescados, Fiambres, Frutas & Verduras",Repres. De Servicios 1Er Turno,Part Time,Masculino,1998-12-14 00:00:00,2024-08-02 00:00:00,
Viv Monterrico,16648173,2025-03-01 00:00:00,'-,Cajas,Cajero 3X4,Part Time,Masculino,2006-04-14 00:00:00,2024-08-14 00:00:00,
Viv Monterrico,16673709,2025-03-01 00:00:00,'-,Cajas,Cajero 6X1 2Do Turno,Part Time,Femenino,2004-12-26 00:00:00,2024-08-16 00:00:00,2025-04-01 00:00:00
Viv Monterrico,16674385,2025-03-01 00:00:00,'-,Cajas,Cajero 6X1 2Do Turno,Part Time,Masculino,2004-11-04 00:00:00,2024-08-16 00:00:00,
Viv Monterrico,16682026,2025-03-01 00:00:00,'-,Cajas,Cajero 6X1 1Er Turno,Part Time,Masculino,2004-03-16 00:00:00,2024-08-19 00:00:00,
Viv Monterrico,16682031,2025-03-01 00:00:00,'-,Cajas,Cajero 6X1 2Do Turno,Part Time,Femenino,2004-02-25 00:00:00,2024-08-19 00:00:00,
Viv Monterrico,16733483,2025-03-01 00:00:00,'-,Cajas,Cajero 6X1 2Do Turno,Part Time,Femenino,2006-04-29 00:00:00,2024-08-26 00:00:00,
Viv Monterrico,16733509,2025-03-01 00:00:00,'-,"Carnes, Pescados, Fiambres, Frutas & Verduras",Repres. De Servicios,Full Time,Femenino,1996-05-24 00:00:00,2025-01-01 00:00:00,
Viv Monterrico,16754518,2025-03-01 00:00:00,'-,Cajas,Repres. De Servicios,Full Time,Masculino,2005-04-13 00:00:00,2025-02-01 00:00:00,
Viv Monterrico,16848004,2025-03-01 00:00:00,'-,"Carnes, Pescados, Fiambres, Frutas & Verduras",Repres. De Servicios 2Do Turno,Part Time,Masculino,2005-11-16 00:00:00,2024-09-09 00:00:00,2025-03-31 00:00:00
Viv Monterrico,16906777,2025-03-01 00:00:00,'-,Cajas,Asistente De Self Check Out Pt,Part Time,Masculino,2002-02-25 00:00:00,2024-09-13 00:00:00,
Viv Monterrico,16936646,2025-03-01 00:00:00,'-,"Carnes, Pescados, Fiambres, Frutas & Verduras",Repres. De Servicios 2Do Turno,Part Time,Masculino,2005-05-23 00:00:00,2024-09-13 00:00:00,
Viv Monterrico,17002754,2025-03-01 00:00:00,'-,Almacén,Repres. De Servicios 1Er Turno,Part Time,Masculino,1999-09-25 00:00:00,2024-09-18 00:00:00,
Viv Monterrico,17002756,2025-03-01 00:00:00,'-,Comidas Preparadas Panadería Y Pastelería,Repres. De Servicios 2Do Turno,Part Time,Masculino,2003-06-06 00:00:00,2024-09-18 00:00:00,
Viv Monterrico,17164480,2025-03-01 00:00:00,'-,Cajas,Cajero 4X3,Part Time,Femenino,2003-05-09 00:00:00,2024-10-14 00:00:00,
Viv Monterrico,17164485,2025-03-01 00:00:00,'-,Cajas,Cajero 3X4,Part Time,Masculino,2003-07-04 00:00:00,2024-10-14 00:00:00,
Viv Monterrico,17164813,2025-03-01 00:00:00,'-,"Carnes, Pescados, Fiambres, Frutas & Verduras",Repres. De Servicios,Full Time,Masculino,2006-05-22 00:00:00,2025-01-01 00:00:00,2025-03-14 00:00:00
Viv Monterrico,17211153,2025-03-01 00:00:00,'-,Cajas,Cajero 6X1 2Do Turno,Part Time,Femenino,1998-01-06 00:00:00,2024-10-17 00:00:00,
Viv Monterrico,17304722,2025-03-01 00:00:00,'-,Almacén,Repres. De Servicios 1Er Turno,Part Time,Masculino,2003-06-03 00:00:00,2024-10-25 00:00:00,
Viv Monterrico,17367303,2025-03-01 00:00:00,'-,"Carnes, Pescados, Fiambres, Frutas & Verduras",Repres. De Servicios,Full Time,Masculino,2006-08-12 00:00:00,2025-02-01 00:00:00,
Viv Monterrico,17420925,2025-03-01 00:00:00,'-,Cajas,Cajero 3X4,Part Time,Masculino,2001-05-29 00:00:00,2024-11-05 00:00:00,
Viv Monterrico,17436586,2025-03-01 00:00:00,'-,Cajas,Cajero 3X4,Part Time,Masculino,2005-09-08 00:00:00,2024-11-07 00:00:00,
Viv Monterrico,17467498,2025-03-01 00:00:00,'-,Cajas,Cajero 3X4,Part Time,Femenino,1979-02-26 00:00:00,2024-11-12 00:00:00,
Viv Monterrico,17477990,2025-03-01 00:00:00,'-,Cajas,Cajero 6X1 2Do Turno,Part Time,Femenino,2001-09-16 00:00:00,2024-11-13 00:00:00,
Viv Monterrico,17496211,2025-03-01 00:00:00,'-,Cajas,Cajero 6X1 1Er Turno,Part Time,Femenino,1990-03-14 00:00:00,2024-11-15 00:00:00,2025-03-17 00:00:00
Viv Monterrico,17496663,2025-03-01 00:00:00,'-,Cajas,Cajero 6X1 1Er Turno,Part Time,Masculino,2005-03-13 00:00:00,2024-11-15 00:00:00,
Viv Monterrico,17657910,2025-03-01 00:00:00,'-,Cajas,Cajero 3X4,Part Time,Femenino,2002-05-25 00:00:00,2024-11-27 00:00:00,
Viv Monterrico,17680473,2025-03-01 00:00:00,'-,Cajas,Cajero 6X1 2Do Turno,Part Time,Femenino,1988-03-13 00:00:00,2024-11-25 00:00:00,
Viv Monterrico,17683128,2025-03-01 00:00:00,'-,Cajas,Cajero 6X1 2Do Turno,Part Time,Femenino,2004-04-20 00:00:00,2024-11-28 00:00:00,
Viv Monterrico,17783053,2025-03-01 00:00:00,'-,Cajas,Cajero 6X1 1Er Turno,Part Time,Masculino,2004-01-16 00:00:00,2024-12-10 00:00:00,
Viv Monterrico,17796970,2025-03-01 00:00:00,'-,"Carnes, Pescados, Fiambres, Frutas & Verduras",Repres. De Servicios 1Er Turno,Part Time,Femenino,2003-10-06 00:00:00,2024-12-10 00:00:00,
Viv Monterrico,17802989,2025-03-01 00:00:00,'-,Sala,Repres. De Servicios 1Er Turno,Part Time,Femenino,2003-08-02 00:00:00,2024-12-10 00:00:00,
Viv Monterrico,17814866,2025-03-01 00:00:00,'-,Sala,Repres. De Servicios 1Er Turno,Part Time,Femenino,2003-01-28 00:00:00,2024-12-12 00:00:00,
Viv Monterrico,17814916,2025-03-01 00:00:00,'-,Almacén,Repres. De Servicios 1Er Turno,Part Time,Masculino,2004-03-24 00:00:00,2024-12-12 00:00:00,
Viv Monterrico,17820960,2025-03-01 00:00:00,'-,Almacén,Repres. De Servicios 1Er Turno,Part Time,Masculino,2003-09-16 00:00:00,2024-12-13 00:00:00,
Viv Monterrico,17862528,2025-03-01 00:00:00,'-,"Carnes, Pescados, Fiambres, Frutas & Verduras",Repres. De Servicios 2Do Turno,Part Time,Femenino,2006-07-29 00:00:00,2024-12-18 00:00:00,
Viv Monterrico,17958127,2025-03-01 00:00:00,'-,Almacén,Repres. De Servicios 1Er Turno,Part Time,Masculino,2003-05-02 00:00:00,2025-01-24 00:00:00,
Viv Monterrico,17958128,2025-03-01 00:00:00,'-,Cajas,Cajero 6X1 1Er Turno,Part Time,Femenino,2004-11-22 00:00:00,2025-01-24 00:00:00,
Viv Monterrico,17958130,2025-03-01 00:00:00,'-,Cajas,Cajero 3X4,Part Time,Masculino,2006-04-26 00:00:00,2025-01-24 00:00:00,
Viv Monterrico,17958131,2025-03-01 00:00:00,'-,Almacén,Repres. De Servicios 1Er Turno,Part Time,Masculino,2002-04-07 00:00:00,2025-01-24 00:00:00,
Viv Monterrico,17958132,2025-03-01 00:00:00,'-,"Carnes, Pescados, Fiambres, Frutas & Verduras",Repres. De Servicios 1Er Turno,Part Time,Masculino,2004-07-28 00:00:00,2025-01-24 00:00:00,
Viv Monterrico,18211860,2025-03-01 00:00:00,'-,Almacén,Repres. De Servicios 2Do Turno,Part Time,Masculino,2005-12-10 00:00:00,2025-02-20 00:00:00,
Viv Monterrico,18211884,2025-03-01 00:00:00,'-,Cajas,Cajero 6X1 1Er Turno,Part Time,Femenino,2005-08-30 00:00:00,2025-02-20 00:00:00,
Viv Monterrico,18216092,2025-03-01 00:00:00,'-,Cajas,Cajero 6X1 1Er Turno,Part Time,Masculino,2002-04-17 00:00:00,2025-02-25 00:00:00,
Viv Monterrico,18256492,2025-03-01 00:00:00,'-,Cajas,Cajero 6X1 2Do Turno,Part Time,Masculino,2003-02-08 00:00:00,2025-03-04 00:00:00,
Viv Monterrico,18256493,2025-03-01 00:00:00,'-,Cajas,Cajero 6X1 1Er Turno,Part Time,Femenino,2001-12-24 00:00:00,2025-03-04 00:00:00,
Viv Monterrico,18280339,2025-03-01 00:00:00,'-,Cajas,Cajero 6X1 1Er Turno,Part Time,Femenino,2004-08-02 00:00:00,2025-03-07 00:00:00,2025-03-09 00:00:00
Viv Monterrico,18280503,2025-03-01 00:00:00,'-,"Carnes, Pescados, Fiambres, Frutas & Verduras",Repres. De Servicios,Full Time,Femenino,2006-07-22 00:00:00,2025-03-07 00:00:00,
Viv Monterrico,18294378,2025-03-01 00:00:00,'-,"Carnes, Pescados, Fiambres, Frutas & Verduras",Repres. De Servicios 2Do Turno,Part Time,Masculino,2006-10-06 00:00:00,2025-03-11 00:00:00,
Viv Monterrico,18294379,2025-03-01 00:00:00,'-,"Carnes, Pescados, Fiambres, Frutas & Verduras",Repres. De Servicios 2Do Turno,Part Time,Masculino,2002-01-09 00:00:00,2025-03-11 00:00:00,
Viv Monterrico,18294404,2025-03-01 00:00:00,'-,"Carnes, Pescados, Fiambres, Frutas & Verduras",Repres. De Servicios 2Do Turno,Part Time,Masculino,2006-02-13 00:00:00,2025-03-11 00:00:00,
Viv Monterrico,18294821,2025-03-01 00:00:00,'-,"Carnes, Pescados, Fiambres, Frutas & Verduras",Repres. De Servicios,Full Time,Masculino,2001-02-11 00:00:00,2025-03-11 00:00:00,
Viv Monterrico,18300309,2025-03-01 00:00:00,'-,Cajas,Asistente De Self Check Out Pt,Part Time,Masculino,2002-10-08 00:00:00,2025-03-12 00:00:00,
Viv Monterrico,18338674,2025-03-01 00:00:00,'-,"Carnes, Pescados, Fiambres, Frutas & Verduras",Repres. De Servicios 5X2 2Do Turno,Part Time,Masculino,2003-11-07 00:00:00,2025-03-24 00:00:00,
Viv Monterrico,18338681,2025-03-01 00:00:00,'-,Sala,Repres. De Servicios 5X2 2Do Turno,Part Time,Femenino,1993-12-15 00:00:00,2025-03-24 00:00:00,
Viv Monterrico,18396,2025-03-01 00:00:00,'-,"Carnes, Pescados, Fiambres, Frutas & Verduras",Repres. De Servicios I,Full Time,Femenino,1982-06-03 00:00:00,2013-09-09 00:00:00,
Viv Monterrico,202051,2025-03-01 00:00:00,'-,"Carnes, Pescados, Fiambres, Frutas & Verduras",Jefe De Seccion,Full Time,Masculino,1993-01-05 00:00:00,2018-09-01 00:00:00,
Viv Monterrico,203197,2025-03-01 00:00:00,'-,Cajas,Supervisor De Cajeros,Full Time,Masculino,1993-06-08 00:00:00,2018-12-01 00:00:00,
Viv Monterrico,204123,2025-03-01 00:00:00,'-,Sala,Repres. De Servicios,Full Time,Femenino,1984-11-24 00:00:00,2018-06-26 00:00:00,
Viv Monterrico,21073,2025-03-01 00:00:00,'-,"Carnes, Pescados, Fiambres, Frutas & Verduras",Repres. De Servicios,Full Time,Masculino,1978-11-03 00:00:00,2008-09-01 00:00:00,
Viv Monterrico,21097,2025-03-01 00:00:00,'-,Almacén,Jefe De Seccion Eo,Full Time,Masculino,1965-04-05 00:00:00,1988-04-02 00:00:00,
Viv Monterrico,21184,2025-03-01 00:00:00,'-,Administración,Asistente De Tienda,Full Time,Femenino,1986-05-18 00:00:00,2012-01-05 00:00:00,
Viv Monterrico,21347,2025-03-01 00:00:00,'-,Sala,Repres. De Servicios I,Full Time,Masculino,1979-04-19 00:00:00,2011-02-10 00:00:00,
Viv Monterrico,22090,2025-03-01 00:00:00,'-,Sala,Repres. De Servicios I,Full Time,Femenino,1990-06-24 00:00:00,2019-05-01 00:00:00,
Viv Monterrico,233971,2025-03-01 00:00:00,'-,Cajas,Repres. De Servicios,Full Time,Masculino,1999-06-09 00:00:00,2018-09-14 00:00:00,
Viv Monterrico,235488,2025-03-01 00:00:00,'-,"Carnes, Pescados, Fiambres, Frutas & Verduras",Repres. De Servicios,Full Time,Femenino,1977-09-25 00:00:00,2020-01-01 00:00:00,
Viv Monterrico,241468,2025-03-01 00:00:00,'-,Sala,Repres. De Servicios,Full Time,Masculino,1985-11-16 00:00:00,2018-11-15 00:00:00,
Viv Monterrico,2452,2025-03-01 00:00:00,'-,Cajas,Repres. De Servicios,Part Time,Masculino,1997-06-12 00:00:00,2022-12-01 00:00:00,
Viv Monterrico,245990,2025-03-01 00:00:00,'-,Cajas,Cajero 5X2,Full Time,Masculino,1989-09-26 00:00:00,2018-12-18 00:00:00,
Viv Monterrico,24975,2025-03-01 00:00:00,'-,Cajas,Jefe De Seccion,Full Time,Femenino,1982-05-15 00:00:00,2012-08-06 00:00:00,
Viv Monterrico,266268,2025-03-01 00:00:00,'-,"Carnes, Pescados, Fiambres, Frutas & Verduras",Repres. De Servicios,Full Time,Masculino,2000-11-08 00:00:00,2023-12-11 00:00:00,
Viv Monterrico,269011,2025-03-01 00:00:00,'-,Administración,Gerente De Tienda,Full Time,Femenino,1985-09-14 00:00:00,2019-04-01 00:00:00,
Viv Monterrico,27172,2025-03-01 00:00:00,'-,Comidas Preparadas Panadería Y Pastelería,Repres. De Servicios I,Full Time,Femenino,1992-08-05 00:00:00,2015-06-08 00:00:00,
Viv Monterrico,27570,2025-03-01 00:00:00,'-,Comidas Preparadas Panadería Y Pastelería,Repres. De Servicios,Full Time,Femenino,1979-03-22 00:00:00,2015-09-01 00:00:00,
Viv Monterrico,276932,2025-03-01 00:00:00,'-,Cajas,Representante De Servicio D,Part Time,Masculino,1979-03-26 00:00:00,2019-08-02 00:00:00,
Viv Monterrico,277146,2025-03-01 00:00:00,'-,Sala,Repres. De Servicios 1Er Turno,Part Time,Masculino,2000-12-20 00:00:00,2022-05-01 00:00:00,2025-04-01 00:00:00
Viv Monterrico,284648,2025-03-01 00:00:00,'-,Comidas Preparadas Panadería Y Pastelería,Repres. De Servicios,Full Time,Femenino,1998-01-12 00:00:00,2020-03-01 00:00:00,
Viv Monterrico,299199,2025-03-01 00:00:00,'-,Sala,Representante De Servicio D,Part Time,Femenino,1965-08-29 00:00:00,2019-12-10 00:00:00,
Viv Monterrico,31001,2025-03-01 00:00:00,'-,Recepción E Inventarios,Auxiliar De Inventarios,Full Time,Femenino,1993-09-25 00:00:00,2016-01-01 00:00:00,
Viv Monterrico,31454,2025-03-01 00:00:00,'-,Sala,Especialista En Bebidas,Full Time,Masculino,1997-05-16 00:00:00,2016-01-18 00:00:00,2025-03-15 00:00:00
Viv Monterrico,31936,2025-03-01 00:00:00,'-,Cajas,Supervisor De Cajeros,Full Time,Femenino,1985-02-13 00:00:00,2016-02-01 00:00:00,
Viv Monterrico,34551,2025-03-01 00:00:00,'-,Recepción,Repres. De Servicios,Full Time,Femenino,1987-11-06 00:00:00,2016-02-17 00:00:00,
Viv Monterrico,36599,2025-03-01 00:00:00,'-,"Carnes, Pescados, Fiambres, Frutas & Verduras",Repres. De Servicios,Full Time,Femenino,1982-11-15 00:00:00,2016-03-02 00:00:00,
Viv Monterrico,3705,2025-03-01 00:00:00,'-,Administración,Jefe Entrenador,Full Time,Masculino,1968-12-14 00:00:00,2004-04-01 00:00:00,
Viv Monterrico,38464,2025-03-01 00:00:00,'-,Cajas,Cajero 5X2,Full Time,Femenino,1976-11-28 00:00:00,2018-02-01 00:00:00,
Viv Monterrico,40160,2025-03-01 00:00:00,'-,Cajas,Repres. De Servicios,Part Time,Masculino,1992-12-07 00:00:00,2016-05-04 00:00:00,
Viv Monterrico,41959,2025-03-01 00:00:00,'-,"Carnes, Pescados, Fiambres, Frutas & Verduras",Repres. De Servicios,Full Time,Femenino,1973-06-24 00:00:00,2016-07-08 00:00:00,
Viv Monterrico,41985,2025-03-01 00:00:00,'-,Sala,Jefe De Seccion,Full Time,Masculino,1997-01-23 00:00:00,2018-03-01 00:00:00,
Viv Monterrico,51793,2025-03-01 00:00:00,'-,Administración,Coordinador De Operaciones Iga,Full Time,Femenino,1993-11-12 00:00:00,2022-02-01 00:00:00,
Viv Monterrico,6265241,2025-03-01 00:00:00,'-,Cajas,Asistente De Self Check Out Pt,Part Time,Masculino,2002-02-28 00:00:00,2021-04-22 00:00:00,2025-03-31 00:00:00
Viv Monterrico,6990,2025-03-01 00:00:00,'-,Comidas Preparadas Panadería Y Pastelería,Repres. De Servicios Eo,Full Time,Masculino,1964-03-29 00:00:00,2007-09-01 00:00:00,
Viv Monterrico,7178,2025-03-01 00:00:00,'-,Comidas Preparadas Panadería Y Pastelería,Repres. De Servicios,Full Time,Femenino,1991-04-30 00:00:00,2012-04-01 00:00:00,
Viv Monterrico,7280,2025-03-01 00:00:00,'-,"Carnes, Pescados, Fiambres, Frutas & Verduras",Repres. De Servicios Eo,Full Time,Femenino,1962-07-30 00:00:00,1997-12-01 00:00:00,
Viv Monterrico,7325,2025-03-01 00:00:00,'-,Cajas,Supervisor De Cajeros,Full Time,Femenino,1992-07-21 00:00:00,2019-11-29 00:00:00,
Viv Monterrico,8668,2025-03-01 00:00:00,'-,Sala,Repres. De Servicios,Full Time,Femenino,1983-02-21 00:00:00,2020-02-26 00:00:00,
Viv Monterrico,9517389,2025-03-01 00:00:00,'-,Cajas,Cajero 3X4,Part Time,Femenino,2002-04-29 00:00:00,2021-11-30 00:00:00,
Viv Monterrico,9734259,2025-03-01 00:00:00,'-,Sala,Repres. De Servicios 2Do Turno,Part Time,Femenino,2001-04-22 00:00:00,2022-01-21 00:00:00,
Viv Monterrico,9864173,2025-03-01 00:00:00,'-,Cajas,Asistente De Self Check Out Pt,Part Time,Masculino,2002-04-18 00:00:00,2024-02-21 00:00:00,
Pvea Miraflores,108279,2025-02-01 00:00:00,'-,Sala,Multifuncional,Full Time,Masculino,1999-06-19 00:00:00,2024-11-01 00:00:00,
Pvea Miraflores,10922,2025-02-01 00:00:00,'-,Administración,Subgerente De Tienda,Full Time,Masculino,1989-05-26 00:00:00,2008-04-02 00:00:00,
Pvea Miraflores,11244,2025-02-01 00:00:00,'-,Recepción E Inventarios,Auxiliar De Inventarios,Full Time,Masculino,1992-07-22 00:00:00,2013-07-11 00:00:00,
Pvea Miraflores,11334373,2025-02-01 00:00:00,'-,Cajas,Multifuncional,Full Time,Masculino,2002-06-23 00:00:00,2024-07-01 00:00:00,
Pvea Miraflores,11467819,2025-02-01 00:00:00,'-,Sala Frescos,Repres. De Servicios 2Do Turno,Part Time,Femenino,2002-08-04 00:00:00,2022-10-26 00:00:00,
Pvea Miraflores,11471369,2025-02-01 00:00:00,'-,Cajas,Multifuncional 1Er Turno,Part Time,Masculino,2001-11-07 00:00:00,2022-10-28 00:00:00,
Pvea Miraflores,11639932,2025-02-01 00:00:00,'-,Sala Frescos,Repres. De Servicios 2Do Turno,Part Time,Masculino,2004-11-02 00:00:00,2023-01-24 00:00:00,
Pvea Miraflores,11640264,2025-02-01 00:00:00,'-,Cajas,Asistente De Self Check Out Pt,Part Time,Masculino,2002-09-28 00:00:00,2022-12-01 00:00:00,
Pvea Miraflores,11670565,2025-02-01 00:00:00,'-,Cajas,Multifuncional 2Do Turno,Part Time,Femenino,1990-06-09 00:00:00,2022-12-06 00:00:00,
Pvea Miraflores,11721792,2025-02-01 00:00:00,'-,Sala Frescos,Repres. De Servicios,Full Time,Masculino,2002-04-17 00:00:00,2024-04-03 00:00:00,
Pvea Miraflores,1173,2025-02-01 00:00:00,'-,Sala Frescos,Repres. De Servicios I,Full Time,Femenino,1980-08-21 00:00:00,2014-08-05 00:00:00,
Pvea Miraflores,11755194,2025-02-01 00:00:00,'-,Cajas,Multifuncional 1Er Turno,Part Time,Femenino,2004-07-24 00:00:00,2023-01-13 00:00:00,
Pvea Miraflores,11919846,2025-02-01 00:00:00,'-,Recepción,Repres. De Servicios,Full Time,Masculino,2004-10-27 00:00:00,2024-05-01 00:00:00,
Pvea Miraflores,11966281,2025-02-01 00:00:00,'-,Cajas,Multifuncional,Part Time,Masculino,2001-03-03 00:00:00,2023-03-06 00:00:00,2025-02-03 00:00:00
Pvea Miraflores,11966958,2025-02-01 00:00:00,'-,Sala Frescos,Repres. De Servicios,Full Time,Masculino,1998-10-25 00:00:00,2023-03-10 00:00:00,
Pvea Miraflores,11967461,2025-02-01 00:00:00,'-,Cajas,Multifuncional,Part Time,Masculino,2002-12-08 00:00:00,2024-03-26 00:00:00,
Pvea Miraflores,11968470,2025-02-01 00:00:00,'-,Sala Frescos,Repres. De Servicios,Full Time,Femenino,2004-12-19 00:00:00,2023-03-21 00:00:00,
Pvea Miraflores,11968493,2025-02-01 00:00:00,'-,Cajas,Multifuncional,Full Time,Femenino,1983-01-31 00:00:00,2024-04-01 00:00:00,
Pvea Miraflores,1197572,2025-02-01 00:00:00,'-,Recepción E Inventarios,Auxiliar De Inventarios,Full Time,Masculino,1996-10-18 00:00:00,2024-05-06 00:00:00,
Pvea Miraflores,11975834,2025-02-01 00:00:00,'-,Sala Frescos,Repres. De Servicios,Full Time,Femenino,1990-07-17 00:00:00,2023-03-24 00:00:00,
Pvea Miraflores,11995789,2025-02-01 00:00:00,'-,Almacén Frescos,Repres. De Servicios I,Full Time,Masculino,2001-01-20 00:00:00,2024-04-01 00:00:00,
Pvea Miraflores,11999841,2025-02-01 00:00:00,'-,Almacén,Repres. De Servicios 2Do Turno,Part Time,Masculino,2003-08-22 00:00:00,2023-03-31 00:00:00,
Pvea Miraflores,12020890,2025-02-01 00:00:00,'-,Sala Frescos,Repres. De Servicios,Full Time,Femenino,2004-08-03 00:00:00,2023-04-05 00:00:00,
Pvea Miraflores,12064373,2025-02-01 00:00:00,'-,Sala Frescos,Repres. De Servicios,Full Time,Masculino,1995-10-25 00:00:00,2024-04-01 00:00:00,
Pvea Miraflores,12069362,2025-02-01 00:00:00,'-,Almacén,Repres. De Servicios 2Do Turno,Part Time,Masculino,2003-04-10 00:00:00,2023-04-20 00:00:00,
Pvea Miraflores,12103908,2025-02-01 00:00:00,'-,Almacén,Repres. De Servicios 2Do Turno,Part Time,Masculino,1997-12-27 00:00:00,2023-04-27 00:00:00,
Pvea Miraflores,12103937,2025-02-01 00:00:00,'-,Almacén Frescos,Repres. De Servicios,Full Time,Masculino,1993-04-22 00:00:00,2023-04-27 00:00:00,
Pvea Miraflores,12179662,2025-02-01 00:00:00,'-,Sala Frescos,Chef,Full Time,Femenino,2004-05-07 00:00:00,2024-07-01 00:00:00,
Pvea Miraflores,12179728,2025-02-01 00:00:00,'-,Sala,Multifuncional 2Do Turno,Part Time,Masculino,1991-06-16 00:00:00,2024-05-15 00:00:00,2025-02-28 00:00:00
Pvea Miraflores,12302,2025-02-01 00:00:00,'-,Recepción,Repres. De Servicios,Full Time,Masculino,1974-10-26 00:00:00,2019-01-22 00:00:00,
Pvea Miraflores,12341116,2025-02-01 00:00:00,'-,Cajas,Multifuncional 1Er Turno,Part Time,Femenino,2002-07-31 00:00:00,2023-07-14 00:00:00,
Pvea Miraflores,12478604,2025-02-01 00:00:00,'-,Cajas,Multifuncional,Part Time,Masculino,2003-06-28 00:00:00,2023-08-17 00:00:00,
Pvea Miraflores,12660368,2025-02-01 00:00:00,'-,Cajas,Multifuncional 2Do Turno,Part Time,Masculino,2003-03-30 00:00:00,2023-09-08 00:00:00,
Pvea Miraflores,12660703,2025-02-01 00:00:00,'-,Almacén,Repres. De Servicios I,Full Time,Masculino,2001-10-17 00:00:00,2024-05-01 00:00:00,
Pvea Miraflores,12930960,2025-02-01 00:00:00,'-,Cajas,Multifuncional,Full Time,Femenino,2003-02-02 00:00:00,2024-06-01 00:00:00,
Pvea Miraflores,13218619,2025-02-01 00:00:00,'-,Cajas,Multifuncional 1Er Turno,Part Time,Femenino,1992-08-16 00:00:00,2023-11-03 00:00:00,
Pvea Miraflores,13800552,2025-02-01 00:00:00,'-,Almacén Frescos,Repres. De Servicios,Full Time,Masculino,1975-09-29 00:00:00,2024-01-10 00:00:00,
Pvea Miraflores,13922785,2025-02-01 00:00:00,'-,Cajas,Multifuncional,Part Time,Femenino,2005-06-30 00:00:00,2024-01-24 00:00:00,
Pvea Miraflores,14000762,2025-02-01 00:00:00,'-,Sala Frescos,Repres. De Servicios Fds,Part Time,Femenino,2003-11-06 00:00:00,2024-02-06 00:00:00,
Pvea Miraflores,14000816,2025-02-01 00:00:00,'-,Sala Frescos,Repres. De Servicios,Full Time,Femenino,2002-09-16 00:00:00,2024-02-06 00:00:00,
Pvea Miraflores,14000818,2025-02-01 00:00:00,'-,Sala,Multifuncional 1Er Turno,Part Time,Masculino,2003-05-09 00:00:00,2024-02-06 00:00:00,
Pvea Miraflores,14198239,2025-02-01 00:00:00,'-,Sala Frescos,Repres. De Servicios 2Do Turno,Part Time,Femenino,2005-08-10 00:00:00,2024-02-14 00:00:00,
Pvea Miraflores,14234670,2025-02-01 00:00:00,'-,Cajas,Multifuncional,Part Time,Masculino,2002-08-01 00:00:00,2024-11-25 00:00:00,
Pvea Miraflores,14574,2025-02-01 00:00:00,'-,Sala,Repres. De Servicios I,Full Time,Masculino,1969-09-18 00:00:00,2013-09-19 00:00:00,
Pvea Miraflores,14600088,2025-02-01 00:00:00,'-,Almacén Frescos,Repres. De Servicios,Full Time,Masculino,2005-01-18 00:00:00,2024-03-05 00:00:00,
Pvea Miraflores,14623587,2025-02-01 00:00:00,'-,Recepción,Repres. De Servicios,Full Time,Masculino,2003-04-15 00:00:00,2024-12-02 00:00:00,2025-02-28 00:00:00
Pvea Miraflores,14662123,2025-02-01 00:00:00,'-,Cajas,Multifuncional 2Do Turno,Part Time,Femenino,2002-11-02 00:00:00,2024-03-13 00:00:00,2025-02-28 00:00:00
Pvea Miraflores,14672845,2025-02-01 00:00:00,'-,Cajas,Multifuncional 2Do Turno,Part Time,Femenino,2005-10-29 00:00:00,2024-03-14 00:00:00,
Pvea Miraflores,14683987,2025-02-01 00:00:00,'-,Cajas,Supervisor De Cajeros,Full Time,Femenino,2003-01-11 00:00:00,2025-01-01 00:00:00,
Pvea Miraflores,14684378,2025-02-01 00:00:00,'-,Cajas,Multifuncional Fds,Part Time,Femenino,2004-11-16 00:00:00,2024-03-15 00:00:00,
Pvea Miraflores,14762864,2025-02-01 00:00:00,'-,Cajas,Multifuncional 2Do Turno,Part Time,Femenino,2003-07-01 00:00:00,2024-03-14 00:00:00,
Pvea Miraflores,14788176,2025-02-01 00:00:00,'-,Sala Frescos,Repres. De Servicios 1Er Turno,Part Time,Femenino,2005-04-15 00:00:00,2024-03-21 00:00:00,
Pvea Miraflores,14788217,2025-02-01 00:00:00,'-,Cajas,Multifuncional 1Er Turno,Part Time,Femenino,1998-11-15 00:00:00,2024-03-21 00:00:00,
Pvea Miraflores,14788218,2025-02-01 00:00:00,'-,Cajas,Multifuncional 2Do Turno,Part Time,Femenino,2003-06-18 00:00:00,2024-03-21 00:00:00,2025-02-01 00:00:00
Pvea Miraflores,14788228,2025-02-01 00:00:00,'-,Sala Frescos,Repres. De Servicios,Full Time,Femenino,1971-12-13 00:00:00,2024-07-01 00:00:00,
Pvea Miraflores,14830,2025-02-01 00:00:00,'-,Cajas,Jefe De Seccion,Full Time,Femenino,1987-04-02 00:00:00,2014-02-12 00:00:00,
Pvea Miraflores,14858577,2025-02-01 00:00:00,'-,Cajas,Multifuncional,Full Time,Masculino,2006-01-14 00:00:00,2024-09-01 00:00:00,
Pvea Miraflores,14858579,2025-02-01 00:00:00,'-,Cajas,Multifuncional,Full Time,Masculino,2005-06-16 00:00:00,2024-11-01 00:00:00,
Pvea Miraflores,14858766,2025-02-01 00:00:00,'-,Sala Frescos,Repres. De Servicios,Full Time,Femenino,1975-10-04 00:00:00,2025-01-01 00:00:00,
Pvea Miraflores,14860022,2025-02-01 00:00:00,'-,Cajas,Asistente De Self Check Out Pt,Part Time,Femenino,2004-12-28 00:00:00,2024-03-26 00:00:00,
Pvea Miraflores,15262551,2025-02-01 00:00:00,'-,Sala Frescos,Repres. De Servicios,Full Time,Femenino,2003-02-05 00:00:00,2024-04-19 00:00:00,
Pvea Miraflores,15329,2025-02-01 00:00:00,'-,Sala Frescos,Repres. De Servicios,Full Time,Masculino,1980-09-20 00:00:00,2014-10-15 00:00:00,
Pvea Miraflores,15345670,2025-02-01 00:00:00,'-,Cajas,Multifuncional,Full Time,Femenino,1989-10-30 00:00:00,2024-09-01 00:00:00,2025-02-28 00:00:00
Pvea Miraflores,15345714,2025-02-01 00:00:00,'-,Almacén Frescos,Repres. De Servicios,Full Time,Masculino,2001-09-15 00:00:00,2024-04-24 00:00:00,
Pvea Miraflores,15470720,2025-02-01 00:00:00,'-,Sala,Multifuncional 2Do Turno,Part Time,Femenino,2005-07-13 00:00:00,2024-04-29 00:00:00,
Pvea Miraflores,15661786,2025-02-01 00:00:00,'-,Cajas,Asistente De Self Check Out Pt,Part Time,Femenino,2004-04-09 00:00:00,2024-05-08 00:00:00,
Pvea Miraflores,15853619,2025-02-01 00:00:00,'-,Sala,Multifuncional 2Do Turno,Part Time,Masculino,1990-03-27 00:00:00,2024-05-21 00:00:00,
Pvea Miraflores,15874352,2025-02-01 00:00:00,'-,Cajas,Multifuncional 1Er Turno,Part Time,Masculino,2003-05-10 00:00:00,2024-05-23 00:00:00,
Pvea Miraflores,15968821,2025-02-01 00:00:00,'-,Cajas,Multifuncional 1Er Turno,Part Time,Masculino,2005-06-04 00:00:00,2024-06-04 00:00:00,
Pvea Miraflores,15985097,2025-02-01 00:00:00,'-,Sala Frescos,Repres. De Servicios 2Do Turno,Part Time,Masculino,2002-01-04 00:00:00,2024-06-06 00:00:00,
Pvea Miraflores,16025222,2025-02-01 00:00:00,'-,Sala,Multifuncional 2Do Turno,Part Time,Masculino,2006-03-03 00:00:00,2024-06-17 00:00:00,
Pvea Miraflores,16069169,2025-02-01 00:00:00,'-,Sala Frescos,Repres. De Servicios 1Er Turno,Part Time,Femenino,2001-06-26 00:00:00,2024-06-28 00:00:00,
Pvea Miraflores,16102232,2025-02-01 00:00:00,'-,Sala,Multifuncional 2Do Turno,Part Time,Masculino,2004-08-03 00:00:00,2024-07-03 00:00:00,
Pvea Miraflores,16480681,2025-02-01 00:00:00,'-,Cajas,Multifuncional Fds,Part Time,Masculino,2005-02-13 00:00:00,2024-08-02 00:00:00,
Pvea Miraflores,16488687,2025-02-01 00:00:00,'-,Cajas,Multifuncional,Part Time,Femenino,2006-03-09 00:00:00,2024-08-05 00:00:00,
Pvea Miraflores,16599143,2025-02-01 00:00:00,'-,Sala Frescos,Repres. De Servicios 1Er Turno,Part Time,Masculino,1979-07-19 00:00:00,2024-08-09 00:00:00,
Pvea Miraflores,167,2025-02-01 00:00:00,'-,Administración,Asistente De Tienda,Full Time,Femenino,1982-10-31 00:00:00,2005-05-01 00:00:00,
Pvea Miraflores,16717072,2025-02-01 00:00:00,'-,Almacén,Repres. De Servicios 2Do Turno,Part Time,Femenino,2006-03-10 00:00:00,2024-08-22 00:00:00,2025-03-01 00:00:00
Pvea Miraflores,16858680,2025-02-01 00:00:00,'-,Electro,Repres. De Servicios,Full Time,Masculino,2005-05-14 00:00:00,2024-12-01 00:00:00,
Pvea Miraflores,16867095,2025-02-01 00:00:00,'-,Cajas,Multifuncional 1Er Turno,Part Time,Femenino,2006-03-15 00:00:00,2024-09-11 00:00:00,
Pvea Miraflores,16976705,2025-02-01 00:00:00,'-,Sala Frescos,Repres. De Servicios 2Do Turno,Part Time,Masculino,2004-08-13 00:00:00,2024-09-13 00:00:00,
Pvea Miraflores,16981187,2025-02-01 00:00:00,'-,Cajas,Multifuncional 1Er Turno,Part Time,Femenino,2004-10-16 00:00:00,2024-09-11 00:00:00,2025-02-28 00:00:00
Pvea Miraflores,17014057,2025-02-01 00:00:00,'-,Sala Frescos,Repres. De Servicios 1Er Turno,Part Time,Femenino,2004-06-19 00:00:00,2024-09-19 00:00:00,2025-02-28 00:00:00
Pvea Miraflores,17293470,2025-02-01 00:00:00,'-,Cajas,Multifuncional,Part Time,Femenino,2006-10-08 00:00:00,2024-10-24 00:00:00,
Pvea Miraflores,17304094,2025-02-01 00:00:00,'-,Recepción,Repres. De Servicios 2Do Turno,Part Time,Masculino,2004-07-30 00:00:00,2024-10-25 00:00:00,
Pvea Miraflores,17304197,2025-02-01 00:00:00,'-,Sala Frescos,Repres. De Servicios Fds,Part Time,Femenino,2003-10-09 00:00:00,2024-10-25 00:00:00,
Pvea Miraflores,17468662,2025-02-01 00:00:00,'-,Cajas,Multifuncional,Part Time,Masculino,2005-08-19 00:00:00,2024-11-12 00:00:00,
Pvea Miraflores,17469240,2025-02-01 00:00:00,'-,Sala Frescos,Repres. De Servicios Fds,Part Time,Femenino,1993-11-13 00:00:00,2024-11-12 00:00:00,
Pvea Miraflores,17487266,2025-02-01 00:00:00,'-,Cajas,Multifuncional 2Do Turno,Part Time,Femenino,2006-06-27 00:00:00,2024-11-14 00:00:00,
Pvea Miraflores,17487277,2025-02-01 00:00:00,'-,Cajas,Multifuncional,Full Time,Femenino,1999-02-12 00:00:00,2024-11-14 00:00:00,2025-02-15 00:00:00
Pvea Miraflores,17487991,2025-02-01 00:00:00,'-,Cajas,Multifuncional,Full Time,Femenino,2006-05-23 00:00:00,2024-11-14 00:00:00,2025-02-03 00:00:00
Pvea Miraflores,17533975,2025-02-01 00:00:00,'-,Cajas,Multifuncional,Full Time,Femenino,2005-09-08 00:00:00,2024-11-18 00:00:00,
Pvea Miraflores,17533983,2025-02-01 00:00:00,'-,Cajas,Representante De Servicio D,Part Time,Masculino,1995-04-11 00:00:00,2024-11-19 00:00:00,
Pvea Miraflores,17539280,2025-02-01 00:00:00,'-,Almacén,Repres. De Servicios,Full Time,Masculino,2006-02-26 00:00:00,2024-11-21 00:00:00,
Pvea Miraflores,17539285,2025-02-01 00:00:00,'-,Almacén,Repres. De Servicios 2Do Turno,Part Time,Masculino,2004-08-30 00:00:00,2024-11-21 00:00:00,2025-02-28 00:00:00
Pvea Miraflores,17577229,2025-02-01 00:00:00,'-,Cajas,Multifuncional,Part Time,Masculino,1996-03-16 00:00:00,2024-11-25 00:00:00,
Pvea Miraflores,17577248,2025-02-01 00:00:00,'-,Cajas,Multifuncional 1Er Turno,Part Time,Femenino,2002-04-09 00:00:00,2024-11-25 00:00:00,
Pvea Miraflores,17577253,2025-02-01 00:00:00,'-,Cajas,Multifuncional,Part Time,Masculino,2004-09-03 00:00:00,2024-11-25 00:00:00,2025-03-08 00:00:00
Pvea Miraflores,17640369,2025-02-01 00:00:00,'-,Cajas,Multifuncional,Full Time,Femenino,1990-05-27 00:00:00,2024-11-25 00:00:00,
Pvea Miraflores,17657,2025-02-01 00:00:00,'-,Recepción E Inventarios,Auxiliar De Inventarios,Full Time,Masculino,1984-11-17 00:00:00,2011-09-05 00:00:00,
Pvea Miraflores,17661583,2025-02-01 00:00:00,'-,Cajas,Multifuncional Fds,Part Time,Femenino,2006-11-10 00:00:00,2024-11-27 00:00:00,
Pvea Miraflores,17678918,2025-02-01 00:00:00,'-,Almacén,Repres. De Servicios,Full Time,Masculino,2005-07-25 00:00:00,2024-11-28 00:00:00,2025-02-15 00:00:00
Pvea Miraflores,17732286,2025-02-01 00:00:00,'-,Cajas,Multifuncional 2Do Turno,Part Time,Femenino,1988-11-21 00:00:00,2024-12-06 00:00:00,
Pvea Miraflores,17732520,2025-02-01 00:00:00,'-,Cajas,Repres. De Servicios,Full Time,Femenino,2001-07-23 00:00:00,2024-12-06 00:00:00,
Pvea Miraflores,17732526,2025-02-01 00:00:00,'-,Cajas,Repres. De Servicios,Full Time,Femenino,2004-07-24 00:00:00,2024-12-06 00:00:00,
Pvea Miraflores,17782950,2025-02-01 00:00:00,'-,Cajas,Multifuncional 1Er Turno,Part Time,Femenino,2006-09-27 00:00:00,2024-12-11 00:00:00,
Pvea Miraflores,17791543,2025-02-01 00:00:00,'-,Sala,Multifuncional Peak Campaña,Part Time,Masculino,2004-10-28 00:00:00,2024-12-10 00:00:00,2025-02-02 00:00:00
Pvea Miraflores,17820963,2025-02-01 00:00:00,'-,Cajas,Multifuncional 2Do Turno,Part Time,Femenino,2005-12-30 00:00:00,2024-12-13 00:00:00,2025-03-16 00:00:00
Pvea Miraflores,17821102,2025-02-01 00:00:00,'-,Sala Frescos,Repres. De Servicios,Full Time,Femenino,2006-03-23 00:00:00,2024-12-13 00:00:00,2025-02-17 00:00:00
Pvea Miraflores,17830355,2025-02-01 00:00:00,'-,Cajas,Multifuncional 2Do Turno,Part Time,Femenino,2006-09-05 00:00:00,2024-12-16 00:00:00,2025-03-16 00:00:00
Pvea Miraflores,17833376,2025-02-01 00:00:00,'-,Cajas,Multifuncional 2Do Turno,Part Time,Masculino,2002-02-20 00:00:00,2024-12-17 00:00:00,
Pvea Miraflores,17835502,2025-02-01 00:00:00,'-,Cajas,Repres. De Servicios,Part Time,Masculino,2002-09-12 00:00:00,2024-12-19 00:00:00,
Pvea Miraflores,17835529,2025-02-01 00:00:00,'-,Cajas,Multifuncional 2Do Turno,Part Time,Femenino,1979-03-14 00:00:00,2024-12-19 00:00:00,
Pvea Miraflores,17835549,2025-02-01 00:00:00,'-,Sala Frescos,Repres. De Servicios 2Do Turno,Part Time,Femenino,2005-03-22 00:00:00,2024-12-19 00:00:00,
Pvea Miraflores,17861149,2025-02-01 00:00:00,'-,Cajas,Multifuncional 2Do Turno,Part Time,Masculino,2006-03-29 00:00:00,2024-12-23 00:00:00,
Pvea Miraflores,17861284,2025-02-01 00:00:00,'-,Cajas,Repres. De Servicios,Full Time,Femenino,2006-07-29 00:00:00,2024-12-23 00:00:00,
Pvea Miraflores,17908056,2025-02-01 00:00:00,'-,Sala Frescos,Repres. De Servicios 2Do Turno,Part Time,Femenino,2005-07-23 00:00:00,2024-12-30 00:00:00,
Pvea Miraflores,17955881,2025-02-01 00:00:00,'-,Sala,Repres. De Servicios,Part Time,Masculino,2002-06-08 00:00:00,2025-01-23 00:00:00,
Pvea Miraflores,17955883,2025-02-01 00:00:00,'-,Sala,Repres. De Servicios,Part Time,Masculino,2005-10-21 00:00:00,2025-01-23 00:00:00,
Pvea Miraflores,17958347,2025-02-01 00:00:00,'-,Recepción,Repres. De Servicios,Full Time,Masculino,2006-11-14 00:00:00,2025-01-24 00:00:00,2025-02-01 00:00:00
Pvea Miraflores,17958354,2025-02-01 00:00:00,'-,Almacén,Repres. De Servicios,Full Time,Masculino,2004-12-02 00:00:00,2025-01-24 00:00:00,
Pvea Miraflores,17958355,2025-02-01 00:00:00,'-,Sala Frescos,Repres. De Servicios,Full Time,Femenino,2005-01-09 00:00:00,2025-01-24 00:00:00,2025-02-01 00:00:00
Pvea Miraflores,17992918,2025-02-01 00:00:00,'-,Cajas,Repres. De Servicios,Part Time,Masculino,2005-02-11 00:00:00,2025-01-28 00:00:00,
Pvea Miraflores,17993317,2025-02-01 00:00:00,'-,Cajas,Multifuncional,Part Time,Femenino,2003-11-01 00:00:00,2025-01-28 00:00:00,
Pvea Miraflores,17993500,2025-02-01 00:00:00,'-,Cajas,Repres. De Servicios,Full Time,Masculino,2005-07-03 00:00:00,2025-01-28 00:00:00,
Pvea Miraflores,17994397,2025-02-01 00:00:00,'-,Sala Frescos,Repres. De Servicios 2Do Turno,Part Time,Masculino,2005-11-13 00:00:00,2025-01-30 00:00:00,
Pvea Miraflores,17994399,2025-02-01 00:00:00,'-,Almacén Frescos,Repres. De Servicios 2Do Turno,Part Time,Masculino,2005-01-15 00:00:00,2025-01-30 00:00:00,
Pvea Miraflores,17994400,2025-02-01 00:00:00,'-,Sala Frescos,Repres. De Servicios 2Do Turno,Part Time,Masculino,2003-05-17 00:00:00,2025-01-30 00:00:00,
Pvea Miraflores,17994409,2025-02-01 00:00:00,'-,Recepción,Repres. De Servicios,Full Time,Masculino,2005-05-10 00:00:00,2025-01-30 00:00:00,2025-02-07 00:00:00
Pvea Miraflores,17994411,2025-02-01 00:00:00,'-,Sala Frescos,Repres. De Servicios,Full Time,Masculino,2006-12-13 00:00:00,2025-01-30 00:00:00,
Pvea Miraflores,17994413,2025-02-01 00:00:00,'-,Cajas,Repres. De Servicios,Full Time,Masculino,2004-08-28 00:00:00,2025-01-30 00:00:00,
Pvea Miraflores,17994414,2025-02-01 00:00:00,'-,Cajas,Repres. De Servicios,Full Time,Femenino,1982-12-18 00:00:00,2025-01-30 00:00:00,
Pvea Miraflores,17994449,2025-02-01 00:00:00,'-,Sala Frescos,Repres. De Servicios 2Do Turno,Part Time,Masculino,2004-10-06 00:00:00,2025-01-31 00:00:00,2025-02-04 00:00:00
Pvea Miraflores,18025321,2025-02-01 00:00:00,'-,Cajas,Repres. De Servicios,Full Time,Femenino,2005-04-07 00:00:00,2025-02-05 00:00:00,
Pvea Miraflores,18028641,2025-02-01 00:00:00,'-,Sala Frescos,Repres. De Servicios,Full Time,Femenino,1980-09-24 00:00:00,2025-02-06 00:00:00,
Pvea Miraflores,18028642,2025-02-01 00:00:00,'-,Sala Frescos,Repres. De Servicios,Full Time,Femenino,2006-08-25 00:00:00,2025-02-06 00:00:00,
Pvea Miraflores,18069863,2025-02-01 00:00:00,'-,Sala Frescos,Repres. De Servicios,Full Time,Masculino,1998-02-27 00:00:00,2025-02-13 00:00:00,
Pvea Miraflores,18069864,2025-02-01 00:00:00,'-,Sala Frescos,Repres. De Servicios,Full Time,Femenino,2005-01-12 00:00:00,2025-02-13 00:00:00,
Pvea Miraflores,18085472,2025-02-01 00:00:00,'-,Sala,Multifuncional 2Do Turno,Part Time,Femenino,2007-01-17 00:00:00,2025-02-14 00:00:00,
Pvea Miraflores,18085473,2025-02-01 00:00:00,'-,Sala,Multifuncional 2Do Turno,Part Time,Masculino,2005-10-09 00:00:00,2025-02-14 00:00:00,
Pvea Miraflores,18108863,2025-02-01 00:00:00,'-,Sala,Multifuncional Campaña,Part Time,Masculino,2005-04-10 00:00:00,2025-02-17 00:00:00,
Pvea Miraflores,18109077,2025-02-01 00:00:00,'-,Sala,Multifuncional Campaña,Part Time,Femenino,1998-08-16 00:00:00,2025-02-17 00:00:00,
Pvea Miraflores,18109215,2025-02-01 00:00:00,'-,Sala,Multifuncional Campaña,Part Time,Masculino,2006-01-16 00:00:00,2025-02-17 00:00:00,
Pvea Miraflores,18154,2025-02-01 00:00:00,'-,Sala Frescos,Repres. De Servicios 1Er Turno,Part Time,Masculino,1995-05-26 00:00:00,2024-07-01 00:00:00,
Pvea Miraflores,18209968,2025-02-01 00:00:00,'-,Sala,Multifuncional Campaña,Part Time,Masculino,2004-05-01 00:00:00,2025-02-17 00:00:00,
Pvea Miraflores,18858,2025-02-01 00:00:00,'-,Cajas,Representante De Servicio D,Full Time,Femenino,1980-08-23 00:00:00,2014-08-06 00:00:00,
Pvea Miraflores,203013,2025-02-01 00:00:00,'-,Electro,Vendedor,Full Time,Femenino,1968-11-24 00:00:00,2018-05-23 00:00:00,
Pvea Miraflores,21147,2025-02-01 00:00:00,'-,Sala Frescos,Repres. De Servicios,Full Time,Masculino,1978-04-26 00:00:00,2011-03-01 00:00:00,
Pvea Miraflores,21448,2025-02-01 00:00:00,'-,Electro,Jefe De Seccion,Full Time,Femenino,1974-03-22 00:00:00,2012-10-01 00:00:00,
Pvea Miraflores,241412,2025-02-01 00:00:00,'-,Cajas,Supervisor De Cajeros,Full Time,Femenino,1974-01-30 00:00:00,2024-05-01 00:00:00,
Pvea Miraflores,244437,2025-02-01 00:00:00,'-,Cajas,Supervisor De Cajeros,Full Time,Masculino,2000-05-19 00:00:00,2024-01-19 00:00:00,
Pvea Miraflores,24708,2025-02-01 00:00:00,'-,Administración,Gerente De Tienda,Full Time,Masculino,1975-09-22 00:00:00,2003-04-04 00:00:00,
Pvea Miraflores,25760,2025-02-01 00:00:00,'-,Almacén,Repres. De Servicios I,Full Time,Femenino,1973-10-12 00:00:00,2014-06-16 00:00:00,
Pvea Miraflores,298588,2025-02-01 00:00:00,'-,Sala,Multifuncional 1Er Turno,Part Time,Femenino,1985-12-22 00:00:00,2024-12-02 00:00:00,
Pvea Miraflores,301805,2025-02-01 00:00:00,'-,Sala,Multifuncional,Full Time,Masculino,1995-12-13 00:00:00,2020-01-20 00:00:00,
Pvea Miraflores,304408,2025-02-01 00:00:00,'-,Almacén Frescos,Repres. De Servicios I,Full Time,Femenino,1992-12-05 00:00:00,2020-02-17 00:00:00,
Pvea Miraflores,31455,2025-02-01 00:00:00,'-,Sala Frescos,Jefe De Seccion,Full Time,Masculino,1981-11-10 00:00:00,2016-01-18 00:00:00,
Pvea Miraflores,33877,2025-02-01 00:00:00,'-,Cajas,Supervisor De Cajeros,Full Time,Femenino,1985-08-27 00:00:00,2019-08-01 00:00:00,2025-02-02 00:00:00
Pvea Miraflores,34546,2025-02-01 00:00:00,'-,Sala Frescos,Repres. De Servicios,Full Time,Femenino,1967-05-24 00:00:00,2016-02-17 00:00:00,
Pvea Miraflores,36202,2025-02-01 00:00:00,'-,Sala Frescos,Repres. De Servicios,Full Time,Femenino,1992-05-22 00:00:00,2016-03-02 00:00:00,
Pvea Miraflores,3707,2025-02-01 00:00:00,'-,Administración,Asistente De Tienda,Full Time,Femenino,1974-10-22 00:00:00,2003-09-01 00:00:00,
Pvea Miraflores,37084,2025-02-01 00:00:00,'-,Cajas,Supervisor De Cajeros,Full Time,Femenino,1982-09-08 00:00:00,2016-03-14 00:00:00,
Pvea Miraflores,41844,2025-02-01 00:00:00,'-,Sala Frescos,Repres. De Servicios,Full Time,Masculino,1984-09-10 00:00:00,2016-07-04 00:00:00,
Pvea Miraflores,42739,2025-02-01 00:00:00,'-,Sala,Jefe De Seccion,Full Time,Femenino,1998-06-14 00:00:00,2016-08-01 00:00:00,
Pvea Miraflores,43825,2025-02-01 00:00:00,'-,Almacén Frescos,Repres. De Servicios,Full Time,Masculino,1993-11-30 00:00:00,2025-01-30 00:00:00,
Pvea Miraflores,4486016,2025-02-01 00:00:00,'-,Sala Frescos,Jefe De Seccion,Full Time,Femenino,1997-11-16 00:00:00,2020-06-03 00:00:00,
Pvea Miraflores,52599,2025-02-01 00:00:00,'-,Cajas,Supervisor De Cajeros,Full Time,Femenino,1983-02-06 00:00:00,2017-09-01 00:00:00,
Pvea Miraflores,53468,2025-02-01 00:00:00,'-,Sala Frescos,Repres. De Servicios,Full Time,Femenino,1984-07-04 00:00:00,2017-05-01 00:00:00,
Pvea Miraflores,55309,2025-02-01 00:00:00,'-,Sala Frescos,Repres. De Servicios,Full Time,Femenino,1990-10-28 00:00:00,2020-02-01 00:00:00,
Pvea Miraflores,7318884,2025-02-01 00:00:00,'-,Cajas,Multifuncional 1Er Turno,Part Time,Femenino,1995-02-25 00:00:00,2021-09-22 00:00:00,
Pvea Miraflores,7319531,2025-02-01 00:00:00,'-,Sala,Multifuncional,Full Time,Masculino,1999-05-16 00:00:00,2023-01-01 00:00:00,
Pvea Miraflores,7319542,2025-02-01 00:00:00,'-,Sala,Repres. De Servicios I,Full Time,Femenino,2001-05-26 00:00:00,2022-11-01 00:00:00,
Pvea Miraflores,7319599,2025-02-01 00:00:00,'-,Sala,Multifuncional,Full Time,Masculino,2000-02-10 00:00:00,2025-02-01 00:00:00,
Pvea Miraflores,7331977,2025-02-01 00:00:00,'-,Sala Frescos,Repres. De Servicios 1Er Turno,Part Time,Femenino,2002-08-01 00:00:00,2021-09-22 00:00:00,
Pvea Miraflores,7333556,2025-02-01 00:00:00,'-,Sala,Repres. De Servicios,Part Time,Femenino,2003-05-19 00:00:00,2024-12-11 00:00:00,
Pvea Miraflores,7333607,2025-02-01 00:00:00,'-,Cajas,Asistente De Self Check Out Pt,Part Time,Femenino,1979-09-11 00:00:00,2021-09-22 00:00:00,
Pvea Miraflores,7333614,2025-02-01 00:00:00,'-,Cajas,Multifuncional,Full Time,Femenino,2003-03-03 00:00:00,2023-08-01 00:00:00,
Pvea Miraflores,811,2025-02-01 00:00:00,'-,Sala,Especialista En Bebidas,Full Time,Masculino,1977-11-17 00:00:00,2016-07-13 00:00:00,
Pvea Miraflores,8350959,2025-02-01 00:00:00,'-,Sala Frescos,Repres. De Servicios I,Full Time,Masculino,1999-05-04 00:00:00,2023-05-01 00:00:00,
Pvea Miraflores,8682,2025-02-01 00:00:00,'-,Sala Frescos,Jefe De Seccion,Full Time,Femenino,1974-09-05 00:00:00,2018-08-03 00:00:00,
Pvea Miraflores,919,2025-02-01 00:00:00,'-,Sala Frescos,Repres. De Servicios,Full Time,Femenino,1973-08-07 00:00:00,2014-05-05 00:00:00,
Pvea Miraflores,9278728,2025-02-01 00:00:00,'-,Sala,Multifuncional 1Er Turno,Part Time,Femenino,1989-10-12 00:00:00,2021-11-02 00:00:00,
Pvea Miraflores,9481430,2025-02-01 00:00:00,'-,Almacén,Repres. De Servicios,Full Time,Masculino,1999-08-02 00:00:00,2025-01-31 00:00:00,
Pvea Miraflores,9518850,2025-02-01 00:00:00,'-,Sala Frescos,Repres. De Servicios 1Er Turno,Part Time,Femenino,2001-09-05 00:00:00,2022-01-10 00:00:00,
Pvea Miraflores,98931,2025-02-01 00:00:00,'-,Cajas,Multifuncional Eo,Full Time,Masculino,1960-11-16 00:00:00,2017-08-01 00:00:00,
Pvea Miraflores,99177,2025-02-01 00:00:00,'-,Sala,Jefe De Seccion,Full Time,Masculino,1998-07-09 00:00:00,2021-08-24 00:00:00,
Svea Corpac,103603,2025-02-01 00:00:00,'-,Cajas,Cajero 6X1,Part Time,Masculino,1986-06-08 00:00:00,2017-09-13 00:00:00,
Svea Corpac,104636,2025-02-01 00:00:00,'-,Almacén Frescos,Repres. De Servicios,Full Time,Femenino,1980-07-16 00:00:00,2023-06-15 00:00:00,
Svea Corpac,109719,2025-02-01 00:00:00,'-,Cajas,Jefe De Seccion,Full Time,Masculino,1989-05-05 00:00:00,2018-01-01 00:00:00,
Svea Corpac,1198235,2025-02-01 00:00:00,'-,Sala,Jefe De Seccion,Full Time,Femenino,1994-03-19 00:00:00,2020-03-17 00:00:00,
Svea Corpac,12301310,2025-02-01 00:00:00,'-,Cajas,Cajero 6X1 2Do Turno,Part Time,Femenino,2004-08-03 00:00:00,2023-06-22 00:00:00,
Svea Corpac,12309872,2025-02-01 00:00:00,'-,Cajas,Repres. De Servicios,Part Time,Femenino,2001-11-20 00:00:00,2023-06-27 00:00:00,
Svea Corpac,12310210,2025-02-01 00:00:00,'-,Cajas,Cajero 6X1,Part Time,Femenino,2005-01-14 00:00:00,2023-06-27 00:00:00,
Svea Corpac,12352460,2025-02-01 00:00:00,'-,Almacén,Repres. De Servicios 2Do Turno,Part Time,Masculino,2000-04-07 00:00:00,2023-07-21 00:00:00,
Svea Corpac,129583,2025-02-01 00:00:00,'-,Sala,Repres. De Servicios 2Do Turno,Part Time,Masculino,1988-08-24 00:00:00,2018-03-01 00:00:00,
Svea Corpac,13042885,2025-02-01 00:00:00,'-,Cajas,Cajero 6X1 1Er Turno,Part Time,Masculino,2001-10-14 00:00:00,2023-10-27 00:00:00,
Svea Corpac,13317317,2025-02-01 00:00:00,'-,Sala Frescos,Repres. De Servicios,Full Time,Femenino,2001-04-02 00:00:00,2024-07-01 00:00:00,
Svea Corpac,13351142,2025-02-01 00:00:00,'-,Sala Frescos,Repres. De Servicios 1Er Turno,Part Time,Femenino,2005-05-08 00:00:00,2023-11-24 00:00:00,
Svea Corpac,13351200,2025-02-01 00:00:00,'-,Sala,Repres. De Servicios,Full Time,Femenino,1999-01-28 00:00:00,2023-11-24 00:00:00,
Svea Corpac,13789094,2025-02-01 00:00:00,'-,Cajas,Representante De Servicio D,Part Time,Femenino,1981-12-18 00:00:00,2024-01-01 00:00:00,
Svea Corpac,13885727,2025-02-01 00:00:00,'-,Sala,Repres. De Servicios,Full Time,Femenino,2001-09-05 00:00:00,2024-01-17 00:00:00,2025-02-28 00:00:00
Svea Corpac,14269683,2025-02-01 00:00:00,'-,Sala,Repres. De Servicios 2Do Turno,Part Time,Femenino,2006-02-02 00:00:00,2024-02-19 00:00:00,
Svea Corpac,14343,2025-02-01 00:00:00,'-,Almacén,Repres. De Servicios Eo,Full Time,Masculino,1958-09-28 00:00:00,2007-05-01 00:00:00,
Svea Corpac,14625657,2025-02-01 00:00:00,'-,Cajas,Cajero 6X1 2Do Turno,Part Time,Femenino,1998-03-20 00:00:00,2024-03-08 00:00:00,
Svea Corpac,14625726,2025-02-01 00:00:00,'-,Cajas,Cajero 6X1,Full Time,Femenino,2002-11-11 00:00:00,2024-03-08 00:00:00,
Svea Corpac,14776588,2025-02-01 00:00:00,'-,Almacén,Repres. De Servicios 2Do Turno,Part Time,Masculino,2004-06-24 00:00:00,2024-03-20 00:00:00,
Svea Corpac,15519392,2025-02-01 00:00:00,'-,Almacén,Repres. De Servicios 1Er Turno,Part Time,Masculino,2003-04-05 00:00:00,2024-05-02 00:00:00,
Svea Corpac,15834576,2025-02-01 00:00:00,'-,Cajas,Cajero 6X1 2Do Turno,Part Time,Femenino,2004-04-20 00:00:00,2024-05-20 00:00:00,
Svea Corpac,15877870,2025-02-01 00:00:00,'-,Cajas,Cajero 6X1 1Er Turno,Part Time,Femenino,2005-01-29 00:00:00,2024-05-24 00:00:00,
Svea Corpac,15958306,2025-02-01 00:00:00,'-,Cajas,Cajero 6X1 2Do Turno,Part Time,Femenino,2004-06-11 00:00:00,2024-06-03 00:00:00,
Svea Corpac,15958778,2025-02-01 00:00:00,'-,Cajas,Cajero 6X1 2Do Turno,Part Time,Masculino,1998-06-03 00:00:00,2024-06-03 00:00:00,
Svea Corpac,17035031,2025-02-01 00:00:00,'-,Almacén Frescos,Repres. De Servicios 1Er Turno,Part Time,Masculino,2003-01-14 00:00:00,2024-09-27 00:00:00,
Svea Corpac,17150585,2025-02-01 00:00:00,'-,Sala Frescos,Repres. De Servicios,Full Time,Masculino,1996-06-14 00:00:00,2024-10-09 00:00:00,2025-02-28 00:00:00
Svea Corpac,17487114,2025-02-01 00:00:00,'-,Sala Frescos,Repres. De Servicios,Full Time,Femenino,1974-07-29 00:00:00,2024-11-14 00:00:00,
Svea Corpac,17540130,2025-02-01 00:00:00,'-,Sala Frescos,Repres. De Servicios 2Do Turno,Part Time,Masculino,2006-09-16 00:00:00,2024-11-22 00:00:00,
Svea Corpac,17679911,2025-02-01 00:00:00,'-,Cajas,Cajero 6X1 Campaña,Part Time,Masculino,2002-07-22 00:00:00,2024-11-26 00:00:00,
Svea Corpac,17702228,2025-02-01 00:00:00,'-,Sala Frescos,Repres. De Servicios 1Er Turno,Part Time,Masculino,2000-05-07 00:00:00,2024-12-03 00:00:00,
Svea Corpac,17836645,2025-02-01 00:00:00,'-,Sala Frescos,Repres. De Servicios,Full Time,Femenino,2004-07-28 00:00:00,2024-12-20 00:00:00,
Svea Corpac,17837447,2025-02-01 00:00:00,'-,Sala Frescos,Repres. De Servicios,Full Time,Masculino,2005-07-17 00:00:00,2024-12-20 00:00:00,
Svea Corpac,17837560,2025-02-01 00:00:00,'-,Sala Frescos,Repres. De Servicios 2Do Turno,Part Time,Masculino,2006-06-05 00:00:00,2024-12-20 00:00:00,
Svea Corpac,17876776,2025-02-01 00:00:00,'-,Sala Frescos,Repres. De Servicios 2Do Turno,Part Time,Masculino,2004-08-18 00:00:00,2024-12-24 00:00:00,
Svea Corpac,17902576,2025-02-01 00:00:00,'-,Sala Frescos,Repres. De Servicios 2Do Turno,Part Time,Femenino,2006-09-09 00:00:00,2024-12-24 00:00:00,
Svea Corpac,17958158,2025-02-01 00:00:00,'-,Sala Frescos,Repres. De Servicios 2Do Turno,Part Time,Masculino,2006-04-19 00:00:00,2025-01-24 00:00:00,
Svea Corpac,17994390,2025-02-01 00:00:00,'-,Sala Frescos,Repres. De Servicios 2Do Turno,Part Time,Femenino,2006-09-12 00:00:00,2025-01-30 00:00:00,
Svea Corpac,17994416,2025-02-01 00:00:00,'-,Recepción,Repres. De Servicios,Full Time,Masculino,2000-05-24 00:00:00,2025-01-30 00:00:00,
Svea Corpac,18028645,2025-02-01 00:00:00,'-,Sala Frescos,Repres. De Servicios,Full Time,Femenino,2005-02-02 00:00:00,2025-02-06 00:00:00,
Svea Corpac,18028664,2025-02-01 00:00:00,'-,Sala Frescos,Repres. De Servicios 2Do Turno,Part Time,Masculino,2004-07-03 00:00:00,2025-02-06 00:00:00,
Svea Corpac,18030432,2025-02-01 00:00:00,'-,Sala Frescos,Repres. De Servicios 2Do Turno,Part Time,Masculino,2003-02-03 00:00:00,2025-02-06 00:00:00,
Svea Corpac,21115,2025-02-01 00:00:00,'-,Cajas,Representante De Servicio D,Full Time,Masculino,1981-02-25 00:00:00,2000-03-01 00:00:00,
Svea Corpac,21370,2025-02-01 00:00:00,'-,Cajas,Supervisor De Cajeros,Full Time,Masculino,1977-05-27 00:00:00,2010-04-07 00:00:00,
Svea Corpac,21374,2025-02-01 00:00:00,'-,Recepción E Inventarios,Auxiliar De Inventarios,Full Time,Masculino,1988-09-09 00:00:00,2010-04-16 00:00:00,
Svea Corpac,235588,2025-02-01 00:00:00,'-,Cajas,Supervisor De Cajeros,Full Time,Femenino,1993-07-27 00:00:00,2018-10-05 00:00:00,
Svea Corpac,241013,2025-02-01 00:00:00,'-,Almacén,Jefe De Seccion,Full Time,Femenino,2000-06-21 00:00:00,2019-06-01 00:00:00,
Svea Corpac,243668,2025-02-01 00:00:00,'-,Sala Frescos,Repres. De Servicios 2Do Turno,Part Time,Femenino,1994-04-04 00:00:00,2019-03-21 00:00:00,
Svea Corpac,266939,2025-02-01 00:00:00,'-,Administración,Gerente De Tienda,Full Time,Femenino,1990-06-29 00:00:00,2019-03-01 00:00:00,
Svea Corpac,270511,2025-02-01 00:00:00,'-,Sala,Repres. De Servicios,Full Time,Femenino,1999-06-11 00:00:00,2019-04-25 00:00:00,2025-02-28 00:00:00
Svea Corpac,273730,2025-02-01 00:00:00,'-,Cajas,Supervisor De Cajeros,Full Time,Femenino,1993-06-30 00:00:00,2023-05-01 00:00:00,
Svea Corpac,275646,2025-02-01 00:00:00,'-,Recepción,Repres. De Servicios,Full Time,Masculino,2000-03-16 00:00:00,2024-03-01 00:00:00,
Svea Corpac,43780,2025-02-01 00:00:00,'-,Cajas,Cajero 5X2,Full Time,Masculino,1989-10-27 00:00:00,2016-09-01 00:00:00,
Svea Corpac,4457773,2025-02-01 00:00:00,'-,Almacén,Repres. De Servicios I,Full Time,Masculino,2002-01-18 00:00:00,2020-05-25 00:00:00,
Svea Corpac,4576139,2025-02-01 00:00:00,'-,Sala Frescos,Repres. De Servicios,Full Time,Femenino,1987-09-28 00:00:00,2020-06-12 00:00:00,
Svea Corpac,48590,2025-02-01 00:00:00,'-,Sala Frescos,Repres. De Servicios,Full Time,Femenino,1976-11-15 00:00:00,2016-12-14 00:00:00,
Svea Corpac,6038,2025-02-01 00:00:00,'-,Sala Frescos,Repres. De Servicios I,Full Time,Femenino,1979-06-25 00:00:00,2018-06-27 00:00:00,
Svea Corpac,631856,2025-02-01 00:00:00,'-,Sala Frescos,Repres. De Servicios Nochero,Full Time,Masculino,1992-10-14 00:00:00,2019-03-26 00:00:00,
Svea Corpac,6722,2025-02-01 00:00:00,'-,Sala,Repres. De Servicios I,Full Time,Femenino,1987-06-16 00:00:00,2022-02-22 00:00:00,
Svea Corpac,7879,2025-02-01 00:00:00,'-,Sala Frescos,Jefe De Seccion,Full Time,Masculino,1988-04-14 00:00:00,2019-06-25 00:00:00,
Svea Corpac,89851,2025-02-01 00:00:00,'-,Sala Frescos,Jefe De Seccion,Full Time,Masculino,1986-03-18 00:00:00,2023-10-31 00:00:00,
Svea Corpac,9278595,2025-02-01 00:00:00,'-,Cajas,Cajero 6X1,Full Time,Masculino,1994-12-25 00:00:00,2023-07-01 00:00:00,
Viv Monterrico,104143,2025-02-01 00:00:00,'-,"Carnes, Pescados, Fiambres, Frutas & Verduras",Repres. De Servicios,Full Time,Femenino,1985-09-27 00:00:00,2017-10-01 00:00:00,
Viv Monterrico,10653,2025-02-01 00:00:00,'-,"Carnes, Pescados, Fiambres, Frutas & Verduras",Repres. De Servicios,Full Time,Masculino,1971-05-11 00:00:00,2002-10-19 00:00:00,
Viv Monterrico,10775,2025-02-01 00:00:00,'-,"Carnes, Pescados, Fiambres, Frutas & Verduras",Repres. De Servicios I,Full Time,Femenino,1972-07-24 00:00:00,2011-01-18 00:00:00,
Viv Monterrico,10845,2025-02-01 00:00:00,'-,"Carnes, Pescados, Fiambres, Frutas & Verduras",Jefe De Seccion,Full Time,Femenino,1979-08-02 00:00:00,2012-08-01 00:00:00,
Viv Monterrico,110670,2025-02-01 00:00:00,'-,"Carnes, Pescados, Fiambres, Frutas & Verduras",Repres. De Servicios I,Full Time,Femenino,1993-10-16 00:00:00,2018-08-01 00:00:00,
Viv Monterrico,11369697,2025-02-01 00:00:00,'-,Cajas,Cajero 6X1,Full Time,Masculino,2001-04-18 00:00:00,2025-02-01 00:00:00,
Viv Monterrico,11458504,2025-02-01 00:00:00,'-,Cajas,Cajero 4X3,Part Time,Femenino,2002-11-10 00:00:00,2022-10-19 00:00:00,
Viv Monterrico,11670773,2025-02-01 00:00:00,'-,"Carnes, Pescados, Fiambres, Frutas & Verduras",Repres. De Servicios,Full Time,Masculino,1992-04-18 00:00:00,2022-12-07 00:00:00,
Viv Monterrico,11966759,2025-02-01 00:00:00,'-,Cajas,Cajero 4X3,Part Time,Masculino,2003-04-07 00:00:00,2023-03-09 00:00:00,
Viv Monterrico,1205195,2025-02-01 00:00:00,'-,Cajas,Repres. De Servicios,Full Time,Femenino,1999-12-16 00:00:00,2020-03-18 00:00:00,
Viv Monterrico,12261783,2025-02-01 00:00:00,'-,"Carnes, Pescados, Fiambres, Frutas & Verduras",Repres. De Servicios,Full Time,Masculino,1993-02-04 00:00:00,2023-06-13 00:00:00,
Viv Monterrico,12389939,2025-02-01 00:00:00,'-,Almacén,Repres. De Servicios I,Full Time,Masculino,2004-02-06 00:00:00,2024-05-01 00:00:00,
Viv Monterrico,12442653,2025-02-01 00:00:00,'-,Cajas,Cajero 6X1 2Do Turno,Part Time,Masculino,2004-09-11 00:00:00,2023-08-11 00:00:00,
Viv Monterrico,128607,2025-02-01 00:00:00,'-,Cajas,Repres. De Servicios Fds,Part Time,Femenino,1995-01-19 00:00:00,2018-02-08 00:00:00,
Viv Monterrico,129302,2025-02-01 00:00:00,'-,Comidas Preparadas Panadería Y Pastelería,Repres. De Servicios,Full Time,Femenino,1998-11-15 00:00:00,2018-02-15 00:00:00,
Viv Monterrico,13209233,2025-02-01 00:00:00,'-,Cajas,Cajero 6X1 2Do Turno,Part Time,Femenino,2003-06-30 00:00:00,2023-11-03 00:00:00,
Viv Monterrico,13227322,2025-02-01 00:00:00,'-,Cajas,Cajero 6X1 1Er Turno,Part Time,Masculino,2004-01-31 00:00:00,2023-11-07 00:00:00,
Viv Monterrico,13277255,2025-02-01 00:00:00,'-,Sala,Repres. De Servicios 2Do Turno,Part Time,Masculino,2003-09-22 00:00:00,2023-11-14 00:00:00,
Viv Monterrico,13375806,2025-02-01 00:00:00,'-,Sala,Repres. De Servicios 2Do Turno,Part Time,Femenino,2001-03-02 00:00:00,2024-04-03 00:00:00,
Viv Monterrico,13619568,2025-02-01 00:00:00,'-,"Carnes, Pescados, Fiambres, Frutas & Verduras",Repres. De Servicios,Full Time,Femenino,1969-12-30 00:00:00,2023-12-12 00:00:00,
Viv Monterrico,13709716,2025-02-01 00:00:00,'-,Almacén,Repres. De Servicios 1Er Turno,Part Time,Masculino,2003-07-01 00:00:00,2023-12-22 00:00:00,
Viv Monterrico,13797674,2025-02-01 00:00:00,'-,Sala,Repres. De Servicios,Full Time,Femenino,2005-05-24 00:00:00,2024-01-09 00:00:00,
Viv Monterrico,13803247,2025-02-01 00:00:00,'-,Cajas,Cajero 4X3,Part Time,Masculino,2001-06-03 00:00:00,2024-01-10 00:00:00,
Viv Monterrico,13808113,2025-02-01 00:00:00,'-,Sala,Repres. De Servicios 2Do Turno,Part Time,Femenino,2003-02-08 00:00:00,2024-01-10 00:00:00,
Viv Monterrico,13808329,2025-02-01 00:00:00,'-,Sala,Repres. De Servicios 1Er Turno,Part Time,Masculino,2004-05-27 00:00:00,2024-11-25 00:00:00,
Viv Monterrico,13808422,2025-02-01 00:00:00,'-,Cajas,Repres. De Servicios,Full Time,Femenino,1999-05-09 00:00:00,2024-01-11 00:00:00,
Viv Monterrico,13816913,2025-02-01 00:00:00,'-,Cajas,Cajero 6X1 2Do Turno,Part Time,Femenino,2002-02-03 00:00:00,2024-01-12 00:00:00,
Viv Monterrico,13816916,2025-02-01 00:00:00,'-,Comidas Preparadas Panadería Y Pastelería,Repres. De Servicios Fds,Part Time,Masculino,2003-06-09 00:00:00,2024-01-12 00:00:00,
Viv Monterrico,14071976,2025-02-01 00:00:00,'-,Cajas,Cajero 3X4,Part Time,Femenino,2004-01-07 00:00:00,2024-02-12 00:00:00,
Viv Monterrico,14229663,2025-02-01 00:00:00,'-,Cajas,Cajero 6X1 2Do Turno,Part Time,Femenino,2005-07-18 00:00:00,2024-02-12 00:00:00,
Viv Monterrico,14270,2025-02-01 00:00:00,'-,"Carnes, Pescados, Fiambres, Frutas & Verduras",Repres. De Servicios,Full Time,Masculino,1972-02-18 00:00:00,2005-11-05 00:00:00,
Viv Monterrico,14470,2025-02-01 00:00:00,'-,Comidas Preparadas Panadería Y Pastelería,Repres. De Servicios,Full Time,Femenino,1988-01-20 00:00:00,2018-07-01 00:00:00,
Viv Monterrico,14618,2025-02-01 00:00:00,'-,Cajas,Cajero 4X3,Part Time,Femenino,1980-03-15 00:00:00,2013-10-01 00:00:00,
Viv Monterrico,14625595,2025-02-01 00:00:00,'-,Cajas,Cajero 6X1 2Do Turno,Part Time,Femenino,2003-12-25 00:00:00,2024-03-08 00:00:00,
Viv Monterrico,14685168,2025-02-01 00:00:00,'-,Cajas,Cajero 3X4,Part Time,Femenino,2002-06-28 00:00:00,2024-09-01 00:00:00,
Viv Monterrico,14685194,2025-02-01 00:00:00,'-,Comidas Preparadas Panadería Y Pastelería,Repres. De Servicios,Full Time,Masculino,2004-10-08 00:00:00,2024-03-15 00:00:00,
Viv Monterrico,14941431,2025-02-01 00:00:00,'-,Cajas,Asistente De Self Check Out Pt,Part Time,Femenino,2002-01-18 00:00:00,2024-04-03 00:00:00,
Viv Monterrico,14944318,2025-02-01 00:00:00,'-,Cajas,Cajero 6X1 1Er Turno,Part Time,Femenino,2003-07-22 00:00:00,2024-04-03 00:00:00,2025-02-01 00:00:00
Viv Monterrico,14978188,2025-02-01 00:00:00,'-,Cajas,Cajero 6X1 2Do Turno,Part Time,Masculino,1999-04-22 00:00:00,2024-04-05 00:00:00,
Viv Monterrico,14978395,2025-02-01 00:00:00,'-,Recepción,Repres. De Servicios,Full Time,Masculino,2005-02-19 00:00:00,2025-02-01 00:00:00,
Viv Monterrico,15079206,2025-02-01 00:00:00,'-,Cajas,Cajero 6X1 1Er Turno,Part Time,Femenino,2003-08-29 00:00:00,2024-04-10 00:00:00,
Viv Monterrico,15146,2025-02-01 00:00:00,'-,Recepción,Repres. De Servicios,Full Time,Masculino,1982-09-29 00:00:00,2014-04-01 00:00:00,
Viv Monterrico,15190653,2025-02-01 00:00:00,'-,Comidas Preparadas,Chef,Full Time,Masculino,1996-04-10 00:00:00,2024-04-15 00:00:00,
Viv Monterrico,15345489,2025-02-01 00:00:00,'-,Cajas,Cajero 6X1 2Do Turno,Part Time,Masculino,2004-08-18 00:00:00,2024-04-24 00:00:00,
Viv Monterrico,15470297,2025-02-01 00:00:00,'-,Cajas,Cajero 6X1 1Er Turno,Part Time,Masculino,2002-08-02 00:00:00,2024-04-29 00:00:00,
Viv Monterrico,15470432,2025-02-01 00:00:00,'-,Sala,Repres. De Servicios 2Do Turno,Part Time,Femenino,1998-08-10 00:00:00,2024-04-29 00:00:00,
Viv Monterrico,15470435,2025-02-01 00:00:00,'-,Cajas,Cajero 6X1 1Er Turno,Part Time,Femenino,2004-03-31 00:00:00,2024-04-29 00:00:00,
Viv Monterrico,15519209,2025-02-01 00:00:00,'-,Cajas,Cajero 5X2,Full Time,Masculino,1999-05-09 00:00:00,2024-05-03 00:00:00,2025-02-01 00:00:00
Viv Monterrico,15525409,2025-02-01 00:00:00,'-,Almacén,Repres. De Servicios 2Do Turno,Part Time,Masculino,2003-05-22 00:00:00,2024-05-03 00:00:00,
Viv Monterrico,15635412,2025-02-01 00:00:00,'-,Recepción,Repres. De Servicios,Full Time,Masculino,1999-05-06 00:00:00,2024-05-07 00:00:00,
Viv Monterrico,15754298,2025-02-01 00:00:00,'-,Cajas,Cajero 6X1 1Er Turno,Part Time,Femenino,2004-03-15 00:00:00,2024-05-16 00:00:00,
Viv Monterrico,15906554,2025-02-01 00:00:00,'-,Sala,Repres. De Servicios 1Er Turno,Part Time,Masculino,2004-03-07 00:00:00,2024-05-27 00:00:00,
Viv Monterrico,15920735,2025-02-01 00:00:00,'-,Recepción E Inventarios,Auxiliar De Inventarios,Full Time,Masculino,1990-02-05 00:00:00,2025-02-01 00:00:00,
Viv Monterrico,15933876,2025-02-01 00:00:00,'-,Comidas Preparadas Panadería Y Pastelería,Repres. De Servicios 2Do Turno,Part Time,Femenino,2000-09-14 00:00:00,2024-05-30 00:00:00,
Viv Monterrico,15997069,2025-02-01 00:00:00,'-,Cajas,Cajero 6X1 1Er Turno,Part Time,Femenino,2003-12-02 00:00:00,2024-06-10 00:00:00,2025-02-13 00:00:00
Viv Monterrico,16426796,2025-02-01 00:00:00,'-,Cajas,Cajero 6X1 1Er Turno,Part Time,Masculino,2002-10-07 00:00:00,2024-07-30 00:00:00,
Viv Monterrico,16480751,2025-02-01 00:00:00,'-,"Carnes, Pescados, Fiambres, Frutas & Verduras",Repres. De Servicios 1Er Turno,Part Time,Masculino,1998-12-14 00:00:00,2024-08-02 00:00:00,
Viv Monterrico,16648173,2025-02-01 00:00:00,'-,Cajas,Cajero 3X4,Part Time,Masculino,2006-04-14 00:00:00,2024-08-14 00:00:00,
Viv Monterrico,16673709,2025-02-01 00:00:00,'-,Cajas,Cajero 6X1 2Do Turno,Part Time,Femenino,2004-12-26 00:00:00,2024-08-16 00:00:00,
Viv Monterrico,16674385,2025-02-01 00:00:00,'-,Cajas,Cajero 6X1 2Do Turno,Part Time,Masculino,2004-11-04 00:00:00,2024-08-16 00:00:00,
Viv Monterrico,16682026,2025-02-01 00:00:00,'-,Cajas,Cajero 6X1 1Er Turno,Part Time,Masculino,2004-03-16 00:00:00,2024-08-19 00:00:00,
Viv Monterrico,16682031,2025-02-01 00:00:00,'-,Cajas,Cajero 6X1 2Do Turno,Part Time,Femenino,2004-02-25 00:00:00,2024-08-19 00:00:00,
Viv Monterrico,16733483,2025-02-01 00:00:00,'-,Cajas,Cajero 6X1 2Do Turno,Part Time,Femenino,2006-04-29 00:00:00,2024-08-26 00:00:00,
Viv Monterrico,16733509,2025-02-01 00:00:00,'-,"Carnes, Pescados, Fiambres, Frutas & Verduras",Repres. De Servicios,Full Time,Femenino,1996-05-24 00:00:00,2025-01-01 00:00:00,
Viv Monterrico,16754518,2025-02-01 00:00:00,'-,Cajas,Repres. De Servicios,Full Time,Masculino,2005-04-13 00:00:00,2025-02-01 00:00:00,
Viv Monterrico,16848004,2025-02-01 00:00:00,'-,"Carnes, Pescados, Fiambres, Frutas & Verduras",Repres. De Servicios 2Do Turno,Part Time,Masculino,2005-11-16 00:00:00,2024-09-09 00:00:00,
Viv Monterrico,16906776,2025-02-01 00:00:00,'-,Cajas,Cajero 6X1 2Do Turno,Part Time,Femenino,2002-11-02 00:00:00,2024-09-13 00:00:00,2025-02-28 00:00:00
Viv Monterrico,16906777,2025-02-01 00:00:00,'-,Cajas,Asistente De Self Check Out Pt,Part Time,Masculino,2002-02-25 00:00:00,2024-09-13 00:00:00,
Viv Monterrico,16936646,2025-02-01 00:00:00,'-,"Carnes, Pescados, Fiambres, Frutas & Verduras",Repres. De Servicios 2Do Turno,Part Time,Masculino,2005-05-23 00:00:00,2024-09-13 00:00:00,
Viv Monterrico,17002754,2025-02-01 00:00:00,'-,Almacén,Repres. De Servicios 1Er Turno,Part Time,Masculino,1999-09-25 00:00:00,2024-09-18 00:00:00,
Viv Monterrico,17002756,2025-02-01 00:00:00,'-,Comidas Preparadas Panadería Y Pastelería,Repres. De Servicios 2Do Turno,Part Time,Masculino,2003-06-06 00:00:00,2024-09-18 00:00:00,
Viv Monterrico,17164480,2025-02-01 00:00:00,'-,Cajas,Cajero 4X3,Part Time,Femenino,2003-05-09 00:00:00,2024-10-14 00:00:00,
Viv Monterrico,17164485,2025-02-01 00:00:00,'-,Cajas,Cajero 3X4,Part Time,Masculino,2003-07-04 00:00:00,2024-10-14 00:00:00,
Viv Monterrico,17164813,2025-02-01 00:00:00,'-,"Carnes, Pescados, Fiambres, Frutas & Verduras",Repres. De Servicios,Full Time,Masculino,2006-05-22 00:00:00,2025-01-01 00:00:00,
Viv Monterrico,17211153,2025-02-01 00:00:00,'-,Cajas,Cajero 6X1 2Do Turno,Part Time,Femenino,1998-01-06 00:00:00,2024-10-17 00:00:00,
Viv Monterrico,17220846,2025-02-01 00:00:00,'-,"Carnes, Pescados, Fiambres, Frutas & Verduras",Repres. De Servicios 1Er Turno,Part Time,Femenino,2004-07-14 00:00:00,2024-10-18 00:00:00,2025-02-28 00:00:00
Viv Monterrico,17304722,2025-02-01 00:00:00,'-,Almacén,Repres. De Servicios 1Er Turno,Part Time,Masculino,2003-06-03 00:00:00,2024-10-25 00:00:00,
Viv Monterrico,17367303,2025-02-01 00:00:00,'-,"Carnes, Pescados, Fiambres, Frutas & Verduras",Repres. De Servicios,Full Time,Masculino,2006-08-12 00:00:00,2025-02-01 00:00:00,
Viv Monterrico,17420925,2025-02-01 00:00:00,'-,Cajas,Cajero 3X4,Part Time,Masculino,2001-05-29 00:00:00,2024-11-05 00:00:00,
Viv Monterrico,17436586,2025-02-01 00:00:00,'-,Cajas,Cajero 3X4,Part Time,Masculino,2005-09-08 00:00:00,2024-11-07 00:00:00,
Viv Monterrico,17467498,2025-02-01 00:00:00,'-,Cajas,Cajero 3X4,Part Time,Femenino,1979-02-26 00:00:00,2024-11-12 00:00:00,
Viv Monterrico,17477990,2025-02-01 00:00:00,'-,Cajas,Cajero 6X1 2Do Turno,Part Time,Femenino,2001-09-16 00:00:00,2024-11-13 00:00:00,
Viv Monterrico,17496211,2025-02-01 00:00:00,'-,Cajas,Cajero 6X1 1Er Turno,Part Time,Femenino,1990-03-14 00:00:00,2024-11-15 00:00:00,
Viv Monterrico,17496663,2025-02-01 00:00:00,'-,Cajas,Cajero 6X1 1Er Turno,Part Time,Masculino,2005-03-13 00:00:00,2024-11-15 00:00:00,
Viv Monterrico,17657910,2025-02-01 00:00:00,'-,Cajas,Cajero 3X4,Part Time,Femenino,2002-05-25 00:00:00,2024-11-27 00:00:00,
Viv Monterrico,17680473,2025-02-01 00:00:00,'-,Cajas,Cajero 6X1 2Do Turno,Part Time,Femenino,1988-03-13 00:00:00,2024-11-25 00:00:00,
Viv Monterrico,17683128,2025-02-01 00:00:00,'-,Cajas,Cajero 6X1 2Do Turno,Part Time,Femenino,2004-04-20 00:00:00,2024-11-28 00:00:00,
Viv Monterrico,17783053,2025-02-01 00:00:00,'-,Cajas,Cajero 6X1 1Er Turno,Part Time,Masculino,2004-01-16 00:00:00,2024-12-10 00:00:00,
Viv Monterrico,17796970,2025-02-01 00:00:00,'-,"Carnes, Pescados, Fiambres, Frutas & Verduras",Repres. De Servicios 1Er Turno,Part Time,Femenino,2003-10-06 00:00:00,2024-12-10 00:00:00,
Viv Monterrico,17802989,2025-02-01 00:00:00,'-,Sala,Repres. De Servicios 1Er Turno,Part Time,Femenino,2003-08-02 00:00:00,2024-12-10 00:00:00,
Viv Monterrico,17814866,2025-02-01 00:00:00,'-,Sala,Repres. De Servicios 1Er Turno,Part Time,Femenino,2003-01-28 00:00:00,2024-12-12 00:00:00,
Viv Monterrico,17814916,2025-02-01 00:00:00,'-,Almacén,Repres. De Servicios 1Er Turno,Part Time,Masculino,2004-03-24 00:00:00,2024-12-12 00:00:00,
Viv Monterrico,17820960,2025-02-01 00:00:00,'-,Almacén,Repres. De Servicios 1Er Turno,Part Time,Masculino,2003-09-16 00:00:00,2024-12-13 00:00:00,
Viv Monterrico,17821563,2025-02-01 00:00:00,'-,Cajas,Cajero 6X1 1Er Turno,Part Time,Femenino,2006-06-03 00:00:00,2024-12-13 00:00:00,2025-02-17 00:00:00
Viv Monterrico,17862029,2025-02-01 00:00:00,'-,Comidas Preparadas Panadería Y Pastelería,Repres. De Servicios 2Do Turno,Part Time,Femenino,2006-03-03 00:00:00,2024-12-23 00:00:00,2025-02-28 00:00:00
Viv Monterrico,17862528,2025-02-01 00:00:00,'-,"Carnes, Pescados, Fiambres, Frutas & Verduras",Repres. De Servicios 2Do Turno,Part Time,Femenino,2006-07-29 00:00:00,2024-12-18 00:00:00,
Viv Monterrico,17958127,2025-02-01 00:00:00,'-,Almacén,Repres. De Servicios 1Er Turno,Part Time,Masculino,2003-05-02 00:00:00,2025-01-24 00:00:00,
Viv Monterrico,17958128,2025-02-01 00:00:00,'-,Cajas,Cajero 6X1 1Er Turno,Part Time,Femenino,2004-11-22 00:00:00,2025-01-24 00:00:00,
Viv Monterrico,17958130,2025-02-01 00:00:00,'-,Almacén,Repres. De Servicios 1Er Turno,Part Time,Masculino,2006-04-26 00:00:00,2025-01-24 00:00:00,
Viv Monterrico,17958131,2025-02-01 00:00:00,'-,Almacén,Repres. De Servicios 1Er Turno,Part Time,Masculino,2002-04-07 00:00:00,2025-01-24 00:00:00,
Viv Monterrico,17958132,2025-02-01 00:00:00,'-,"Carnes, Pescados, Fiambres, Frutas & Verduras",Repres. De Servicios 1Er Turno,Part Time,Masculino,2004-07-28 00:00:00,2025-01-24 00:00:00,
Viv Monterrico,18211860,2025-02-01 00:00:00,'-,Almacén,Repres. De Servicios 2Do Turno,Part Time,Masculino,2005-12-10 00:00:00,2025-02-20 00:00:00,
Viv Monterrico,18211884,2025-02-01 00:00:00,'-,Cajas,Cajero 6X1 1Er Turno,Part Time,Femenino,2005-08-30 00:00:00,2025-02-20 00:00:00,
Viv Monterrico,18216092,2025-02-01 00:00:00,'-,Cajas,Cajero 6X1 1Er Turno,Part Time,Masculino,2002-04-17 00:00:00,2025-02-25 00:00:00,
Viv Monterrico,18396,2025-02-01 00:00:00,'-,"Carnes, Pescados, Fiambres, Frutas & Verduras",Repres. De Servicios I,Full Time,Femenino,1982-06-03 00:00:00,2013-09-09 00:00:00,
Viv Monterrico,202051,2025-02-01 00:00:00,'-,"Carnes, Pescados, Fiambres, Frutas & Verduras",Jefe De Seccion,Full Time,Masculino,1993-01-05 00:00:00,2018-09-01 00:00:00,
Viv Monterrico,203197,2025-02-01 00:00:00,'-,Cajas,Supervisor De Cajeros,Full Time,Masculino,1993-06-08 00:00:00,2018-12-01 00:00:00,
Viv Monterrico,204123,2025-02-01 00:00:00,'-,Sala,Repres. De Servicios,Full Time,Femenino,1984-11-24 00:00:00,2018-06-26 00:00:00,
Viv Monterrico,21073,2025-02-01 00:00:00,'-,"Carnes, Pescados, Fiambres, Frutas & Verduras",Repres. De Servicios,Full Time,Masculino,1978-11-03 00:00:00,2008-09-01 00:00:00,
Viv Monterrico,21097,2025-02-01 00:00:00,'-,Almacén,Jefe De Seccion Eo,Full Time,Masculino,1965-04-05 00:00:00,1988-04-02 00:00:00,
Viv Monterrico,21184,2025-02-01 00:00:00,'-,Administración,Asistente De Tienda,Full Time,Femenino,1986-05-18 00:00:00,2012-01-05 00:00:00,
Viv Monterrico,21347,2025-02-01 00:00:00,'-,Sala,Repres. De Servicios I,Full Time,Masculino,1979-04-19 00:00:00,2011-02-10 00:00:00,
Viv Monterrico,22090,2025-02-01 00:00:00,'-,Sala,Repres. De Servicios I,Full Time,Femenino,1990-06-24 00:00:00,2019-05-01 00:00:00,
Viv Monterrico,233971,2025-02-01 00:00:00,'-,Cajas,Repres. De Servicios,Full Time,Masculino,1999-06-09 00:00:00,2018-09-14 00:00:00,
Viv Monterrico,235488,2025-02-01 00:00:00,'-,"Carnes, Pescados, Fiambres, Frutas & Verduras",Repres. De Servicios,Full Time,Femenino,1977-09-25 00:00:00,2020-01-01 00:00:00,
Viv Monterrico,241468,2025-02-01 00:00:00,'-,Sala,Repres. De Servicios,Full Time,Masculino,1985-11-16 00:00:00,2018-11-15 00:00:00,
Viv Monterrico,2452,2025-02-01 00:00:00,'-,Cajas,Repres. De Servicios,Part Time,Masculino,1997-06-12 00:00:00,2022-12-01 00:00:00,
Viv Monterrico,245990,2025-02-01 00:00:00,'-,Cajas,Cajero 5X2,Full Time,Masculino,1989-09-26 00:00:00,2018-12-18 00:00:00,
Viv Monterrico,24975,2025-02-01 00:00:00,'-,Cajas,Jefe De Seccion,Full Time,Femenino,1982-05-15 00:00:00,2012-08-06 00:00:00,
Viv Monterrico,266268,2025-02-01 00:00:00,'-,"Carnes, Pescados, Fiambres, Frutas & Verduras",Repres. De Servicios,Full Time,Masculino,2000-11-08 00:00:00,2023-12-11 00:00:00,
Viv Monterrico,269011,2025-02-01 00:00:00,'-,Administración,Gerente De Tienda,Full Time,Femenino,1985-09-14 00:00:00,2019-04-01 00:00:00,
Viv Monterrico,27172,2025-02-01 00:00:00,'-,Comidas Preparadas Panadería Y Pastelería,Repres. De Servicios I,Full Time,Femenino,1992-08-05 00:00:00,2015-06-08 00:00:00,
Viv Monterrico,27570,2025-02-01 00:00:00,'-,Comidas Preparadas Panadería Y Pastelería,Repres. De Servicios,Full Time,Femenino,1979-03-22 00:00:00,2015-09-01 00:00:00,
Viv Monterrico,276932,2025-02-01 00:00:00,'-,Cajas,Representante De Servicio D,Part Time,Masculino,1979-03-26 00:00:00,2019-08-02 00:00:00,
Viv Monterrico,277146,2025-02-01 00:00:00,'-,Sala,Repres. De Servicios 1Er Turno,Part Time,Masculino,2000-12-20 00:00:00,2022-05-01 00:00:00,
Viv Monterrico,284648,2025-02-01 00:00:00,'-,Comidas Preparadas Panadería Y Pastelería,Repres. De Servicios,Full Time,Femenino,1998-01-12 00:00:00,2020-03-01 00:00:00,
Viv Monterrico,299199,2025-02-01 00:00:00,'-,Sala,Representante De Servicio D,Part Time,Femenino,1965-08-29 00:00:00,2019-12-10 00:00:00,
Viv Monterrico,31454,2025-02-01 00:00:00,'-,Sala,Especialista En Bebidas,Full Time,Masculino,1997-05-16 00:00:00,2016-01-18 00:00:00,
Viv Monterrico,31936,2025-02-01 00:00:00,'-,Cajas,Supervisor De Cajeros,Full Time,Femenino,1985-02-13 00:00:00,2016-02-01 00:00:00,
Viv Monterrico,34551,2025-02-01 00:00:00,'-,Recepción,Repres. De Servicios,Full Time,Femenino,1987-11-06 00:00:00,2016-02-17 00:00:00,
Viv Monterrico,36599,2025-02-01 00:00:00,'-,"Carnes, Pescados, Fiambres, Frutas & Verduras",Repres. De Servicios,Full Time,Femenino,1982-11-15 00:00:00,2016-03-02 00:00:00,
Viv Monterrico,3705,2025-02-01 00:00:00,'-,Administración,Jefe Entrenador,Full Time,Masculino,1968-12-14 00:00:00,2004-04-01 00:00:00,
Viv Monterrico,38464,2025-02-01 00:00:00,'-,Cajas,Cajero 5X2,Full Time,Femenino,1976-11-28 00:00:00,2018-02-01 00:00:00,
Viv Monterrico,40160,2025-02-01 00:00:00,'-,Cajas,Repres. De Servicios,Part Time,Masculino,1992-12-07 00:00:00,2016-05-04 00:00:00,
Viv Monterrico,41959,2025-02-01 00:00:00,'-,"Carnes, Pescados, Fiambres, Frutas & Verduras",Repres. De Servicios,Full Time,Femenino,1973-06-24 00:00:00,2016-07-08 00:00:00,
Viv Monterrico,41985,2025-02-01 00:00:00,'-,Sala,Jefe De Seccion,Full Time,Masculino,1997-01-23 00:00:00,2018-03-01 00:00:00,
Viv Monterrico,51793,2025-02-01 00:00:00,'-,Administración,Coordinador De Operaciones Iga,Full Time,Femenino,1993-11-12 00:00:00,2022-02-01 00:00:00,
Viv Monterrico,6265241,2025-02-01 00:00:00,'-,Cajas,Asistente De Self Check Out Pt,Part Time,Masculino,2002-02-28 00:00:00,2021-04-22 00:00:00,
Viv Monterrico,6990,2025-02-01 00:00:00,'-,Comidas Preparadas Panadería Y Pastelería,Repres. De Servicios Eo,Full Time,Masculino,1964-03-29 00:00:00,2007-09-01 00:00:00,
Viv Monterrico,7178,2025-02-01 00:00:00,'-,Comidas Preparadas Panadería Y Pastelería,Repres. De Servicios,Full Time,Femenino,1991-04-30 00:00:00,2012-04-01 00:00:00,
Viv Monterrico,7280,2025-02-01 00:00:00,'-,"Carnes, Pescados, Fiambres, Frutas & Verduras",Repres. De Servicios Eo,Full Time,Femenino,1962-07-30 00:00:00,1997-12-01 00:00:00,
Viv Monterrico,7325,2025-02-01 00:00:00,'-,Cajas,Supervisor De Cajeros,Full Time,Femenino,1992-07-21 00:00:00,2019-11-29 00:00:00,
Viv Monterrico,8668,2025-02-01 00:00:00,'-,Sala,Repres. De Servicios,Full Time,Femenino,1983-02-21 00:00:00,2020-02-26 00:00:00,
Viv Monterrico,9517389,2025-02-01 00:00:00,'-,Cajas,Cajero 3X4,Part Time,Femenino,2002-04-29 00:00:00,2021-11-30 00:00:00,
Viv Monterrico,9734259,2025-02-01 00:00:00,'-,Sala,Repres. De Servicios 2Do Turno,Part Time,Femenino,2001-04-22 00:00:00,2022-01-21 00:00:00,
Viv Monterrico,9864173,2025-02-01 00:00:00,'-,Cajas,Asistente De Self Check Out Pt,Part Time,Masculino,2002-04-18 00:00:00,2024-02-21 00:00:00,
Pvea Miraflores,108279,2025-01-01 00:00:00,'-,Sala,Multifuncional,Full Time,Masculino,1999-06-19 00:00:00,2024-11-01 00:00:00,
Pvea Miraflores,10922,2025-01-01 00:00:00,'-,Administración,Subgerente De Tienda,Full Time,Masculino,1989-05-26 00:00:00,2008-04-02 00:00:00,
Pvea Miraflores,11244,2025-01-01 00:00:00,'-,Recepción E Inventarios,Auxiliar De Inventarios,Full Time,Masculino,1992-07-22 00:00:00,2013-07-11 00:00:00,
Pvea Miraflores,11334373,2025-01-01 00:00:00,'-,Cajas,Multifuncional,Full Time,Masculino,2002-06-23 00:00:00,2024-07-01 00:00:00,
Pvea Miraflores,11467819,2025-01-01 00:00:00,'-,Sala Frescos,Repres. De Servicios 2Do Turno,Part Time,Femenino,2002-08-04 00:00:00,2022-10-26 00:00:00,
Pvea Miraflores,11471369,2025-01-01 00:00:00,'-,Cajas,Multifuncional 1Er Turno,Part Time,Masculino,2001-11-07 00:00:00,2022-10-28 00:00:00,
Pvea Miraflores,11639932,2025-01-01 00:00:00,'-,Sala Frescos,Repres. De Servicios 2Do Turno,Part Time,Masculino,2004-11-02 00:00:00,2023-01-24 00:00:00,
Pvea Miraflores,11640264,2025-01-01 00:00:00,'-,Cajas,Asistente De Self Check Out Pt,Part Time,Masculino,2002-09-28 00:00:00,2022-12-01 00:00:00,
Pvea Miraflores,11670565,2025-01-01 00:00:00,'-,Cajas,Multifuncional 2Do Turno,Part Time,Femenino,1990-06-09 00:00:00,2022-12-06 00:00:00,
Pvea Miraflores,11721792,2025-01-01 00:00:00,'-,Sala Frescos,Repres. De Servicios,Full Time,Masculino,2002-04-17 00:00:00,2024-04-03 00:00:00,
Pvea Miraflores,1173,2025-01-01 00:00:00,'-,Sala Frescos,Repres. De Servicios I,Full Time,Femenino,1980-08-21 00:00:00,2014-08-05 00:00:00,
Pvea Miraflores,11755194,2025-01-01 00:00:00,'-,Cajas,Multifuncional 1Er Turno,Part Time,Femenino,2004-07-24 00:00:00,2023-01-13 00:00:00,
Pvea Miraflores,11919846,2025-01-01 00:00:00,'-,Recepción,Repres. De Servicios,Full Time,Masculino,2004-10-27 00:00:00,2024-05-01 00:00:00,
Pvea Miraflores,11966281,2025-01-01 00:00:00,'-,Cajas,Multifuncional,Part Time,Masculino,2001-03-03 00:00:00,2023-03-06 00:00:00,
Pvea Miraflores,11966958,2025-01-01 00:00:00,'-,Sala Frescos,Repres. De Servicios,Full Time,Masculino,1998-10-25 00:00:00,2023-03-10 00:00:00,
Pvea Miraflores,11967461,2025-01-01 00:00:00,'-,Cajas,Multifuncional,Part Time,Masculino,2002-12-08 00:00:00,2024-03-26 00:00:00,
Pvea Miraflores,11968470,2025-01-01 00:00:00,'-,Sala Frescos,Repres. De Servicios,Full Time,Femenino,2004-12-19 00:00:00,2023-03-21 00:00:00,
Pvea Miraflores,11968493,2025-01-01 00:00:00,'-,Cajas,Multifuncional,Full Time,Femenino,1983-01-31 00:00:00,2024-04-01 00:00:00,
Pvea Miraflores,1197572,2025-01-01 00:00:00,'-,Recepción E Inventarios,Auxiliar De Inventarios,Full Time,Masculino,1996-10-18 00:00:00,2024-05-06 00:00:00,
Pvea Miraflores,11975834,2025-01-01 00:00:00,'-,Sala Frescos,Repres. De Servicios,Full Time,Femenino,1990-07-17 00:00:00,2023-03-24 00:00:00,
Pvea Miraflores,11995789,2025-01-01 00:00:00,'-,Almacén Frescos,Repres. De Servicios I,Full Time,Masculino,2001-01-20 00:00:00,2024-04-01 00:00:00,
Pvea Miraflores,11999841,2025-01-01 00:00:00,'-,Almacén,Repres. De Servicios 2Do Turno,Part Time,Masculino,2003-08-22 00:00:00,2023-03-31 00:00:00,
Pvea Miraflores,12020890,2025-01-01 00:00:00,'-,Sala Frescos,Repres. De Servicios,Full Time,Femenino,2004-08-03 00:00:00,2023-04-05 00:00:00,
Pvea Miraflores,12064373,2025-01-01 00:00:00,'-,Sala Frescos,Repres. De Servicios,Full Time,Masculino,1995-10-25 00:00:00,2024-04-01 00:00:00,
Pvea Miraflores,12069362,2025-01-01 00:00:00,'-,Almacén,Repres. De Servicios 2Do Turno,Part Time,Masculino,2003-04-10 00:00:00,2023-04-20 00:00:00,
Pvea Miraflores,12103891,2025-01-01 00:00:00,'-,Sala,Multifuncional 2Do Turno,Part Time,Femenino,2003-09-27 00:00:00,2023-04-27 00:00:00,
Pvea Miraflores,12103908,2025-01-01 00:00:00,'-,Almacén,Repres. De Servicios 2Do Turno,Part Time,Masculino,1997-12-27 00:00:00,2023-04-27 00:00:00,
Pvea Miraflores,12103937,2025-01-01 00:00:00,'-,Almacén Frescos,Repres. De Servicios,Full Time,Masculino,1993-04-22 00:00:00,2023-04-27 00:00:00,
Pvea Miraflores,12179662,2025-01-01 00:00:00,'-,Sala Frescos,Chef,Full Time,Femenino,2004-05-07 00:00:00,2024-07-01 00:00:00,
Pvea Miraflores,12179728,2025-01-01 00:00:00,'-,Sala,Multifuncional 2Do Turno,Part Time,Masculino,1991-06-16 00:00:00,2024-05-15 00:00:00,
Pvea Miraflores,12302,2025-01-01 00:00:00,'-,Recepción,Repres. De Servicios,Full Time,Masculino,1974-10-26 00:00:00,2019-01-22 00:00:00,
Pvea Miraflores,12341116,2025-01-01 00:00:00,'-,Cajas,Multifuncional 1Er Turno,Part Time,Femenino,2002-07-31 00:00:00,2023-07-14 00:00:00,
Pvea Miraflores,12478604,2025-01-01 00:00:00,'-,Cajas,Multifuncional,Part Time,Masculino,2003-06-28 00:00:00,2023-08-17 00:00:00,
Pvea Miraflores,12660368,2025-01-01 00:00:00,'-,Cajas,Multifuncional 2Do Turno,Part Time,Masculino,2003-03-30 00:00:00,2023-09-08 00:00:00,
Pvea Miraflores,12660703,2025-01-01 00:00:00,'-,Almacén,Repres. De Servicios I,Full Time,Masculino,2001-10-17 00:00:00,2024-05-01 00:00:00,
Pvea Miraflores,128681,2025-01-01 00:00:00,'-,Recepción E Inventarios,Auxiliar De Inventarios,Full Time,Masculino,1972-07-04 00:00:00,2018-02-09 00:00:00,
Pvea Miraflores,12930960,2025-01-01 00:00:00,'-,Cajas,Multifuncional,Full Time,Femenino,2003-02-02 00:00:00,2024-06-01 00:00:00,
Pvea Miraflores,129867,2025-01-01 00:00:00,'-,Almacén,Jefe De Seccion,Full Time,Masculino,1997-06-30 00:00:00,2019-04-01 00:00:00,2025-01-31 00:00:00
Pvea Miraflores,13218619,2025-01-01 00:00:00,'-,Cajas,Multifuncional 1Er Turno,Part Time,Femenino,1992-08-16 00:00:00,2023-11-03 00:00:00,
Pvea Miraflores,13800552,2025-01-01 00:00:00,'-,Almacén Frescos,Repres. De Servicios,Full Time,Masculino,1975-09-29 00:00:00,2024-01-10 00:00:00,
Pvea Miraflores,13922785,2025-01-01 00:00:00,'-,Cajas,Multifuncional,Part Time,Femenino,2005-06-30 00:00:00,2024-01-24 00:00:00,
Pvea Miraflores,13924475,2025-01-01 00:00:00,'-,Sala Frescos,Repres. De Servicios,Full Time,Femenino,2001-07-25 00:00:00,2024-12-19 00:00:00,2025-01-05 00:00:00
Pvea Miraflores,14000762,2025-01-01 00:00:00,'-,Sala Frescos,Repres. De Servicios Fds,Part Time,Femenino,2003-11-06 00:00:00,2024-02-06 00:00:00,
Pvea Miraflores,14000816,2025-01-01 00:00:00,'-,Sala Frescos,Repres. De Servicios,Full Time,Femenino,2002-09-16 00:00:00,2024-02-06 00:00:00,
Pvea Miraflores,14000818,2025-01-01 00:00:00,'-,Sala,Multifuncional 1Er Turno,Part Time,Masculino,2003-05-09 00:00:00,2024-02-06 00:00:00,
Pvea Miraflores,14198239,2025-01-01 00:00:00,'-,Sala Frescos,Repres. De Servicios 2Do Turno,Part Time,Femenino,2005-08-10 00:00:00,2024-02-14 00:00:00,
Pvea Miraflores,14234670,2025-01-01 00:00:00,'-,Cajas,Multifuncional,Part Time,Masculino,2002-08-01 00:00:00,2024-11-25 00:00:00,
Pvea Miraflores,14574,2025-01-01 00:00:00,'-,Sala,Repres. De Servicios I,Full Time,Masculino,1969-09-18 00:00:00,2013-09-19 00:00:00,
Pvea Miraflores,14600088,2025-01-01 00:00:00,'-,Almacén Frescos,Repres. De Servicios,Full Time,Masculino,2005-01-18 00:00:00,2024-03-05 00:00:00,
Pvea Miraflores,14623587,2025-01-01 00:00:00,'-,Recepción,Repres. De Servicios,Full Time,Masculino,2003-04-15 00:00:00,2024-12-02 00:00:00,
Pvea Miraflores,14623613,2025-01-01 00:00:00,'-,Sala Frescos,Repres. De Servicios Fds,Part Time,Femenino,1992-08-14 00:00:00,2024-03-07 00:00:00,2025-01-31 00:00:00
Pvea Miraflores,14662123,2025-01-01 00:00:00,'-,Cajas,Multifuncional 2Do Turno,Part Time,Femenino,2002-11-02 00:00:00,2024-03-13 00:00:00,
Pvea Miraflores,14672845,2025-01-01 00:00:00,'-,Cajas,Multifuncional 2Do Turno,Part Time,Femenino,2005-10-29 00:00:00,2024-03-14 00:00:00,
Pvea Miraflores,14683987,2025-01-01 00:00:00,'-,Cajas,Supervisor De Cajeros,Full Time,Femenino,2003-01-11 00:00:00,2025-01-01 00:00:00,
Pvea Miraflores,14684378,2025-01-01 00:00:00,'-,Cajas,Multifuncional Fds,Part Time,Femenino,2004-11-16 00:00:00,2024-03-15 00:00:00,
Pvea Miraflores,14762864,2025-01-01 00:00:00,'-,Cajas,Multifuncional 2Do Turno,Part Time,Femenino,2003-07-01 00:00:00,2024-03-14 00:00:00,
Pvea Miraflores,14788176,2025-01-01 00:00:00,'-,Sala Frescos,Repres. De Servicios 1Er Turno,Part Time,Femenino,2005-04-15 00:00:00,2024-03-21 00:00:00,
Pvea Miraflores,14788217,2025-01-01 00:00:00,'-,Cajas,Multifuncional 1Er Turno,Part Time,Femenino,1998-11-15 00:00:00,2024-03-21 00:00:00,
Pvea Miraflores,14788218,2025-01-01 00:00:00,'-,Cajas,Multifuncional 2Do Turno,Part Time,Femenino,2003-06-18 00:00:00,2024-03-21 00:00:00,2025-02-01 00:00:00
Pvea Miraflores,14788228,2025-01-01 00:00:00,'-,Sala Frescos,Repres. De Servicios,Full Time,Femenino,1971-12-13 00:00:00,2024-07-01 00:00:00,
Pvea Miraflores,14830,2025-01-01 00:00:00,'-,Cajas,Jefe De Seccion,Full Time,Femenino,1987-04-02 00:00:00,2014-02-12 00:00:00,
Pvea Miraflores,14858577,2025-01-01 00:00:00,'-,Cajas,Multifuncional,Full Time,Masculino,2006-01-14 00:00:00,2024-09-01 00:00:00,
Pvea Miraflores,14858579,2025-01-01 00:00:00,'-,Cajas,Multifuncional,Full Time,Masculino,2005-06-16 00:00:00,2024-11-01 00:00:00,
Pvea Miraflores,14858766,2025-01-01 00:00:00,'-,Sala Frescos,Repres. De Servicios,Full Time,Femenino,1975-10-04 00:00:00,2025-01-01 00:00:00,
Pvea Miraflores,14860022,2025-01-01 00:00:00,'-,Cajas,Asistente De Self Check Out Pt,Part Time,Femenino,2004-12-28 00:00:00,2024-03-26 00:00:00,
Pvea Miraflores,15262551,2025-01-01 00:00:00,'-,Sala Frescos,Repres. De Servicios,Full Time,Femenino,2003-02-05 00:00:00,2024-04-19 00:00:00,
Pvea Miraflores,15329,2025-01-01 00:00:00,'-,Sala Frescos,Repres. De Servicios,Full Time,Masculino,1980-09-20 00:00:00,2014-10-15 00:00:00,
Pvea Miraflores,15345670,2025-01-01 00:00:00,'-,Cajas,Multifuncional,Full Time,Femenino,1989-10-30 00:00:00,2024-09-01 00:00:00,
Pvea Miraflores,15345714,2025-01-01 00:00:00,'-,Almacén Frescos,Repres. De Servicios,Full Time,Masculino,2001-09-15 00:00:00,2024-04-24 00:00:00,
Pvea Miraflores,15470720,2025-01-01 00:00:00,'-,Sala,Multifuncional 2Do Turno,Part Time,Femenino,2005-07-13 00:00:00,2024-04-29 00:00:00,
Pvea Miraflores,15618618,2025-01-01 00:00:00,'-,Sala Frescos,Repres. De Servicios,Full Time,Femenino,1991-03-15 00:00:00,2024-05-02 00:00:00,2025-01-31 00:00:00
Pvea Miraflores,15661786,2025-01-01 00:00:00,'-,Cajas,Asistente De Self Check Out Pt,Part Time,Femenino,2004-04-09 00:00:00,2024-05-08 00:00:00,
Pvea Miraflores,15682436,2025-01-01 00:00:00,'-,Cajas,Multifuncional 1Er Turno,Part Time,Femenino,2004-02-04 00:00:00,2024-05-10 00:00:00,2025-01-31 00:00:00
Pvea Miraflores,15754158,2025-01-01 00:00:00,'-,Cajas,Multifuncional Fds,Part Time,Femenino,2001-10-02 00:00:00,2024-05-16 00:00:00,2025-01-03 00:00:00
Pvea Miraflores,15853619,2025-01-01 00:00:00,'-,Sala,Multifuncional 2Do Turno,Part Time,Masculino,1990-03-27 00:00:00,2024-05-21 00:00:00,
Pvea Miraflores,15874352,2025-01-01 00:00:00,'-,Cajas,Multifuncional 1Er Turno,Part Time,Masculino,2003-05-10 00:00:00,2024-05-23 00:00:00,
Pvea Miraflores,15968821,2025-01-01 00:00:00,'-,Cajas,Multifuncional 1Er Turno,Part Time,Masculino,2005-06-04 00:00:00,2024-06-04 00:00:00,
Pvea Miraflores,15985097,2025-01-01 00:00:00,'-,Sala Frescos,Repres. De Servicios 2Do Turno,Part Time,Masculino,2002-01-04 00:00:00,2024-06-06 00:00:00,
Pvea Miraflores,16025222,2025-01-01 00:00:00,'-,Sala,Multifuncional 2Do Turno,Part Time,Masculino,2006-03-03 00:00:00,2024-06-17 00:00:00,
Pvea Miraflores,16059121,2025-01-01 00:00:00,'-,Cajas,Multifuncional 1Er Turno,Part Time,Masculino,2001-04-21 00:00:00,2024-06-26 00:00:00,2025-01-31 00:00:00
Pvea Miraflores,16069169,2025-01-01 00:00:00,'-,Sala Frescos,Repres. De Servicios 1Er Turno,Part Time,Femenino,2001-06-26 00:00:00,2024-06-28 00:00:00,
Pvea Miraflores,16102232,2025-01-01 00:00:00,'-,Sala,Multifuncional 2Do Turno,Part Time,Masculino,2004-08-03 00:00:00,2024-07-03 00:00:00,
Pvea Miraflores,16480681,2025-01-01 00:00:00,'-,Cajas,Multifuncional Fds,Part Time,Masculino,2005-02-13 00:00:00,2024-08-02 00:00:00,
Pvea Miraflores,16488687,2025-01-01 00:00:00,'-,Cajas,Multifuncional,Part Time,Femenino,2006-03-09 00:00:00,2024-08-05 00:00:00,
Pvea Miraflores,16599143,2025-01-01 00:00:00,'-,Sala Frescos,Repres. De Servicios 1Er Turno,Part Time,Masculino,1979-07-19 00:00:00,2024-08-09 00:00:00,
Pvea Miraflores,16619567,2025-01-01 00:00:00,'-,Cajas,Repres. De Servicios,Part Time,Masculino,2005-08-10 00:00:00,2024-08-12 00:00:00,2025-01-02 00:00:00
Pvea Miraflores,167,2025-01-01 00:00:00,'-,Administración,Asistente De Tienda,Full Time,Femenino,1982-10-31 00:00:00,2005-05-01 00:00:00,
Pvea Miraflores,16717072,2025-01-01 00:00:00,'-,Almacén,Repres. De Servicios 2Do Turno,Part Time,Femenino,2006-03-10 00:00:00,2024-08-22 00:00:00,
Pvea Miraflores,16802920,2025-01-01 00:00:00,'-,Cajas,Multifuncional 2Do Turno,Part Time,Masculino,2000-11-02 00:00:00,2024-08-29 00:00:00,2025-01-05 00:00:00
Pvea Miraflores,16858680,2025-01-01 00:00:00,'-,Almacén,Repres. De Servicios,Full Time,Masculino,2005-05-14 00:00:00,2024-12-01 00:00:00,
Pvea Miraflores,16867042,2025-01-01 00:00:00,'-,Cajas,Multifuncional 2Do Turno,Part Time,Femenino,2006-06-17 00:00:00,2024-09-11 00:00:00,2025-01-31 00:00:00
Pvea Miraflores,16867095,2025-01-01 00:00:00,'-,Cajas,Multifuncional 1Er Turno,Part Time,Femenino,2006-03-15 00:00:00,2024-09-11 00:00:00,
Pvea Miraflores,16976705,2025-01-01 00:00:00,'-,Sala Frescos,Repres. De Servicios 2Do Turno,Part Time,Masculino,2004-08-13 00:00:00,2024-09-13 00:00:00,
Pvea Miraflores,16981187,2025-01-01 00:00:00,'-,Cajas,Multifuncional 1Er Turno,Part Time,Femenino,2004-10-16 00:00:00,2024-09-11 00:00:00,
Pvea Miraflores,17014057,2025-01-01 00:00:00,'-,Sala Frescos,Repres. De Servicios 1Er Turno,Part Time,Femenino,2004-06-19 00:00:00,2024-09-19 00:00:00,
Pvea Miraflores,17014923,2025-01-01 00:00:00,'-,Cajas,Multifuncional 2Do Turno,Part Time,Femenino,2006-01-16 00:00:00,2024-09-20 00:00:00,2025-01-12 00:00:00
Pvea Miraflores,17293470,2025-01-01 00:00:00,'-,Cajas,Multifuncional,Part Time,Femenino,2006-10-08 00:00:00,2024-10-24 00:00:00,
Pvea Miraflores,17294420,2025-01-01 00:00:00,'-,Sala Frescos,Repres. De Servicios 2Do Turno,Part Time,Femenino,2001-02-02 00:00:00,2024-10-24 00:00:00,2025-01-15 00:00:00
Pvea Miraflores,17304094,2025-01-01 00:00:00,'-,Recepción,Repres. De Servicios 2Do Turno,Part Time,Masculino,2004-07-30 00:00:00,2024-10-25 00:00:00,
Pvea Miraflores,17304197,2025-01-01 00:00:00,'-,Sala Frescos,Repres. De Servicios Fds,Part Time,Femenino,2003-10-09 00:00:00,2024-10-25 00:00:00,
Pvea Miraflores,17442371,2025-01-01 00:00:00,'-,Sala Frescos,Repres. De Servicios Fds,Part Time,Masculino,2001-10-27 00:00:00,2024-11-08 00:00:00,2025-01-09 00:00:00
Pvea Miraflores,17468662,2025-01-01 00:00:00,'-,Cajas,Multifuncional,Part Time,Masculino,2005-08-19 00:00:00,2024-11-12 00:00:00,
Pvea Miraflores,17469240,2025-01-01 00:00:00,'-,Sala Frescos,Repres. De Servicios Fds,Part Time,Femenino,1993-11-13 00:00:00,2024-11-12 00:00:00,
Pvea Miraflores,17487266,2025-01-01 00:00:00,'-,Cajas,Multifuncional 2Do Turno,Part Time,Femenino,2006-06-27 00:00:00,2024-11-14 00:00:00,
Pvea Miraflores,17487277,2025-01-01 00:00:00,'-,Cajas,Multifuncional,Full Time,Femenino,1999-02-12 00:00:00,2024-11-14 00:00:00,
Pvea Miraflores,17487991,2025-01-01 00:00:00,'-,Cajas,Multifuncional,Full Time,Femenino,2006-05-23 00:00:00,2024-11-14 00:00:00,
Pvea Miraflores,17533975,2025-01-01 00:00:00,'-,Cajas,Multifuncional,Full Time,Femenino,2005-09-08 00:00:00,2024-11-18 00:00:00,
Pvea Miraflores,17533983,2025-01-01 00:00:00,'-,Cajas,Representante De Servicio D,Part Time,Masculino,1995-04-11 00:00:00,2024-11-19 00:00:00,
Pvea Miraflores,17539280,2025-01-01 00:00:00,'-,Almacén,Repres. De Servicios,Full Time,Masculino,2006-02-26 00:00:00,2024-11-21 00:00:00,
Pvea Miraflores,17539285,2025-01-01 00:00:00,'-,Almacén,Repres. De Servicios 2Do Turno,Part Time,Masculino,2004-08-30 00:00:00,2024-11-21 00:00:00,
Pvea Miraflores,17577229,2025-01-01 00:00:00,'-,Cajas,Multifuncional,Part Time,Masculino,1996-03-16 00:00:00,2024-11-25 00:00:00,
Pvea Miraflores,17577236,2025-01-01 00:00:00,'-,Cajas,Multifuncional,Part Time,Masculino,1998-12-22 00:00:00,2024-11-25 00:00:00,
Pvea Miraflores,17577248,2025-01-01 00:00:00,'-,Cajas,Multifuncional 1Er Turno,Part Time,Femenino,2002-04-09 00:00:00,2024-11-25 00:00:00,
Pvea Miraflores,17577253,2025-01-01 00:00:00,'-,Cajas,Multifuncional,Part Time,Masculino,2004-09-03 00:00:00,2024-11-25 00:00:00,
Pvea Miraflores,17640369,2025-01-01 00:00:00,'-,Cajas,Multifuncional,Full Time,Femenino,1990-05-27 00:00:00,2024-11-25 00:00:00,
Pvea Miraflores,17657,2025-01-01 00:00:00,'-,Recepción E Inventarios,Auxiliar De Inventarios,Full Time,Masculino,1984-11-17 00:00:00,2011-09-05 00:00:00,
Pvea Miraflores,17661583,2025-01-01 00:00:00,'-,Cajas,Multifuncional 1Er Turno,Part Time,Femenino,2006-11-10 00:00:00,2024-11-27 00:00:00,
Pvea Miraflores,17678918,2025-01-01 00:00:00,'-,Almacén,Repres. De Servicios,Full Time,Masculino,2005-07-25 00:00:00,2024-11-28 00:00:00,
Pvea Miraflores,17729268,2025-01-01 00:00:00,'-,Almacén Frescos,Repres. De Servicios 1Er Turno,Part Time,Masculino,2006-08-25 00:00:00,2024-12-05 00:00:00,2025-01-02 00:00:00
Pvea Miraflores,17732286,2025-01-01 00:00:00,'-,Cajas,Multifuncional 2Do Turno,Part Time,Femenino,1988-11-21 00:00:00,2024-12-06 00:00:00,
Pvea Miraflores,17732520,2025-01-01 00:00:00,'-,Cajas,Repres. De Servicios,Full Time,Femenino,2001-07-23 00:00:00,2024-12-06 00:00:00,
Pvea Miraflores,17732526,2025-01-01 00:00:00,'-,Cajas,Repres. De Servicios,Full Time,Femenino,2004-07-24 00:00:00,2024-12-06 00:00:00,
Pvea Miraflores,17782950,2025-01-01 00:00:00,'-,Cajas,Multifuncional 1Er Turno,Part Time,Femenino,2006-09-27 00:00:00,2024-12-11 00:00:00,
Pvea Miraflores,17790440,2025-01-01 00:00:00,'-,Sala,Multifuncional Peak Campaña,Part Time,Femenino,2003-07-16 00:00:00,2024-12-10 00:00:00,2025-01-09 00:00:00
Pvea Miraflores,17791543,2025-01-01 00:00:00,'-,Sala,Multifuncional Peak Campaña,Part Time,Masculino,2004-10-28 00:00:00,2024-12-10 00:00:00,
Pvea Miraflores,17802173,2025-01-01 00:00:00,'-,Sala,Multifuncional Peak Campaña,Part Time,Femenino,2006-01-02 00:00:00,2024-12-10 00:00:00,2025-01-09 00:00:00
Pvea Miraflores,17802304,2025-01-01 00:00:00,'-,Sala,Multifuncional Peak Campaña,Part Time,Femenino,2003-05-15 00:00:00,2024-12-10 00:00:00,2025-01-09 00:00:00
Pvea Miraflores,17802403,2025-01-01 00:00:00,'-,Sala,Multifuncional Peak Campaña,Part Time,Femenino,2005-09-07 00:00:00,2024-12-10 00:00:00,2025-01-09 00:00:00
Pvea Miraflores,17820723,2025-01-01 00:00:00,'-,Sala Frescos,Repres. De Servicios 2Do Turno,Part Time,Femenino,2006-04-05 00:00:00,2024-12-13 00:00:00,2025-01-02 00:00:00
Pvea Miraflores,17820963,2025-01-01 00:00:00,'-,Cajas,Multifuncional 2Do Turno,Part Time,Femenino,2005-12-30 00:00:00,2024-12-13 00:00:00,
Pvea Miraflores,17821102,2025-01-01 00:00:00,'-,Sala Frescos,Repres. De Servicios,Full Time,Femenino,2006-03-23 00:00:00,2024-12-13 00:00:00,
Pvea Miraflores,17830355,2025-01-01 00:00:00,'-,Cajas,Multifuncional 2Do Turno,Part Time,Femenino,2006-09-05 00:00:00,2024-12-16 00:00:00,
Pvea Miraflores,17833376,2025-01-01 00:00:00,'-,Cajas,Multifuncional 2Do Turno,Part Time,Masculino,2002-02-20 00:00:00,2024-12-17 00:00:00,
Pvea Miraflores,17835502,2025-01-01 00:00:00,'-,Cajas,Repres. De Servicios,Part Time,Masculino,2002-09-12 00:00:00,2024-12-19 00:00:00,
Pvea Miraflores,17835528,2025-01-01 00:00:00,'-,Sala Frescos,Repres. De Servicios,Full Time,Masculino,2005-08-26 00:00:00,2024-12-19 00:00:00,2025-01-01 00:00:00
Pvea Miraflores,17835529,2025-01-01 00:00:00,'-,Cajas,Multifuncional 2Do Turno,Part Time,Femenino,1979-03-14 00:00:00,2024-12-19 00:00:00,
Pvea Miraflores,17835533,2025-01-01 00:00:00,'-,Sala Frescos,Repres. De Servicios 2Do Turno,Part Time,Masculino,2006-03-16 00:00:00,2024-12-19 00:00:00,2025-01-02 00:00:00
Pvea Miraflores,17835549,2025-01-01 00:00:00,'-,Sala Frescos,Repres. De Servicios 2Do Turno,Part Time,Femenino,2005-03-22 00:00:00,2024-12-19 00:00:00,
Pvea Miraflores,17861149,2025-01-01 00:00:00,'-,Cajas,Multifuncional 2Do Turno,Part Time,Masculino,2006-03-29 00:00:00,2024-12-23 00:00:00,
Pvea Miraflores,17861284,2025-01-01 00:00:00,'-,Cajas,Repres. De Servicios,Full Time,Femenino,2006-07-29 00:00:00,2024-12-23 00:00:00,
Pvea Miraflores,17908054,2025-01-01 00:00:00,'-,Sala Frescos,Repres. De Servicios 2Do Turno,Part Time,Femenino,2006-02-12 00:00:00,2024-12-30 00:00:00,2025-01-10 00:00:00
Pvea Miraflores,17908056,2025-01-01 00:00:00,'-,Sala Frescos,Repres. De Servicios 2Do Turno,Part Time,Femenino,2005-07-23 00:00:00,2024-12-30 00:00:00,
Pvea Miraflores,17955881,2025-01-01 00:00:00,'-,Almacén,Repres. De Servicios,Part Time,Masculino,2002-06-08 00:00:00,2025-01-23 00:00:00,
Pvea Miraflores,17955883,2025-01-01 00:00:00,'-,Almacén,Repres. De Servicios,Part Time,Masculino,2005-10-21 00:00:00,2025-01-23 00:00:00,
Pvea Miraflores,17958347,2025-01-01 00:00:00,'-,Recepción,Repres. De Servicios,Full Time,Masculino,2006-11-14 00:00:00,2025-01-24 00:00:00,
Pvea Miraflores,17958354,2025-01-01 00:00:00,'-,Almacén,Repres. De Servicios,Full Time,Masculino,2004-12-02 00:00:00,2025-01-24 00:00:00,
Pvea Miraflores,17958355,2025-01-01 00:00:00,'-,Sala Frescos,Repres. De Servicios,Full Time,Femenino,2005-01-09 00:00:00,2025-01-24 00:00:00,2025-02-01 00:00:00
Pvea Miraflores,17992918,2025-01-01 00:00:00,'-,Cajas,Repres. De Servicios,Part Time,Masculino,2005-02-11 00:00:00,2025-01-28 00:00:00,
Pvea Miraflores,17993317,2025-01-01 00:00:00,'-,Cajas,Multifuncional,Part Time,Femenino,2003-11-01 00:00:00,2025-01-28 00:00:00,
Pvea Miraflores,17993500,2025-01-01 00:00:00,'-,Cajas,Repres. De Servicios,Full Time,Masculino,2005-07-03 00:00:00,2025-01-28 00:00:00,
Pvea Miraflores,17994397,2025-01-01 00:00:00,'-,Sala Frescos,Repres. De Servicios 2Do Turno,Part Time,Masculino,2005-11-13 00:00:00,2025-01-30 00:00:00,
Pvea Miraflores,17994399,2025-01-01 00:00:00,'-,Almacén Frescos,Repres. De Servicios 2Do Turno,Part Time,Masculino,2005-01-15 00:00:00,2025-01-30 00:00:00,
Pvea Miraflores,17994400,2025-01-01 00:00:00,'-,Sala Frescos,Repres. De Servicios 2Do Turno,Part Time,Masculino,2003-05-17 00:00:00,2025-01-30 00:00:00,
Pvea Miraflores,17994409,2025-01-01 00:00:00,'-,Recepción,Repres. De Servicios,Full Time,Masculino,2005-05-10 00:00:00,2025-01-30 00:00:00,
Pvea Miraflores,17994411,2025-01-01 00:00:00,'-,Sala Frescos,Repres. De Servicios,Full Time,Masculino,2006-12-13 00:00:00,2025-01-30 00:00:00,
Pvea Miraflores,17994413,2025-01-01 00:00:00,'-,Cajas,Repres. De Servicios,Full Time,Masculino,2004-08-28 00:00:00,2025-01-30 00:00:00,
Pvea Miraflores,17994414,2025-01-01 00:00:00,'-,Cajas,Repres. De Servicios,Full Time,Femenino,1982-12-18 00:00:00,2025-01-30 00:00:00,
Pvea Miraflores,17994449,2025-01-01 00:00:00,'-,Sala Frescos,Repres. De Servicios 2Do Turno,Part Time,Masculino,2004-10-06 00:00:00,2025-01-31 00:00:00,
Pvea Miraflores,18154,2025-01-01 00:00:00,'-,Sala Frescos,Repres. De Servicios 1Er Turno,Part Time,Masculino,1995-05-26 00:00:00,2024-07-01 00:00:00,
Pvea Miraflores,18858,2025-01-01 00:00:00,'-,Cajas,Representante De Servicio D,Full Time,Femenino,1980-08-23 00:00:00,2014-08-06 00:00:00,
Pvea Miraflores,203013,2025-01-01 00:00:00,'-,Electro,Vendedor,Full Time,Femenino,1968-11-24 00:00:00,2018-05-23 00:00:00,
Pvea Miraflores,21147,2025-01-01 00:00:00,'-,Sala Frescos,Repres. De Servicios,Full Time,Masculino,1978-04-26 00:00:00,2011-03-01 00:00:00,
Pvea Miraflores,21448,2025-01-01 00:00:00,'-,Electro,Jefe De Seccion,Full Time,Femenino,1974-03-22 00:00:00,2012-10-01 00:00:00,
Pvea Miraflores,241412,2025-01-01 00:00:00,'-,Cajas,Supervisor De Cajeros,Full Time,Femenino,1974-01-30 00:00:00,2024-05-01 00:00:00,
Pvea Miraflores,244437,2025-01-01 00:00:00,'-,Cajas,Supervisor De Cajeros,Full Time,Masculino,2000-05-19 00:00:00,2024-01-19 00:00:00,
Pvea Miraflores,24708,2025-01-01 00:00:00,'-,Administración,Gerente De Tienda,Full Time,Masculino,1975-09-22 00:00:00,2003-04-04 00:00:00,
Pvea Miraflores,25760,2025-01-01 00:00:00,'-,Almacén,Repres. De Servicios I,Full Time,Femenino,1973-10-12 00:00:00,2014-06-16 00:00:00,
Pvea Miraflores,298588,2025-01-01 00:00:00,'-,Sala,Multifuncional 1Er Turno,Part Time,Femenino,1985-12-22 00:00:00,2024-12-02 00:00:00,
Pvea Miraflores,301805,2025-01-01 00:00:00,'-,Sala,Multifuncional,Full Time,Masculino,1995-12-13 00:00:00,2020-01-20 00:00:00,
Pvea Miraflores,304408,2025-01-01 00:00:00,'-,Almacén Frescos,Repres. De Servicios I,Full Time,Femenino,1992-12-05 00:00:00,2020-02-17 00:00:00,
Pvea Miraflores,31455,2025-01-01 00:00:00,'-,Sala Frescos,Jefe De Seccion,Full Time,Masculino,1981-11-10 00:00:00,2016-01-18 00:00:00,
Pvea Miraflores,33877,2025-01-01 00:00:00,'-,Cajas,Supervisor De Cajeros,Full Time,Femenino,1985-08-27 00:00:00,2019-08-01 00:00:00,
Pvea Miraflores,34546,2025-01-01 00:00:00,'-,Sala Frescos,Repres. De Servicios,Full Time,Femenino,1967-05-24 00:00:00,2016-02-17 00:00:00,
Pvea Miraflores,36202,2025-01-01 00:00:00,'-,Sala Frescos,Repres. De Servicios,Full Time,Femenino,1992-05-22 00:00:00,2016-03-02 00:00:00,
Pvea Miraflores,3707,2025-01-01 00:00:00,'-,Administración,Asistente De Tienda,Full Time,Femenino,1974-10-22 00:00:00,2003-09-01 00:00:00,
Pvea Miraflores,37084,2025-01-01 00:00:00,'-,Cajas,Supervisor De Cajeros,Full Time,Femenino,1982-09-08 00:00:00,2016-03-14 00:00:00,
Pvea Miraflores,41844,2025-01-01 00:00:00,'-,Sala Frescos,Repres. De Servicios,Full Time,Masculino,1984-09-10 00:00:00,2016-07-04 00:00:00,
Pvea Miraflores,42739,2025-01-01 00:00:00,'-,Sala,Jefe De Seccion,Full Time,Femenino,1998-06-14 00:00:00,2016-08-01 00:00:00,
Pvea Miraflores,43825,2025-01-01 00:00:00,'-,Almacén Frescos,Repres. De Servicios,Full Time,Masculino,1993-11-30 00:00:00,2025-01-30 00:00:00,
Pvea Miraflores,4486016,2025-01-01 00:00:00,'-,Sala Frescos,Jefe De Seccion,Full Time,Femenino,1997-11-16 00:00:00,2020-06-03 00:00:00,
Pvea Miraflores,4615645,2025-01-01 00:00:00,'-,Electro,Vendedor Part Time,Part Time,Masculino,2000-11-12 00:00:00,2024-02-12 00:00:00,2025-01-03 00:00:00
Pvea Miraflores,52599,2025-01-01 00:00:00,'-,Cajas,Supervisor De Cajeros,Full Time,Femenino,1983-02-06 00:00:00,2017-09-01 00:00:00,
Pvea Miraflores,53468,2025-01-01 00:00:00,'-,Sala Frescos,Repres. De Servicios,Full Time,Femenino,1984-07-04 00:00:00,2017-05-01 00:00:00,
Pvea Miraflores,55309,2025-01-01 00:00:00,'-,Sala Frescos,Repres. De Servicios,Full Time,Femenino,1990-10-28 00:00:00,2020-02-01 00:00:00,
Pvea Miraflores,7318884,2025-01-01 00:00:00,'-,Cajas,Multifuncional 1Er Turno,Part Time,Femenino,1995-02-25 00:00:00,2021-09-22 00:00:00,
Pvea Miraflores,7319531,2025-01-01 00:00:00,'-,Sala,Multifuncional,Full Time,Masculino,1999-05-16 00:00:00,2023-01-01 00:00:00,
Pvea Miraflores,7319542,2025-01-01 00:00:00,'-,Sala,Repres. De Servicios I,Full Time,Femenino,2001-05-26 00:00:00,2022-11-01 00:00:00,
Pvea Miraflores,7319599,2025-01-01 00:00:00,'-,Sala,Multifuncional 2Do Turno,Part Time,Masculino,2000-02-10 00:00:00,2021-09-22 00:00:00,2025-01-31 00:00:00
Pvea Miraflores,7331977,2025-01-01 00:00:00,'-,Sala Frescos,Repres. De Servicios 1Er Turno,Part Time,Femenino,2002-08-01 00:00:00,2021-09-22 00:00:00,
Pvea Miraflores,7333556,2025-01-01 00:00:00,'-,Sala,Multifuncional Peak Campaña,Part Time,Femenino,2003-05-19 00:00:00,2024-12-11 00:00:00,
Pvea Miraflores,7333607,2025-01-01 00:00:00,'-,Cajas,Asistente De Self Check Out Pt,Part Time,Femenino,1979-09-11 00:00:00,2021-09-22 00:00:00,
Pvea Miraflores,7333614,2025-01-01 00:00:00,'-,Cajas,Multifuncional,Full Time,Femenino,2003-03-03 00:00:00,2023-08-01 00:00:00,
Pvea Miraflores,7373739,2025-01-01 00:00:00,'-,Electro,Repres. De Servicios,Full Time,Masculino,2001-09-27 00:00:00,2023-02-01 00:00:00,2025-01-31 00:00:00
Pvea Miraflores,811,2025-01-01 00:00:00,'-,Sala,Especialista En Bebidas,Full Time,Masculino,1977-11-17 00:00:00,2016-07-13 00:00:00,
Pvea Miraflores,8163737,2025-01-01 00:00:00,'-,Sala,Multifuncional,Full Time,Femenino,1997-03-27 00:00:00,2023-05-01 00:00:00,
Pvea Miraflores,8350959,2025-01-01 00:00:00,'-,Sala Frescos,Repres. De Servicios I,Full Time,Masculino,1999-05-04 00:00:00,2023-05-01 00:00:00,
Pvea Miraflores,8682,2025-01-01 00:00:00,'-,Sala Frescos,Jefe De Seccion,Full Time,Femenino,1974-09-05 00:00:00,2018-08-03 00:00:00,
Pvea Miraflores,919,2025-01-01 00:00:00,'-,Sala Frescos,Repres. De Servicios,Full Time,Femenino,1973-08-07 00:00:00,2014-05-05 00:00:00,
Pvea Miraflores,9278728,2025-01-01 00:00:00,'-,Sala,Multifuncional 1Er Turno,Part Time,Femenino,1989-10-12 00:00:00,2021-11-02 00:00:00,
Pvea Miraflores,9481430,2025-01-01 00:00:00,'-,Almacén,Repres. De Servicios,Full Time,Masculino,1999-08-02 00:00:00,2025-01-31 00:00:00,
Pvea Miraflores,9518850,2025-01-01 00:00:00,'-,Sala Frescos,Repres. De Servicios 1Er Turno,Part Time,Femenino,2001-09-05 00:00:00,2022-01-10 00:00:00,
Pvea Miraflores,9753003,2025-01-01 00:00:00,'-,Sala Frescos,Repres. De Servicios 1Er Turno,Part Time,Femenino,2003-09-17 00:00:00,2024-03-26 00:00:00,2025-01-19 00:00:00
Pvea Miraflores,98931,2025-01-01 00:00:00,'-,Cajas,Multifuncional Eo,Full Time,Masculino,1960-11-16 00:00:00,2017-08-01 00:00:00,
Pvea Miraflores,99177,2025-01-01 00:00:00,'-,Sala,Jefe De Seccion,Full Time,Masculino,1998-07-09 00:00:00,2021-08-24 00:00:00,
Svea Corpac,103603,2025-01-01 00:00:00,'-,Cajas,Cajero 6X1,Part Time,Masculino,1986-06-08 00:00:00,2017-09-13 00:00:00,
Svea Corpac,104636,2025-01-01 00:00:00,'-,Almacén Frescos,Repres. De Servicios,Full Time,Femenino,1980-07-16 00:00:00,2023-06-15 00:00:00,
Svea Corpac,109719,2025-01-01 00:00:00,'-,Cajas,Jefe De Seccion,Full Time,Masculino,1989-05-05 00:00:00,2018-01-01 00:00:00,
Svea Corpac,1198235,2025-01-01 00:00:00,'-,Sala,Jefe De Seccion,Full Time,Femenino,1994-03-19 00:00:00,2020-03-17 00:00:00,
Svea Corpac,12301310,2025-01-01 00:00:00,'-,Cajas,Cajero 6X1 2Do Turno,Part Time,Femenino,2004-08-03 00:00:00,2023-06-22 00:00:00,
Svea Corpac,12309872,2025-01-01 00:00:00,'-,Cajas,Repres. De Servicios,Part Time,Femenino,2001-11-20 00:00:00,2023-06-27 00:00:00,
Svea Corpac,12310210,2025-01-01 00:00:00,'-,Cajas,Cajero 6X1,Part Time,Femenino,2005-01-14 00:00:00,2023-06-27 00:00:00,
Svea Corpac,12352460,2025-01-01 00:00:00,'-,Almacén,Repres. De Servicios 2Do Turno,Part Time,Masculino,2000-04-07 00:00:00,2023-07-21 00:00:00,
Svea Corpac,129583,2025-01-01 00:00:00,'-,Sala,Repres. De Servicios 2Do Turno,Part Time,Masculino,1988-08-24 00:00:00,2018-03-01 00:00:00,
Svea Corpac,13042885,2025-01-01 00:00:00,'-,Cajas,Cajero 6X1 1Er Turno,Part Time,Masculino,2001-10-14 00:00:00,2023-10-27 00:00:00,
Svea Corpac,13317317,2025-01-01 00:00:00,'-,Sala Frescos,Repres. De Servicios,Full Time,Femenino,2001-04-02 00:00:00,2024-07-01 00:00:00,
Svea Corpac,13351142,2025-01-01 00:00:00,'-,Sala Frescos,Repres. De Servicios 1Er Turno,Part Time,Femenino,2005-05-08 00:00:00,2023-11-24 00:00:00,
Svea Corpac,13351200,2025-01-01 00:00:00,'-,Sala,Repres. De Servicios,Full Time,Femenino,1999-01-28 00:00:00,2023-11-24 00:00:00,
Svea Corpac,13789094,2025-01-01 00:00:00,'-,Cajas,Representante De Servicio D,Part Time,Femenino,1981-12-18 00:00:00,2024-01-01 00:00:00,
Svea Corpac,13885727,2025-01-01 00:00:00,'-,Sala,Repres. De Servicios,Full Time,Femenino,2001-09-05 00:00:00,2024-01-17 00:00:00,
Svea Corpac,14269683,2025-01-01 00:00:00,'-,Sala,Repres. De Servicios 2Do Turno,Part Time,Femenino,2006-02-02 00:00:00,2024-02-19 00:00:00,
Svea Corpac,14343,2025-01-01 00:00:00,'-,Almacén,Repres. De Servicios Eo,Full Time,Masculino,1958-09-28 00:00:00,2007-05-01 00:00:00,
Svea Corpac,14625657,2025-01-01 00:00:00,'-,Cajas,Cajero 6X1 2Do Turno,Part Time,Femenino,1998-03-20 00:00:00,2024-03-08 00:00:00,
Svea Corpac,14625717,2025-01-01 00:00:00,'-,Sala,Repres. De Servicios 2Do Turno,Part Time,Masculino,2005-03-18 00:00:00,2024-03-08 00:00:00,2025-01-31 00:00:00
Svea Corpac,14625726,2025-01-01 00:00:00,'-,Cajas,Cajero 6X1,Full Time,Femenino,2002-11-11 00:00:00,2024-03-08 00:00:00,
Svea Corpac,14776588,2025-01-01 00:00:00,'-,Almacén,Repres. De Servicios 2Do Turno,Part Time,Masculino,2004-06-24 00:00:00,2024-03-20 00:00:00,
Svea Corpac,15519392,2025-01-01 00:00:00,'-,Almacén,Repres. De Servicios 1Er Turno,Part Time,Masculino,2003-04-05 00:00:00,2024-05-02 00:00:00,
Svea Corpac,15834576,2025-01-01 00:00:00,'-,Cajas,Cajero 6X1 2Do Turno,Part Time,Femenino,2004-04-20 00:00:00,2024-05-20 00:00:00,
Svea Corpac,15877870,2025-01-01 00:00:00,'-,Cajas,Cajero 6X1 1Er Turno,Part Time,Femenino,2005-01-29 00:00:00,2024-05-24 00:00:00,
Svea Corpac,15958306,2025-01-01 00:00:00,'-,Cajas,Cajero 6X1 2Do Turno,Part Time,Femenino,2004-06-11 00:00:00,2024-06-03 00:00:00,
Svea Corpac,15958778,2025-01-01 00:00:00,'-,Cajas,Cajero 6X1 2Do Turno,Part Time,Masculino,1998-06-03 00:00:00,2024-06-03 00:00:00,
Svea Corpac,16757246,2025-01-01 00:00:00,'-,Sala Frescos,Repres. De Servicios 1Er Turno,Part Time,Masculino,2005-11-19 00:00:00,2024-08-27 00:00:00,2025-01-15 00:00:00
Svea Corpac,17035031,2025-01-01 00:00:00,'-,Almacén Frescos,Repres. De Servicios 1Er Turno,Part Time,Masculino,2003-01-14 00:00:00,2024-09-27 00:00:00,
Svea Corpac,17150585,2025-01-01 00:00:00,'-,Sala Frescos,Repres. De Servicios,Full Time,Masculino,1996-06-14 00:00:00,2024-10-09 00:00:00,
Svea Corpac,17439337,2025-01-01 00:00:00,'-,Sala Frescos,Repres. De Servicios 2Do Turno,Part Time,Femenino,2005-10-28 00:00:00,2024-11-08 00:00:00,2025-01-04 00:00:00
Svea Corpac,17487114,2025-01-01 00:00:00,'-,Sala Frescos,Repres. De Servicios,Full Time,Femenino,1974-07-29 00:00:00,2024-11-14 00:00:00,
Svea Corpac,17539444,2025-01-01 00:00:00,'-,Sala,Repres. De Servicios 2Do Turno,Part Time,Femenino,2001-09-29 00:00:00,2024-11-21 00:00:00,2025-01-01 00:00:00
Svea Corpac,17540130,2025-01-01 00:00:00,'-,Sala Frescos,Repres. De Servicios 2Do Turno,Part Time,Masculino,2006-09-16 00:00:00,2024-11-22 00:00:00,
Svea Corpac,17679911,2025-01-01 00:00:00,'-,Cajas,Cajero 6X1 Campaña,Part Time,Masculino,2002-07-22 00:00:00,2024-11-26 00:00:00,
Svea Corpac,17680776,2025-01-01 00:00:00,'-,Cajas,Cajero 6X1 Campaña,Part Time,Masculino,2004-04-06 00:00:00,2024-11-26 00:00:00,2025-01-01 00:00:00
Svea Corpac,17702228,2025-01-01 00:00:00,'-,Sala Frescos,Repres. De Servicios 1Er Turno,Part Time,Masculino,2000-05-07 00:00:00,2024-12-03 00:00:00,
Svea Corpac,17836645,2025-01-01 00:00:00,'-,Sala Frescos,Repres. De Servicios,Full Time,Femenino,2004-07-28 00:00:00,2024-12-20 00:00:00,
Svea Corpac,17837447,2025-01-01 00:00:00,'-,Sala Frescos,Repres. De Servicios,Full Time,Masculino,2005-07-17 00:00:00,2024-12-20 00:00:00,
Svea Corpac,17837560,2025-01-01 00:00:00,'-,Sala Frescos,Repres. De Servicios 2Do Turno,Part Time,Masculino,2006-06-05 00:00:00,2024-12-20 00:00:00,
Svea Corpac,17876776,2025-01-01 00:00:00,'-,Sala Frescos,Repres. De Servicios 2Do Turno,Part Time,Masculino,2004-08-18 00:00:00,2024-12-24 00:00:00,
Svea Corpac,17902576,2025-01-01 00:00:00,'-,Sala Frescos,Repres. De Servicios 2Do Turno,Part Time,Femenino,2006-09-09 00:00:00,2024-12-24 00:00:00,
Svea Corpac,17958158,2025-01-01 00:00:00,'-,Sala Frescos,Repres. De Servicios 2Do Turno,Part Time,Masculino,2006-04-19 00:00:00,2025-01-24 00:00:00,
Svea Corpac,17994390,2025-01-01 00:00:00,'-,Sala Frescos,Repres. De Servicios 2Do Turno,Part Time,Femenino,2006-09-12 00:00:00,2025-01-30 00:00:00,
Svea Corpac,17994416,2025-01-01 00:00:00,'-,Recepción,Repres. De Servicios,Full Time,Masculino,2000-05-24 00:00:00,2025-01-30 00:00:00,
Svea Corpac,21115,2025-01-01 00:00:00,'-,Cajas,Representante De Servicio D,Full Time,Masculino,1981-02-25 00:00:00,2000-03-01 00:00:00,
Svea Corpac,21370,2025-01-01 00:00:00,'-,Cajas,Supervisor De Cajeros,Full Time,Masculino,1977-05-27 00:00:00,2010-04-07 00:00:00,
Svea Corpac,21374,2025-01-01 00:00:00,'-,Recepción E Inventarios,Auxiliar De Inventarios,Full Time,Masculino,1988-09-09 00:00:00,2010-04-16 00:00:00,
Svea Corpac,235588,2025-01-01 00:00:00,'-,Cajas,Supervisor De Cajeros,Full Time,Femenino,1993-07-27 00:00:00,2018-10-05 00:00:00,
Svea Corpac,241013,2025-01-01 00:00:00,'-,Almacén,Jefe De Seccion,Full Time,Femenino,2000-06-21 00:00:00,2019-06-01 00:00:00,
Svea Corpac,243668,2025-01-01 00:00:00,'-,Sala Frescos,Repres. De Servicios 2Do Turno,Part Time,Femenino,1994-04-04 00:00:00,2019-03-21 00:00:00,
Svea Corpac,266939,2025-01-01 00:00:00,'-,Administración,Gerente De Tienda,Full Time,Femenino,1990-06-29 00:00:00,2019-03-01 00:00:00,
Svea Corpac,270511,2025-01-01 00:00:00,'-,Sala,Repres. De Servicios,Full Time,Femenino,1999-06-11 00:00:00,2019-04-25 00:00:00,
Svea Corpac,273730,2025-01-01 00:00:00,'-,Cajas,Supervisor De Cajeros,Full Time,Femenino,1993-06-30 00:00:00,2023-05-01 00:00:00,
Svea Corpac,275646,2025-01-01 00:00:00,'-,Recepción,Repres. De Servicios,Full Time,Masculino,2000-03-16 00:00:00,2024-03-01 00:00:00,
Svea Corpac,43780,2025-01-01 00:00:00,'-,Cajas,Cajero 5X2,Full Time,Masculino,1989-10-27 00:00:00,2016-09-01 00:00:00,
Svea Corpac,4457773,2025-01-01 00:00:00,'-,Almacén,Repres. De Servicios I,Full Time,Masculino,2002-01-18 00:00:00,2020-05-25 00:00:00,
Svea Corpac,4576139,2025-01-01 00:00:00,'-,Sala Frescos,Repres. De Servicios,Full Time,Femenino,1987-09-28 00:00:00,2020-06-12 00:00:00,
Svea Corpac,48590,2025-01-01 00:00:00,'-,Sala Frescos,Repres. De Servicios,Full Time,Femenino,1976-11-15 00:00:00,2016-12-14 00:00:00,
Svea Corpac,6038,2025-01-01 00:00:00,'-,Sala Frescos,Repres. De Servicios I,Full Time,Femenino,1979-06-25 00:00:00,2018-06-27 00:00:00,
Svea Corpac,631856,2025-01-01 00:00:00,'-,Sala Frescos,Repres. De Servicios Nochero,Full Time,Masculino,1992-10-14 00:00:00,2019-03-26 00:00:00,
Svea Corpac,6722,2025-01-01 00:00:00,'-,Sala,Repres. De Servicios I,Full Time,Femenino,1987-06-16 00:00:00,2022-02-22 00:00:00,
Svea Corpac,7879,2025-01-01 00:00:00,'-,Sala Frescos,Jefe De Seccion,Full Time,Masculino,1988-04-14 00:00:00,2019-06-25 00:00:00,
Svea Corpac,89851,2025-01-01 00:00:00,'-,Sala Frescos,Jefe De Seccion,Full Time,Masculino,1986-03-18 00:00:00,2023-10-31 00:00:00,
Svea Corpac,9242,2025-01-01 00:00:00,'-,Sala Frescos,Repres. De Servicios,Full Time,Femenino,1996-09-11 00:00:00,2023-06-09 00:00:00,2025-01-15 00:00:00
Svea Corpac,9278595,2025-01-01 00:00:00,'-,Cajas,Cajero 6X1,Full Time,Masculino,1994-12-25 00:00:00,2023-07-01 00:00:00,
Svea Corpac,9976200,2025-01-01 00:00:00,'-,Sala Frescos,Repres. De Servicios,Full Time,Femenino,2001-12-11 00:00:00,2022-03-17 00:00:00,2025-01-05 00:00:00
Viv Monterrico,104143,2025-01-01 00:00:00,'-,"Carnes, Pescados, Fiambres, Frutas & Verduras",Repres. De Servicios,Full Time,Femenino,1985-09-27 00:00:00,2017-10-01 00:00:00,
Viv Monterrico,10653,2025-01-01 00:00:00,'-,"Carnes, Pescados, Fiambres, Frutas & Verduras",Repres. De Servicios,Full Time,Masculino,1971-05-11 00:00:00,2002-10-19 00:00:00,
Viv Monterrico,10775,2025-01-01 00:00:00,'-,"Carnes, Pescados, Fiambres, Frutas & Verduras",Repres. De Servicios I,Full Time,Femenino,1972-07-24 00:00:00,2011-01-18 00:00:00,
Viv Monterrico,10845,2025-01-01 00:00:00,'-,"Carnes, Pescados, Fiambres, Frutas & Verduras",Jefe De Seccion,Full Time,Femenino,1979-08-02 00:00:00,2012-08-01 00:00:00,
Viv Monterrico,110670,2025-01-01 00:00:00,'-,"Carnes, Pescados, Fiambres, Frutas & Verduras",Repres. De Servicios I,Full Time,Femenino,1993-10-16 00:00:00,2018-08-01 00:00:00,
Viv Monterrico,11369697,2025-01-01 00:00:00,'-,Cajas,Cajero 3X4,Part Time,Masculino,2001-04-18 00:00:00,2022-08-25 00:00:00,2025-01-31 00:00:00
Viv Monterrico,11458504,2025-01-01 00:00:00,'-,Cajas,Cajero 4X3,Part Time,Femenino,2002-11-10 00:00:00,2022-10-19 00:00:00,
Viv Monterrico,11670773,2025-01-01 00:00:00,'-,"Carnes, Pescados, Fiambres, Frutas & Verduras",Repres. De Servicios,Full Time,Masculino,1992-04-18 00:00:00,2022-12-07 00:00:00,
Viv Monterrico,11966759,2025-01-01 00:00:00,'-,Cajas,Cajero 4X3,Part Time,Masculino,2003-04-07 00:00:00,2023-03-09 00:00:00,
Viv Monterrico,11995695,2025-01-01 00:00:00,'-,"Carnes, Pescados, Fiambres, Frutas & Verduras",Repres. De Servicios,Part Time,Masculino,2005-02-04 00:00:00,2023-03-30 00:00:00,2025-01-08 00:00:00
Viv Monterrico,1205195,2025-01-01 00:00:00,'-,Cajas,Repres. De Servicios,Full Time,Femenino,1999-12-16 00:00:00,2020-03-18 00:00:00,
Viv Monterrico,12261783,2025-01-01 00:00:00,'-,"Carnes, Pescados, Fiambres, Frutas & Verduras",Repres. De Servicios,Full Time,Masculino,1993-02-04 00:00:00,2023-06-13 00:00:00,
Viv Monterrico,12389939,2025-01-01 00:00:00,'-,Almacén,Repres. De Servicios I,Full Time,Masculino,2004-02-06 00:00:00,2024-05-01 00:00:00,
Viv Monterrico,12442653,2025-01-01 00:00:00,'-,Cajas,Cajero 6X1 2Do Turno,Part Time,Masculino,2004-09-11 00:00:00,2023-08-11 00:00:00,
Viv Monterrico,128607,2025-01-01 00:00:00,'-,Cajas,Repres. De Servicios Fds,Part Time,Femenino,1995-01-19 00:00:00,2018-02-08 00:00:00,
Viv Monterrico,129302,2025-01-01 00:00:00,'-,Comidas Preparadas Panadería Y Pastelería,Repres. De Servicios,Full Time,Femenino,1998-11-15 00:00:00,2018-02-15 00:00:00,
Viv Monterrico,13209233,2025-01-01 00:00:00,'-,Cajas,Cajero 6X1 2Do Turno,Part Time,Femenino,2003-06-30 00:00:00,2023-11-03 00:00:00,
Viv Monterrico,13227322,2025-01-01 00:00:00,'-,Cajas,Cajero 6X1 1Er Turno,Part Time,Masculino,2004-01-31 00:00:00,2023-11-07 00:00:00,
Viv Monterrico,13277255,2025-01-01 00:00:00,'-,Sala,Repres. De Servicios 2Do Turno,Part Time,Masculino,2003-09-22 00:00:00,2023-11-14 00:00:00,
Viv Monterrico,13375806,2025-01-01 00:00:00,'-,Sala,Repres. De Servicios 2Do Turno,Part Time,Femenino,2001-03-02 00:00:00,2024-04-03 00:00:00,
Viv Monterrico,13619568,2025-01-01 00:00:00,'-,"Carnes, Pescados, Fiambres, Frutas & Verduras",Repres. De Servicios,Full Time,Femenino,1969-12-30 00:00:00,2023-12-12 00:00:00,
Viv Monterrico,13709716,2025-01-01 00:00:00,'-,Almacén,Repres. De Servicios 1Er Turno,Part Time,Masculino,2003-07-01 00:00:00,2023-12-22 00:00:00,
Viv Monterrico,13797674,2025-01-01 00:00:00,'-,Sala,Repres. De Servicios,Full Time,Femenino,2005-05-24 00:00:00,2024-01-09 00:00:00,
Viv Monterrico,13800622,2025-01-01 00:00:00,'-,"Carnes, Pescados, Fiambres, Frutas & Verduras",Repres. De Servicios Nochero,Full Time,Femenino,1996-02-03 00:00:00,2024-01-10 00:00:00,2025-01-14 00:00:00
Viv Monterrico,13803247,2025-01-01 00:00:00,'-,Cajas,Cajero 4X3,Part Time,Masculino,2001-06-03 00:00:00,2024-01-10 00:00:00,
Viv Monterrico,13808113,2025-01-01 00:00:00,'-,Sala,Repres. De Servicios 2Do Turno,Part Time,Femenino,2003-02-08 00:00:00,2024-01-10 00:00:00,
Viv Monterrico,13808329,2025-01-01 00:00:00,'-,Sala,Repres. De Servicios 1Er Turno,Part Time,Masculino,2004-05-27 00:00:00,2024-11-25 00:00:00,
Viv Monterrico,13808422,2025-01-01 00:00:00,'-,Cajas,Repres. De Servicios,Full Time,Femenino,1999-05-09 00:00:00,2024-01-11 00:00:00,
Viv Monterrico,13816913,2025-01-01 00:00:00,'-,Cajas,Cajero 6X1 2Do Turno,Part Time,Femenino,2002-02-03 00:00:00,2024-01-12 00:00:00,
Viv Monterrico,13816916,2025-01-01 00:00:00,'-,Comidas Preparadas Panadería Y Pastelería,Repres. De Servicios Fds,Part Time,Masculino,2003-06-09 00:00:00,2024-01-12 00:00:00,
Viv Monterrico,14071976,2025-01-01 00:00:00,'-,Cajas,Cajero 3X4,Part Time,Femenino,2004-01-07 00:00:00,2024-02-12 00:00:00,
Viv Monterrico,14229663,2025-01-01 00:00:00,'-,Cajas,Cajero 6X1 2Do Turno,Part Time,Femenino,2005-07-18 00:00:00,2024-02-12 00:00:00,
Viv Monterrico,14230180,2025-01-01 00:00:00,'-,Cajas,Cajero 4X3,Part Time,Femenino,2003-11-26 00:00:00,2024-02-16 00:00:00,2025-01-26 00:00:00
Viv Monterrico,14270,2025-01-01 00:00:00,'-,"Carnes, Pescados, Fiambres, Frutas & Verduras",Repres. De Servicios,Full Time,Masculino,1972-02-18 00:00:00,2005-11-05 00:00:00,
Viv Monterrico,14442326,2025-01-01 00:00:00,'-,Comidas Preparadas Panadería Y Pastelería,Repres. De Servicios Fds,Part Time,Masculino,2004-08-13 00:00:00,2024-02-27 00:00:00,2025-01-31 00:00:00
Viv Monterrico,14470,2025-01-01 00:00:00,'-,Comidas Preparadas Panadería Y Pastelería,Repres. De Servicios,Full Time,Femenino,1988-01-20 00:00:00,2018-07-01 00:00:00,
Viv Monterrico,14618,2025-01-01 00:00:00,'-,Cajas,Cajero 4X3,Part Time,Femenino,1980-03-15 00:00:00,2013-10-01 00:00:00,
Viv Monterrico,14625595,2025-01-01 00:00:00,'-,Cajas,Cajero 6X1 2Do Turno,Part Time,Femenino,2003-12-25 00:00:00,2024-03-08 00:00:00,
Viv Monterrico,14685168,2025-01-01 00:00:00,'-,Cajas,Cajero 3X4,Part Time,Femenino,2002-06-28 00:00:00,2024-09-01 00:00:00,
Viv Monterrico,14685194,2025-01-01 00:00:00,'-,Comidas Preparadas Panadería Y Pastelería,Repres. De Servicios,Full Time,Masculino,2004-10-08 00:00:00,2024-03-15 00:00:00,
Viv Monterrico,14941431,2025-01-01 00:00:00,'-,Cajas,Asistente De Self Check Out Pt,Part Time,Femenino,2002-01-18 00:00:00,2024-04-03 00:00:00,
Viv Monterrico,14944318,2025-01-01 00:00:00,'-,Cajas,Cajero 6X1 1Er Turno,Part Time,Femenino,2003-07-22 00:00:00,2024-04-03 00:00:00,2025-02-01 00:00:00
Viv Monterrico,14978188,2025-01-01 00:00:00,'-,Cajas,Cajero 6X1 2Do Turno,Part Time,Masculino,1999-04-22 00:00:00,2024-04-05 00:00:00,
Viv Monterrico,14978395,2025-01-01 00:00:00,'-,Sala,Repres. De Servicios 2Do Turno,Part Time,Masculino,2005-02-19 00:00:00,2024-04-05 00:00:00,2025-01-31 00:00:00
Viv Monterrico,15079206,2025-01-01 00:00:00,'-,Cajas,Cajero 6X1 1Er Turno,Part Time,Femenino,2003-08-29 00:00:00,2024-04-10 00:00:00,
Viv Monterrico,15146,2025-01-01 00:00:00,'-,Recepción,Repres. De Servicios,Full Time,Masculino,1982-09-29 00:00:00,2014-04-01 00:00:00,
Viv Monterrico,15190653,2025-01-01 00:00:00,'-,Comidas Preparadas,Chef,Full Time,Masculino,1996-04-10 00:00:00,2024-04-15 00:00:00,
Viv Monterrico,15345489,2025-01-01 00:00:00,'-,Cajas,Cajero 6X1 2Do Turno,Part Time,Masculino,2004-08-18 00:00:00,2024-04-24 00:00:00,
Viv Monterrico,15470297,2025-01-01 00:00:00,'-,Cajas,Cajero 6X1 1Er Turno,Part Time,Masculino,2002-08-02 00:00:00,2024-04-29 00:00:00,
Viv Monterrico,15470432,2025-01-01 00:00:00,'-,Sala,Repres. De Servicios 2Do Turno,Part Time,Femenino,1998-08-10 00:00:00,2024-04-29 00:00:00,
Viv Monterrico,15470433,2025-01-01 00:00:00,'-,Almacén,Repres. De Servicios 2Do Turno,Part Time,Masculino,2004-02-16 00:00:00,2024-04-29 00:00:00,2025-01-01 00:00:00
Viv Monterrico,15470435,2025-01-01 00:00:00,'-,Cajas,Cajero 6X1 1Er Turno,Part Time,Femenino,2004-03-31 00:00:00,2024-04-29 00:00:00,
Viv Monterrico,15519203,2025-01-01 00:00:00,'-,Cajas,Cajero 6X1 1Er Turno,Part Time,Femenino,2000-11-21 00:00:00,2024-05-02 00:00:00,2025-01-15 00:00:00
Viv Monterrico,15519209,2025-01-01 00:00:00,'-,Cajas,Cajero 5X2,Full Time,Masculino,1999-05-09 00:00:00,2024-05-03 00:00:00,2025-02-01 00:00:00
Viv Monterrico,15519381,2025-01-01 00:00:00,'-,Sala,Repres. De Servicios 2Do Turno,Part Time,Masculino,2006-03-11 00:00:00,2024-05-03 00:00:00,2025-01-01 00:00:00
Viv Monterrico,15525409,2025-01-01 00:00:00,'-,Almacén,Repres. De Servicios 2Do Turno,Part Time,Masculino,2003-05-22 00:00:00,2024-05-03 00:00:00,
Viv Monterrico,15635412,2025-01-01 00:00:00,'-,Recepción,Repres. De Servicios,Full Time,Masculino,1999-05-06 00:00:00,2024-05-07 00:00:00,
Viv Monterrico,15754298,2025-01-01 00:00:00,'-,Cajas,Cajero 6X1 1Er Turno,Part Time,Femenino,2004-03-15 00:00:00,2024-05-16 00:00:00,
Viv Monterrico,15906554,2025-01-01 00:00:00,'-,Sala,Repres. De Servicios 1Er Turno,Part Time,Masculino,2004-03-07 00:00:00,2024-05-27 00:00:00,
Viv Monterrico,15933876,2025-01-01 00:00:00,'-,Comidas Preparadas Panadería Y Pastelería,Repres. De Servicios 2Do Turno,Part Time,Femenino,2000-09-14 00:00:00,2024-05-30 00:00:00,
Viv Monterrico,15997069,2025-01-01 00:00:00,'-,Cajas,Cajero 6X1 1Er Turno,Part Time,Femenino,2003-12-02 00:00:00,2024-06-10 00:00:00,
Viv Monterrico,16125526,2025-01-01 00:00:00,'-,Cajas,Cajero 3X4,Part Time,Femenino,2006-04-26 00:00:00,2024-07-05 00:00:00,2025-01-06 00:00:00
Viv Monterrico,16426795,2025-01-01 00:00:00,'-,Cajas,Cajero 6X1 2Do Turno,Part Time,Masculino,2005-07-05 00:00:00,2024-07-30 00:00:00,2025-01-01 00:00:00
Viv Monterrico,16426796,2025-01-01 00:00:00,'-,Cajas,Cajero 6X1 1Er Turno,Part Time,Masculino,2002-10-07 00:00:00,2024-07-30 00:00:00,
Viv Monterrico,16480751,2025-01-01 00:00:00,'-,"Carnes, Pescados, Fiambres, Frutas & Verduras",Repres. De Servicios 1Er Turno,Part Time,Masculino,1998-12-14 00:00:00,2024-08-02 00:00:00,
Viv Monterrico,16648173,2025-01-01 00:00:00,'-,Cajas,Cajero 3X4,Part Time,Masculino,2006-04-14 00:00:00,2024-08-14 00:00:00,
Viv Monterrico,16673709,2025-01-01 00:00:00,'-,Cajas,Cajero 6X1 2Do Turno,Part Time,Femenino,2004-12-26 00:00:00,2024-08-16 00:00:00,
Viv Monterrico,16674385,2025-01-01 00:00:00,'-,Cajas,Cajero 6X1 2Do Turno,Part Time,Masculino,2004-11-04 00:00:00,2024-08-16 00:00:00,
Viv Monterrico,16682026,2025-01-01 00:00:00,'-,Cajas,Cajero 6X1 1Er Turno,Part Time,Masculino,2004-03-16 00:00:00,2024-08-19 00:00:00,
Viv Monterrico,16682031,2025-01-01 00:00:00,'-,Cajas,Cajero 6X1 2Do Turno,Part Time,Femenino,2004-02-25 00:00:00,2024-08-19 00:00:00,
Viv Monterrico,16733483,2025-01-01 00:00:00,'-,Cajas,Cajero 6X1 2Do Turno,Part Time,Femenino,2006-04-29 00:00:00,2024-08-26 00:00:00,
Viv Monterrico,16733509,2025-01-01 00:00:00,'-,"Carnes, Pescados, Fiambres, Frutas & Verduras",Repres. De Servicios,Full Time,Femenino,1996-05-24 00:00:00,2025-01-01 00:00:00,
Viv Monterrico,16754518,2025-01-01 00:00:00,'-,Cajas,Asistente De Self Check Out Pt,Part Time,Masculino,2005-04-13 00:00:00,2024-08-27 00:00:00,2025-01-31 00:00:00
Viv Monterrico,16782832,2025-01-01 00:00:00,'-,Cajas,Cajero 6X1 2Do Turno,Part Time,Masculino,2002-03-09 00:00:00,2024-08-28 00:00:00,2025-01-09 00:00:00
Viv Monterrico,16847910,2025-01-01 00:00:00,'-,"Carnes, Pescados, Fiambres, Frutas & Verduras",Repres. De Servicios Fds,Part Time,Masculino,1997-09-11 00:00:00,2024-09-09 00:00:00,2025-01-31 00:00:00
Viv Monterrico,16848004,2025-01-01 00:00:00,'-,"Carnes, Pescados, Fiambres, Frutas & Verduras",Repres. De Servicios 2Do Turno,Part Time,Masculino,2005-11-16 00:00:00,2024-09-09 00:00:00,
Viv Monterrico,16906776,2025-01-01 00:00:00,'-,Cajas,Cajero 6X1 2Do Turno,Part Time,Femenino,2002-11-02 00:00:00,2024-09-13 00:00:00,
Viv Monterrico,16906777,2025-01-01 00:00:00,'-,Cajas,Asistente De Self Check Out Pt,Part Time,Masculino,2002-02-25 00:00:00,2024-09-13 00:00:00,
Viv Monterrico,16936646,2025-01-01 00:00:00,'-,"Carnes, Pescados, Fiambres, Frutas & Verduras",Repres. De Servicios 2Do Turno,Part Time,Masculino,2005-05-23 00:00:00,2024-09-13 00:00:00,
Viv Monterrico,17002754,2025-01-01 00:00:00,'-,Almacén,Repres. De Servicios 1Er Turno,Part Time,Masculino,1999-09-25 00:00:00,2024-09-18 00:00:00,
Viv Monterrico,17002756,2025-01-01 00:00:00,'-,Comidas Preparadas Panadería Y Pastelería,Repres. De Servicios 2Do Turno,Part Time,Masculino,2003-06-06 00:00:00,2024-09-18 00:00:00,
Viv Monterrico,17164480,2025-01-01 00:00:00,'-,Cajas,Cajero 4X3,Part Time,Femenino,2003-05-09 00:00:00,2024-10-14 00:00:00,
Viv Monterrico,17164485,2025-01-01 00:00:00,'-,Cajas,Cajero 3X4,Part Time,Masculino,2003-07-04 00:00:00,2024-10-14 00:00:00,
Viv Monterrico,17164813,2025-01-01 00:00:00,'-,"Carnes, Pescados, Fiambres, Frutas & Verduras",Repres. De Servicios,Full Time,Masculino,2006-05-22 00:00:00,2025-01-01 00:00:00,
Viv Monterrico,17211153,2025-01-01 00:00:00,'-,Cajas,Cajero 6X1 2Do Turno,Part Time,Femenino,1998-01-06 00:00:00,2024-10-17 00:00:00,
Viv Monterrico,17220846,2025-01-01 00:00:00,'-,"Carnes, Pescados, Fiambres, Frutas & Verduras",Repres. De Servicios 1Er Turno,Part Time,Femenino,2004-07-14 00:00:00,2024-10-18 00:00:00,
Viv Monterrico,17304722,2025-01-01 00:00:00,'-,Almacén,Repres. De Servicios 1Er Turno,Part Time,Masculino,2003-06-03 00:00:00,2024-10-25 00:00:00,
Viv Monterrico,17367303,2025-01-01 00:00:00,'-,"Carnes, Pescados, Fiambres, Frutas & Verduras",Repres. De Servicios 2Do Turno,Part Time,Masculino,2006-08-12 00:00:00,2024-10-31 00:00:00,2025-01-31 00:00:00
Viv Monterrico,17420925,2025-01-01 00:00:00,'-,Cajas,Cajero 3X4,Part Time,Masculino,2001-05-29 00:00:00,2024-11-05 00:00:00,
Viv Monterrico,17436586,2025-01-01 00:00:00,'-,Cajas,Cajero 3X4,Part Time,Masculino,2005-09-08 00:00:00,2024-11-07 00:00:00,
Viv Monterrico,17467498,2025-01-01 00:00:00,'-,Cajas,Cajero 3X4,Part Time,Femenino,1979-02-26 00:00:00,2024-11-12 00:00:00,
Viv Monterrico,17477990,2025-01-01 00:00:00,'-,Cajas,Cajero 6X1 2Do Turno,Part Time,Femenino,2001-09-16 00:00:00,2024-11-13 00:00:00,
Viv Monterrico,17496211,2025-01-01 00:00:00,'-,Cajas,Cajero 6X1 1Er Turno,Part Time,Femenino,1990-03-14 00:00:00,2024-11-15 00:00:00,
Viv Monterrico,17496663,2025-01-01 00:00:00,'-,Cajas,Cajero 6X1 1Er Turno,Part Time,Masculino,2005-03-13 00:00:00,2024-11-15 00:00:00,
Viv Monterrico,17657910,2025-01-01 00:00:00,'-,Cajas,Cajero 6X1 1Er Turno,Part Time,Femenino,2002-05-25 00:00:00,2024-11-27 00:00:00,
Viv Monterrico,17680473,2025-01-01 00:00:00,'-,Cajas,Cajero 6X1 2Do Turno,Part Time,Femenino,1988-03-13 00:00:00,2024-11-25 00:00:00,
Viv Monterrico,17680775,2025-01-01 00:00:00,'-,Cajas,Cajero 6X1 Campaña,Part Time,Masculino,2003-10-04 00:00:00,2024-11-25 00:00:00,2025-01-01 00:00:00
Viv Monterrico,17683128,2025-01-01 00:00:00,'-,Cajas,Cajero 6X1 2Do Turno,Part Time,Femenino,2004-04-20 00:00:00,2024-11-28 00:00:00,
Viv Monterrico,17703342,2025-01-01 00:00:00,'-,Cajas,Cajero 6X1 Campaña,Part Time,Femenino,2006-09-23 00:00:00,2024-12-01 00:00:00,2025-01-01 00:00:00
Viv Monterrico,17783053,2025-01-01 00:00:00,'-,Cajas,Cajero 6X1 1Er Turno,Part Time,Masculino,2004-01-16 00:00:00,2024-12-10 00:00:00,
Viv Monterrico,17796970,2025-01-01 00:00:00,'-,"Carnes, Pescados, Fiambres, Frutas & Verduras",Repres. De Servicios 1Er Turno,Part Time,Femenino,2003-10-06 00:00:00,2024-12-10 00:00:00,
Viv Monterrico,17800361,2025-01-01 00:00:00,'-,Sala,Multifuncional Peak Campaña,Part Time,Femenino,2006-04-17 00:00:00,2024-12-10 00:00:00,2025-01-09 00:00:00
Viv Monterrico,17802989,2025-01-01 00:00:00,'-,Sala,Repres. De Servicios 1Er Turno,Part Time,Femenino,2003-08-02 00:00:00,2024-12-10 00:00:00,
Viv Monterrico,17814866,2025-01-01 00:00:00,'-,Sala,Repres. De Servicios 1Er Turno,Part Time,Femenino,2003-01-28 00:00:00,2024-12-12 00:00:00,
Viv Monterrico,17814916,2025-01-01 00:00:00,'-,Almacén,Repres. De Servicios 1Er Turno,Part Time,Masculino,2004-03-24 00:00:00,2024-12-12 00:00:00,
Viv Monterrico,17820960,2025-01-01 00:00:00,'-,Almacén,Repres. De Servicios 1Er Turno,Part Time,Masculino,2003-09-16 00:00:00,2024-12-13 00:00:00,
Viv Monterrico,17821563,2025-01-01 00:00:00,'-,Cajas,Cajero 6X1 1Er Turno,Part Time,Femenino,2006-06-03 00:00:00,2024-12-13 00:00:00,
Viv Monterrico,17862029,2025-01-01 00:00:00,'-,Comidas Preparadas Panadería Y Pastelería,Repres. De Servicios 2Do Turno,Part Time,Femenino,2006-03-03 00:00:00,2024-12-23 00:00:00,
Viv Monterrico,17862528,2025-01-01 00:00:00,'-,"Carnes, Pescados, Fiambres, Frutas & Verduras",Repres. De Servicios 2Do Turno,Part Time,Femenino,2006-07-29 00:00:00,2024-12-18 00:00:00,
Viv Monterrico,17958127,2025-01-01 00:00:00,'-,Almacén,Repres. De Servicios 1Er Turno,Part Time,Masculino,2003-05-02 00:00:00,2025-01-24 00:00:00,
Viv Monterrico,17958128,2025-01-01 00:00:00,'-,Cajas,Cajero 6X1 1Er Turno,Part Time,Femenino,2004-11-22 00:00:00,2025-01-24 00:00:00,
Viv Monterrico,17958130,2025-01-01 00:00:00,'-,Almacén,Repres. De Servicios 1Er Turno,Part Time,Masculino,2006-04-26 00:00:00,2025-01-24 00:00:00,
Viv Monterrico,17958131,2025-01-01 00:00:00,'-,Almacén,Repres. De Servicios 1Er Turno,Part Time,Masculino,2002-04-07 00:00:00,2025-01-24 00:00:00,
Viv Monterrico,17958132,2025-01-01 00:00:00,'-,"Carnes, Pescados, Fiambres, Frutas & Verduras",Repres. De Servicios 1Er Turno,Part Time,Masculino,2004-07-28 00:00:00,2025-01-24 00:00:00,
Viv Monterrico,18396,2025-01-01 00:00:00,'-,"Carnes, Pescados, Fiambres, Frutas & Verduras",Repres. De Servicios I,Full Time,Femenino,1982-06-03 00:00:00,2013-09-09 00:00:00,
Viv Monterrico,202051,2025-01-01 00:00:00,'-,"Carnes, Pescados, Fiambres, Frutas & Verduras",Jefe De Seccion,Full Time,Masculino,1993-01-05 00:00:00,2018-09-01 00:00:00,
Viv Monterrico,203197,2025-01-01 00:00:00,'-,Cajas,Supervisor De Cajeros,Full Time,Masculino,1993-06-08 00:00:00,2018-12-01 00:00:00,
Viv Monterrico,204123,2025-01-01 00:00:00,'-,Sala,Repres. De Servicios,Full Time,Femenino,1984-11-24 00:00:00,2018-06-26 00:00:00,
Viv Monterrico,21073,2025-01-01 00:00:00,'-,"Carnes, Pescados, Fiambres, Frutas & Verduras",Repres. De Servicios,Full Time,Masculino,1978-11-03 00:00:00,2008-09-01 00:00:00,
Viv Monterrico,21097,2025-01-01 00:00:00,'-,Almacén,Jefe De Seccion Eo,Full Time,Masculino,1965-04-05 00:00:00,1988-04-02 00:00:00,
Viv Monterrico,21184,2025-01-01 00:00:00,'-,Administración,Asistente De Tienda,Full Time,Femenino,1986-05-18 00:00:00,2012-01-05 00:00:00,
Viv Monterrico,21347,2025-01-01 00:00:00,'-,Sala,Repres. De Servicios I,Full Time,Masculino,1979-04-19 00:00:00,2011-02-10 00:00:00,
Viv Monterrico,22090,2025-01-01 00:00:00,'-,Sala,Repres. De Servicios I,Full Time,Femenino,1990-06-24 00:00:00,2019-05-01 00:00:00,
Viv Monterrico,233971,2025-01-01 00:00:00,'-,Cajas,Repres. De Servicios,Full Time,Masculino,1999-06-09 00:00:00,2018-09-14 00:00:00,
Viv Monterrico,235488,2025-01-01 00:00:00,'-,"Carnes, Pescados, Fiambres, Frutas & Verduras",Repres. De Servicios,Full Time,Femenino,1977-09-25 00:00:00,2020-01-01 00:00:00,
Viv Monterrico,241468,2025-01-01 00:00:00,'-,Sala,Repres. De Servicios,Full Time,Masculino,1985-11-16 00:00:00,2018-11-15 00:00:00,
Viv Monterrico,2452,2025-01-01 00:00:00,'-,Cajas,Repres. De Servicios,Part Time,Masculino,1997-06-12 00:00:00,2022-12-01 00:00:00,
Viv Monterrico,245990,2025-01-01 00:00:00,'-,Cajas,Cajero 5X2,Full Time,Masculino,1989-09-26 00:00:00,2018-12-18 00:00:00,
Viv Monterrico,24975,2025-01-01 00:00:00,'-,Cajas,Jefe De Seccion,Full Time,Femenino,1982-05-15 00:00:00,2012-08-06 00:00:00,
Viv Monterrico,266268,2025-01-01 00:00:00,'-,"Carnes, Pescados, Fiambres, Frutas & Verduras",Repres. De Servicios,Full Time,Masculino,2000-11-08 00:00:00,2023-12-11 00:00:00,
Viv Monterrico,269011,2025-01-01 00:00:00,'-,Administración,Gerente De Tienda,Full Time,Femenino,1985-09-14 00:00:00,2019-04-01 00:00:00,
Viv Monterrico,27172,2025-01-01 00:00:00,'-,Comidas Preparadas Panadería Y Pastelería,Repres. De Servicios I,Full Time,Femenino,1992-08-05 00:00:00,2015-06-08 00:00:00,
Viv Monterrico,27570,2025-01-01 00:00:00,'-,Comidas Preparadas Panadería Y Pastelería,Repres. De Servicios,Full Time,Femenino,1979-03-22 00:00:00,2015-09-01 00:00:00,
Viv Monterrico,276932,2025-01-01 00:00:00,'-,Cajas,Representante De Servicio D,Part Time,Masculino,1979-03-26 00:00:00,2019-08-02 00:00:00,
Viv Monterrico,277146,2025-01-01 00:00:00,'-,Sala,Repres. De Servicios 1Er Turno,Part Time,Masculino,2000-12-20 00:00:00,2022-05-01 00:00:00,
Viv Monterrico,284648,2025-01-01 00:00:00,'-,Comidas Preparadas Panadería Y Pastelería,Repres. De Servicios,Full Time,Femenino,1998-01-12 00:00:00,2020-03-01 00:00:00,
Viv Monterrico,299199,2025-01-01 00:00:00,'-,Sala,Representante De Servicio D,Part Time,Femenino,1965-08-29 00:00:00,2019-12-10 00:00:00,
Viv Monterrico,31454,2025-01-01 00:00:00,'-,Sala,Especialista En Bebidas,Full Time,Masculino,1997-05-16 00:00:00,2016-01-18 00:00:00,
Viv Monterrico,31936,2025-01-01 00:00:00,'-,Cajas,Supervisor De Cajeros,Full Time,Femenino,1985-02-13 00:00:00,2016-02-01 00:00:00,
Viv Monterrico,34551,2025-01-01 00:00:00,'-,Recepción,Repres. De Servicios,Full Time,Femenino,1987-11-06 00:00:00,2016-02-17 00:00:00,
Viv Monterrico,36599,2025-01-01 00:00:00,'-,"Carnes, Pescados, Fiambres, Frutas & Verduras",Repres. De Servicios,Full Time,Femenino,1982-11-15 00:00:00,2016-03-02 00:00:00,
Viv Monterrico,3705,2025-01-01 00:00:00,'-,Administración,Jefe Entrenador,Full Time,Masculino,1968-12-14 00:00:00,2004-04-01 00:00:00,
Viv Monterrico,38464,2025-01-01 00:00:00,'-,Cajas,Cajero 5X2,Full Time,Femenino,1976-11-28 00:00:00,2018-02-01 00:00:00,
Viv Monterrico,40160,2025-01-01 00:00:00,'-,Cajas,Repres. De Servicios,Part Time,Masculino,1992-12-07 00:00:00,2016-05-04 00:00:00,
Viv Monterrico,40391,2025-01-01 00:00:00,'-,Cajas,Repres. De Servicios,Full Time,Masculino,1994-03-30 00:00:00,2016-05-06 00:00:00,2025-01-05 00:00:00
Viv Monterrico,41959,2025-01-01 00:00:00,'-,"Carnes, Pescados, Fiambres, Frutas & Verduras",Repres. De Servicios,Full Time,Femenino,1973-06-24 00:00:00,2016-07-08 00:00:00,
Viv Monterrico,41985,2025-01-01 00:00:00,'-,Sala,Jefe De Seccion,Full Time,Masculino,1997-01-23 00:00:00,2018-03-01 00:00:00,
Viv Monterrico,51793,2025-01-01 00:00:00,'-,Administración,Coordinador De Operaciones Iga,Full Time,Femenino,1993-11-12 00:00:00,2022-02-01 00:00:00,
Viv Monterrico,6265241,2025-01-01 00:00:00,'-,Cajas,Asistente De Self Check Out Pt,Part Time,Masculino,2002-02-28 00:00:00,2021-04-22 00:00:00,
Viv Monterrico,6990,2025-01-01 00:00:00,'-,Comidas Preparadas Panadería Y Pastelería,Repres. De Servicios Eo,Full Time,Masculino,1964-03-29 00:00:00,2007-09-01 00:00:00,
Viv Monterrico,7178,2025-01-01 00:00:00,'-,Comidas Preparadas Panadería Y Pastelería,Repres. De Servicios,Full Time,Femenino,1991-04-30 00:00:00,2012-04-01 00:00:00,
Viv Monterrico,7280,2025-01-01 00:00:00,'-,"Carnes, Pescados, Fiambres, Frutas & Verduras",Repres. De Servicios Eo,Full Time,Femenino,1962-07-30 00:00:00,1997-12-01 00:00:00,
Viv Monterrico,7325,2025-01-01 00:00:00,'-,Cajas,Supervisor De Cajeros,Full Time,Femenino,1992-07-21 00:00:00,2019-11-29 00:00:00,
Viv Monterrico,8668,2025-01-01 00:00:00,'-,Sala,Repres. De Servicios,Full Time,Femenino,1983-02-21 00:00:00,2020-02-26 00:00:00,
Viv Monterrico,9517389,2025-01-01 00:00:00,'-,Cajas,Cajero 3X4,Part Time,Femenino,2002-04-29 00:00:00,2021-11-30 00:00:00,
Viv Monterrico,9734259,2025-01-01 00:00:00,'-,Sala,Repres. De Servicios 2Do Turno,Part Time,Femenino,2001-04-22 00:00:00,2022-01-21 00:00:00,
Viv Monterrico,9864173,2025-01-01 00:00:00,'-,Cajas,Asistente De Self Check Out Pt,Part Time,Masculino,2002-04-18 00:00:00,2024-02-21 00:00:00,
