regional,supervisor,Año,Mes,nombre,Unid x Minuto,Meta Promedio,venta_unidad,tiempo_escaneo,Objetivo
Fátima León,Fátima León,2025,enero,Art Express - PVS,12.15,14.00,42769.505000000005,211273,14
Fátima León,Fátima León,2025,enero,Bolognesi - PVE,13.73,15.00,91909.46999999997,401716,15
Fátima León,Fátima León,2025,enero,Centro Trujillo - PVE,13.55,16.00,91187.37999999999,403902,16
Fátima León,Fátima León,2025,enero,Chorrillos Iglesias - PVS,10.01,12.00,97024.457,581476,12
Fátima León,Fátima León,2025,enero,Cine Rimac - PVS,12.49,14.00,101652.622,488343,14
Fátima León,Fátima León,2025,enero,Jiron de la Union - PVE,10.84,12.00,26467.785000000003,146548,12
Fátima León,Fátima León,2025,enero,La Paz - PVS,11.94,13.00,147695.613,742465,13
Fátima León,Fátima León,2025,enero,La Perla - PVS,10.60,12.00,140717.26400000002,796695,12
Fátima León,Fátima León,2025,enero,La Victoria PVS,12.19,13.00,74243.95499999999,365413,13
Fátima León,Fátima León,2025,enero,Santa Cruz - PVE,11.77,13.00,65658.04699999999,334802,13
Fátima León,Fátima León,2025,enero,Supermercados SKA - PVE,13.58,16.00,8020.625,35441,16
Fátima León,Fátima León,2025,enero,Trujillo Mansiche - PVS,15.23,17.00,122428.70999999996,482412,17
Fátima León,Fátima León,2025,enero,Trujillo Valcarcel - PVS,11.13,13.00,120396.14699999997,648774,13
Fátima León,Fátima León,2025,enero,Villa Marina - PVS,13.36,14.00,89363.31199999998,401386,14
Fátima León,Fátima León,2025,febrero,Art Express - PVS,13.87,14.00,43177.02500000001,186833,14
Fátima León,Fátima León,2025,febrero,Bolognesi - PVE,13.33,15.00,86538.74500000002,389480,15
Fátima León,Fátima León,2025,febrero,Centro Trujillo - PVE,13.23,16.00,94343.00499999999,427730,16
Fátima León,Fátima León,2025,febrero,Chorrillos Iglesias - PVS,10.12,12.00,95795.225,567855,12
Fátima León,Fátima León,2025,febrero,Cine Rimac - PVS,12.65,14.00,100926.07199999999,478545,14
Fátima León,Fátima León,2025,febrero,Jiron de la Union - PVE,11.15,12.00,24210.805,130291,12
Fátima León,Fátima León,2025,febrero,La Paz - PVS,11.72,13.00,134437.765,688179,13
Fátima León,Fátima León,2025,febrero,La Perla - PVS,10.14,12.00,121371.53899999996,717973,12
Fátima León,Fátima León,2025,febrero,La Victoria PVS,12.52,13.00,70151.285,336203,13
Fátima León,Fátima León,2025,febrero,Santa Cruz - PVE,12.21,13.00,63873.240999999995,313932,13
Fátima León,Fátima León,2025,febrero,Supermercados SKA - PVE,13.54,16.00,8032.85,35603,16
Fátima León,Fátima León,2025,febrero,Trujillo Mansiche - PVS,14.59,17.00,121999.49499999998,501622,17
Fátima León,Fátima León,2025,febrero,Trujillo Valcarcel - PVS,10.97,13.00,109615.16500000001,599498,13
Fátima León,Fátima León,2025,febrero,Villa Marina - PVS,14.10,14.00,88670.05500000001,377207,14
Fátima León,Fátima León,2025,marzo,Art Express - PVS,14.34,14.00,51748.47,216525,14
Fátima León,Fátima León,2025,marzo,Bolognesi - PVE,13.59,15.00,101266.08,446982,15
Fátima León,Fátima León,2025,marzo,Centro Trujillo - PVE,11.78,16.00,117647.07,599418,16
Fátima León,Fátima León,2025,marzo,Chorrillos Iglesias - PVS,10.07,12.00,109414.90999999999,651901,12
Fátima León,Fátima León,2025,marzo,Cine Rimac - PVS,12.80,14.00,117452.37099999998,550689,14
Fátima León,Fátima León,2025,marzo,Jiron de la Union - PVE,10.43,12.00,27619.659999999996,158832,12
Fátima León,Fátima León,2025,marzo,La Paz - PVS,12.28,13.00,161512.59699999995,788990,13
Fátima León,Fátima León,2025,marzo,La Perla - PVS,10.75,12.00,141150.209,787608,12
Fátima León,Fátima León,2025,marzo,La Victoria PVS,13.17,13.00,81104.235,369614,13
Fátima León,Fátima León,2025,marzo,Santa Cruz - PVE,11.40,13.00,73119.59499999999,384788,13
Fátima León,Fátima León,2025,marzo,Supermercados SKA - PVE,14.23,16.00,18682.23,78798,16
Fátima León,Fátima León,2025,marzo,Trujillo Mansiche - PVS,12.00,17.00,179709.03,898176,17
Fátima León,Fátima León,2025,marzo,Trujillo Valcarcel - PVS,10.66,13.00,130557.53300000001,734927,13
Fátima León,Fátima León,2025,marzo,Villa Marina - PVS,14.17,14.00,102654.96900000004,434603,14
Fátima León,Fátima León,2025,abril,Art Express - PVS,13.76,14.00,47035.37000000001,205027,14
Fátima León,Fátima León,2025,abril,Bolognesi - PVE,12.54,15.00,91266.01899999999,436723,15
Fátima León,Fátima León,2025,abril,Centro Trujillo - PVE,11.97,16.00,112953.90500000001,566085,16
Fátima León,Fátima León,2025,abril,Chorrillos Iglesias - PVS,9.60,12.00,91664.139,572728,12
Fátima León,Fátima León,2025,abril,Cine Rimac - PVS,12.47,14.00,107717.89300000003,518110,14
Fátima León,Fátima León,2025,abril,Jiron de la Union - PVE,10.01,12.00,26459.115000000005,158588,12
Fátima León,Fátima León,2025,abril,La Paz - PVS,11.77,13.00,139472.12,710691,13
Fátima León,Fátima León,2025,abril,La Perla - PVS,11.06,12.00,129016.21299999999,700161,12
Fátima León,Fátima León,2025,abril,La Victoria PVS,14.08,13.00,73421.157,312804,13
Fátima León,Fátima León,2025,abril,Santa Cruz - PVE,10.46,13.00,67906.436,389476,13
Fátima León,Fátima León,2025,abril,Supermercados SKA - PVE,13.10,16.00,15830.434999999998,72503,16
Fátima León,Fátima León,2025,abril,Trujillo Mansiche - PVS,12.47,17.00,156203.47999999992,751664,17
Fátima León,Fátima León,2025,abril,Trujillo Valcarcel - PVS,10.78,13.00,120327.761,669926,13
Fátima León,Fátima León,2025,abril,Villa Marina - PVS,13.16,14.00,86819.33499999999,395747,14
Fátima León,Fátima León,2025,mayo,Art Express - PVS,12.56,14.00,50329.100000000006,240446,14
Fátima León,Fátima León,2025,mayo,Bolognesi - PVE,12.97,15.00,94754.93,438273,15
Fátima León,Fátima León,2025,mayo,Centro Trujillo - PVE,12.57,16.00,102514.49,489500,16
Fátima León,Fátima León,2025,mayo,Chorrillos Iglesias - PVS,9.31,12.00,89905.39,579390,12
Fátima León,Fátima León,2025,mayo,Cine Rimac - PVS,12.38,14.00,103094.93000000002,499734,14
Fátima León,Fátima León,2025,mayo,Jiron de la Union - PVE,10.14,12.00,26234.11,155246,12
Fátima León,Fátima León,2025,mayo,La Paz - PVS,12.30,13.00,144964.47000000003,707132,13
Fátima León,Fátima León,2025,mayo,La Perla - PVS,10.73,12.00,131896.06,737815,12
Fátima León,Fátima León,2025,mayo,La Victoria PVS,13.13,13.00,73737.12000000001,337051,13
Fátima León,Fátima León,2025,mayo,Santa Cruz - PVE,10.27,13.00,67135.48,392288,13
Fátima León,Fátima León,2025,mayo,Supermercados SKA - PVE,12.61,16.00,17234.36,81986,16
Fátima León,Fátima León,2025,mayo,Trujillo Mansiche - PVS,12.64,17.00,125639.81999999998,596243,17
Fátima León,Fátima León,2025,mayo,Trujillo Valcarcel - PVS,9.88,13.00,114356.69,694363,13
Fátima León,Fátima León,2025,mayo,Villa Marina - PVS,12.09,14.00,87624.37000000002,434840,14
Fátima León,Fátima León,2025,junio,Art Express - PVS,12.53,14.00,50388.69,241264,14
Fátima León,Fátima León,2025,junio,Bolognesi - PVE,11.87,15.00,89222.94,450986,15
Fátima León,Fátima León,2025,junio,Centro Trujillo - PVE,12.38,16.00,95661.01,463444,16
Fátima León,Fátima León,2025,junio,Chorrillos Iglesias - PVS,9.71,12.00,86638.75,535177,12
Fátima León,Fátima León,2025,junio,Cine Rimac - PVS,12.86,14.00,96617.95999999999,450935,14
Fátima León,Fátima León,2025,junio,Jiron de la Union - PVE,10.40,12.00,24235.11,139817,12
Fátima León,Fátima León,2025,junio,La Paz - PVS,11.78,13.00,135899.09,692357,13
Fátima León,Fátima León,2025,junio,La Perla - PVS,10.49,12.00,125805.18999999997,719477,12
Fátima León,Fátima León,2025,junio,La Victoria PVS,12.64,13.00,70386.42,334121,13
Fátima León,Fátima León,2025,junio,Santa Cruz - PVE,8.73,13.00,63196.62000000001,434429,13
Fátima León,Fátima León,2025,junio,Supermercados SKA - PVE,12.94,16.00,12033.689999999999,55782,16
Fátima León,Fátima León,2025,junio,Trujillo Mansiche - PVS,12.23,17.00,106441.79000000001,522143,17
Fátima León,Fátima León,2025,junio,Trujillo Valcarcel - PVS,9.88,13.00,111229.37000000001,675453,13
Fátima León,Fátima León,2025,junio,Villa Marina - PVS,12.80,14.00,88182.2,413420,14
Fátima León,Fátima León,2025,julio,Art Express - PVS,11.81,14.00,50376.520000000004,255928,14
Fátima León,Fátima León,2025,julio,Bolognesi - PVE,12.52,15.00,91461.23999999998,438461,15
Fátima León,Fátima León,2025,julio,Centro Trujillo - PVE,12.18,16.00,92603.56999999999,456102,16
Fátima León,Fátima León,2025,julio,Chorrillos Iglesias - PVS,10.00,12.00,95407.15999999999,572360,12
Fátima León,Fátima León,2025,julio,Cine Rimac - PVS,12.82,14.00,102301.1,478746,14
Fátima León,Fátima León,2025,julio,Jiron de la Union - PVE,10.10,12.00,28871.779999999995,171528,12
Fátima León,Fátima León,2025,julio,La Paz - PVS,11.55,13.00,141363.86000000002,734215,13
Fátima León,Fátima León,2025,julio,La Perla - PVS,10.52,12.00,133206.18,759873,12
Fátima León,Fátima León,2025,julio,La Victoria PVS,13.15,13.00,77766.29,354816,13
Fátima León,Fátima León,2025,julio,Santa Cruz - PVE,8.55,13.00,57688.969999999994,404626,13
Fátima León,Fátima León,2025,julio,Supermercados SKA - PVE,13.00,16.00,15524.97,71677,16
Fátima León,Fátima León,2025,julio,Trujillo Mansiche - PVS,12.23,17.00,106200.32999999999,521006,17
Fátima León,Fátima León,2025,julio,Trujillo Valcarcel - PVS,10.14,13.00,120683.55000000003,714260,13
Fátima León,Fátima León,2025,julio,Villa Marina - PVS,13.20,14.00,88668.48,403032,14
Fátima León,Fátima León,2025,agosto,Art Express - PVS,10.95,14.00,51454.05,281932,14
Fátima León,Fátima León,2025,agosto,Bolognesi - PVE,10.81,15.00,91103.4,505576,15
Fátima León,Fátima León,2025,agosto,Centro Trujillo - PVE,11.69,16.00,90501.33,464603,16
Fátima León,Fátima León,2025,agosto,Chorrillos Iglesias - PVS,9.57,12.00,93098.21999999994,583960,12
Fátima León,Fátima León,2025,agosto,Cine Rimac - PVS,12.72,14.00,103230.73000000003,486988,14
Fátima León,Fátima León,2025,agosto,Jiron de la Union - PVE,10.48,12.00,28664.229999999996,164132,12
Fátima León,Fátima León,2025,agosto,La Paz - PVS,12.59,13.00,142662.56,679742,13
Fátima León,Fátima León,2025,agosto,La Perla - PVS,10.57,12.00,130508.57999999997,740892,12
Fátima León,Fátima León,2025,agosto,La Victoria PVS,13.14,13.00,76998.84999999998,351698,13
Fátima León,Fátima León,2025,agosto,Santa Cruz - PVE,8.35,13.00,61078.020000000004,438917,13
Fátima León,Fátima León,2025,agosto,Supermercados SKA - PVE,12.86,16.00,9152.380000000001,42692,16
Fátima León,Fátima León,2025,agosto,Trujillo Mansiche - PVS,11.70,17.00,109938.87999999998,563857,17
Fátima León,Fátima León,2025,agosto,Trujillo Valcarcel - PVS,10.03,13.00,113619.08999999995,679595,13
Fátima León,Fátima León,2025,agosto,Villa Marina - PVS,13.79,14.00,90553.42,393886,14
Fátima León,Fátima León,2025,septiembre,Art Express - PVS,11.80,14.00,47110.310000000005,239597,14
Fátima León,Fátima León,2025,septiembre,Bolognesi - PVE,11.19,15.00,85887.43000000001,460365,15
Fátima León,Fátima León,2025,septiembre,Centro Trujillo - PVE,11.93,16.00,88870.95000000001,447087,16
Fátima León,Fátima León,2025,septiembre,Chorrillos Iglesias - PVS,9.63,12.00,84501.64000000003,526570,12
Fátima León,Fátima León,2025,septiembre,Cine Rimac - PVS,12.72,14.00,100932.65000000001,476165,14
Fátima León,Fátima León,2025,septiembre,Jiron de la Union - PVE,11.59,12.00,24838.22,128548,12
Fátima León,Fátima León,2025,septiembre,La Paz - PVS,11.57,13.00,131585.07000000004,682429,13
Fátima León,Fátima León,2025,septiembre,La Perla - PVS,11.04,12.00,127785.46000000004,694666,12
Fátima León,Fátima León,2025,septiembre,La Victoria PVS,13.90,13.00,73303.21000000002,316380,13
Fátima León,Fátima León,2025,septiembre,Santa Cruz - PVE,7.79,13.00,53302.14,410543,13
Fátima León,Fátima León,2025,septiembre,Supermercados SKA - PVE,11.97,16.00,15340.670000000002,76906,16
Fátima León,Fátima León,2025,septiembre,Trujillo Mansiche - PVS,11.81,17.00,108576.19000000003,551465,17
Fátima León,Fátima León,2025,septiembre,Trujillo Valcarcel - PVS,10.18,13.00,110254.57,650140,13
Fátima León,Fátima León,2025,septiembre,Villa Marina - PVS,13.21,14.00,89428.04000000001,406108,14
Fátima León,Fátima León,2025,octubre,Art Express - PVS,11.62,14.00,48417.87000000001,249960,14
Fátima León,Fátima León,2025,octubre,Bolognesi - PVE,12.29,15.00,88145.96999999997,430190,15
Fátima León,Fátima León,2025,octubre,Centro Trujillo - PVE,12.10,16.00,90296.05999999995,447643,16
Fátima León,Fátima León,2025,octubre,Chorrillos Iglesias - PVS,9.65,12.00,84330.15,524135,12
Fátima León,Fátima León,2025,octubre,Cine Rimac - PVS,12.33,14.00,99623.51999999999,484728,14
Fátima León,Fátima León,2025,octubre,Jiron de la Union - PVE,11.50,12.00,26237.920000000006,136840,12
Fátima León,Fátima León,2025,octubre,La Paz - PVS,11.52,13.00,136095.87,709081,13
Fátima León,Fátima León,2025,octubre,La Perla - PVS,10.78,12.00,126313.17999999996,702969,12
Fátima León,Fátima León,2025,octubre,La Victoria PVS,13.99,13.00,73375.98000000001,314770,13
Fátima León,Fátima León,2025,octubre,Santa Cruz - PVE,8.23,13.00,61845.7,450756,13
Fátima León,Fátima León,2025,octubre,Supermercados SKA - PVE,12.39,16.00,13946.999999999998,67539,16
Fátima León,Fátima León,2025,octubre,Trujillo Mansiche - PVS,11.89,17.00,90645.41999999998,457279,17
Fátima León,Fátima León,2025,octubre,Trujillo Valcarcel - PVS,10.15,13.00,109506.90999999997,647054,13
Fátima León,Fátima León,2025,octubre,Villa Marina - PVS,14.05,14.00,84984.52999999997,362890,14
Fátima León,Fátima León,2025,noviembre,Art Express - PVS,12.32,14.00,53957.01,262715,14
Fátima León,Fátima León,2025,noviembre,Bolognesi - PVE,12.92,15.00,89505.67000000001,415607,15
Fátima León,Fátima León,2025,noviembre,Centro Trujillo - PVE,12.61,16.00,89900.72000000002,427772,16
Fátima León,Fátima León,2025,noviembre,Chorrillos Iglesias - PVS,10.29,12.00,89101.62000000001,519602,12
Fátima León,Fátima León,2025,noviembre,Cine Rimac - PVS,13.52,14.00,106133.01,470922,14
Fátima León,Fátima León,2025,noviembre,Jiron de la Union - PVE,12.40,12.00,27942.21,135176,12
Fátima León,Fátima León,2025,noviembre,La Paz - PVS,12.46,13.00,143858.83000000005,692521,13
Fátima León,Fátima León,2025,noviembre,La Perla - PVS,11.22,12.00,135212.99,723173,12
Fátima León,Fátima León,2025,noviembre,La Victoria PVS,13.98,13.00,77107.39,330913,13
Fátima León,Fátima León,2025,noviembre,Santa Cruz - PVE,9.26,13.00,62506.69,404870,13
Fátima León,Fátima León,2025,noviembre,Supermercados SKA - PVE,12.53,16.00,13356.560000000001,63980,16
Fátima León,Fátima León,2025,noviembre,Trujillo Mansiche - PVS,12.45,17.00,116973.69,563908,17
Fátima León,Fátima León,2025,noviembre,Trujillo Valcarcel - PVS,10.93,13.00,126763.81,695621,13
Fátima León,Fátima León,2025,noviembre,Villa Marina - PVS,15.01,14.00,94158.87999999999,376359,14
Fátima León,Fátima León,2025,diciembre,Art Express - PVS,11.87,14.00,58233.889999999985,294276,14
Fátima León,Fátima León,2025,diciembre,Bolognesi - PVE,13.92,15.00,101732.09000000001,438444,15
Fátima León,Fátima León,2025,diciembre,Centro Trujillo - PVE,12.90,16.00,112924.70000000004,525271,16
Fátima León,Fátima León,2025,diciembre,Chorrillos Iglesias - PVS,10.39,12.00,109683.69,633401,12
Fátima León,Fátima León,2025,diciembre,Cine Rimac - PVS,14.02,14.00,122055.41999999998,522436,14
Fátima León,Fátima León,2025,diciembre,Jiron de la Union - PVE,13.28,12.00,37858.34000000001,171095,12
Fátima León,Fátima León,2025,diciembre,La Paz - PVS,12.95,13.00,165384.95,766042,13
Fátima León,Fátima León,2025,diciembre,La Perla - PVS,11.82,12.00,158770.52000000002,806211,12
Fátima León,Fátima León,2025,diciembre,La Victoria PVS,15.05,13.00,105359.06999999998,420063,13
Fátima León,Fátima León,2025,diciembre,Santa Cruz - PVE,9.94,13.00,68069.37,411052,13
Fátima León,Fátima León,2025,diciembre,Supermercados SKA - PVE,12.51,16.00,13382.959999999997,64208,16
Fátima León,Fátima León,2025,diciembre,Trujillo Mansiche - PVS,13.13,17.00,144297.99,659581,17
Fátima León,Fátima León,2025,diciembre,Trujillo Valcarcel - PVS,10.75,13.00,144584.35999999993,806996,13
Fátima León,Fátima León,2025,diciembre,Villa Marina - PVS,16.13,14.00,99094.90999999997,368628,14
Fátima León,Fátima León,2026,enero,Art Express - PVS,12.38,14.00,46565.18,225696,14
Fátima León,Fátima León,2026,enero,Bolognesi - PVE,14.78,15.00,85868.29000000001,348681,15
Fátima León,Fátima León,2026,enero,Centro Trujillo - PVE,12.59,16.00,91250.30000000002,435029,16
Fátima León,Fátima León,2026,enero,Chorrillos Iglesias - PVS,9.83,12.00,94564.72999999998,577151,12
Fátima León,Fátima León,2026,enero,Cine Rimac - PVS,13.94,14.00,105104.26999999996,452421,14
Fátima León,Fátima León,2026,enero,Jiron de la Union - PVE,11.77,12.00,29650.9,151213,12
Fátima León,Fátima León,2026,enero,La Paz - PVS,12.24,13.00,133299.24,653341,13
Fátima León,Fátima León,2026,enero,La Perla - PVS,11.90,12.00,135852.62,684843,12
Fátima León,Fátima León,2026,enero,La Victoria PVS,15.01,13.00,77582.63,310149,13
Fátima León,Fátima León,2026,enero,Santa Cruz - PVE,9.79,13.00,59696.3,365930,13
Fátima León,Fátima León,2026,enero,Supermercados SKA - PVE,10.68,16.00,12367.09,69448,16
Fátima León,Fátima León,2026,enero,Trujillo Mansiche - PVS,13.49,17.00,102805.98999999998,457140,17
Fátima León,Fátima León,2026,enero,Trujillo Valcarcel - PVS,10.83,13.00,118682.12,657585,13
Fátima León,Fátima León,2026,enero,Villa Marina - PVS,14.97,14.00,94602.09999999998,379139,14
Fátima León,Fátima León,2026,febrero,Art Express - PVS,12.86,14.00,53581.46999999999,250045,14
Fátima León,Fátima León,2026,febrero,Bolognesi - PVE,14.64,15.00,89140.75,365410,15
Fátima León,Fátima León,2026,febrero,Centro Trujillo - PVE,13.89,16.00,87888.47000000002,379707,16
Fátima León,Fátima León,2026,febrero,Chorrillos Iglesias - PVS,10.52,12.00,91147.59999999998,520030,12
Fátima León,Fátima León,2026,febrero,Cine Rimac - PVS,14.29,14.00,106158.34000000001,445747,14
Fátima León,Fátima León,2026,febrero,Jiron de la Union - PVE,13.00,12.00,28893.070000000003,133341,12
Fátima León,Fátima León,2026,febrero,La Paz - PVS,10.35,13.00,130817.23,758514,13
Fátima León,Fátima León,2026,febrero,La Perla - PVS,12.27,12.00,129258.77000000002,632091,12
Fátima León,Fátima León,2026,febrero,La Victoria PVS,14.90,13.00,78135,314539,13
Fátima León,Fátima León,2026,febrero,Santa Cruz - PVE,9.76,13.00,50045.189999999995,307542,13
Fátima León,Fátima León,2026,febrero,Supermercados SKA - PVE,14.02,16.00,10181.68,43576,16
Fátima León,Fátima León,2026,febrero,Trujillo Mansiche - PVS,13.19,17.00,115976.88999999998,527412,17
Fátima León,Fátima León,2026,febrero,Trujillo Valcarcel - PVS,11.81,13.00,113595.90000000002,577012,13
Fátima León,Fátima León,2026,febrero,Villa Marina - PVS,15.95,14.00,93290.79999999999,350849,14
Fátima León,Fátima León,2026,marzo,Art Express - PVS,12.60,14.00,58722.72,279535,14
Fátima León,Fátima León,2026,marzo,Bolognesi - PVE,14.58,15.00,91199.44999999998,375373,15
Fátima León,Fátima León,2026,marzo,Centro Trujillo - PVE,14.35,16.00,110170.08000000003,460655,16
Fátima León,Fátima León,2026,marzo,Chorrillos Iglesias - PVS,11.00,12.00,107590.53999999998,586813,12
Fátima León,Fátima León,2026,marzo,Cine Rimac - PVS,14.63,14.00,127035.84000000003,521115,14
Fátima León,Fátima León,2026,marzo,Jiron de la Union - PVE,12.46,12.00,30913.429999999997,148835,12
Fátima León,Fátima León,2026,marzo,La Paz - PVS,11.12,13.00,144095.02000000002,777291,13
Fátima León,Fátima León,2026,marzo,La Perla - PVS,12.40,12.00,154236.93000000002,746166,12
Fátima León,Fátima León,2026,marzo,La Victoria PVS,15.34,13.00,92583.68999999999,362237,13
Fátima León,Fátima León,2026,marzo,Santa Cruz - PVE,10.65,13.00,55050.87999999999,310010,13
Fátima León,Fátima León,2026,marzo,Supermercados SKA - PVE,15.59,16.00,23328.74,89793,16
Fátima León,Fátima León,2026,marzo,Trujillo Mansiche - PVS,14.16,17.00,149949.84000000003,635577,17
Fátima León,Fátima León,2026,marzo,Trujillo Valcarcel - PVS,13.01,13.00,149054.05,687463,13
Fátima León,Fátima León,2026,marzo,Villa Marina - PVS,18.01,14.00,110685.35,368659,14
Fátima León,Fátima León,2026,abril,Art Express - PVS,13.28,14.00,55649.32000000001,251334,14
Fátima León,Fátima León,2026,abril,Bolognesi - PVE,13.70,15.00,82908.53000000001,363071,15
Fátima León,Fátima León,2026,abril,Centro Trujillo - PVE,14.07,16.00,100453.57999999999,428298,16
Fátima León,Fátima León,2026,abril,Chorrillos Iglesias - PVS,10.12,12.00,94854.03,562361,12
Fátima León,Fátima León,2026,abril,Cine Rimac - PVS,15.62,14.00,111351.02000000005,427842,14
Fátima León,Fátima León,2026,abril,Jiron de la Union - PVE,13.30,12.00,29448.170000000006,132844,12
Fátima León,Fátima León,2026,abril,La Paz - PVS,11.76,13.00,131632.29,671456,13
Fátima León,Fátima León,2026,abril,La Perla - PVS,12.34,12.00,130468.65,634396,12
Fátima León,Fátima León,2026,abril,La Victoria PVS,15.93,13.00,80783.88,304321,13
Fátima León,Fátima León,2026,abril,Santa Cruz - PVE,12.41,13.00,56684.57,274065,13
Fátima León,Fátima León,2026,abril,Supermercados SKA - PVE,14.19,16.00,10336.23,43704,16
Fátima León,Fátima León,2026,abril,Trujillo Mansiche - PVS,13.82,17.00,136248.81999999995,591446,17
Fátima León,Fátima León,2026,abril,Trujillo Valcarcel - PVS,12.75,13.00,140731.13999999993,662324,13
Fátima León,Fátima León,2026,abril,Villa Marina - PVS,18.86,14.00,97116.23000000003,308938,14
Fátima León,Fátima León,2026,mayo,Art Express - PVS,11.94,14.00,52172.81999999999,262193,14
Fátima León,Fátima León,2026,mayo,Bolognesi - PVE,12.52,15.00,87974.26000000001,421650,15
Fátima León,Fátima León,2026,mayo,Centro Trujillo - PVE,14.52,16.00,109858.54999999999,453846,16
Fátima León,Fátima León,2026,mayo,Chorrillos Iglesias - PVS,11.40,12.00,97793.55999999998,514491,12
Fátima León,Fátima León,2026,mayo,Cine Rimac - PVS,15.31,14.00,116433.80000000002,456322,14
Fátima León,Fátima León,2026,mayo,Jiron de la Union - PVE,13.41,12.00,29333.309999999994,131258,12
Fátima León,Fátima León,2026,mayo,La Paz - PVS,13.18,13.00,148886.61000000002,678015,13
Fátima León,Fátima León,2026,mayo,La Perla - PVS,12.03,12.00,124886.31999999996,622774,12
Fátima León,Fátima León,2026,mayo,La Victoria PVS,14.65,13.00,84068,344230,13
Fátima León,Fátima León,2026,mayo,Santa Cruz - PVE,13.99,13.00,61218.85999999999,262506,13
Fátima León,Fátima León,2026,mayo,Supermercados SKA - PVE,14.76,16.00,11883.16,48319,16
Fátima León,Fátima León,2026,mayo,Trujillo Mansiche - PVS,14.36,17.00,139615.49000000002,583441,17
Fátima León,Fátima León,2026,mayo,Trujillo Valcarcel - PVS,12.70,13.00,142728.87,674456,13
Fátima León,Fátima León,2026,mayo,Villa Marina - PVS,18.36,14.00,95800.17,313133,14
Fátima León,Fátima León,2026,junio,Art Express - PVS,11.31,14.00,49725.520000000004,263757,14
Fátima León,Fátima León,2026,junio,Bolognesi - PVE,11.42,15.00,85287.06999999999,448264,15
Fátima León,Fátima León,2026,junio,Centro Trujillo - PVE,14.58,16.00,101967.45999999999,419708,16
Fátima León,Fátima León,2026,junio,Chorrillos Iglesias - PVS,11.06,12.00,88945.21,482339,12
Fátima León,Fátima León,2026,junio,Cine Rimac - PVS,15.64,14.00,105764.82999999996,405876,14
Fátima León,Fátima León,2026,junio,Jiron de la Union - PVE,12.84,12.00,25454.650000000005,118965,12
Fátima León,Fátima León,2026,junio,La Paz - PVS,12.61,13.00,141922.28000000003,675078,13
Fátima León,Fátima León,2026,junio,La Perla - PVS,13.40,12.00,110933.5,496741,12
Fátima León,Fátima León,2026,junio,La Victoria PVS,16.33,13.00,77015.66999999998,282968,13
Fátima León,Fátima León,2026,junio,Santa Cruz - PVE,12.15,13.00,62420.770000000004,308322,13
Fátima León,Fátima León,2026,junio,Supermercados SKA - PVE,14.48,16.00,14546.789999999997,60284,16
Fátima León,Fátima León,2026,junio,Trujillo Mansiche - PVS,13.91,17.00,126170.48000000001,544186,17
Fátima León,Fátima León,2026,junio,Trujillo Valcarcel - PVS,12.52,13.00,134094.48,642536,13
Fátima León,Fátima León,2026,junio,Villa Marina - PVS,18.74,14.00,89741.14,287397,14
Fátima León,Fátima León,2026,julio,Art Express - PVS,,14.00,,,14
Fátima León,Fátima León,2026,julio,Bolognesi - PVE,,15.00,,,15
Fátima León,Fátima León,2026,julio,Centro Trujillo - PVE,,16.00,,,16
Fátima León,Fátima León,2026,julio,Chorrillos Iglesias - PVS,,12.00,,,12
Fátima León,Fátima León,2026,julio,Cine Rimac - PVS,,14.00,,,14
Fátima León,Fátima León,2026,julio,Jiron de la Union - PVE,,12.00,,,12
Fátima León,Fátima León,2026,julio,La Paz - PVS,,13.00,,,13
Fátima León,Fátima León,2026,julio,La Perla - PVS,,12.00,,,12
Fátima León,Fátima León,2026,julio,La Victoria PVS,,13.00,,,13
Fátima León,Fátima León,2026,julio,Santa Cruz - PVE,,13.00,,,13
Fátima León,Fátima León,2026,julio,Supermercados SKA - PVE,,16.00,,,16
Fátima León,Fátima León,2026,julio,Trujillo Mansiche - PVS,,17.00,,,17
Fátima León,Fátima León,2026,julio,Trujillo Valcarcel - PVS,,13.00,,,13
Fátima León,Fátima León,2026,julio,Villa Marina - PVS,,14.00,,,14
Fátima León,Fátima León,2026,agosto,Art Express - PVS,,14.00,,,14
Fátima León,Fátima León,2026,agosto,Bolognesi - PVE,,15.00,,,15
Fátima León,Fátima León,2026,agosto,Centro Trujillo - PVE,,16.00,,,16
Fátima León,Fátima León,2026,agosto,Chorrillos Iglesias - PVS,,12.00,,,12
Fátima León,Fátima León,2026,agosto,Cine Rimac - PVS,,14.00,,,14
Fátima León,Fátima León,2026,agosto,Jiron de la Union - PVE,,12.00,,,12
Fátima León,Fátima León,2026,agosto,La Paz - PVS,,13.00,,,13
Fátima León,Fátima León,2026,agosto,La Perla - PVS,,12.00,,,12
Fátima León,Fátima León,2026,agosto,La Victoria PVS,,13.00,,,13
Fátima León,Fátima León,2026,agosto,Santa Cruz - PVE,,13.00,,,13
Fátima León,Fátima León,2026,agosto,Supermercados SKA - PVE,,16.00,,,16
Fátima León,Fátima León,2026,agosto,Trujillo Mansiche - PVS,,17.00,,,17
Fátima León,Fátima León,2026,agosto,Trujillo Valcarcel - PVS,,13.00,,,13
Fátima León,Fátima León,2026,agosto,Villa Marina - PVS,,14.00,,,14
Fátima León,Fátima León,2026,septiembre,Art Express - PVS,,14.00,,,14
Fátima León,Fátima León,2026,septiembre,Bolognesi - PVE,,15.00,,,15
Fátima León,Fátima León,2026,septiembre,Centro Trujillo - PVE,,16.00,,,16
Fátima León,Fátima León,2026,septiembre,Chorrillos Iglesias - PVS,,12.00,,,12
Fátima León,Fátima León,2026,septiembre,Cine Rimac - PVS,,14.00,,,14
Fátima León,Fátima León,2026,septiembre,Jiron de la Union - PVE,,12.00,,,12
Fátima León,Fátima León,2026,septiembre,La Paz - PVS,,13.00,,,13
Fátima León,Fátima León,2026,septiembre,La Perla - PVS,,12.00,,,12
Fátima León,Fátima León,2026,septiembre,La Victoria PVS,,13.00,,,13
Fátima León,Fátima León,2026,septiembre,Santa Cruz - PVE,,13.00,,,13
Fátima León,Fátima León,2026,septiembre,Supermercados SKA - PVE,,16.00,,,16
Fátima León,Fátima León,2026,septiembre,Trujillo Mansiche - PVS,,17.00,,,17
Fátima León,Fátima León,2026,septiembre,Trujillo Valcarcel - PVS,,13.00,,,13
Fátima León,Fátima León,2026,septiembre,Villa Marina - PVS,,14.00,,,14
Fátima León,Fátima León,2026,octubre,Art Express - PVS,,14.00,,,14
Fátima León,Fátima León,2026,octubre,Bolognesi - PVE,,15.00,,,15
Fátima León,Fátima León,2026,octubre,Centro Trujillo - PVE,,16.00,,,16
Fátima León,Fátima León,2026,octubre,Chorrillos Iglesias - PVS,,12.00,,,12
Fátima León,Fátima León,2026,octubre,Cine Rimac - PVS,,14.00,,,14
Fátima León,Fátima León,2026,octubre,Jiron de la Union - PVE,,12.00,,,12
Fátima León,Fátima León,2026,octubre,La Paz - PVS,,13.00,,,13
Fátima León,Fátima León,2026,octubre,La Perla - PVS,,12.00,,,12
Fátima León,Fátima León,2026,octubre,La Victoria PVS,,13.00,,,13
Fátima León,Fátima León,2026,octubre,Santa Cruz - PVE,,13.00,,,13
Fátima León,Fátima León,2026,octubre,Supermercados SKA - PVE,,16.00,,,16
Fátima León,Fátima León,2026,octubre,Trujillo Mansiche - PVS,,17.00,,,17
Fátima León,Fátima León,2026,octubre,Trujillo Valcarcel - PVS,,13.00,,,13
Fátima León,Fátima León,2026,octubre,Villa Marina - PVS,,14.00,,,14
Fátima León,Fátima León,2026,noviembre,Art Express - PVS,,14.00,,,14
Fátima León,Fátima León,2026,noviembre,Bolognesi - PVE,,15.00,,,15
Fátima León,Fátima León,2026,noviembre,Centro Trujillo - PVE,,16.00,,,16
Fátima León,Fátima León,2026,noviembre,Chorrillos Iglesias - PVS,,12.00,,,12
Fátima León,Fátima León,2026,noviembre,Cine Rimac - PVS,,14.00,,,14
Fátima León,Fátima León,2026,noviembre,Jiron de la Union - PVE,,12.00,,,12
Fátima León,Fátima León,2026,noviembre,La Paz - PVS,,13.00,,,13
Fátima León,Fátima León,2026,noviembre,La Perla - PVS,,12.00,,,12
Fátima León,Fátima León,2026,noviembre,La Victoria PVS,,13.00,,,13
Fátima León,Fátima León,2026,noviembre,Santa Cruz - PVE,,13.00,,,13
Fátima León,Fátima León,2026,noviembre,Supermercados SKA - PVE,,16.00,,,16
Fátima León,Fátima León,2026,noviembre,Trujillo Mansiche - PVS,,17.00,,,17
Fátima León,Fátima León,2026,noviembre,Trujillo Valcarcel - PVS,,13.00,,,13
Fátima León,Fátima León,2026,noviembre,Villa Marina - PVS,,14.00,,,14
Fátima León,Fátima León,2026,diciembre,Art Express - PVS,,14.00,,,14
Fátima León,Fátima León,2026,diciembre,Bolognesi - PVE,,15.00,,,15
Fátima León,Fátima León,2026,diciembre,Centro Trujillo - PVE,,16.00,,,16
Fátima León,Fátima León,2026,diciembre,Chorrillos Iglesias - PVS,,12.00,,,12
Fátima León,Fátima León,2026,diciembre,Cine Rimac - PVS,,14.00,,,14
Fátima León,Fátima León,2026,diciembre,Jiron de la Union - PVE,,12.00,,,12
Fátima León,Fátima León,2026,diciembre,La Paz - PVS,,13.00,,,13
Fátima León,Fátima León,2026,diciembre,La Perla - PVS,,12.00,,,12
Fátima León,Fátima León,2026,diciembre,La Victoria PVS,,13.00,,,13
Fátima León,Fátima León,2026,diciembre,Santa Cruz - PVE,,13.00,,,13
Fátima León,Fátima León,2026,diciembre,Supermercados SKA - PVE,,16.00,,,16
Fátima León,Fátima León,2026,diciembre,Trujillo Mansiche - PVS,,17.00,,,17
Fátima León,Fátima León,2026,diciembre,Trujillo Valcarcel - PVS,,13.00,,,13
Fátima León,Fátima León,2026,diciembre,Villa Marina - PVS,,14.00,,,14
Hernán Perroni,DANIEL RODRIGUEZ,2025,enero,Alameda Sur - PVS,12.21,13.00,620285.5259999998,3048941,13
Hernán Perroni,DANIEL RODRIGUEZ,2025,enero,Ayacucho - PVS,11.11,13.00,444571.80099999986,2400713,13
Hernán Perroni,DANIEL RODRIGUEZ,2025,enero,Caminos del Inca - PVS,10.09,12.00,1339185.7180000003,7960655,12
Hernán Perroni,DANIEL RODRIGUEZ,2025,enero,Chaclacayo - PVS,12.93,13.00,145511.95500000002,675056,13
Hernán Perroni,DANIEL RODRIGUEZ,2025,enero,Corpac - PVS,12.14,13.00,307244.8240000001,1518889,13
Hernán Perroni,DANIEL RODRIGUEZ,2025,enero,Dasso - PVS,9.39,12.00,319331.9849999999,2040256,12
Hernán Perroni,DANIEL RODRIGUEZ,2025,enero,El Ejercito - PVS,14.06,13.00,382508.445,1632481,13
Hernán Perroni,DANIEL RODRIGUEZ,2025,enero,El Tambo Huancayo - PVS,14.00,14.00,184121.31399999995,789114,14
Hernán Perroni,DANIEL RODRIGUEZ,2025,enero,Grifo Kio - PVS,9.37,12.00,290128.98400000005,1857460,12
Hernán Perroni,DANIEL RODRIGUEZ,2025,enero,Magdalena - PVS,12.08,13.00,143243.246,711433,13
Hernán Perroni,DANIEL RODRIGUEZ,2025,enero,Mercaderes - PVS,10.46,13.00,365411.7759999999,2095799,13
Hernán Perroni,DANIEL RODRIGUEZ,2025,enero,Proceres - PVS,16.05,16.00,156674.15499999997,585723,16
Hernán Perroni,DANIEL RODRIGUEZ,2025,enero,Salamanca - PVS,11.23,12.00,319851.47200000007,1708450,12
Hernán Perroni,DANIEL RODRIGUEZ,2025,enero,San Jorge - PVS,12.22,13.00,397049.4099999999,1950007,13
Hernán Perroni,DANIEL RODRIGUEZ,2025,enero,Valle Hermoso - PVH,9.72,13.00,581036.9560000001,3587801,13
Hernán Perroni,DANIEL RODRIGUEZ,2025,enero,Villa el Salvador - PVS,13.15,15.00,321509.027,1467284,15
Hernán Perroni,DANIEL RODRIGUEZ,2025,febrero,Alameda Sur - PVS,12.55,13.00,611433.545,2922519,13
Hernán Perroni,DANIEL RODRIGUEZ,2025,febrero,Ayacucho - PVS,11.70,13.00,414878.075,2127666,13
Hernán Perroni,DANIEL RODRIGUEZ,2025,febrero,Caminos del Inca - PVS,10.50,12.00,1213238.074,6934668,12
Hernán Perroni,DANIEL RODRIGUEZ,2025,febrero,Chaclacayo - PVS,12.84,13.00,138610.37099999998,647793,13
Hernán Perroni,DANIEL RODRIGUEZ,2025,febrero,Corpac - PVS,12.14,13.00,291383.97200000007,1440595,13
Hernán Perroni,DANIEL RODRIGUEZ,2025,febrero,Dasso - PVS,9.39,12.00,327178.99599999987,2089580,12
Hernán Perroni,DANIEL RODRIGUEZ,2025,febrero,El Ejercito - PVS,13.60,13.00,313126.78999999986,1381262,13
Hernán Perroni,DANIEL RODRIGUEZ,2025,febrero,El Tambo Huancayo - PVS,13.73,14.00,169764.37000000002,741759,14
Hernán Perroni,DANIEL RODRIGUEZ,2025,febrero,Grifo Kio - PVS,9.27,12.00,288088.46699999995,1865263,12
Hernán Perroni,DANIEL RODRIGUEZ,2025,febrero,Magdalena - PVS,10.52,13.00,140801.141,802955,13
Hernán Perroni,DANIEL RODRIGUEZ,2025,febrero,Mercaderes - PVS,10.90,13.00,328538.93499999994,1807897,13
Hernán Perroni,DANIEL RODRIGUEZ,2025,febrero,Proceres - PVS,15.59,16.00,146369.90000000002,563299,16
Hernán Perroni,DANIEL RODRIGUEZ,2025,febrero,Salamanca - PVS,11.17,12.00,322333.1739999999,1731314,12
Hernán Perroni,DANIEL RODRIGUEZ,2025,febrero,San Jorge - PVS,11.83,13.00,383703.27499999997,1946251,13
Hernán Perroni,DANIEL RODRIGUEZ,2025,febrero,Valle Hermoso - PVH,9.26,13.00,480191.52499999973,3111821,13
Hernán Perroni,DANIEL RODRIGUEZ,2025,febrero,Villa el Salvador - PVS,13.63,15.00,334272.94499999995,1471959,15
Hernán Perroni,DANIEL RODRIGUEZ,2025,marzo,Alameda Sur - PVS,12.91,13.00,656490.732,3049921,13
Hernán Perroni,DANIEL RODRIGUEZ,2025,marzo,Ayacucho - PVS,12.04,13.00,481386.307,2398625,13
Hernán Perroni,DANIEL RODRIGUEZ,2025,marzo,Caminos del Inca - PVS,10.35,12.00,1448537.9169999994,8398830,12
Hernán Perroni,DANIEL RODRIGUEZ,2025,marzo,Chaclacayo - PVS,12.51,13.00,160890.24,771822,13
Hernán Perroni,DANIEL RODRIGUEZ,2025,marzo,Corpac - PVS,12.06,13.00,311965.05400000006,1552434,13
Hernán Perroni,DANIEL RODRIGUEZ,2025,marzo,Dasso - PVS,10.17,12.00,373329.8469999999,2203479,12
Hernán Perroni,DANIEL RODRIGUEZ,2025,marzo,El Ejercito - PVS,14.60,13.00,384270.0150000001,1579481,13
Hernán Perroni,DANIEL RODRIGUEZ,2025,marzo,El Tambo Huancayo - PVS,13.27,14.00,248637.07,1123921,14
Hernán Perroni,DANIEL RODRIGUEZ,2025,marzo,Grifo Kio - PVS,9.31,12.00,226400.231,1459351,12
Hernán Perroni,DANIEL RODRIGUEZ,2025,marzo,Magdalena - PVS,11.49,13.00,178742.94299999997,933682,13
Hernán Perroni,DANIEL RODRIGUEZ,2025,marzo,Mercaderes - PVS,11.31,13.00,371991.673,1972797,13
Hernán Perroni,DANIEL RODRIGUEZ,2025,marzo,Proceres - PVS,16.57,16.00,178022.08000000002,644808,16
Hernán Perroni,DANIEL RODRIGUEZ,2025,marzo,Salamanca - PVS,11.04,12.00,388785.25299999997,2113545,12
Hernán Perroni,DANIEL RODRIGUEZ,2025,marzo,San Jorge - PVS,12.12,13.00,442667.33499999973,2191132,13
Hernán Perroni,DANIEL RODRIGUEZ,2025,marzo,Valle Hermoso - PVH,9.68,13.00,571542.0920000003,3543101,13
Hernán Perroni,DANIEL RODRIGUEZ,2025,marzo,Villa el Salvador - PVS,13.77,15.00,379524.7200000001,1653833,15
Hernán Perroni,DANIEL RODRIGUEZ,2025,abril,Alameda Sur - PVS,12.33,13.00,657428.0290000003,3199478,13
Hernán Perroni,DANIEL RODRIGUEZ,2025,abril,Ayacucho - PVS,11.07,13.00,399969.5639999998,2167130,13
Hernán Perroni,DANIEL RODRIGUEZ,2025,abril,Caminos del Inca - PVS,10.46,12.00,1250239.9799999995,7174197,12
Hernán Perroni,DANIEL RODRIGUEZ,2025,abril,Chaclacayo - PVS,11.78,13.00,136975.25499999998,697512,13
Hernán Perroni,DANIEL RODRIGUEZ,2025,abril,Corpac - PVS,11.55,13.00,287317.94400000013,1493110,13
Hernán Perroni,DANIEL RODRIGUEZ,2025,abril,Dasso - PVS,10.20,12.00,341708.7910000002,2011003,12
Hernán Perroni,DANIEL RODRIGUEZ,2025,abril,El Ejercito - PVS,13.31,13.00,339782.828,1531715,13
Hernán Perroni,DANIEL RODRIGUEZ,2025,abril,El Tambo Huancayo - PVS,14.47,14.00,196837.482,816298,14
Hernán Perroni,DANIEL RODRIGUEZ,2025,abril,Grifo Kio - PVS,9.48,12.00,153943.99399999998,974411,12
Hernán Perroni,DANIEL RODRIGUEZ,2025,abril,Magdalena - PVS,11.68,13.00,160346.366,823575,13
Hernán Perroni,DANIEL RODRIGUEZ,2025,abril,Mercaderes - PVS,10.75,13.00,342316.3989999999,1910852,13
Hernán Perroni,DANIEL RODRIGUEZ,2025,abril,Proceres - PVS,16.01,16.00,150244.81499999997,563121,16
Hernán Perroni,DANIEL RODRIGUEZ,2025,abril,Salamanca - PVS,11.51,12.00,341291.96499999985,1779689,12
Hernán Perroni,DANIEL RODRIGUEZ,2025,abril,San Jorge - PVS,11.35,13.00,383106.39599999983,2025553,13
Hernán Perroni,DANIEL RODRIGUEZ,2025,abril,Valle Hermoso - PVH,9.82,13.00,497875.97500000003,3041621,13
Hernán Perroni,DANIEL RODRIGUEZ,2025,abril,Villa el Salvador - PVS,13.49,15.00,346648.50999999995,1542006,15
Hernán Perroni,DANIEL RODRIGUEZ,2025,mayo,Alameda Sur - PVS,12.33,13.00,695641.58,3385021,13
Hernán Perroni,DANIEL RODRIGUEZ,2025,mayo,Ayacucho - PVS,11.05,13.00,427114.53,2319495,13
Hernán Perroni,DANIEL RODRIGUEZ,2025,mayo,Caminos del Inca - PVS,9.87,12.00,1182007.1599999995,7184885,12
Hernán Perroni,DANIEL RODRIGUEZ,2025,mayo,Chaclacayo - PVS,11.33,13.00,136347.27,722141,13
Hernán Perroni,DANIEL RODRIGUEZ,2025,mayo,Corpac - PVS,11.27,13.00,266405.59,1418779,13
Hernán Perroni,DANIEL RODRIGUEZ,2025,mayo,Dasso - PVS,9.32,12.00,388828.4100000001,2503499,12
Hernán Perroni,DANIEL RODRIGUEZ,2025,mayo,El Ejercito - PVS,13.76,13.00,392070.81999999995,1709042,13
Hernán Perroni,DANIEL RODRIGUEZ,2025,mayo,El Tambo Huancayo - PVS,14.93,14.00,211440.25000000003,849953,14
Hernán Perroni,DANIEL RODRIGUEZ,2025,mayo,Grifo Kio - PVS,9.46,12.00,96681.46999999997,613047,12
Hernán Perroni,DANIEL RODRIGUEZ,2025,mayo,Magdalena - PVS,11.54,13.00,154879.1,805592,13
Hernán Perroni,DANIEL RODRIGUEZ,2025,mayo,Mercaderes - PVS,10.95,13.00,338789.72000000003,1856112,13
Hernán Perroni,DANIEL RODRIGUEZ,2025,mayo,Proceres - PVS,16.16,16.00,155998.14,579312,16
Hernán Perroni,DANIEL RODRIGUEZ,2025,mayo,Salamanca - PVS,11.62,12.00,332176.43,1714477,12
Hernán Perroni,DANIEL RODRIGUEZ,2025,mayo,San Jorge - PVS,11.31,13.00,384162.60000000003,2038024,13
Hernán Perroni,DANIEL RODRIGUEZ,2025,mayo,Valle Hermoso - PVH,9.70,13.00,488085.1299999999,3017763,13
Hernán Perroni,DANIEL RODRIGUEZ,2025,mayo,Villa el Salvador - PVS,14.25,15.00,369019.13,1553831,15
Hernán Perroni,DANIEL RODRIGUEZ,2025,junio,Alameda Sur - PVS,12.22,13.00,626771.1900000001,3077207,13
Hernán Perroni,DANIEL RODRIGUEZ,2025,junio,Ayacucho - PVS,11.03,13.00,412067.47000000003,2241640,13
Hernán Perroni,DANIEL RODRIGUEZ,2025,junio,Caminos del Inca - PVS,10.00,12.00,1179349.5900000003,7077054,12
Hernán Perroni,DANIEL RODRIGUEZ,2025,junio,Chaclacayo - PVS,11.46,13.00,127448.14,667075,13
Hernán Perroni,DANIEL RODRIGUEZ,2025,junio,Corpac - PVS,10.85,13.00,245047.35999999993,1355679,13
Hernán Perroni,DANIEL RODRIGUEZ,2025,junio,Dasso - PVS,9.14,12.00,434414.0800000001,2852289,12
Hernán Perroni,DANIEL RODRIGUEZ,2025,junio,El Ejercito - PVS,13.04,13.00,378480.9700000001,1741761,13
Hernán Perroni,DANIEL RODRIGUEZ,2025,junio,El Tambo Huancayo - PVS,14.42,14.00,198759.66999999998,827136,14
Hernán Perroni,DANIEL RODRIGUEZ,2025,junio,Grifo Kio - PVS,9.56,12.00,70176.18999999999,440319,12
Hernán Perroni,DANIEL RODRIGUEZ,2025,junio,Magdalena - PVS,11.49,13.00,159009.28999999998,830300,13
Hernán Perroni,DANIEL RODRIGUEZ,2025,junio,Mercaderes - PVS,10.16,13.00,328127.06,1937706,13
Hernán Perroni,DANIEL RODRIGUEZ,2025,junio,Proceres - PVS,14.24,16.00,135637.10000000003,571442,16
Hernán Perroni,DANIEL RODRIGUEZ,2025,junio,Salamanca - PVS,10.87,12.00,309799.61,1709426,12
Hernán Perroni,DANIEL RODRIGUEZ,2025,junio,San Jorge - PVS,11.02,13.00,371361.9199999999,2021992,13
Hernán Perroni,DANIEL RODRIGUEZ,2025,junio,Valle Hermoso - PVH,9.80,13.00,549541.2699999999,3365236,13
Hernán Perroni,DANIEL RODRIGUEZ,2025,junio,Villa el Salvador - PVS,13.76,15.00,348542.27,1520092,15
Hernán Perroni,DANIEL RODRIGUEZ,2025,julio,Alameda Sur - PVS,12.56,13.00,622699.5700000003,2975427,13
Hernán Perroni,DANIEL RODRIGUEZ,2025,julio,Ayacucho - PVS,11.13,13.00,396660.94,2139022,13
Hernán Perroni,DANIEL RODRIGUEZ,2025,julio,Caminos del Inca - PVS,10.07,12.00,1124151.4800000004,6695585,12
Hernán Perroni,DANIEL RODRIGUEZ,2025,julio,Chaclacayo - PVS,11.62,13.00,145140.28,749397,13
Hernán Perroni,DANIEL RODRIGUEZ,2025,julio,Corpac - PVS,10.69,13.00,201135.69999999998,1129050,13
Hernán Perroni,DANIEL RODRIGUEZ,2025,julio,Dasso - PVS,10.12,12.00,366247.96,2171584,12
Hernán Perroni,DANIEL RODRIGUEZ,2025,julio,El Ejercito - PVS,14.19,13.00,387593.3700000001,1638568,13
Hernán Perroni,DANIEL RODRIGUEZ,2025,julio,El Tambo Huancayo - PVS,14.37,14.00,197441.46999999997,824172,14
Hernán Perroni,DANIEL RODRIGUEZ,2025,julio,Grifo Kio - PVS,9.76,12.00,100141.91999999995,615902,12
Hernán Perroni,DANIEL RODRIGUEZ,2025,julio,Magdalena - PVS,11.30,13.00,157226.65999999997,835158,13
Hernán Perroni,DANIEL RODRIGUEZ,2025,julio,Mercaderes - PVS,11.02,13.00,310826.26999999996,1692035,13
Hernán Perroni,DANIEL RODRIGUEZ,2025,julio,Proceres - PVS,15.23,16.00,156805.94,617863,16
Hernán Perroni,DANIEL RODRIGUEZ,2025,julio,Salamanca - PVS,11.12,12.00,331322.81,1787270,12
Hernán Perroni,DANIEL RODRIGUEZ,2025,julio,San Jorge - PVS,11.19,13.00,372387.18999999994,1997108,13
Hernán Perroni,DANIEL RODRIGUEZ,2025,julio,Valle Hermoso - PVH,9.83,13.00,536191.65,3273930,13
Hernán Perroni,DANIEL RODRIGUEZ,2025,julio,Villa el Salvador - PVS,14.16,15.00,366449,1552747,15
Hernán Perroni,DANIEL RODRIGUEZ,2025,agosto,Alameda Sur - PVS,12.42,13.00,596589.4199999997,2883035,13
Hernán Perroni,DANIEL RODRIGUEZ,2025,agosto,Ayacucho - PVS,11.25,13.00,395867.55999999994,2110464,13
Hernán Perroni,DANIEL RODRIGUEZ,2025,agosto,Caminos del Inca - PVS,10.34,12.00,1189021.3100000005,6900106,12
Hernán Perroni,DANIEL RODRIGUEZ,2025,agosto,Chaclacayo - PVS,11.41,13.00,137500.79000000004,722868,13
Hernán Perroni,DANIEL RODRIGUEZ,2025,agosto,Corpac - PVS,9.91,13.00,185211.25000000006,1121697,13
Hernán Perroni,DANIEL RODRIGUEZ,2025,agosto,Dasso - PVS,10.46,12.00,440349.11,2525873,12
Hernán Perroni,DANIEL RODRIGUEZ,2025,agosto,El Ejercito - PVS,13.70,13.00,395667.65000000014,1732489,13
Hernán Perroni,DANIEL RODRIGUEZ,2025,agosto,El Tambo Huancayo - PVS,13.90,14.00,184246.99000000002,795030,14
Hernán Perroni,DANIEL RODRIGUEZ,2025,agosto,Grifo Kio - PVS,9.45,12.00,87255.87,554291,12
Hernán Perroni,DANIEL RODRIGUEZ,2025,agosto,Magdalena - PVS,11.98,13.00,166586.27000000005,834068,13
Hernán Perroni,DANIEL RODRIGUEZ,2025,agosto,Mercaderes - PVS,11.39,13.00,310349.18000000005,1634210,13
Hernán Perroni,DANIEL RODRIGUEZ,2025,agosto,Proceres - PVS,13.78,16.00,148172.02,645193,16
Hernán Perroni,DANIEL RODRIGUEZ,2025,agosto,Salamanca - PVS,11.07,12.00,319594.93000000005,1732238,12
Hernán Perroni,DANIEL RODRIGUEZ,2025,agosto,San Jorge - PVS,11.72,13.00,368233.94000000006,1885689,13
Hernán Perroni,DANIEL RODRIGUEZ,2025,agosto,Valle Hermoso - PVH,10.01,13.00,579041.5099999998,3469230,13
Hernán Perroni,DANIEL RODRIGUEZ,2025,agosto,Villa el Salvador - PVS,14.95,15.00,363240.9700000001,1458251,15
Hernán Perroni,DANIEL RODRIGUEZ,2025,septiembre,Alameda Sur - PVS,12.01,13.00,574065.16,2868662,13
Hernán Perroni,DANIEL RODRIGUEZ,2025,septiembre,Ayacucho - PVS,12.35,13.00,367553.6900000002,1785674,13
Hernán Perroni,DANIEL RODRIGUEZ,2025,septiembre,Caminos del Inca - PVS,9.71,12.00,1109087.2799999996,6854476,12
Hernán Perroni,DANIEL RODRIGUEZ,2025,septiembre,Chaclacayo - PVS,11.72,13.00,121076.94000000003,619793,13
Hernán Perroni,DANIEL RODRIGUEZ,2025,septiembre,Corpac - PVS,8.89,13.00,200731.15000000002,1354176,13
Hernán Perroni,DANIEL RODRIGUEZ,2025,septiembre,Dasso - PVS,10.63,12.00,452870.84999999974,2555120,12
Hernán Perroni,DANIEL RODRIGUEZ,2025,septiembre,El Ejercito - PVS,13.97,13.00,375241.18999999994,1611894,13
Hernán Perroni,DANIEL RODRIGUEZ,2025,septiembre,El Tambo Huancayo - PVS,12.91,14.00,203380.59,945434,14
Hernán Perroni,DANIEL RODRIGUEZ,2025,septiembre,Grifo Kio - PVS,10.34,12.00,76368.8,443132,12
Hernán Perroni,DANIEL RODRIGUEZ,2025,septiembre,Magdalena - PVS,11.78,13.00,154023.26,784776,13
Hernán Perroni,DANIEL RODRIGUEZ,2025,septiembre,Mercaderes - PVS,12.16,13.00,311417.4300000001,1536514,13
Hernán Perroni,DANIEL RODRIGUEZ,2025,septiembre,Proceres - PVS,15.09,16.00,145472.68,578302,16
Hernán Perroni,DANIEL RODRIGUEZ,2025,septiembre,Salamanca - PVS,11.22,12.00,305247.54999999993,1632784,12
Hernán Perroni,DANIEL RODRIGUEZ,2025,septiembre,San Jorge - PVS,11.76,13.00,348959.3499999999,1779683,13
Hernán Perroni,DANIEL RODRIGUEZ,2025,septiembre,Valle Hermoso - PVH,10.01,13.00,617169.9899999998,3699746,13
Hernán Perroni,DANIEL RODRIGUEZ,2025,septiembre,Villa el Salvador - PVS,16.36,15.00,301941.94000000006,1107468,15
Hernán Perroni,DANIEL RODRIGUEZ,2025,octubre,Alameda Sur - PVS,12.14,13.00,588931.7400000001,2910762,13
Hernán Perroni,DANIEL RODRIGUEZ,2025,octubre,Ayacucho - PVS,12.22,13.00,384599.9400000002,1888915,13
Hernán Perroni,DANIEL RODRIGUEZ,2025,octubre,Caminos del Inca - PVS,10.23,12.00,1188574.2399999998,6970997,12
Hernán Perroni,DANIEL RODRIGUEZ,2025,octubre,Chaclacayo - PVS,11.49,13.00,126958.35999999996,662725,13
Hernán Perroni,DANIEL RODRIGUEZ,2025,octubre,Corpac - PVS,8.98,13.00,221760.22000000003,1481454,13
Hernán Perroni,DANIEL RODRIGUEZ,2025,octubre,Dasso - PVS,10.98,12.00,451966.46,2468669,12
Hernán Perroni,DANIEL RODRIGUEZ,2025,octubre,El Ejercito - PVS,14.74,13.00,396066.9199999999,1612278,13
Hernán Perroni,DANIEL RODRIGUEZ,2025,octubre,El Tambo Huancayo - PVS,13.66,14.00,209214.69999999995,919075,14
Hernán Perroni,DANIEL RODRIGUEZ,2025,octubre,Grifo Kio - PVS,10.52,12.00,104359.38,594953,12
Hernán Perroni,DANIEL RODRIGUEZ,2025,octubre,Magdalena - PVS,11.80,13.00,156662.91000000003,796344,13
Hernán Perroni,DANIEL RODRIGUEZ,2025,octubre,Mercaderes - PVS,13.45,13.00,302631.07999999996,1350031,13
Hernán Perroni,DANIEL RODRIGUEZ,2025,octubre,Proceres - PVS,13.84,16.00,144206.44,625077,16
Hernán Perroni,DANIEL RODRIGUEZ,2025,octubre,Salamanca - PVS,11.70,12.00,303406.82,1556384,12
Hernán Perroni,DANIEL RODRIGUEZ,2025,octubre,San Jorge - PVS,11.95,13.00,364957.8599999999,1832678,13
Hernán Perroni,DANIEL RODRIGUEZ,2025,octubre,Valle Hermoso - PVH,10.99,13.00,641806.8099999994,3503169,13
Hernán Perroni,DANIEL RODRIGUEZ,2025,octubre,Villa el Salvador - PVS,16.83,15.00,295874.37,1054810,15
Hernán Perroni,DANIEL RODRIGUEZ,2025,noviembre,Alameda Sur - PVS,12.17,13.00,626948.2299999999,3091464,13
Hernán Perroni,DANIEL RODRIGUEZ,2025,noviembre,Ayacucho - PVS,12.15,13.00,413400.3900000001,2040917,13
Hernán Perroni,DANIEL RODRIGUEZ,2025,noviembre,Caminos del Inca - PVS,10.44,12.00,1219511.71,7005911,12
Hernán Perroni,DANIEL RODRIGUEZ,2025,noviembre,Chaclacayo - PVS,12.02,13.00,132072.46,659143,13
Hernán Perroni,DANIEL RODRIGUEZ,2025,noviembre,Corpac - PVS,10.82,13.00,224188.99000000002,1243268,13
Hernán Perroni,DANIEL RODRIGUEZ,2025,noviembre,Dasso - PVS,10.75,12.00,458048.84999999986,2557535,12
Hernán Perroni,DANIEL RODRIGUEZ,2025,noviembre,El Ejercito - PVS,15.09,13.00,407538.4700000001,1620055,13
Hernán Perroni,DANIEL RODRIGUEZ,2025,noviembre,El Tambo Huancayo - PVS,13.88,14.00,201817.69,872502,14
Hernán Perroni,DANIEL RODRIGUEZ,2025,noviembre,Grifo Kio - PVS,9.25,12.00,119699.30000000002,776562,12
Hernán Perroni,DANIEL RODRIGUEZ,2025,noviembre,Magdalena - PVS,11.97,13.00,165614.07000000007,829931,13
Hernán Perroni,DANIEL RODRIGUEZ,2025,noviembre,Mercaderes - PVS,13.26,13.00,291784.01,1320356,13
Hernán Perroni,DANIEL RODRIGUEZ,2025,noviembre,Proceres - PVS,15.22,16.00,157138.08000000005,619325,16
Hernán Perroni,DANIEL RODRIGUEZ,2025,noviembre,Salamanca - PVS,14.20,12.00,314135.85,1327015,12
Hernán Perroni,DANIEL RODRIGUEZ,2025,noviembre,San Jorge - PVS,11.68,13.00,386083.35,1982779,13
Hernán Perroni,DANIEL RODRIGUEZ,2025,noviembre,Valle Hermoso - PVH,11.30,13.00,643044.6499999999,3415753,13
Hernán Perroni,DANIEL RODRIGUEZ,2025,noviembre,Villa el Salvador - PVS,16.46,15.00,340504.31,1241199,15
Hernán Perroni,DANIEL RODRIGUEZ,2025,diciembre,Alameda Sur - PVS,12.43,13.00,764745.6099999999,3691115,13
Hernán Perroni,DANIEL RODRIGUEZ,2025,diciembre,Ayacucho - PVS,11.57,13.00,483104.72999999975,2506376,13
Hernán Perroni,DANIEL RODRIGUEZ,2025,diciembre,Caminos del Inca - PVS,10.19,12.00,1350909.3700000003,7954023,12
Hernán Perroni,DANIEL RODRIGUEZ,2025,diciembre,Chaclacayo - PVS,11.80,13.00,161766.80000000002,822695,13
Hernán Perroni,DANIEL RODRIGUEZ,2025,diciembre,Corpac - PVS,10.55,13.00,229172.60999999993,1303955,13
Hernán Perroni,DANIEL RODRIGUEZ,2025,diciembre,Dasso - PVS,10.63,12.00,481080.9299999997,2715865,12
Hernán Perroni,DANIEL RODRIGUEZ,2025,diciembre,El Ejercito - PVS,15.95,13.00,563916.4599999998,2121723,13
Hernán Perroni,DANIEL RODRIGUEZ,2025,diciembre,El Tambo Huancayo - PVS,14.00,14.00,257063.49999999997,1102002,14
Hernán Perroni,DANIEL RODRIGUEZ,2025,diciembre,Grifo Kio - PVS,9.13,12.00,219913.30000000016,1445371,12
Hernán Perroni,DANIEL RODRIGUEZ,2025,diciembre,Magdalena - PVS,11.79,13.00,195795.72,996309,13
Hernán Perroni,DANIEL RODRIGUEZ,2025,diciembre,Mercaderes - PVS,12.48,13.00,333413.11,1602465,13
Hernán Perroni,DANIEL RODRIGUEZ,2025,diciembre,Proceres - PVS,14.89,16.00,197735.53000000003,796590,16
Hernán Perroni,DANIEL RODRIGUEZ,2025,diciembre,Salamanca - PVS,13.37,12.00,400074.53000000014,1795100,12
Hernán Perroni,DANIEL RODRIGUEZ,2025,diciembre,San Jorge - PVS,11.44,13.00,496208.1299999999,2601465,13
Hernán Perroni,DANIEL RODRIGUEZ,2025,diciembre,Valle Hermoso - PVH,10.46,13.00,710357.0200000005,4075383,13
Hernán Perroni,DANIEL RODRIGUEZ,2025,diciembre,Villa el Salvador - PVS,17.64,15.00,553787.3599999999,1884058,15
Hernán Perroni,DANIEL RODRIGUEZ,2026,enero,Alameda Sur - PVS,12.05,13.00,613486.16,3054983,13
Hernán Perroni,DANIEL RODRIGUEZ,2026,enero,Ayacucho - PVS,12.05,13.00,412798.97999999986,2055342,13
Hernán Perroni,DANIEL RODRIGUEZ,2026,enero,Caminos del Inca - PVS,10.28,12.00,1202580.8,7018678,12
Hernán Perroni,DANIEL RODRIGUEZ,2026,enero,Chaclacayo - PVS,12.42,13.00,133811.31,646555,13
Hernán Perroni,DANIEL RODRIGUEZ,2026,enero,Corpac - PVS,10.06,13.00,223562.91000000003,1334029,13
Hernán Perroni,DANIEL RODRIGUEZ,2026,enero,Dasso - PVS,10.54,12.00,428283.38,2437173,12
Hernán Perroni,DANIEL RODRIGUEZ,2026,enero,El Ejercito - PVS,13.82,13.00,391408.07,1699059,13
Hernán Perroni,DANIEL RODRIGUEZ,2026,enero,El Tambo Huancayo - PVS,13.51,14.00,194067.16000000003,861741,14
Hernán Perroni,DANIEL RODRIGUEZ,2026,enero,Grifo Kio - PVS,10.58,12.00,349411.59999999986,1982209,12
Hernán Perroni,DANIEL RODRIGUEZ,2026,enero,Magdalena - PVS,10.92,13.00,161692.03999999998,888506,13
Hernán Perroni,DANIEL RODRIGUEZ,2026,enero,Mercaderes - PVS,11.49,13.00,291272.2400000001,1521010,13
Hernán Perroni,DANIEL RODRIGUEZ,2026,enero,Proceres - PVS,14.35,16.00,140467.73999999996,587336,16
Hernán Perroni,DANIEL RODRIGUEZ,2026,enero,Salamanca - PVS,12.00,12.00,334816.33999999997,1674472,12
Hernán Perroni,DANIEL RODRIGUEZ,2026,enero,San Jorge - PVS,11.12,13.00,398938.7800000001,2153122,13
Hernán Perroni,DANIEL RODRIGUEZ,2026,enero,Valle Hermoso - PVH,10.88,13.00,613469.76,3383541,13
Hernán Perroni,DANIEL RODRIGUEZ,2026,enero,Villa el Salvador - PVS,13.92,15.00,309716.14999999997,1335182,15
Hernán Perroni,DANIEL RODRIGUEZ,2026,febrero,Alameda Sur - PVS,12.04,13.00,597808.78,2978909,13
Hernán Perroni,DANIEL RODRIGUEZ,2026,febrero,Ayacucho - PVS,12.63,13.00,413065.2,1961560,13
Hernán Perroni,DANIEL RODRIGUEZ,2026,febrero,Caminos del Inca - PVS,11.05,12.00,1173103.1199999996,6371503,12
Hernán Perroni,DANIEL RODRIGUEZ,2026,febrero,Chaclacayo - PVS,12.06,13.00,133132.75,662102,13
Hernán Perroni,DANIEL RODRIGUEZ,2026,febrero,Corpac - PVS,9.10,13.00,236941.31000000003,1561852,13
Hernán Perroni,DANIEL RODRIGUEZ,2026,febrero,Dasso - PVS,11.23,12.00,421146.60000000015,2249412,12
Hernán Perroni,DANIEL RODRIGUEZ,2026,febrero,El Ejercito - PVS,14.55,13.00,345193.02,1423850,13
Hernán Perroni,DANIEL RODRIGUEZ,2026,febrero,El Tambo Huancayo - PVS,14.09,14.00,184689.21000000002,786551,14
Hernán Perroni,DANIEL RODRIGUEZ,2026,febrero,Grifo Kio - PVS,12.02,12.00,321374.9700000001,1604713,12
Hernán Perroni,DANIEL RODRIGUEZ,2026,febrero,Magdalena - PVS,11.41,13.00,159566.85,839098,13
Hernán Perroni,DANIEL RODRIGUEZ,2026,febrero,Mercaderes - PVS,12.48,13.00,236908.77000000008,1139192,13
Hernán Perroni,DANIEL RODRIGUEZ,2026,febrero,Proceres - PVS,16.03,16.00,138582.02000000002,518756,16
Hernán Perroni,DANIEL RODRIGUEZ,2026,febrero,Salamanca - PVS,12.91,12.00,322207.4899999998,1498035,12
Hernán Perroni,DANIEL RODRIGUEZ,2026,febrero,San Jorge - PVS,12.29,13.00,400603.6900000002,1956302,13
Hernán Perroni,DANIEL RODRIGUEZ,2026,febrero,Valle Hermoso - PVH,11.27,13.00,580978.2300000002,3093520,13
Hernán Perroni,DANIEL RODRIGUEZ,2026,febrero,Villa el Salvador - PVS,15.44,15.00,305074.3,1185669,15
Hernán Perroni,DANIEL RODRIGUEZ,2026,marzo,Alameda Sur - PVS,12.46,13.00,704580.4000000003,3392904,13
Hernán Perroni,DANIEL RODRIGUEZ,2026,marzo,Ayacucho - PVS,12.96,13.00,486774.07,2253716,13
Hernán Perroni,DANIEL RODRIGUEZ,2026,marzo,Caminos del Inca - PVS,11.96,12.00,1337815.069999999,6712762,12
Hernán Perroni,DANIEL RODRIGUEZ,2026,marzo,Chaclacayo - PVS,11.38,13.00,147140.97000000003,775599,13
Hernán Perroni,DANIEL RODRIGUEZ,2026,marzo,Corpac - PVS,10.12,13.00,229231.8899999999,1358671,13
Hernán Perroni,DANIEL RODRIGUEZ,2026,marzo,Dasso - PVS,11.53,12.00,429399.52,2235056,12
Hernán Perroni,DANIEL RODRIGUEZ,2026,marzo,El Ejercito - PVS,15.08,13.00,421094.20999999985,1675284,13
Hernán Perroni,DANIEL RODRIGUEZ,2026,marzo,El Tambo Huancayo - PVS,15.58,14.00,220270.02000000002,848147,14
Hernán Perroni,DANIEL RODRIGUEZ,2026,marzo,Grifo Kio - PVS,11.73,12.00,210247.89000000013,1075277,12
Hernán Perroni,DANIEL RODRIGUEZ,2026,marzo,Magdalena - PVS,12.21,13.00,191623.03000000003,941566,13
Hernán Perroni,DANIEL RODRIGUEZ,2026,marzo,Mercaderes - PVS,13.05,13.00,254023.71,1168342,13
Hernán Perroni,DANIEL RODRIGUEZ,2026,marzo,Proceres - PVS,16.08,16.00,157347.81,587212,16
Hernán Perroni,DANIEL RODRIGUEZ,2026,marzo,Salamanca - PVS,13.19,12.00,373199.45999999996,1697682,12
Hernán Perroni,DANIEL RODRIGUEZ,2026,marzo,San Jorge - PVS,12.67,13.00,465576.6799999999,2203919,13
Hernán Perroni,DANIEL RODRIGUEZ,2026,marzo,Valle Hermoso - PVH,12.16,13.00,622647.8199999998,3072732,13
Hernán Perroni,DANIEL RODRIGUEZ,2026,marzo,Villa el Salvador - PVS,15.03,15.00,368557.06999999995,1471110,15
Hernán Perroni,DANIEL RODRIGUEZ,2026,abril,Alameda Sur - PVS,12.81,13.00,638745.7000000003,2992151,13
Hernán Perroni,DANIEL RODRIGUEZ,2026,abril,Ayacucho - PVS,12.98,13.00,424102.88999999966,1959705,13
Hernán Perroni,DANIEL RODRIGUEZ,2026,abril,Caminos del Inca - PVS,11.85,12.00,1143110.0299999998,5788132,12
Hernán Perroni,DANIEL RODRIGUEZ,2026,abril,Chaclacayo - PVS,12.41,13.00,141182.28,682377,13
Hernán Perroni,DANIEL RODRIGUEZ,2026,abril,Corpac - PVS,10.85,13.00,217364.21,1202382,13
Hernán Perroni,DANIEL RODRIGUEZ,2026,abril,Dasso - PVS,11.34,12.00,374582.48000000004,1982538,12
Hernán Perroni,DANIEL RODRIGUEZ,2026,abril,El Ejercito - PVS,14.59,13.00,344777.64,1418304,13
Hernán Perroni,DANIEL RODRIGUEZ,2026,abril,El Tambo Huancayo - PVS,16.09,14.00,172523.51,643190,14
Hernán Perroni,DANIEL RODRIGUEZ,2026,abril,Grifo Kio - PVS,11.31,12.00,150112.28000000003,796080,12
Hernán Perroni,DANIEL RODRIGUEZ,2026,abril,Magdalena - PVS,11.36,13.00,172183.1900000001,909455,13
Hernán Perroni,DANIEL RODRIGUEZ,2026,abril,Mercaderes - PVS,12.63,13.00,231912.86999999997,1101932,13
Hernán Perroni,DANIEL RODRIGUEZ,2026,abril,Proceres - PVS,15.12,16.00,141219.26999999996,560243,16
Hernán Perroni,DANIEL RODRIGUEZ,2026,abril,Salamanca - PVS,12.61,12.00,282508.2499999999,1344703,12
Hernán Perroni,DANIEL RODRIGUEZ,2026,abril,San Jorge - PVS,13.33,13.00,396651.8200000001,1785935,13
Hernán Perroni,DANIEL RODRIGUEZ,2026,abril,Valle Hermoso - PVH,11.76,13.00,656138.5299999998,3348335,13
Hernán Perroni,DANIEL RODRIGUEZ,2026,abril,Villa el Salvador - PVS,15.23,15.00,327212.1800000001,1289494,15
Hernán Perroni,DANIEL RODRIGUEZ,2026,mayo,Alameda Sur - PVS,13.08,13.00,671037.3600000001,3078783,13
Hernán Perroni,DANIEL RODRIGUEZ,2026,mayo,Ayacucho - PVS,13.17,13.00,411467.0199999999,1874007,13
Hernán Perroni,DANIEL RODRIGUEZ,2026,mayo,Caminos del Inca - PVS,11.77,12.00,1188148.0000000002,6058342,12
Hernán Perroni,DANIEL RODRIGUEZ,2026,mayo,Chaclacayo - PVS,13.34,13.00,146982.34999999998,661241,13
Hernán Perroni,DANIEL RODRIGUEZ,2026,mayo,Corpac - PVS,11.57,13.00,288183.2199999999,1494229,13
Hernán Perroni,DANIEL RODRIGUEZ,2026,mayo,Dasso - PVS,11.13,12.00,393217.7300000002,2119255,12
Hernán Perroni,DANIEL RODRIGUEZ,2026,mayo,El Ejercito - PVS,14.69,13.00,388481.2200000001,1587236,13
Hernán Perroni,DANIEL RODRIGUEZ,2026,mayo,El Tambo Huancayo - PVS,15.50,14.00,189738.18999999997,734564,14
Hernán Perroni,DANIEL RODRIGUEZ,2026,mayo,Grifo Kio - PVS,11.80,12.00,113522.65000000002,576994,12
Hernán Perroni,DANIEL RODRIGUEZ,2026,mayo,Magdalena - PVS,11.37,13.00,187761.25,990501,13
Hernán Perroni,DANIEL RODRIGUEZ,2026,mayo,Mercaderes - PVS,12.41,13.00,245925.04,1189104,13
Hernán Perroni,DANIEL RODRIGUEZ,2026,mayo,Proceres - PVS,15.37,16.00,145087.48,566548,16
Hernán Perroni,DANIEL RODRIGUEZ,2026,mayo,Salamanca - PVS,12.26,12.00,334134.22,1635526,12
Hernán Perroni,DANIEL RODRIGUEZ,2026,mayo,San Jorge - PVS,13.13,13.00,395463.64999999985,1806744,13
Hernán Perroni,DANIEL RODRIGUEZ,2026,mayo,Valle Hermoso - PVH,11.86,13.00,759121.4300000003,3839605,13
Hernán Perroni,DANIEL RODRIGUEZ,2026,mayo,Villa el Salvador - PVS,15.80,15.00,360348.12999999995,1368557,15
Hernán Perroni,DANIEL RODRIGUEZ,2026,junio,Alameda Sur - PVS,13.27,13.00,638662.7,2886875,13
Hernán Perroni,DANIEL RODRIGUEZ,2026,junio,Ayacucho - PVS,13.22,13.00,404203.74,1834658,13
Hernán Perroni,DANIEL RODRIGUEZ,2026,junio,Caminos del Inca - PVS,11.12,12.00,1209682.0000000002,6527173,12
Hernán Perroni,DANIEL RODRIGUEZ,2026,junio,Chaclacayo - PVS,13.35,13.00,127718.07000000004,574022,13
Hernán Perroni,DANIEL RODRIGUEZ,2026,junio,Corpac - PVS,12.55,13.00,292394.4700000001,1397623,13
Hernán Perroni,DANIEL RODRIGUEZ,2026,junio,Dasso - PVS,11.16,12.00,452628.48000000004,2433091,12
Hernán Perroni,DANIEL RODRIGUEZ,2026,junio,El Ejercito - PVS,14.37,13.00,340636.4399999999,1422021,13
Hernán Perroni,DANIEL RODRIGUEZ,2026,junio,El Tambo Huancayo - PVS,16.58,14.00,192249.50999999998,695580,14
Hernán Perroni,DANIEL RODRIGUEZ,2026,junio,Grifo Kio - PVS,11.79,12.00,88025.87,447862,12
Hernán Perroni,DANIEL RODRIGUEZ,2026,junio,Magdalena - PVS,11.81,13.00,169498.37,861085,13
Hernán Perroni,DANIEL RODRIGUEZ,2026,junio,Mercaderes - PVS,12.33,13.00,241223.54,1173925,13
Hernán Perroni,DANIEL RODRIGUEZ,2026,junio,Proceres - PVS,15.52,16.00,147633.90000000002,570602,16
Hernán Perroni,DANIEL RODRIGUEZ,2026,junio,Salamanca - PVS,12.79,12.00,328516.82999999996,1540901,12
Hernán Perroni,DANIEL RODRIGUEZ,2026,junio,San Jorge - PVS,13.07,13.00,399592.9199999998,1834509,13
Hernán Perroni,DANIEL RODRIGUEZ,2026,junio,Valle Hermoso - PVH,12.11,13.00,764543.4499999996,3788835,13
Hernán Perroni,DANIEL RODRIGUEZ,2026,junio,Villa el Salvador - PVS,15.15,15.00,321101.93000000005,1271500,15
Hernán Perroni,DANIEL RODRIGUEZ,2026,julio,Alameda Sur - PVS,,13.00,,,13
Hernán Perroni,DANIEL RODRIGUEZ,2026,julio,Ayacucho - PVS,,13.00,,,13
Hernán Perroni,DANIEL RODRIGUEZ,2026,julio,Caminos del Inca - PVS,,12.00,,,12
Hernán Perroni,DANIEL RODRIGUEZ,2026,julio,Chaclacayo - PVS,,13.00,,,13
Hernán Perroni,DANIEL RODRIGUEZ,2026,julio,Corpac - PVS,,13.00,,,13
Hernán Perroni,DANIEL RODRIGUEZ,2026,julio,Dasso - PVS,,12.00,,,12
Hernán Perroni,DANIEL RODRIGUEZ,2026,julio,El Ejercito - PVS,,13.00,,,13
Hernán Perroni,DANIEL RODRIGUEZ,2026,julio,El Tambo Huancayo - PVS,,14.00,,,14
Hernán Perroni,DANIEL RODRIGUEZ,2026,julio,Grifo Kio - PVS,,12.00,,,12
Hernán Perroni,DANIEL RODRIGUEZ,2026,julio,Magdalena - PVS,,13.00,,,13
Hernán Perroni,DANIEL RODRIGUEZ,2026,julio,Mercaderes - PVS,,13.00,,,13
Hernán Perroni,DANIEL RODRIGUEZ,2026,julio,Proceres - PVS,,16.00,,,16
Hernán Perroni,DANIEL RODRIGUEZ,2026,julio,Salamanca - PVS,,12.00,,,12
Hernán Perroni,DANIEL RODRIGUEZ,2026,julio,San Jorge - PVS,,13.00,,,13
Hernán Perroni,DANIEL RODRIGUEZ,2026,julio,Valle Hermoso - PVH,,13.00,,,13
Hernán Perroni,DANIEL RODRIGUEZ,2026,julio,Villa el Salvador - PVS,,15.00,,,15
Hernán Perroni,DANIEL RODRIGUEZ,2026,agosto,Alameda Sur - PVS,,13.00,,,13
Hernán Perroni,DANIEL RODRIGUEZ,2026,agosto,Ayacucho - PVS,,13.00,,,13
Hernán Perroni,DANIEL RODRIGUEZ,2026,agosto,Caminos del Inca - PVS,,12.00,,,12
Hernán Perroni,DANIEL RODRIGUEZ,2026,agosto,Chaclacayo - PVS,,13.00,,,13
Hernán Perroni,DANIEL RODRIGUEZ,2026,agosto,Corpac - PVS,,13.00,,,13
Hernán Perroni,DANIEL RODRIGUEZ,2026,agosto,Dasso - PVS,,12.00,,,12
Hernán Perroni,DANIEL RODRIGUEZ,2026,agosto,El Ejercito - PVS,,13.00,,,13
Hernán Perroni,DANIEL RODRIGUEZ,2026,agosto,El Tambo Huancayo - PVS,,14.00,,,14
Hernán Perroni,DANIEL RODRIGUEZ,2026,agosto,Grifo Kio - PVS,,12.00,,,12
Hernán Perroni,DANIEL RODRIGUEZ,2026,agosto,Magdalena - PVS,,13.00,,,13
Hernán Perroni,DANIEL RODRIGUEZ,2026,agosto,Mercaderes - PVS,,13.00,,,13
Hernán Perroni,DANIEL RODRIGUEZ,2026,agosto,Proceres - PVS,,16.00,,,16
Hernán Perroni,DANIEL RODRIGUEZ,2026,agosto,Salamanca - PVS,,12.00,,,12
Hernán Perroni,DANIEL RODRIGUEZ,2026,agosto,San Jorge - PVS,,13.00,,,13
Hernán Perroni,DANIEL RODRIGUEZ,2026,agosto,Valle Hermoso - PVH,,13.00,,,13
Hernán Perroni,DANIEL RODRIGUEZ,2026,agosto,Villa el Salvador - PVS,,15.00,,,15
Hernán Perroni,DANIEL RODRIGUEZ,2026,septiembre,Alameda Sur - PVS,,13.00,,,13
Hernán Perroni,DANIEL RODRIGUEZ,2026,septiembre,Ayacucho - PVS,,13.00,,,13
Hernán Perroni,DANIEL RODRIGUEZ,2026,septiembre,Caminos del Inca - PVS,,12.00,,,12
Hernán Perroni,DANIEL RODRIGUEZ,2026,septiembre,Chaclacayo - PVS,,13.00,,,13
Hernán Perroni,DANIEL RODRIGUEZ,2026,septiembre,Corpac - PVS,,13.00,,,13
Hernán Perroni,DANIEL RODRIGUEZ,2026,septiembre,Dasso - PVS,,12.00,,,12
Hernán Perroni,DANIEL RODRIGUEZ,2026,septiembre,El Ejercito - PVS,,13.00,,,13
Hernán Perroni,DANIEL RODRIGUEZ,2026,septiembre,El Tambo Huancayo - PVS,,14.00,,,14
Hernán Perroni,DANIEL RODRIGUEZ,2026,septiembre,Grifo Kio - PVS,,12.00,,,12
Hernán Perroni,DANIEL RODRIGUEZ,2026,septiembre,Magdalena - PVS,,13.00,,,13
Hernán Perroni,DANIEL RODRIGUEZ,2026,septiembre,Mercaderes - PVS,,13.00,,,13
Hernán Perroni,DANIEL RODRIGUEZ,2026,septiembre,Proceres - PVS,,16.00,,,16
Hernán Perroni,DANIEL RODRIGUEZ,2026,septiembre,Salamanca - PVS,,12.00,,,12
Hernán Perroni,DANIEL RODRIGUEZ,2026,septiembre,San Jorge - PVS,,13.00,,,13
Hernán Perroni,DANIEL RODRIGUEZ,2026,septiembre,Valle Hermoso - PVH,,13.00,,,13
Hernán Perroni,DANIEL RODRIGUEZ,2026,septiembre,Villa el Salvador - PVS,,15.00,,,15
Hernán Perroni,DANIEL RODRIGUEZ,2026,octubre,Alameda Sur - PVS,,13.00,,,13
Hernán Perroni,DANIEL RODRIGUEZ,2026,octubre,Ayacucho - PVS,,13.00,,,13
Hernán Perroni,DANIEL RODRIGUEZ,2026,octubre,Caminos del Inca - PVS,,12.00,,,12
Hernán Perroni,DANIEL RODRIGUEZ,2026,octubre,Chaclacayo - PVS,,13.00,,,13
Hernán Perroni,DANIEL RODRIGUEZ,2026,octubre,Corpac - PVS,,13.00,,,13
Hernán Perroni,DANIEL RODRIGUEZ,2026,octubre,Dasso - PVS,,12.00,,,12
Hernán Perroni,DANIEL RODRIGUEZ,2026,octubre,El Ejercito - PVS,,13.00,,,13
Hernán Perroni,DANIEL RODRIGUEZ,2026,octubre,El Tambo Huancayo - PVS,,14.00,,,14
Hernán Perroni,DANIEL RODRIGUEZ,2026,octubre,Grifo Kio - PVS,,12.00,,,12
Hernán Perroni,DANIEL RODRIGUEZ,2026,octubre,Magdalena - PVS,,13.00,,,13
Hernán Perroni,DANIEL RODRIGUEZ,2026,octubre,Mercaderes - PVS,,13.00,,,13
Hernán Perroni,DANIEL RODRIGUEZ,2026,octubre,Proceres - PVS,,16.00,,,16
Hernán Perroni,DANIEL RODRIGUEZ,2026,octubre,Salamanca - PVS,,12.00,,,12
Hernán Perroni,DANIEL RODRIGUEZ,2026,octubre,San Jorge - PVS,,13.00,,,13
Hernán Perroni,DANIEL RODRIGUEZ,2026,octubre,Valle Hermoso - PVH,,13.00,,,13
Hernán Perroni,DANIEL RODRIGUEZ,2026,octubre,Villa el Salvador - PVS,,15.00,,,15
Hernán Perroni,DANIEL RODRIGUEZ,2026,noviembre,Alameda Sur - PVS,,13.00,,,13
Hernán Perroni,DANIEL RODRIGUEZ,2026,noviembre,Ayacucho - PVS,,13.00,,,13
Hernán Perroni,DANIEL RODRIGUEZ,2026,noviembre,Caminos del Inca - PVS,,12.00,,,12
Hernán Perroni,DANIEL RODRIGUEZ,2026,noviembre,Chaclacayo - PVS,,13.00,,,13
Hernán Perroni,DANIEL RODRIGUEZ,2026,noviembre,Corpac - PVS,,13.00,,,13
Hernán Perroni,DANIEL RODRIGUEZ,2026,noviembre,Dasso - PVS,,12.00,,,12
Hernán Perroni,DANIEL RODRIGUEZ,2026,noviembre,El Ejercito - PVS,,13.00,,,13
Hernán Perroni,DANIEL RODRIGUEZ,2026,noviembre,El Tambo Huancayo - PVS,,14.00,,,14
Hernán Perroni,DANIEL RODRIGUEZ,2026,noviembre,Grifo Kio - PVS,,12.00,,,12
Hernán Perroni,DANIEL RODRIGUEZ,2026,noviembre,Magdalena - PVS,,13.00,,,13
Hernán Perroni,DANIEL RODRIGUEZ,2026,noviembre,Mercaderes - PVS,,13.00,,,13
Hernán Perroni,DANIEL RODRIGUEZ,2026,noviembre,Proceres - PVS,,16.00,,,16
Hernán Perroni,DANIEL RODRIGUEZ,2026,noviembre,Salamanca - PVS,,12.00,,,12
Hernán Perroni,DANIEL RODRIGUEZ,2026,noviembre,San Jorge - PVS,,13.00,,,13
Hernán Perroni,DANIEL RODRIGUEZ,2026,noviembre,Valle Hermoso - PVH,,13.00,,,13
Hernán Perroni,DANIEL RODRIGUEZ,2026,noviembre,Villa el Salvador - PVS,,15.00,,,15
Hernán Perroni,DANIEL RODRIGUEZ,2026,diciembre,Alameda Sur - PVS,,13.00,,,13
Hernán Perroni,DANIEL RODRIGUEZ,2026,diciembre,Ayacucho - PVS,,13.00,,,13
Hernán Perroni,DANIEL RODRIGUEZ,2026,diciembre,Caminos del Inca - PVS,,12.00,,,12
Hernán Perroni,DANIEL RODRIGUEZ,2026,diciembre,Chaclacayo - PVS,,13.00,,,13
Hernán Perroni,DANIEL RODRIGUEZ,2026,diciembre,Corpac - PVS,,13.00,,,13
Hernán Perroni,DANIEL RODRIGUEZ,2026,diciembre,Dasso - PVS,,12.00,,,12
Hernán Perroni,DANIEL RODRIGUEZ,2026,diciembre,El Ejercito - PVS,,13.00,,,13
Hernán Perroni,DANIEL RODRIGUEZ,2026,diciembre,El Tambo Huancayo - PVS,,14.00,,,14
Hernán Perroni,DANIEL RODRIGUEZ,2026,diciembre,Grifo Kio - PVS,,12.00,,,12
Hernán Perroni,DANIEL RODRIGUEZ,2026,diciembre,Magdalena - PVS,,13.00,,,13
Hernán Perroni,DANIEL RODRIGUEZ,2026,diciembre,Mercaderes - PVS,,13.00,,,13
Hernán Perroni,DANIEL RODRIGUEZ,2026,diciembre,Proceres - PVS,,16.00,,,16
Hernán Perroni,DANIEL RODRIGUEZ,2026,diciembre,Salamanca - PVS,,12.00,,,12
Hernán Perroni,DANIEL RODRIGUEZ,2026,diciembre,San Jorge - PVS,,13.00,,,13
Hernán Perroni,DANIEL RODRIGUEZ,2026,diciembre,Valle Hermoso - PVH,,13.00,,,13
Hernán Perroni,DANIEL RODRIGUEZ,2026,diciembre,Villa el Salvador - PVS,,15.00,,,15
María Rojas,María Rojas,2025,enero,Asia - VIV,8.79,9.00,448105.3049999997,3058460,9
María Rojas,María Rojas,2025,enero,Benavides - VIV,9.61,9.00,327391.6589999999,2043110,9
María Rojas,María Rojas,2025,enero,Dos de Mayo - VIV,9.47,9.00,203729.92299999998,1290959,9
María Rojas,María Rojas,2025,enero,Javier Prado - VIV,8.50,9.00,234980.37499999994,1658157,9
María Rojas,María Rojas,2025,enero,Libertadores - VIV,9.45,10.00,225522.527,1431702,10
María Rojas,María Rojas,2025,enero,Monterrico - VIV,8.44,9.00,608219.5099999995,4324207,9
María Rojas,María Rojas,2025,enero,Pezet - VIV,8.42,9.00,314713.5450000001,2241634,9
María Rojas,María Rojas,2025,febrero,Asia - VIV,8.99,9.00,404810.41900000005,2703113,9
María Rojas,María Rojas,2025,febrero,Benavides - VIV,9.92,9.00,293608.142,1776186,9
María Rojas,María Rojas,2025,febrero,Dos de Mayo - VIV,9.54,9.00,193449.818,1216725,9
María Rojas,María Rojas,2025,febrero,Javier Prado - VIV,8.14,9.00,180623.03499999995,1331691,9
María Rojas,María Rojas,2025,febrero,Libertadores - VIV,9.54,10.00,200528.76,1261390,10
María Rojas,María Rojas,2025,febrero,Monterrico - VIV,8.51,9.00,553705.8170000002,3904498,9
María Rojas,María Rojas,2025,febrero,Pezet - VIV,8.34,9.00,275804.54699999996,1985101,9
María Rojas,María Rojas,2025,marzo,Asia - VIV,8.45,9.00,261673.6669999999,1858732,9
María Rojas,María Rojas,2025,marzo,Benavides - VIV,9.17,9.00,314990.61299999984,2060581,9
María Rojas,María Rojas,2025,marzo,Dos de Mayo - VIV,8.98,9.00,237204.3849999999,1584203,9
María Rojas,María Rojas,2025,marzo,Javier Prado - VIV,7.54,9.00,221049.71899999995,1759297,9
María Rojas,María Rojas,2025,marzo,Libertadores - VIV,9.80,10.00,210155.02000000005,1286073,10
María Rojas,María Rojas,2025,marzo,Monterrico - VIV,8.50,9.00,640143.1489999999,4516148,9
María Rojas,María Rojas,2025,marzo,Pezet - VIV,8.81,9.00,352492.20200000005,2399353,9
María Rojas,María Rojas,2025,abril,Asia - VIV,8.83,9.00,198955.86500000005,1351192,9
María Rojas,María Rojas,2025,abril,Benavides - VIV,8.38,9.00,342418.39600000007,2452392,9
María Rojas,María Rojas,2025,abril,Dos de Mayo - VIV,8.94,9.00,224598.1659999999,1507607,9
María Rojas,María Rojas,2025,abril,Javier Prado - VIV,7.77,9.00,247014.99200000003,1906627,9
María Rojas,María Rojas,2025,abril,Libertadores - VIV,9.79,10.00,202491.214,1241621,10
María Rojas,María Rojas,2025,abril,Monterrico - VIV,8.94,9.00,586975.2599999998,3941514,9
María Rojas,María Rojas,2025,abril,Pezet - VIV,8.28,9.00,345618.2839999999,2503081,9
María Rojas,María Rojas,2025,mayo,Asia - VIV,10.42,9.00,42914.56999999999,247005,9
María Rojas,María Rojas,2025,mayo,Benavides - VIV,8.95,9.00,335716.4,2249625,9
María Rojas,María Rojas,2025,mayo,Dos de Mayo - VIV,8.88,9.00,239418.56999999995,1618061,9
María Rojas,María Rojas,2025,mayo,Javier Prado - VIV,7.71,9.00,266597.81999999995,2075174,9
María Rojas,María Rojas,2025,mayo,Libertadores - VIV,9.85,10.00,206578.82,1257735,10
María Rojas,María Rojas,2025,mayo,Monterrico - VIV,8.57,9.00,598056.99,4189049,9
María Rojas,María Rojas,2025,mayo,Pezet - VIV,8.61,9.00,359284.29,2503173,9
María Rojas,María Rojas,2025,junio,Asia - VIV,10.94,9.00,31900.04,174936,9
María Rojas,María Rojas,2025,junio,Benavides - VIV,8.86,9.00,330105.50000000006,2235453,9
María Rojas,María Rojas,2025,junio,Dos de Mayo - VIV,8.91,9.00,224612.44999999992,1512072,9
María Rojas,María Rojas,2025,junio,Javier Prado - VIV,7.74,9.00,282965.07999999984,2193079,9
María Rojas,María Rojas,2025,junio,Libertadores - VIV,9.55,10.00,198160.61999999997,1245169,10
María Rojas,María Rojas,2025,junio,Monterrico - VIV,8.52,9.00,583940.4899999999,4113810,9
María Rojas,María Rojas,2025,junio,Pezet - VIV,8.52,9.00,340757.29000000015,2399345,9
María Rojas,María Rojas,2025,julio,Asia - VIV,10.01,9.00,59172.94,354613,9
María Rojas,María Rojas,2025,julio,Benavides - VIV,8.89,9.00,341974.97,2308318,9
María Rojas,María Rojas,2025,julio,Dos de Mayo - VIV,8.95,9.00,239872.55000000005,1607216,9
María Rojas,María Rojas,2025,julio,Javier Prado - VIV,7.81,9.00,92818.80999999998,713233,9
María Rojas,María Rojas,2025,julio,Libertadores - VIV,9.83,10.00,184844.87000000008,1128483,10
María Rojas,María Rojas,2025,julio,Monterrico - VIV,8.57,9.00,572708.9999999995,4009596,9
María Rojas,María Rojas,2025,julio,Pezet - VIV,8.93,9.00,349055.19000000006,2344976,9
María Rojas,María Rojas,2025,agosto,Asia - VIV,9.97,9.00,35866.810000000005,215809,9
María Rojas,María Rojas,2025,agosto,Benavides - VIV,8.68,9.00,327615.52,2264796,9
María Rojas,María Rojas,2025,agosto,Dos de Mayo - VIV,8.29,9.00,226124.7100000001,1636061,9
María Rojas,María Rojas,2025,agosto,Javier Prado - VIV,,9.00,,,9
María Rojas,María Rojas,2025,agosto,Libertadores - VIV,9.93,10.00,126885.59000000001,766884,10
María Rojas,María Rojas,2025,agosto,Monterrico - VIV,8.63,9.00,576868.8500000003,4009173,9
María Rojas,María Rojas,2025,agosto,Pezet - VIV,9.00,9.00,382245.0999999999,2547306,9
María Rojas,María Rojas,2025,septiembre,Asia - VIV,10.53,9.00,32918.280000000006,187560,9
María Rojas,María Rojas,2025,septiembre,Benavides - VIV,8.69,9.00,320453.87000000017,2211899,9
María Rojas,María Rojas,2025,septiembre,Dos de Mayo - VIV,7.68,9.00,214646.90000000002,1676534,9
María Rojas,María Rojas,2025,septiembre,Javier Prado - VIV,,9.00,,,9
María Rojas,María Rojas,2025,septiembre,Libertadores - VIV,9.11,10.00,141294.41999999998,930106,10
María Rojas,María Rojas,2025,septiembre,Monterrico - VIV,8.66,9.00,552041.2100000002,3826349,9
María Rojas,María Rojas,2025,septiembre,Pezet - VIV,9.14,9.00,350202.00000000006,2297745,9
María Rojas,María Rojas,2025,octubre,Asia - VIV,11.25,9.00,47040.86,250915,9
María Rojas,María Rojas,2025,octubre,Benavides - VIV,8.87,9.00,327528.96999999986,2216619,9
María Rojas,María Rojas,2025,octubre,Dos de Mayo - VIV,8.27,9.00,224993.43999999994,1632565,9
María Rojas,María Rojas,2025,octubre,Javier Prado - VIV,,9.00,,,9
María Rojas,María Rojas,2025,octubre,Libertadores - VIV,8.37,10.00,182320.14000000007,1306705,10
María Rojas,María Rojas,2025,octubre,Monterrico - VIV,8.70,9.00,566237.7800000005,3904421,9
María Rojas,María Rojas,2025,octubre,Pezet - VIV,8.98,9.00,377796.13999999984,2524102,9
María Rojas,María Rojas,2025,noviembre,Asia - VIV,9.72,9.00,45654.20999999999,281900,9
María Rojas,María Rojas,2025,noviembre,Benavides - VIV,9.30,9.00,338638.44999999995,2185065,9
María Rojas,María Rojas,2025,noviembre,Dos de Mayo - VIV,8.67,9.00,212534.18000000005,1471531,9
María Rojas,María Rojas,2025,noviembre,Javier Prado - VIV,,9.00,,,9
María Rojas,María Rojas,2025,noviembre,Libertadores - VIV,9.61,10.00,186356.57,1163000,10
María Rojas,María Rojas,2025,noviembre,Monterrico - VIV,8.83,9.00,556577.7700000001,3783674,9
María Rojas,María Rojas,2025,noviembre,Pezet - VIV,9.26,9.00,359915.22000000003,2332095,9
María Rojas,María Rojas,2025,diciembre,Asia - VIV,8.43,9.00,357598.26000000024,2545729,9
María Rojas,María Rojas,2025,diciembre,Benavides - VIV,9.71,9.00,363741.2999999998,2248678,9
María Rojas,María Rojas,2025,diciembre,Dos de Mayo - VIV,8.96,9.00,242820.53999999998,1626549,9
María Rojas,María Rojas,2025,diciembre,Javier Prado - VIV,,9.00,,,9
María Rojas,María Rojas,2025,diciembre,Libertadores - VIV,10.38,10.00,204605.13000000012,1182356,10
María Rojas,María Rojas,2025,diciembre,Monterrico - VIV,9.18,9.00,586281.06,3833460,9
María Rojas,María Rojas,2025,diciembre,Pezet - VIV,9.58,9.00,382078.06000000035,2392095,9
María Rojas,María Rojas,2026,enero,Asia - VIV,8.47,9.00,464946.52999999985,3293768,9
María Rojas,María Rojas,2026,enero,Benavides - VIV,9.69,9.00,336469.69,2082675,9
María Rojas,María Rojas,2026,enero,Dos de Mayo - VIV,8.60,9.00,236399.27999999994,1649202,9
María Rojas,María Rojas,2026,enero,Javier Prado - VIV,,9.00,,,9
María Rojas,María Rojas,2026,enero,Libertadores - VIV,10.07,10.00,194815.77000000002,1160770,10
María Rojas,María Rojas,2026,enero,Monterrico - VIV,8.78,9.00,509416.04000000027,3479394,9
María Rojas,María Rojas,2026,enero,Pezet - VIV,8.75,9.00,338236.82999999996,2318288,9
María Rojas,María Rojas,2026,febrero,Asia - VIV,9.24,9.00,405279.3199999995,2630793,9
María Rojas,María Rojas,2026,febrero,Benavides - VIV,9.60,9.00,143980.16,899563,9
María Rojas,María Rojas,2026,febrero,Dos de Mayo - VIV,8.84,9.00,221038.78999999995,1499986,9
María Rojas,María Rojas,2026,febrero,Javier Prado - VIV,,9.00,,,9
María Rojas,María Rojas,2026,febrero,Libertadores - VIV,10.18,10.00,170817.86,1007118,10
María Rojas,María Rojas,2026,febrero,Monterrico - VIV,8.66,9.00,462437.55999999965,3202907,9
María Rojas,María Rojas,2026,febrero,Pezet - VIV,8.68,9.00,340517.3200000001,2353527,9
María Rojas,María Rojas,2026,marzo,Asia - VIV,8.74,9.00,257876.83999999997,1770705,9
María Rojas,María Rojas,2026,marzo,Benavides - VIV,9.19,9.00,334913.72000000003,2186505,9
María Rojas,María Rojas,2026,marzo,Dos de Mayo - VIV,8.84,9.00,229332.5300000001,1555818,9
María Rojas,María Rojas,2026,marzo,Javier Prado - VIV,6.70,9.00,56693.340000000004,507735,9
María Rojas,María Rojas,2026,marzo,Libertadores - VIV,10.95,10.00,199887.76,1095591,10
María Rojas,María Rojas,2026,marzo,Monterrico - VIV,8.92,9.00,591115.7699999999,3977965,9
María Rojas,María Rojas,2026,marzo,Pezet - VIV,8.81,9.00,372178.74,2534310,9
María Rojas,María Rojas,2026,abril,Asia - VIV,9.68,9.00,145766.11999999997,903332,9
María Rojas,María Rojas,2026,abril,Benavides - VIV,8.99,9.00,322079.22,2150248,9
María Rojas,María Rojas,2026,abril,Dos de Mayo - VIV,8.47,9.00,216222.05999999997,1531870,9
María Rojas,María Rojas,2026,abril,Javier Prado - VIV,7.67,9.00,226803.5199999999,1774432,9
María Rojas,María Rojas,2026,abril,Libertadores - VIV,10.82,10.00,229648.28999999995,1273837,10
María Rojas,María Rojas,2026,abril,Monterrico - VIV,9.09,9.00,550806.1700000002,3635106,9
María Rojas,María Rojas,2026,abril,Pezet - VIV,8.91,9.00,358373.3600000001,2412870,9
María Rojas,María Rojas,2026,mayo,Asia - VIV,11.21,9.00,32155.580000000005,172050,9
María Rojas,María Rojas,2026,mayo,Benavides - VIV,9.36,9.00,336739.81000000006,2157628,9
María Rojas,María Rojas,2026,mayo,Dos de Mayo - VIV,8.63,9.00,264903.18999999994,1842388,9
María Rojas,María Rojas,2026,mayo,Javier Prado - VIV,8.08,9.00,243098.32000000012,1805115,9
María Rojas,María Rojas,2026,mayo,Libertadores - VIV,11.29,10.00,219219.02000000002,1165095,10
María Rojas,María Rojas,2026,mayo,Monterrico - VIV,8.98,9.00,471104.7899999999,3148582,9
María Rojas,María Rojas,2026,mayo,Pezet - VIV,9.41,9.00,382282.7999999999,2437101,9
María Rojas,María Rojas,2026,junio,Asia - VIV,11.55,9.00,30681.239999999998,159371,9
María Rojas,María Rojas,2026,junio,Benavides - VIV,9.97,9.00,285780.43,1719680,9
María Rojas,María Rojas,2026,junio,Dos de Mayo - VIV,8.57,9.00,253058.43000000002,1770731,9
María Rojas,María Rojas,2026,junio,Javier Prado - VIV,8.68,9.00,237226.20999999993,1639806,9
María Rojas,María Rojas,2026,junio,Libertadores - VIV,11.51,10.00,224553.23000000004,1170175,10
María Rojas,María Rojas,2026,junio,Monterrico - VIV,9.11,9.00,422821.8099999998,2785048,9
María Rojas,María Rojas,2026,junio,Pezet - VIV,9.18,9.00,372880.95999999985,2436897,9
María Rojas,María Rojas,2026,julio,Asia - VIV,,9.00,,,9
María Rojas,María Rojas,2026,julio,Benavides - VIV,,9.00,,,9
María Rojas,María Rojas,2026,julio,Dos de Mayo - VIV,,9.00,,,9
María Rojas,María Rojas,2026,julio,Javier Prado - VIV,,9.00,,,9
María Rojas,María Rojas,2026,julio,Libertadores - VIV,,10.00,,,10
María Rojas,María Rojas,2026,julio,Monterrico - VIV,,9.00,,,9
María Rojas,María Rojas,2026,julio,Pezet - VIV,,9.00,,,9
María Rojas,María Rojas,2026,agosto,Asia - VIV,,9.00,,,9
María Rojas,María Rojas,2026,agosto,Benavides - VIV,,9.00,,,9
María Rojas,María Rojas,2026,agosto,Dos de Mayo - VIV,,9.00,,,9
María Rojas,María Rojas,2026,agosto,Javier Prado - VIV,,9.00,,,9
María Rojas,María Rojas,2026,agosto,Libertadores - VIV,,10.00,,,10
María Rojas,María Rojas,2026,agosto,Monterrico - VIV,,9.00,,,9
María Rojas,María Rojas,2026,agosto,Pezet - VIV,,9.00,,,9
María Rojas,María Rojas,2026,septiembre,Asia - VIV,,9.00,,,9
María Rojas,María Rojas,2026,septiembre,Benavides - VIV,,9.00,,,9
María Rojas,María Rojas,2026,septiembre,Dos de Mayo - VIV,,9.00,,,9
María Rojas,María Rojas,2026,septiembre,Javier Prado - VIV,,9.00,,,9
María Rojas,María Rojas,2026,septiembre,Libertadores - VIV,,10.00,,,10
María Rojas,María Rojas,2026,septiembre,Monterrico - VIV,,9.00,,,9
María Rojas,María Rojas,2026,septiembre,Pezet - VIV,,9.00,,,9
María Rojas,María Rojas,2026,octubre,Asia - VIV,,9.00,,,9
María Rojas,María Rojas,2026,octubre,Benavides - VIV,,9.00,,,9
María Rojas,María Rojas,2026,octubre,Dos de Mayo - VIV,,9.00,,,9
María Rojas,María Rojas,2026,octubre,Javier Prado - VIV,,9.00,,,9
María Rojas,María Rojas,2026,octubre,Libertadores - VIV,,10.00,,,10
María Rojas,María Rojas,2026,octubre,Monterrico - VIV,,9.00,,,9
María Rojas,María Rojas,2026,octubre,Pezet - VIV,,9.00,,,9
María Rojas,María Rojas,2026,noviembre,Asia - VIV,,9.00,,,9
María Rojas,María Rojas,2026,noviembre,Benavides - VIV,,9.00,,,9
María Rojas,María Rojas,2026,noviembre,Dos de Mayo - VIV,,9.00,,,9
María Rojas,María Rojas,2026,noviembre,Javier Prado - VIV,,9.00,,,9
María Rojas,María Rojas,2026,noviembre,Libertadores - VIV,,10.00,,,10
María Rojas,María Rojas,2026,noviembre,Monterrico - VIV,,9.00,,,9
María Rojas,María Rojas,2026,noviembre,Pezet - VIV,,9.00,,,9
María Rojas,María Rojas,2026,diciembre,Asia - VIV,,9.00,,,9
María Rojas,María Rojas,2026,diciembre,Benavides - VIV,,9.00,,,9
María Rojas,María Rojas,2026,diciembre,Dos de Mayo - VIV,,9.00,,,9
María Rojas,María Rojas,2026,diciembre,Javier Prado - VIV,,9.00,,,9
María Rojas,María Rojas,2026,diciembre,Libertadores - VIV,,10.00,,,10
María Rojas,María Rojas,2026,diciembre,Monterrico - VIV,,9.00,,,9
María Rojas,María Rojas,2026,diciembre,Pezet - VIV,,9.00,,,9
Sebastián Santangelo,JOHANNA VILCA,2025,enero,Cortijo - PVH,10.16,13.00,749494.1830000002,4424734,13
Sebastián Santangelo,JOHANNA VILCA,2025,enero,Higuereta - PVH,10.38,13.00,989175.7969999996,5716935,13
Sebastián Santangelo,JOHANNA VILCA,2025,enero,Jockey Plaza - PVH,11.86,13.00,445077.42500000005,2252069,13
Sebastián Santangelo,JOHANNA VILCA,2025,enero,La Molina - PVH,10.07,13.00,859274.0300000006,5118179,13
Sebastián Santangelo,JOHANNA VILCA,2025,enero,Miraflores - PVH,10.42,13.00,1010327.7199999992,5818540,13
Sebastián Santangelo,JOHANNA VILCA,2025,enero,Salaverry - PVH,12.87,14.00,1056098.3080000004,4923335,14
Sebastián Santangelo,JOHANNA VILCA,2025,enero,San Borja - PVH,9.78,13.00,861189.8679999999,5283895,13
Sebastián Santangelo,JOHANNA VILCA,2025,enero,San Isidro - PVH,9.90,13.00,413492.1570000001,2506054,13
Sebastián Santangelo,JOHANNA VILCA,2025,febrero,Cortijo - PVH,10.42,13.00,676735.321,3895793,13
Sebastián Santangelo,JOHANNA VILCA,2025,febrero,Higuereta - PVH,10.41,13.00,917478.165,5288666,13
Sebastián Santangelo,JOHANNA VILCA,2025,febrero,Jockey Plaza - PVH,11.87,13.00,434043.66500000004,2193921,13
Sebastián Santangelo,JOHANNA VILCA,2025,febrero,La Molina - PVH,10.20,13.00,774795.6900000003,4556434,13
Sebastián Santangelo,JOHANNA VILCA,2025,febrero,Miraflores - PVH,10.77,13.00,925513.16,5154030,13
Sebastián Santangelo,JOHANNA VILCA,2025,febrero,Salaverry - PVH,13.44,14.00,893153.4900000002,3986485,14
Sebastián Santangelo,JOHANNA VILCA,2025,febrero,San Borja - PVH,9.74,13.00,816788.045,5033104,13
Sebastián Santangelo,JOHANNA VILCA,2025,febrero,San Isidro - PVH,10.10,13.00,404334.9419999999,2401284,13
Sebastián Santangelo,JOHANNA VILCA,2025,marzo,Cortijo - PVH,10.93,13.00,779131.0819999999,4277113,13
Sebastián Santangelo,JOHANNA VILCA,2025,marzo,Higuereta - PVH,10.76,13.00,1110599.6659999993,6192074,13
Sebastián Santangelo,JOHANNA VILCA,2025,marzo,Jockey Plaza - PVH,12.41,13.00,492775.51800000016,2382673,13
Sebastián Santangelo,JOHANNA VILCA,2025,marzo,La Molina - PVH,10.83,13.00,924825.224,5123320,13
Sebastián Santangelo,JOHANNA VILCA,2025,marzo,Miraflores - PVH,11.51,13.00,1076001.6609999991,5606976,13
Sebastián Santangelo,JOHANNA VILCA,2025,marzo,Salaverry - PVH,13.30,14.00,1055137.8280000004,4758786,14
Sebastián Santangelo,JOHANNA VILCA,2025,marzo,San Borja - PVH,10.55,13.00,987292.2550000004,5616251,13
Sebastián Santangelo,JOHANNA VILCA,2025,marzo,San Isidro - PVH,10.54,13.00,422493.7570000002,2405023,13
Sebastián Santangelo,JOHANNA VILCA,2025,abril,Cortijo - PVH,10.69,13.00,680782.9879999999,3820499,13
Sebastián Santangelo,JOHANNA VILCA,2025,abril,Higuereta - PVH,10.82,13.00,948344.5609999998,5258265,13
Sebastián Santangelo,JOHANNA VILCA,2025,abril,Jockey Plaza - PVH,11.78,13.00,413712.341,2107540,13
Sebastián Santangelo,JOHANNA VILCA,2025,abril,La Molina - PVH,11.14,13.00,822567.1420000003,4429288,13
Sebastián Santangelo,JOHANNA VILCA,2025,abril,Miraflores - PVH,11.59,13.00,920367.3499999997,4763993,13
Sebastián Santangelo,JOHANNA VILCA,2025,abril,Salaverry - PVH,13.26,14.00,979162.5379999998,4429765,14
Sebastián Santangelo,JOHANNA VILCA,2025,abril,San Borja - PVH,10.67,13.00,838389.5590000001,4712434,13
Sebastián Santangelo,JOHANNA VILCA,2025,abril,San Isidro - PVH,10.48,13.00,360694.37600000005,2064402,13
Sebastián Santangelo,JOHANNA VILCA,2025,mayo,Cortijo - PVH,10.66,13.00,678839.2799999999,3821829,13
Sebastián Santangelo,JOHANNA VILCA,2025,mayo,Higuereta - PVH,10.54,13.00,934411.6099999995,5319311,13
Sebastián Santangelo,JOHANNA VILCA,2025,mayo,Jockey Plaza - PVH,11.66,13.00,419195.20000000007,2157937,13
Sebastián Santangelo,JOHANNA VILCA,2025,mayo,La Molina - PVH,11.21,13.00,785671.8600000003,4205497,13
Sebastián Santangelo,JOHANNA VILCA,2025,mayo,Miraflores - PVH,10.69,13.00,872496.4600000002,4896062,13
Sebastián Santangelo,JOHANNA VILCA,2025,mayo,Salaverry - PVH,13.17,14.00,985926.8699999996,4492118,14
Sebastián Santangelo,JOHANNA VILCA,2025,mayo,San Borja - PVH,10.75,13.00,844705.6,4713545,13
Sebastián Santangelo,JOHANNA VILCA,2025,mayo,San Isidro - PVH,10.51,13.00,363132.70999999996,2073549,13
Sebastián Santangelo,JOHANNA VILCA,2025,junio,Cortijo - PVH,10.53,13.00,682794.2999999998,3890203,13
Sebastián Santangelo,JOHANNA VILCA,2025,junio,Higuereta - PVH,10.01,13.00,899846.4699999999,5392710,13
Sebastián Santangelo,JOHANNA VILCA,2025,junio,Jockey Plaza - PVH,11.01,13.00,422205.56999999995,2300090,13
Sebastián Santangelo,JOHANNA VILCA,2025,junio,La Molina - PVH,10.56,13.00,641095.8200000001,3643345,13
Sebastián Santangelo,JOHANNA VILCA,2025,junio,Miraflores - PVH,10.32,13.00,553286.2199999997,3216705,13
Sebastián Santangelo,JOHANNA VILCA,2025,junio,Salaverry - PVH,12.54,14.00,873657.5700000002,4180975,14
Sebastián Santangelo,JOHANNA VILCA,2025,junio,San Borja - PVH,11.17,13.00,821828.3899999997,4414801,13
Sebastián Santangelo,JOHANNA VILCA,2025,junio,San Isidro - PVH,10.12,13.00,343411.64999999997,2035075,13
Sebastián Santangelo,JOHANNA VILCA,2025,julio,Cortijo - PVH,10.67,13.00,610657.6800000002,3433118,13
Sebastián Santangelo,JOHANNA VILCA,2025,julio,Higuereta - PVH,10.74,13.00,917654.8599999995,5124693,13
Sebastián Santangelo,JOHANNA VILCA,2025,julio,Jockey Plaza - PVH,10.74,13.00,418828.5900000002,2340235,13
Sebastián Santangelo,JOHANNA VILCA,2025,julio,La Molina - PVH,10.82,13.00,740259.81,4104463,13
Sebastián Santangelo,JOHANNA VILCA,2025,julio,Miraflores - PVH,10.78,13.00,885290.0000000001,4926274,13
Sebastián Santangelo,JOHANNA VILCA,2025,julio,Salaverry - PVH,13.31,14.00,957015.21,4314517,14
Sebastián Santangelo,JOHANNA VILCA,2025,julio,San Borja - PVH,10.93,13.00,784238.82,4305685,13
Sebastián Santangelo,JOHANNA VILCA,2025,julio,San Isidro - PVH,10.17,13.00,308865.19000000006,1822293,13
Sebastián Santangelo,JOHANNA VILCA,2025,agosto,Cortijo - PVH,10.46,13.00,641989.9900000001,3682916,13
Sebastián Santangelo,JOHANNA VILCA,2025,agosto,Higuereta - PVH,10.90,13.00,877554.0800000003,4832344,13
Sebastián Santangelo,JOHANNA VILCA,2025,agosto,Jockey Plaza - PVH,10.53,13.00,429275.6099999999,2446776,13
Sebastián Santangelo,JOHANNA VILCA,2025,agosto,La Molina - PVH,10.79,13.00,772220.0800000004,4294199,13
Sebastián Santangelo,JOHANNA VILCA,2025,agosto,Miraflores - PVH,11.25,13.00,898760.8299999996,4792416,13
Sebastián Santangelo,JOHANNA VILCA,2025,agosto,Salaverry - PVH,13.14,14.00,973137.6300000004,4442187,14
Sebastián Santangelo,JOHANNA VILCA,2025,agosto,San Borja - PVH,10.98,13.00,803536.8399999999,4391023,13
Sebastián Santangelo,JOHANNA VILCA,2025,agosto,San Isidro - PVH,9.43,13.00,328104.32,2086998,13
Sebastián Santangelo,JOHANNA VILCA,2025,septiembre,Cortijo - PVH,10.29,13.00,658106.0500000006,3837932,13
Sebastián Santangelo,JOHANNA VILCA,2025,septiembre,Higuereta - PVH,10.86,13.00,812695.1700000006,4488004,13
Sebastián Santangelo,JOHANNA VILCA,2025,septiembre,Jockey Plaza - PVH,9.98,13.00,378641.42999999993,2276114,13
Sebastián Santangelo,JOHANNA VILCA,2025,septiembre,La Molina - PVH,10.87,13.00,723360.4899999998,3994280,13
Sebastián Santangelo,JOHANNA VILCA,2025,septiembre,Miraflores - PVH,10.21,13.00,863676.4100000001,5076014,13
Sebastián Santangelo,JOHANNA VILCA,2025,septiembre,Salaverry - PVH,12.70,14.00,945821.75,4468162,14
Sebastián Santangelo,JOHANNA VILCA,2025,septiembre,San Borja - PVH,10.28,13.00,719666.5100000002,4200952,13
Sebastián Santangelo,JOHANNA VILCA,2025,septiembre,San Isidro - PVH,9.26,13.00,310814.07999999996,2014153,13
Sebastián Santangelo,JOHANNA VILCA,2025,octubre,Cortijo - PVH,10.52,13.00,683977.86,3901895,13
Sebastián Santangelo,JOHANNA VILCA,2025,octubre,Higuereta - PVH,10.60,13.00,897333.5600000005,5081040,13
Sebastián Santangelo,JOHANNA VILCA,2025,octubre,Jockey Plaza - PVH,10.39,13.00,405424.4500000002,2340444,13
Sebastián Santangelo,JOHANNA VILCA,2025,octubre,La Molina - PVH,10.71,13.00,717757.9499999995,4021107,13
Sebastián Santangelo,JOHANNA VILCA,2025,octubre,Miraflores - PVH,10.86,13.00,889489.1600000005,4915173,13
Sebastián Santangelo,JOHANNA VILCA,2025,octubre,Salaverry - PVH,12.64,14.00,969363.4099999998,4602552,14
Sebastián Santangelo,JOHANNA VILCA,2025,octubre,San Borja - PVH,10.59,13.00,721533.4799999997,4086955,13
Sebastián Santangelo,JOHANNA VILCA,2025,octubre,San Isidro - PVH,9.83,13.00,372238.82000000024,2272897,13
Sebastián Santangelo,JOHANNA VILCA,2025,noviembre,Cortijo - PVH,10.52,13.00,680070.5200000003,3877679,13
Sebastián Santangelo,JOHANNA VILCA,2025,noviembre,Higuereta - PVH,10.27,13.00,966257.9400000003,5643584,13
Sebastián Santangelo,JOHANNA VILCA,2025,noviembre,Jockey Plaza - PVH,10.21,13.00,421832.7200000001,2479500,13
Sebastián Santangelo,JOHANNA VILCA,2025,noviembre,La Molina - PVH,10.59,13.00,753898.5600000003,4271689,13
Sebastián Santangelo,JOHANNA VILCA,2025,noviembre,Miraflores - PVH,11.49,13.00,915608.53,4782303,13
Sebastián Santangelo,JOHANNA VILCA,2025,noviembre,Salaverry - PVH,13.10,14.00,1029179.4000000001,4715245,14
Sebastián Santangelo,JOHANNA VILCA,2025,noviembre,San Borja - PVH,11.40,13.00,740515.7600000002,3898462,13
Sebastián Santangelo,JOHANNA VILCA,2025,noviembre,San Isidro - PVH,10.22,13.00,368801.5000000002,2165182,13
Sebastián Santangelo,JOHANNA VILCA,2025,diciembre,Cortijo - PVH,9.66,13.00,834840.03,5186533,13
Sebastián Santangelo,JOHANNA VILCA,2025,diciembre,Higuereta - PVH,9.97,13.00,1108224.7800000005,6671182,13
Sebastián Santangelo,JOHANNA VILCA,2025,diciembre,Jockey Plaza - PVH,9.75,13.00,538404.0199999998,3313779,13
Sebastián Santangelo,JOHANNA VILCA,2025,diciembre,La Molina - PVH,9.83,13.00,953403.8599999999,5822147,13
Sebastián Santangelo,JOHANNA VILCA,2025,diciembre,Miraflores - PVH,10.35,13.00,977373.44,5666151,13
Sebastián Santangelo,JOHANNA VILCA,2025,diciembre,Salaverry - PVH,14.72,14.00,1420925.0300000003,5790087,14
Sebastián Santangelo,JOHANNA VILCA,2025,diciembre,San Borja - PVH,11.30,13.00,1040743.0300000003,5525207,13
Sebastián Santangelo,JOHANNA VILCA,2025,diciembre,San Isidro - PVH,10.03,13.00,464604.01999999996,2779860,13
Sebastián Santangelo,JOHANNA VILCA,2026,enero,Cortijo - PVH,9.72,13.00,710916.8999999999,4387674,13
Sebastián Santangelo,JOHANNA VILCA,2026,enero,Higuereta - PVH,10.13,13.00,887370.8500000003,5256964,13
Sebastián Santangelo,JOHANNA VILCA,2026,enero,Jockey Plaza - PVH,9.65,13.00,419494.2200000001,2607325,13
Sebastián Santangelo,JOHANNA VILCA,2026,enero,La Molina - PVH,9.71,13.00,789417.6500000004,4877327,13
Sebastián Santangelo,JOHANNA VILCA,2026,enero,Miraflores - PVH,10.39,13.00,859213.77,4960993,13
Sebastián Santangelo,JOHANNA VILCA,2026,enero,Salaverry - PVH,10.59,14.00,883549.7600000005,5005161,14
Sebastián Santangelo,JOHANNA VILCA,2026,enero,San Borja - PVH,9.96,13.00,793236.4700000004,4778019,13
Sebastián Santangelo,JOHANNA VILCA,2026,enero,San Isidro - PVH,9.87,13.00,386016.42999999993,2345676,13
Sebastián Santangelo,JOHANNA VILCA,2026,febrero,Cortijo - PVH,10.41,13.00,694868.7300000003,4004723,13
Sebastián Santangelo,JOHANNA VILCA,2026,febrero,Higuereta - PVH,10.79,13.00,867654.21,4826413,13
Sebastián Santangelo,JOHANNA VILCA,2026,febrero,Jockey Plaza - PVH,10.24,13.00,403899.67,2365892,13
Sebastián Santangelo,JOHANNA VILCA,2026,febrero,La Molina - PVH,10.93,13.00,730243.5199999998,4008947,13
Sebastián Santangelo,JOHANNA VILCA,2026,febrero,Miraflores - PVH,10.60,13.00,365078.0599999999,2066714,13
Sebastián Santangelo,JOHANNA VILCA,2026,febrero,Salaverry - PVH,10.81,14.00,840720.2899999998,4666950,14
Sebastián Santangelo,JOHANNA VILCA,2026,febrero,San Borja - PVH,11.08,13.00,752677.4100000001,4077648,13
Sebastián Santangelo,JOHANNA VILCA,2026,febrero,San Isidro - PVH,11.16,13.00,319262.95999999996,1715772,13
Sebastián Santangelo,JOHANNA VILCA,2026,marzo,Cortijo - PVH,11.22,13.00,799961.1200000001,4278514,13
Sebastián Santangelo,JOHANNA VILCA,2026,marzo,Higuereta - PVH,12.10,13.00,948968.1999999997,4705930,13
Sebastián Santangelo,JOHANNA VILCA,2026,marzo,Jockey Plaza - PVH,11.55,13.00,445244.88999999996,2312333,13
Sebastián Santangelo,JOHANNA VILCA,2026,marzo,La Molina - PVH,11.12,13.00,865308.6800000002,4667157,13
Sebastián Santangelo,JOHANNA VILCA,2026,marzo,Miraflores - PVH,11.34,13.00,679227.97,3592860,13
Sebastián Santangelo,JOHANNA VILCA,2026,marzo,Salaverry - PVH,12.42,14.00,952613.1000000003,4601577,14
Sebastián Santangelo,JOHANNA VILCA,2026,marzo,San Borja - PVH,12.68,13.00,891373.7400000001,4217022,13
Sebastián Santangelo,JOHANNA VILCA,2026,marzo,San Isidro - PVH,11.38,13.00,389622.3799999999,2053952,13
Sebastián Santangelo,JOHANNA VILCA,2026,abril,Cortijo - PVH,11.27,13.00,717443.1399999999,3821097,13
Sebastián Santangelo,JOHANNA VILCA,2026,abril,Higuereta - PVH,11.78,13.00,803156.6799999995,4090948,13
Sebastián Santangelo,JOHANNA VILCA,2026,abril,Jockey Plaza - PVH,11.95,13.00,370392.01,1860036,13
Sebastián Santangelo,JOHANNA VILCA,2026,abril,La Molina - PVH,11.34,13.00,691890.08,3660770,13
Sebastián Santangelo,JOHANNA VILCA,2026,abril,Miraflores - PVH,11.90,13.00,700621.3800000004,3533506,13
Sebastián Santangelo,JOHANNA VILCA,2026,abril,Salaverry - PVH,13.54,14.00,854293.8899999999,3785399,14
Sebastián Santangelo,JOHANNA VILCA,2026,abril,San Borja - PVH,12.38,13.00,743094.0599999999,3601456,13
Sebastián Santangelo,JOHANNA VILCA,2026,abril,San Isidro - PVH,11.32,13.00,350249.8799999999,1856255,13
Sebastián Santangelo,JOHANNA VILCA,2026,mayo,Cortijo - PVH,10.95,13.00,771824.0200000003,4230731,13
Sebastián Santangelo,JOHANNA VILCA,2026,mayo,Higuereta - PVH,11.22,13.00,888053.5300000004,4747424,13
Sebastián Santangelo,JOHANNA VILCA,2026,mayo,Jockey Plaza - PVH,11.75,13.00,405807.77999999997,2072986,13
Sebastián Santangelo,JOHANNA VILCA,2026,mayo,La Molina - PVH,11.35,13.00,748867.55,3958192,13
Sebastián Santangelo,JOHANNA VILCA,2026,mayo,Miraflores - PVH,11.36,13.00,785091.28,4145245,13
Sebastián Santangelo,JOHANNA VILCA,2026,mayo,Salaverry - PVH,13.75,14.00,931451.7400000002,4064559,14
Sebastián Santangelo,JOHANNA VILCA,2026,mayo,San Borja - PVH,12.04,13.00,796138.9800000002,3967584,13
Sebastián Santangelo,JOHANNA VILCA,2026,mayo,San Isidro - PVH,11.54,13.00,372378.51,1936774,13
Sebastián Santangelo,JOHANNA VILCA,2026,junio,Cortijo - PVH,11.18,13.00,717528.3399999999,3852127,13
Sebastián Santangelo,JOHANNA VILCA,2026,junio,Higuereta - PVH,11.41,13.00,833325.99,4382630,13
Sebastián Santangelo,JOHANNA VILCA,2026,junio,Jockey Plaza - PVH,11.03,13.00,376570.0900000001,2048981,13
Sebastián Santangelo,JOHANNA VILCA,2026,junio,La Molina - PVH,11.30,13.00,771430.0899999995,4096464,13
Sebastián Santangelo,JOHANNA VILCA,2026,junio,Miraflores - PVH,11.25,13.00,752763.9800000002,4013426,13
Sebastián Santangelo,JOHANNA VILCA,2026,junio,Salaverry - PVH,14.00,14.00,877733.95,3760976,14
Sebastián Santangelo,JOHANNA VILCA,2026,junio,San Borja - PVH,12.21,13.00,712223.7999999998,3501190,13
Sebastián Santangelo,JOHANNA VILCA,2026,junio,San Isidro - PVH,10.51,13.00,359947.0399999999,2055694,13
Sebastián Santangelo,JOHANNA VILCA,2026,julio,Cortijo - PVH,,13.00,,,13
Sebastián Santangelo,JOHANNA VILCA,2026,julio,Higuereta - PVH,,13.00,,,13
Sebastián Santangelo,JOHANNA VILCA,2026,julio,Jockey Plaza - PVH,,13.00,,,13
Sebastián Santangelo,JOHANNA VILCA,2026,julio,La Molina - PVH,,13.00,,,13
Sebastián Santangelo,JOHANNA VILCA,2026,julio,Miraflores - PVH,,13.00,,,13
Sebastián Santangelo,JOHANNA VILCA,2026,julio,Salaverry - PVH,,14.00,,,14
Sebastián Santangelo,JOHANNA VILCA,2026,julio,San Borja - PVH,,13.00,,,13
Sebastián Santangelo,JOHANNA VILCA,2026,julio,San Isidro - PVH,,13.00,,,13
Sebastián Santangelo,JOHANNA VILCA,2026,agosto,Cortijo - PVH,,13.00,,,13
Sebastián Santangelo,JOHANNA VILCA,2026,agosto,Higuereta - PVH,,13.00,,,13
Sebastián Santangelo,JOHANNA VILCA,2026,agosto,Jockey Plaza - PVH,,13.00,,,13
Sebastián Santangelo,JOHANNA VILCA,2026,agosto,La Molina - PVH,,13.00,,,13
Sebastián Santangelo,JOHANNA VILCA,2026,agosto,Miraflores - PVH,,13.00,,,13
Sebastián Santangelo,JOHANNA VILCA,2026,agosto,Salaverry - PVH,,14.00,,,14
Sebastián Santangelo,JOHANNA VILCA,2026,agosto,San Borja - PVH,,13.00,,,13
Sebastián Santangelo,JOHANNA VILCA,2026,agosto,San Isidro - PVH,,13.00,,,13
Sebastián Santangelo,JOHANNA VILCA,2026,septiembre,Cortijo - PVH,,13.00,,,13
Sebastián Santangelo,JOHANNA VILCA,2026,septiembre,Higuereta - PVH,,13.00,,,13
Sebastián Santangelo,JOHANNA VILCA,2026,septiembre,Jockey Plaza - PVH,,13.00,,,13
Sebastián Santangelo,JOHANNA VILCA,2026,septiembre,La Molina - PVH,,13.00,,,13
Sebastián Santangelo,JOHANNA VILCA,2026,septiembre,Miraflores - PVH,,13.00,,,13
Sebastián Santangelo,JOHANNA VILCA,2026,septiembre,Salaverry - PVH,,14.00,,,14
Sebastián Santangelo,JOHANNA VILCA,2026,septiembre,San Borja - PVH,,13.00,,,13
Sebastián Santangelo,JOHANNA VILCA,2026,septiembre,San Isidro - PVH,,13.00,,,13
Sebastián Santangelo,JOHANNA VILCA,2026,octubre,Cortijo - PVH,,13.00,,,13
Sebastián Santangelo,JOHANNA VILCA,2026,octubre,Higuereta - PVH,,13.00,,,13
Sebastián Santangelo,JOHANNA VILCA,2026,octubre,Jockey Plaza - PVH,,13.00,,,13
Sebastián Santangelo,JOHANNA VILCA,2026,octubre,La Molina - PVH,,13.00,,,13
Sebastián Santangelo,JOHANNA VILCA,2026,octubre,Miraflores - PVH,,13.00,,,13
Sebastián Santangelo,JOHANNA VILCA,2026,octubre,Salaverry - PVH,,14.00,,,14
Sebastián Santangelo,JOHANNA VILCA,2026,octubre,San Borja - PVH,,13.00,,,13
Sebastián Santangelo,JOHANNA VILCA,2026,octubre,San Isidro - PVH,,13.00,,,13
Sebastián Santangelo,JOHANNA VILCA,2026,noviembre,Cortijo - PVH,,13.00,,,13
Sebastián Santangelo,JOHANNA VILCA,2026,noviembre,Higuereta - PVH,,13.00,,,13
Sebastián Santangelo,JOHANNA VILCA,2026,noviembre,Jockey Plaza - PVH,,13.00,,,13
Sebastián Santangelo,JOHANNA VILCA,2026,noviembre,La Molina - PVH,,13.00,,,13
Sebastián Santangelo,JOHANNA VILCA,2026,noviembre,Miraflores - PVH,,13.00,,,13
Sebastián Santangelo,JOHANNA VILCA,2026,noviembre,Salaverry - PVH,,14.00,,,14
Sebastián Santangelo,JOHANNA VILCA,2026,noviembre,San Borja - PVH,,13.00,,,13
Sebastián Santangelo,JOHANNA VILCA,2026,noviembre,San Isidro - PVH,,13.00,,,13
Sebastián Santangelo,JOHANNA VILCA,2026,diciembre,Cortijo - PVH,,13.00,,,13
Sebastián Santangelo,JOHANNA VILCA,2026,diciembre,Higuereta - PVH,,13.00,,,13
Sebastián Santangelo,JOHANNA VILCA,2026,diciembre,Jockey Plaza - PVH,,13.00,,,13
Sebastián Santangelo,JOHANNA VILCA,2026,diciembre,La Molina - PVH,,13.00,,,13
Sebastián Santangelo,JOHANNA VILCA,2026,diciembre,Miraflores - PVH,,13.00,,,13
Sebastián Santangelo,JOHANNA VILCA,2026,diciembre,Salaverry - PVH,,14.00,,,14
Sebastián Santangelo,JOHANNA VILCA,2026,diciembre,San Borja - PVH,,13.00,,,13
Sebastián Santangelo,JOHANNA VILCA,2026,diciembre,San Isidro - PVH,,13.00,,,13
Sebastián Santangelo,RODOLFO OLIVRY,2025,enero,Ate - PVH,12.05,14.00,448076.64,2231831,14
Sebastián Santangelo,RODOLFO OLIVRY,2025,enero,Bolichera - PVH,10.39,13.00,580924.285,3353271,13
Sebastián Santangelo,RODOLFO OLIVRY,2025,enero,Ceres - PVH,13.80,15.00,366734.6100000001,1594117,15
Sebastián Santangelo,RODOLFO OLIVRY,2025,enero,Chosica - PVH,13.39,14.00,392522.28900000005,1759104,14
Sebastián Santangelo,RODOLFO OLIVRY,2025,enero,El Agustino - PVH,12.89,15.00,166455.67499999996,774625,15
Sebastián Santangelo,RODOLFO OLIVRY,2025,enero,Grifo Mexico - PVH,16.42,16.00,135103.14,493575,16
Sebastián Santangelo,RODOLFO OLIVRY,2025,enero,Guardia Civil - PVH,10.35,13.00,617159.422,3576011,13
Sebastián Santangelo,RODOLFO OLIVRY,2025,enero,La Curva - PVH,13.56,14.00,760259.4270000001,3363889,14
Sebastián Santangelo,RODOLFO OLIVRY,2025,enero,LurIn - PVH,11.87,14.00,669701.0049999999,3385875,14
Sebastián Santangelo,RODOLFO OLIVRY,2025,enero,Primavera - PVH,9.34,13.00,466079.172,2994380,13
Sebastián Santangelo,RODOLFO OLIVRY,2025,enero,Puruchuco - PVH,11.60,14.00,670550.765,3467498,14
Sebastián Santangelo,RODOLFO OLIVRY,2025,enero,Santa Clara - PVH,11.00,14.00,803792.8950000003,4385758,14
Sebastián Santangelo,RODOLFO OLIVRY,2025,enero,SJ Lurigancho - PVH,12.30,14.00,446335.0449999999,2176835,14
Sebastián Santangelo,RODOLFO OLIVRY,2025,enero,SJL Aventura - PVH,13.43,14.00,498061.89,2224560,14
Sebastián Santangelo,RODOLFO OLIVRY,2025,enero,Ves Placita - PVH,13.62,14.00,682081.2499999998,3004614,14
Sebastián Santangelo,RODOLFO OLIVRY,2025,febrero,Ate - PVH,12.34,14.00,452818.4700000001,2201445,14
Sebastián Santangelo,RODOLFO OLIVRY,2025,febrero,Bolichera - PVH,10.95,13.00,578449.39,3168329,13
Sebastián Santangelo,RODOLFO OLIVRY,2025,febrero,Ceres - PVH,14.43,15.00,458507.5849999998,1906971,15
Sebastián Santangelo,RODOLFO OLIVRY,2025,febrero,Chosica - PVH,13.60,14.00,395497.5240000001,1744234,14
Sebastián Santangelo,RODOLFO OLIVRY,2025,febrero,El Agustino - PVH,12.89,15.00,158706.195,738565,15
Sebastián Santangelo,RODOLFO OLIVRY,2025,febrero,Grifo Mexico - PVH,16.50,16.00,122594.02800000002,445709,16
Sebastián Santangelo,RODOLFO OLIVRY,2025,febrero,Guardia Civil - PVH,10.80,13.00,540588.6249999997,3003305,13
Sebastián Santangelo,RODOLFO OLIVRY,2025,febrero,La Curva - PVH,13.81,14.00,571921.495,2483984,14
Sebastián Santangelo,RODOLFO OLIVRY,2025,febrero,LurIn - PVH,12.22,14.00,636948.77,3128315,14
Sebastián Santangelo,RODOLFO OLIVRY,2025,febrero,Primavera - PVH,9.48,13.00,438251.20999999996,2773400,13
Sebastián Santangelo,RODOLFO OLIVRY,2025,febrero,Puruchuco - PVH,11.70,14.00,521022.25,2672220,14
Sebastián Santangelo,RODOLFO OLIVRY,2025,febrero,Santa Clara - PVH,12.04,14.00,676927.5799999998,3372597,14
Sebastián Santangelo,RODOLFO OLIVRY,2025,febrero,SJ Lurigancho - PVH,11.49,14.00,453164.7849999998,2366352,14
Sebastián Santangelo,RODOLFO OLIVRY,2025,febrero,SJL Aventura - PVH,13.48,14.00,522279.55999999994,2324423,14
Sebastián Santangelo,RODOLFO OLIVRY,2025,febrero,Ves Placita - PVH,13.95,14.00,690299.1199999999,2968981,14
Sebastián Santangelo,RODOLFO OLIVRY,2025,marzo,Ate - PVH,12.45,14.00,519913.56499999994,2505862,14
Sebastián Santangelo,RODOLFO OLIVRY,2025,marzo,Bolichera - PVH,11.50,13.00,770433.2240000003,4020025,13
Sebastián Santangelo,RODOLFO OLIVRY,2025,marzo,Ceres - PVH,14.97,15.00,535108.1949999998,2145362,15
Sebastián Santangelo,RODOLFO OLIVRY,2025,marzo,Chosica - PVH,14.85,14.00,474619.62599999993,1917046,14
Sebastián Santangelo,RODOLFO OLIVRY,2025,marzo,El Agustino - PVH,13.47,15.00,200377.405,892444,15
Sebastián Santangelo,RODOLFO OLIVRY,2025,marzo,Grifo Mexico - PVH,18.27,16.00,159236.15999999997,522819,16
Sebastián Santangelo,RODOLFO OLIVRY,2025,marzo,Guardia Civil - PVH,11.32,13.00,384141.68500000006,2036294,13
Sebastián Santangelo,RODOLFO OLIVRY,2025,marzo,La Curva - PVH,13.67,14.00,858039.595,3766983,14
Sebastián Santangelo,RODOLFO OLIVRY,2025,marzo,LurIn - PVH,11.74,14.00,779378.2899999998,3981928,14
Sebastián Santangelo,RODOLFO OLIVRY,2025,marzo,Primavera - PVH,9.54,13.00,506418.7029999999,3185568,13
Sebastián Santangelo,RODOLFO OLIVRY,2025,marzo,Puruchuco - PVH,11.91,14.00,661301.9069999999,3330767,14
Sebastián Santangelo,RODOLFO OLIVRY,2025,marzo,Santa Clara - PVH,11.34,14.00,871785.9050000007,4611433,14
Sebastián Santangelo,RODOLFO OLIVRY,2025,marzo,SJ Lurigancho - PVH,12.09,14.00,595721.3210000001,2955275,14
Sebastián Santangelo,RODOLFO OLIVRY,2025,marzo,SJL Aventura - PVH,13.96,14.00,648427.82,2786642,14
Sebastián Santangelo,RODOLFO OLIVRY,2025,marzo,Ves Placita - PVH,14.37,14.00,830843.8400000003,3468614,14
Sebastián Santangelo,RODOLFO OLIVRY,2025,abril,Ate - PVH,13.24,14.00,411347.97800000006,1863942,14
Sebastián Santangelo,RODOLFO OLIVRY,2025,abril,Bolichera - PVH,10.64,13.00,546787.227,3082455,13
Sebastián Santangelo,RODOLFO OLIVRY,2025,abril,Ceres - PVH,15.10,15.00,396536.08999999997,1575390,15
Sebastián Santangelo,RODOLFO OLIVRY,2025,abril,Chosica - PVH,14.00,14.00,402678.65100000007,1726239,14
Sebastián Santangelo,RODOLFO OLIVRY,2025,abril,El Agustino - PVH,14.23,15.00,143747.09000000003,606069,15
Sebastián Santangelo,RODOLFO OLIVRY,2025,abril,Grifo Mexico - PVH,16.14,16.00,110987.14300000003,412485,16
Sebastián Santangelo,RODOLFO OLIVRY,2025,abril,Guardia Civil - PVH,11.31,13.00,597974.3620000001,3171786,13
Sebastián Santangelo,RODOLFO OLIVRY,2025,abril,La Curva - PVH,14.46,14.00,785350.5259999996,3259274,14
Sebastián Santangelo,RODOLFO OLIVRY,2025,abril,LurIn - PVH,11.24,14.00,604633.81,3227846,14
Sebastián Santangelo,RODOLFO OLIVRY,2025,abril,Primavera - PVH,8.86,13.00,445627.6799999999,3018949,13
Sebastián Santangelo,RODOLFO OLIVRY,2025,abril,Puruchuco - PVH,12.08,14.00,666456.1399999999,3310194,14
Sebastián Santangelo,RODOLFO OLIVRY,2025,abril,Santa Clara - PVH,12.00,14.00,810171.3549999999,4051695,14
Sebastián Santangelo,RODOLFO OLIVRY,2025,abril,SJ Lurigancho - PVH,12.21,14.00,441296.85500000004,2168434,14
Sebastián Santangelo,RODOLFO OLIVRY,2025,abril,SJL Aventura - PVH,13.94,14.00,499963.1549999998,2152520,14
Sebastián Santangelo,RODOLFO OLIVRY,2025,abril,Ves Placita - PVH,14.67,14.00,685214.185,2801924,14
Sebastián Santangelo,RODOLFO OLIVRY,2025,mayo,Ate - PVH,13.57,14.00,422554.86,1868384,14
Sebastián Santangelo,RODOLFO OLIVRY,2025,mayo,Bolichera - PVH,10.74,13.00,561339.57,3136301,13
Sebastián Santangelo,RODOLFO OLIVRY,2025,mayo,Ceres - PVH,15.82,15.00,396194.7899999999,1503003,15
Sebastián Santangelo,RODOLFO OLIVRY,2025,mayo,Chosica - PVH,14.15,14.00,444879.26,1886350,14
Sebastián Santangelo,RODOLFO OLIVRY,2025,mayo,El Agustino - PVH,12.44,15.00,166854.15,805066,15
Sebastián Santangelo,RODOLFO OLIVRY,2025,mayo,Grifo Mexico - PVH,14.73,16.00,121531.18999999999,495038,16
Sebastián Santangelo,RODOLFO OLIVRY,2025,mayo,Guardia Civil - PVH,11.76,13.00,646256.9199999999,3295975,13
Sebastián Santangelo,RODOLFO OLIVRY,2025,mayo,La Curva - PVH,14.37,14.00,795730.7399999999,3322713,14
Sebastián Santangelo,RODOLFO OLIVRY,2025,mayo,LurIn - PVH,11.60,14.00,667392.2899999999,3453112,14
Sebastián Santangelo,RODOLFO OLIVRY,2025,mayo,Primavera - PVH,9.27,13.00,438281.2499999998,2835331,13
Sebastián Santangelo,RODOLFO OLIVRY,2025,mayo,Puruchuco - PVH,12.02,14.00,696728.99,3478021,14
Sebastián Santangelo,RODOLFO OLIVRY,2025,mayo,Santa Clara - PVH,13.52,14.00,1029150.9000000001,4568575,14
Sebastián Santangelo,RODOLFO OLIVRY,2025,mayo,SJ Lurigancho - PVH,12.95,14.00,457020.6499999998,2117087,14
Sebastián Santangelo,RODOLFO OLIVRY,2025,mayo,SJL Aventura - PVH,13.05,14.00,512825.6499999998,2358702,14
Sebastián Santangelo,RODOLFO OLIVRY,2025,mayo,Ves Placita - PVH,15.03,14.00,751083.8799999999,2998178,14
Sebastián Santangelo,RODOLFO OLIVRY,2025,junio,Ate - PVH,12.83,14.00,406156.68000000005,1899595,14
Sebastián Santangelo,RODOLFO OLIVRY,2025,junio,Bolichera - PVH,10.01,13.00,509600.5100000001,3054539,13
Sebastián Santangelo,RODOLFO OLIVRY,2025,junio,Ceres - PVH,16.28,15.00,386696.62,1425039,15
Sebastián Santangelo,RODOLFO OLIVRY,2025,junio,Chosica - PVH,13.02,14.00,402616.4199999999,1854677,14
Sebastián Santangelo,RODOLFO OLIVRY,2025,junio,El Agustino - PVH,13.42,15.00,171712.80000000005,767677,15
Sebastián Santangelo,RODOLFO OLIVRY,2025,junio,Grifo Mexico - PVH,15.54,16.00,143330.22999999998,553350,16
Sebastián Santangelo,RODOLFO OLIVRY,2025,junio,Guardia Civil - PVH,11.14,13.00,619327.6799999999,3335700,13
Sebastián Santangelo,RODOLFO OLIVRY,2025,junio,La Curva - PVH,13.73,14.00,742917.09,3246230,14
Sebastián Santangelo,RODOLFO OLIVRY,2025,junio,LurIn - PVH,11.18,14.00,595250.7000000001,3193274,14
Sebastián Santangelo,RODOLFO OLIVRY,2025,junio,Primavera - PVH,8.81,13.00,443866.57000000007,3023408,13
Sebastián Santangelo,RODOLFO OLIVRY,2025,junio,Puruchuco - PVH,11.37,14.00,629400.97,3322575,14
Sebastián Santangelo,RODOLFO OLIVRY,2025,junio,Santa Clara - PVH,14.17,14.00,977234.0900000001,4136677,14
Sebastián Santangelo,RODOLFO OLIVRY,2025,junio,SJ Lurigancho - PVH,12.03,14.00,426797.9499999999,2128074,14
Sebastián Santangelo,RODOLFO OLIVRY,2025,junio,SJL Aventura - PVH,12.54,14.00,489773.66000000003,2342558,14
Sebastián Santangelo,RODOLFO OLIVRY,2025,junio,Ves Placita - PVH,13.48,14.00,689368.98,3068659,14
Sebastián Santangelo,RODOLFO OLIVRY,2025,julio,Ate - PVH,14.64,14.00,447259.02999999997,1832498,14
Sebastián Santangelo,RODOLFO OLIVRY,2025,julio,Bolichera - PVH,10.98,13.00,547599.61,2991088,13
Sebastián Santangelo,RODOLFO OLIVRY,2025,julio,Ceres - PVH,17.13,15.00,405381.5999999999,1419546,15
Sebastián Santangelo,RODOLFO OLIVRY,2025,julio,Chosica - PVH,14.18,14.00,442003.94000000006,1870525,14
Sebastián Santangelo,RODOLFO OLIVRY,2025,julio,El Agustino - PVH,14.28,15.00,163006.08,685005,15
Sebastián Santangelo,RODOLFO OLIVRY,2025,julio,Grifo Mexico - PVH,15.59,16.00,134901.22,519204,16
Sebastián Santangelo,RODOLFO OLIVRY,2025,julio,Guardia Civil - PVH,11.47,13.00,619070.36,3239587,13
Sebastián Santangelo,RODOLFO OLIVRY,2025,julio,La Curva - PVH,14.28,14.00,771059.8799999999,3238952,14
Sebastián Santangelo,RODOLFO OLIVRY,2025,julio,LurIn - PVH,11.73,14.00,631707.1699999999,3230530,14
Sebastián Santangelo,RODOLFO OLIVRY,2025,julio,Primavera - PVH,8.81,13.00,415388.3700000001,2828932,13
Sebastián Santangelo,RODOLFO OLIVRY,2025,julio,Puruchuco - PVH,13.12,14.00,694708.8199999997,3177528,14
Sebastián Santangelo,RODOLFO OLIVRY,2025,julio,Santa Clara - PVH,14.57,14.00,1009644.2899999997,4156622,14
Sebastián Santangelo,RODOLFO OLIVRY,2025,julio,SJ Lurigancho - PVH,12.79,14.00,452389.3299999999,2122069,14
Sebastián Santangelo,RODOLFO OLIVRY,2025,julio,SJL Aventura - PVH,13.61,14.00,532426.12,2347348,14
Sebastián Santangelo,RODOLFO OLIVRY,2025,julio,Ves Placita - PVH,14.26,14.00,733646.7100000004,3086892,14
Sebastián Santangelo,RODOLFO OLIVRY,2025,agosto,Ate - PVH,15.04,14.00,460884.6499999999,1839039,14
Sebastián Santangelo,RODOLFO OLIVRY,2025,agosto,Bolichera - PVH,11.48,13.00,553073.7999999998,2890030,13
Sebastián Santangelo,RODOLFO OLIVRY,2025,agosto,Ceres - PVH,16.09,15.00,365437.6299999998,1362312,15
Sebastián Santangelo,RODOLFO OLIVRY,2025,agosto,Chosica - PVH,14.04,14.00,444871.6400000001,1901768,14
Sebastián Santangelo,RODOLFO OLIVRY,2025,agosto,El Agustino - PVH,13.85,15.00,155706.38999999998,674708,15
Sebastián Santangelo,RODOLFO OLIVRY,2025,agosto,Grifo Mexico - PVH,16.72,16.00,149729.85000000003,537294,16
Sebastián Santangelo,RODOLFO OLIVRY,2025,agosto,Guardia Civil - PVH,11.00,13.00,619996.22,3382778,13
Sebastián Santangelo,RODOLFO OLIVRY,2025,agosto,La Curva - PVH,14.46,14.00,736105.99,3053495,14
Sebastián Santangelo,RODOLFO OLIVRY,2025,agosto,LurIn - PVH,12.01,14.00,607026.1599999999,3033804,14
Sebastián Santangelo,RODOLFO OLIVRY,2025,agosto,Primavera - PVH,8.54,13.00,416891.17999999993,2930590,13
Sebastián Santangelo,RODOLFO OLIVRY,2025,agosto,Puruchuco - PVH,12.85,14.00,722929.8700000001,3375221,14
Sebastián Santangelo,RODOLFO OLIVRY,2025,agosto,Santa Clara - PVH,14.17,14.00,982536.8200000002,4159386,14
Sebastián Santangelo,RODOLFO OLIVRY,2025,agosto,SJ Lurigancho - PVH,12.90,14.00,459235.55999999976,2136458,14
Sebastián Santangelo,RODOLFO OLIVRY,2025,agosto,SJL Aventura - PVH,13.83,14.00,532635.78,2310210,14
Sebastián Santangelo,RODOLFO OLIVRY,2025,agosto,Ves Placita - PVH,13.94,14.00,711404.8399999999,3061583,14
Sebastián Santangelo,RODOLFO OLIVRY,2025,septiembre,Ate - PVH,14.30,14.00,416366.24,1746676,14
Sebastián Santangelo,RODOLFO OLIVRY,2025,septiembre,Bolichera - PVH,10.46,13.00,510658.8400000002,2928303,13
Sebastián Santangelo,RODOLFO OLIVRY,2025,septiembre,Ceres - PVH,15.27,15.00,290254.62999999995,1140262,15
Sebastián Santangelo,RODOLFO OLIVRY,2025,septiembre,Chosica - PVH,14.16,14.00,398215.02999999997,1687414,14
Sebastián Santangelo,RODOLFO OLIVRY,2025,septiembre,El Agustino - PVH,15.22,15.00,147226.18,580550,15
Sebastián Santangelo,RODOLFO OLIVRY,2025,septiembre,Grifo Mexico - PVH,15.92,16.00,138349.53,521475,16
Sebastián Santangelo,RODOLFO OLIVRY,2025,septiembre,Guardia Civil - PVH,10.64,13.00,573038.5600000002,3230779,13
Sebastián Santangelo,RODOLFO OLIVRY,2025,septiembre,La Curva - PVH,13.75,14.00,639383.7100000001,2790545,14
Sebastián Santangelo,RODOLFO OLIVRY,2025,septiembre,LurIn - PVH,14.19,14.00,586603.5800000001,2480957,14
Sebastián Santangelo,RODOLFO OLIVRY,2025,septiembre,Primavera - PVH,8.92,13.00,392415.6500000001,2639835,13
Sebastián Santangelo,RODOLFO OLIVRY,2025,septiembre,Puruchuco - PVH,12.42,14.00,663202.9099999998,3203325,14
Sebastián Santangelo,RODOLFO OLIVRY,2025,septiembre,Santa Clara - PVH,14.12,14.00,898999.1699999999,3820595,14
Sebastián Santangelo,RODOLFO OLIVRY,2025,septiembre,SJ Lurigancho - PVH,13.76,14.00,433944.11,1892774,14
Sebastián Santangelo,RODOLFO OLIVRY,2025,septiembre,SJL Aventura - PVH,15.71,14.00,519065.20999999996,1982674,14
Sebastián Santangelo,RODOLFO OLIVRY,2025,septiembre,Ves Placita - PVH,15.25,14.00,671566.96,2642674,14
Sebastián Santangelo,RODOLFO OLIVRY,2025,octubre,Ate - PVH,14.29,14.00,416940.35,1750964,14
Sebastián Santangelo,RODOLFO OLIVRY,2025,octubre,Bolichera - PVH,10.31,13.00,501950.69,2922334,13
Sebastián Santangelo,RODOLFO OLIVRY,2025,octubre,Ceres - PVH,13.78,15.00,321647.86,1400497,15
Sebastián Santangelo,RODOLFO OLIVRY,2025,octubre,Chosica - PVH,13.99,14.00,432705.6899999999,1855994,14
Sebastián Santangelo,RODOLFO OLIVRY,2025,octubre,El Agustino - PVH,17.69,15.00,163846.46,555727,15
Sebastián Santangelo,RODOLFO OLIVRY,2025,octubre,Grifo Mexico - PVH,15.78,16.00,116176.84,441806,16
Sebastián Santangelo,RODOLFO OLIVRY,2025,octubre,Guardia Civil - PVH,10.62,13.00,611174.8500000002,3451518,13
Sebastián Santangelo,RODOLFO OLIVRY,2025,octubre,La Curva - PVH,14.22,14.00,658015.6799999998,2775899,14
Sebastián Santangelo,RODOLFO OLIVRY,2025,octubre,LurIn - PVH,14.33,14.00,623511.2300000001,2611462,14
Sebastián Santangelo,RODOLFO OLIVRY,2025,octubre,Primavera - PVH,9.23,13.00,419384.6000000002,2726162,13
Sebastián Santangelo,RODOLFO OLIVRY,2025,octubre,Puruchuco - PVH,12.44,14.00,710250.33,3425620,14
Sebastián Santangelo,RODOLFO OLIVRY,2025,octubre,Santa Clara - PVH,14.17,14.00,961088.75,4070765,14
Sebastián Santangelo,RODOLFO OLIVRY,2025,octubre,SJ Lurigancho - PVH,13.98,14.00,448890.39000000013,1926728,14
Sebastián Santangelo,RODOLFO OLIVRY,2025,octubre,SJL Aventura - PVH,15.49,14.00,520383.17999999976,2015595,14
Sebastián Santangelo,RODOLFO OLIVRY,2025,octubre,Ves Placita - PVH,15.60,14.00,696675.9800000002,2679943,14
Sebastián Santangelo,RODOLFO OLIVRY,2025,noviembre,Ate - PVH,14.49,14.00,439368.3699999998,1819163,14
Sebastián Santangelo,RODOLFO OLIVRY,2025,noviembre,Bolichera - PVH,11.35,13.00,559046.25,2954408,13
Sebastián Santangelo,RODOLFO OLIVRY,2025,noviembre,Ceres - PVH,14.35,15.00,401449.58999999997,1678247,15
Sebastián Santangelo,RODOLFO OLIVRY,2025,noviembre,Chosica - PVH,14.37,14.00,435862.2400000001,1819653,14
Sebastián Santangelo,RODOLFO OLIVRY,2025,noviembre,El Agustino - PVH,18.17,15.00,194356.36,641836,15
Sebastián Santangelo,RODOLFO OLIVRY,2025,noviembre,Grifo Mexico - PVH,15.49,16.00,100935.84,390951,16
Sebastián Santangelo,RODOLFO OLIVRY,2025,noviembre,Guardia Civil - PVH,10.90,13.00,653864.21,3599066,13
Sebastián Santangelo,RODOLFO OLIVRY,2025,noviembre,La Curva - PVH,13.57,14.00,716795.1800000002,3169834,14
Sebastián Santangelo,RODOLFO OLIVRY,2025,noviembre,LurIn - PVH,14.52,14.00,700434.8900000001,2894619,14
Sebastián Santangelo,RODOLFO OLIVRY,2025,noviembre,Primavera - PVH,9.89,13.00,453111.59,2748952,13
Sebastián Santangelo,RODOLFO OLIVRY,2025,noviembre,Puruchuco - PVH,12.62,14.00,767875.9400000003,3651769,14
Sebastián Santangelo,RODOLFO OLIVRY,2025,noviembre,Santa Clara - PVH,13.70,14.00,949144.35,4156582,14
Sebastián Santangelo,RODOLFO OLIVRY,2025,noviembre,SJ Lurigancho - PVH,13.92,14.00,498277.2599999999,2147944,14
Sebastián Santangelo,RODOLFO OLIVRY,2025,noviembre,SJL Aventura - PVH,14.04,14.00,538074.96,2299116,14
Sebastián Santangelo,RODOLFO OLIVRY,2025,noviembre,Ves Placita - PVH,15.76,14.00,746054.8099999999,2840139,14
Sebastián Santangelo,RODOLFO OLIVRY,2025,diciembre,Ate - PVH,12.55,14.00,640492.2599999997,3061645,14
Sebastián Santangelo,RODOLFO OLIVRY,2025,diciembre,Bolichera - PVH,11.27,13.00,759627.4800000001,4045521,13
Sebastián Santangelo,RODOLFO OLIVRY,2025,diciembre,Ceres - PVH,14.67,15.00,579294.91,2369440,15
Sebastián Santangelo,RODOLFO OLIVRY,2025,diciembre,Chosica - PVH,13.17,14.00,589433.06,2685609,14
Sebastián Santangelo,RODOLFO OLIVRY,2025,diciembre,El Agustino - PVH,17.19,15.00,249879.25000000003,872177,15
Sebastián Santangelo,RODOLFO OLIVRY,2025,diciembre,Grifo Mexico - PVH,14.08,16.00,87472.59000000001,372656,16
Sebastián Santangelo,RODOLFO OLIVRY,2025,diciembre,Guardia Civil - PVH,10.82,13.00,806113.7999999999,4470132,13
Sebastián Santangelo,RODOLFO OLIVRY,2025,diciembre,La Curva - PVH,13.39,14.00,1012683.3399999999,4538006,14
Sebastián Santangelo,RODOLFO OLIVRY,2025,diciembre,LurIn - PVH,13.54,14.00,1023475.2599999997,4534928,14
Sebastián Santangelo,RODOLFO OLIVRY,2025,diciembre,Primavera - PVH,8.94,13.00,590646.9000000001,3962644,13
Sebastián Santangelo,RODOLFO OLIVRY,2025,diciembre,Puruchuco - PVH,12.44,14.00,1180043.4899999998,5689623,14
Sebastián Santangelo,RODOLFO OLIVRY,2025,diciembre,Santa Clara - PVH,13.27,14.00,1284918.6899999997,5811473,14
Sebastián Santangelo,RODOLFO OLIVRY,2025,diciembre,SJ Lurigancho - PVH,12.48,14.00,630824.8499999999,3032434,14
Sebastián Santangelo,RODOLFO OLIVRY,2025,diciembre,SJL Aventura - PVH,12.85,14.00,769971.9700000004,3594504,14
Sebastián Santangelo,RODOLFO OLIVRY,2025,diciembre,Ves Placita - PVH,16.01,14.00,1103837.9000000004,4135944,14
Sebastián Santangelo,RODOLFO OLIVRY,2026,enero,Ate - PVH,11.09,14.00,381412.15999999986,2064450,14
Sebastián Santangelo,RODOLFO OLIVRY,2026,enero,Bolichera - PVH,10.46,13.00,517628.7099999999,2968199,13
Sebastián Santangelo,RODOLFO OLIVRY,2026,enero,Ceres - PVH,11.68,15.00,339893.9,1746690,15
Sebastián Santangelo,RODOLFO OLIVRY,2026,enero,Chosica - PVH,11.89,14.00,378671.18000000005,1910225,14
Sebastián Santangelo,RODOLFO OLIVRY,2026,enero,El Agustino - PVH,17.26,15.00,184015.8,639824,15
Sebastián Santangelo,RODOLFO OLIVRY,2026,enero,Grifo Mexico - PVH,12.51,16.00,102407.28000000003,490996,16
Sebastián Santangelo,RODOLFO OLIVRY,2026,enero,Guardia Civil - PVH,10.21,13.00,632307.51,3714761,13
Sebastián Santangelo,RODOLFO OLIVRY,2026,enero,La Curva - PVH,11.54,14.00,639633.3499999999,3324853,14
Sebastián Santangelo,RODOLFO OLIVRY,2026,enero,LurIn - PVH,12.04,14.00,697510.1399999999,3475764,14
Sebastián Santangelo,RODOLFO OLIVRY,2026,enero,Primavera - PVH,8.99,13.00,484225.5200000002,3230364,13
Sebastián Santangelo,RODOLFO OLIVRY,2026,enero,Puruchuco - PVH,10.65,14.00,658603.0800000001,3711789,14
Sebastián Santangelo,RODOLFO OLIVRY,2026,enero,Santa Clara - PVH,10.83,14.00,793794.4800000002,4398985,14
Sebastián Santangelo,RODOLFO OLIVRY,2026,enero,SJ Lurigancho - PVH,10.76,14.00,381606.51000000007,2127672,14
Sebastián Santangelo,RODOLFO OLIVRY,2026,enero,SJL Aventura - PVH,13.29,14.00,503446.27,2273212,14
Sebastián Santangelo,RODOLFO OLIVRY,2026,enero,Ves Placita - PVH,13.08,14.00,679881.9200000002,3119371,14
Sebastián Santangelo,RODOLFO OLIVRY,2026,febrero,Ate - PVH,12.46,14.00,385901.06000000006,1858874,14
Sebastián Santangelo,RODOLFO OLIVRY,2026,febrero,Bolichera - PVH,11.37,13.00,527292.6899999998,2783296,13
Sebastián Santangelo,RODOLFO OLIVRY,2026,febrero,Ceres - PVH,11.99,15.00,345833.26,1730078,15
Sebastián Santangelo,RODOLFO OLIVRY,2026,febrero,Chosica - PVH,12.47,14.00,362482.0300000001,1743959,14
Sebastián Santangelo,RODOLFO OLIVRY,2026,febrero,El Agustino - PVH,16.09,15.00,171378.43999999994,639072,15
Sebastián Santangelo,RODOLFO OLIVRY,2026,febrero,Grifo Mexico - PVH,15.15,16.00,122034.61000000002,483303,16
Sebastián Santangelo,RODOLFO OLIVRY,2026,febrero,Guardia Civil - PVH,10.62,13.00,615228.1700000003,3476801,13
Sebastián Santangelo,RODOLFO OLIVRY,2026,febrero,La Curva - PVH,12.91,14.00,680401.3600000001,3161624,14
Sebastián Santangelo,RODOLFO OLIVRY,2026,febrero,LurIn - PVH,12.83,14.00,699400.6699999999,3270047,14
Sebastián Santangelo,RODOLFO OLIVRY,2026,febrero,Primavera - PVH,10.07,13.00,483523.8900000005,2881112,13
Sebastián Santangelo,RODOLFO OLIVRY,2026,febrero,Puruchuco - PVH,11.43,14.00,693296.2300000002,3640707,14
Sebastián Santangelo,RODOLFO OLIVRY,2026,febrero,Santa Clara - PVH,11.10,14.00,792486.81,4283091,14
Sebastián Santangelo,RODOLFO OLIVRY,2026,febrero,SJ Lurigancho - PVH,12.46,14.00,411896.8100000002,1982967,14
Sebastián Santangelo,RODOLFO OLIVRY,2026,febrero,SJL Aventura - PVH,15.52,14.00,528173.8300000001,2041310,14
Sebastián Santangelo,RODOLFO OLIVRY,2026,febrero,Ves Placita - PVH,13.07,14.00,643800.6099999999,2955235,14
Sebastián Santangelo,RODOLFO OLIVRY,2026,marzo,Ate - PVH,12.71,14.00,455632.41,2150496,14
Sebastián Santangelo,RODOLFO OLIVRY,2026,marzo,Bolichera - PVH,11.86,13.00,638647.5900000001,3231578,13
Sebastián Santangelo,RODOLFO OLIVRY,2026,marzo,Ceres - PVH,12.85,15.00,412127.69999999995,1924693,15
Sebastián Santangelo,RODOLFO OLIVRY,2026,marzo,Chosica - PVH,13.20,14.00,446659.70999999985,2029973,14
Sebastián Santangelo,RODOLFO OLIVRY,2026,marzo,El Agustino - PVH,16.40,15.00,210576.82999999996,770206,15
Sebastián Santangelo,RODOLFO OLIVRY,2026,marzo,Grifo Mexico - PVH,15.32,16.00,166552.55,652326,16
Sebastián Santangelo,RODOLFO OLIVRY,2026,marzo,Guardia Civil - PVH,12.25,13.00,736073.68,3606085,13
Sebastián Santangelo,RODOLFO OLIVRY,2026,marzo,La Curva - PVH,12.30,14.00,765619.1600000001,3735108,14
Sebastián Santangelo,RODOLFO OLIVRY,2026,marzo,LurIn - PVH,12.31,14.00,732037.1200000001,3567567,14
Sebastián Santangelo,RODOLFO OLIVRY,2026,marzo,Primavera - PVH,10.98,13.00,556860.5900000002,3041597,13
Sebastián Santangelo,RODOLFO OLIVRY,2026,marzo,Puruchuco - PVH,12.54,14.00,798878.7000000002,3823563,14
Sebastián Santangelo,RODOLFO OLIVRY,2026,marzo,Santa Clara - PVH,12.66,14.00,1004045.81,4757513,14
Sebastián Santangelo,RODOLFO OLIVRY,2026,marzo,SJ Lurigancho - PVH,14.00,14.00,536296.33,2297725,14
Sebastián Santangelo,RODOLFO OLIVRY,2026,marzo,SJL Aventura - PVH,15.45,14.00,638852.4700000002,2480814,14
Sebastián Santangelo,RODOLFO OLIVRY,2026,marzo,Ves Placita - PVH,13.48,14.00,777840.6300000001,3462500,14
Sebastián Santangelo,RODOLFO OLIVRY,2026,abril,Ate - PVH,12.72,14.00,370229.7899999999,1746631,14
Sebastián Santangelo,RODOLFO OLIVRY,2026,abril,Bolichera - PVH,11.15,13.00,472594.0799999999,2544138,13
Sebastián Santangelo,RODOLFO OLIVRY,2026,abril,Ceres - PVH,14.43,15.00,349698.7599999999,1453797,15
Sebastián Santangelo,RODOLFO OLIVRY,2026,abril,Chosica - PVH,13.91,14.00,387058.5100000001,1668984,14
Sebastián Santangelo,RODOLFO OLIVRY,2026,abril,El Agustino - PVH,16.64,15.00,168382.94999999998,607115,15
Sebastián Santangelo,RODOLFO OLIVRY,2026,abril,Grifo Mexico - PVH,16.28,16.00,111069.44999999998,409371,16
Sebastián Santangelo,RODOLFO OLIVRY,2026,abril,Guardia Civil - PVH,11.85,13.00,639641.32,3238297,13
Sebastián Santangelo,RODOLFO OLIVRY,2026,abril,La Curva - PVH,12.96,14.00,648981.9500000004,3003973,14
Sebastián Santangelo,RODOLFO OLIVRY,2026,abril,LurIn - PVH,14.39,14.00,628752.1399999999,2621889,14
Sebastián Santangelo,RODOLFO OLIVRY,2026,abril,Primavera - PVH,11.17,13.00,441819.2799999999,2373014,13
Sebastián Santangelo,RODOLFO OLIVRY,2026,abril,Puruchuco - PVH,13.67,14.00,663931.3100000003,2914978,14
Sebastián Santangelo,RODOLFO OLIVRY,2026,abril,Santa Clara - PVH,13.09,14.00,827213.0000000005,3791381,14
Sebastián Santangelo,RODOLFO OLIVRY,2026,abril,SJ Lurigancho - PVH,14.14,14.00,405723.23,1721296,14
Sebastián Santangelo,RODOLFO OLIVRY,2026,abril,SJL Aventura - PVH,15.55,14.00,503595.0499999998,1943570,14
Sebastián Santangelo,RODOLFO OLIVRY,2026,abril,Ves Placita - PVH,12.87,14.00,629744.2499999999,2936144,14
Sebastián Santangelo,RODOLFO OLIVRY,2026,mayo,Ate - PVH,12.62,14.00,401471.4,1908017,14
Sebastián Santangelo,RODOLFO OLIVRY,2026,mayo,Bolichera - PVH,12.03,13.00,518404.9199999998,2585408,13
Sebastián Santangelo,RODOLFO OLIVRY,2026,mayo,Ceres - PVH,15.51,15.00,393020.16000000003,1520421,15
Sebastián Santangelo,RODOLFO OLIVRY,2026,mayo,Chosica - PVH,14.05,14.00,410476.45,1752489,14
Sebastián Santangelo,RODOLFO OLIVRY,2026,mayo,El Agustino - PVH,16.41,15.00,178099.41999999998,651320,15
Sebastián Santangelo,RODOLFO OLIVRY,2026,mayo,Grifo Mexico - PVH,16.23,16.00,121074.62000000001,447532,16
Sebastián Santangelo,RODOLFO OLIVRY,2026,mayo,Guardia Civil - PVH,12.01,13.00,680229.2899999999,3399293,13
Sebastián Santangelo,RODOLFO OLIVRY,2026,mayo,La Curva - PVH,13.49,14.00,739406.9500000005,3289659,14
Sebastián Santangelo,RODOLFO OLIVRY,2026,mayo,LurIn - PVH,13.47,14.00,637772.6699999999,2840920,14
Sebastián Santangelo,RODOLFO OLIVRY,2026,mayo,Primavera - PVH,11.15,13.00,447431.99999999994,2407935,13
Sebastián Santangelo,RODOLFO OLIVRY,2026,mayo,Puruchuco - PVH,14.54,14.00,747511.32,3084959,14
Sebastián Santangelo,RODOLFO OLIVRY,2026,mayo,Santa Clara - PVH,13.25,14.00,936601.9999999994,4242731,14
Sebastián Santangelo,RODOLFO OLIVRY,2026,mayo,SJ Lurigancho - PVH,13.11,14.00,427606.1599999999,1956633,14
Sebastián Santangelo,RODOLFO OLIVRY,2026,mayo,SJL Aventura - PVH,14.90,14.00,534169.6400000001,2151262,14
Sebastián Santangelo,RODOLFO OLIVRY,2026,mayo,Ves Placita - PVH,13.57,14.00,705443.7100000001,3118777,14
Sebastián Santangelo,RODOLFO OLIVRY,2026,junio,Ate - PVH,11.97,14.00,356210.65999999986,1785232,14
Sebastián Santangelo,RODOLFO OLIVRY,2026,junio,Bolichera - PVH,12.81,13.00,480647.6,2251671,13
Sebastián Santangelo,RODOLFO OLIVRY,2026,junio,Ceres - PVH,15.22,15.00,342049.9600000001,1348794,15
Sebastián Santangelo,RODOLFO OLIVRY,2026,junio,Chosica - PVH,13.93,14.00,372837.16999999987,1606071,14
Sebastián Santangelo,RODOLFO OLIVRY,2026,junio,El Agustino - PVH,16.37,15.00,168427.31,617508,15
Sebastián Santangelo,RODOLFO OLIVRY,2026,junio,Grifo Mexico - PVH,15.31,16.00,131518.22999999998,515564,16
Sebastián Santangelo,RODOLFO OLIVRY,2026,junio,Guardia Civil - PVH,11.79,13.00,578534.1,2944575,13
Sebastián Santangelo,RODOLFO OLIVRY,2026,junio,La Curva - PVH,13.24,14.00,678707.2599999995,3076511,14
Sebastián Santangelo,RODOLFO OLIVRY,2026,junio,LurIn - PVH,14.08,14.00,591009.98,2518178,14
Sebastián Santangelo,RODOLFO OLIVRY,2026,junio,Primavera - PVH,11.05,13.00,390155.9599999999,2118636,13
Sebastián Santangelo,RODOLFO OLIVRY,2026,junio,Puruchuco - PVH,14.51,14.00,671169.1000000002,2775978,14
Sebastián Santangelo,RODOLFO OLIVRY,2026,junio,Santa Clara - PVH,13.41,14.00,819746.8200000004,3667676,14
Sebastián Santangelo,RODOLFO OLIVRY,2026,junio,SJ Lurigancho - PVH,13.24,14.00,385349.8400000001,1745697,14
Sebastián Santangelo,RODOLFO OLIVRY,2026,junio,SJL Aventura - PVH,14.53,14.00,472394.72,1950220,14
Sebastián Santangelo,RODOLFO OLIVRY,2026,junio,Ves Placita - PVH,14.63,14.00,643432.9199999997,2639016,14
Sebastián Santangelo,RODOLFO OLIVRY,2026,julio,Ate - PVH,,14.00,,,14
Sebastián Santangelo,RODOLFO OLIVRY,2026,julio,Bolichera - PVH,,13.00,,,13
Sebastián Santangelo,RODOLFO OLIVRY,2026,julio,Ceres - PVH,,15.00,,,15
Sebastián Santangelo,RODOLFO OLIVRY,2026,julio,Chosica - PVH,,14.00,,,14
Sebastián Santangelo,RODOLFO OLIVRY,2026,julio,El Agustino - PVH,,15.00,,,15
Sebastián Santangelo,RODOLFO OLIVRY,2026,julio,Grifo Mexico - PVH,,16.00,,,16
Sebastián Santangelo,RODOLFO OLIVRY,2026,julio,Guardia Civil - PVH,,13.00,,,13
Sebastián Santangelo,RODOLFO OLIVRY,2026,julio,La Curva - PVH,,14.00,,,14
Sebastián Santangelo,RODOLFO OLIVRY,2026,julio,LurIn - PVH,,14.00,,,14
Sebastián Santangelo,RODOLFO OLIVRY,2026,julio,Primavera - PVH,,13.00,,,13
Sebastián Santangelo,RODOLFO OLIVRY,2026,julio,Puruchuco - PVH,,14.00,,,14
Sebastián Santangelo,RODOLFO OLIVRY,2026,julio,Santa Clara - PVH,,14.00,,,14
Sebastián Santangelo,RODOLFO OLIVRY,2026,julio,SJ Lurigancho - PVH,,14.00,,,14
Sebastián Santangelo,RODOLFO OLIVRY,2026,julio,SJL Aventura - PVH,,14.00,,,14
Sebastián Santangelo,RODOLFO OLIVRY,2026,julio,Ves Placita - PVH,,14.00,,,14
Sebastián Santangelo,RODOLFO OLIVRY,2026,agosto,Ate - PVH,,14.00,,,14
Sebastián Santangelo,RODOLFO OLIVRY,2026,agosto,Bolichera - PVH,,13.00,,,13
Sebastián Santangelo,RODOLFO OLIVRY,2026,agosto,Ceres - PVH,,15.00,,,15
Sebastián Santangelo,RODOLFO OLIVRY,2026,agosto,Chosica - PVH,,14.00,,,14
Sebastián Santangelo,RODOLFO OLIVRY,2026,agosto,El Agustino - PVH,,15.00,,,15
Sebastián Santangelo,RODOLFO OLIVRY,2026,agosto,Grifo Mexico - PVH,,16.00,,,16
Sebastián Santangelo,RODOLFO OLIVRY,2026,agosto,Guardia Civil - PVH,,13.00,,,13
Sebastián Santangelo,RODOLFO OLIVRY,2026,agosto,La Curva - PVH,,14.00,,,14
Sebastián Santangelo,RODOLFO OLIVRY,2026,agosto,LurIn - PVH,,14.00,,,14
Sebastián Santangelo,RODOLFO OLIVRY,2026,agosto,Primavera - PVH,,13.00,,,13
Sebastián Santangelo,RODOLFO OLIVRY,2026,agosto,Puruchuco - PVH,,14.00,,,14
Sebastián Santangelo,RODOLFO OLIVRY,2026,agosto,Santa Clara - PVH,,14.00,,,14
Sebastián Santangelo,RODOLFO OLIVRY,2026,agosto,SJ Lurigancho - PVH,,14.00,,,14
Sebastián Santangelo,RODOLFO OLIVRY,2026,agosto,SJL Aventura - PVH,,14.00,,,14
Sebastián Santangelo,RODOLFO OLIVRY,2026,agosto,Ves Placita - PVH,,14.00,,,14
Sebastián Santangelo,RODOLFO OLIVRY,2026,septiembre,Ate - PVH,,14.00,,,14
Sebastián Santangelo,RODOLFO OLIVRY,2026,septiembre,Bolichera - PVH,,13.00,,,13
Sebastián Santangelo,RODOLFO OLIVRY,2026,septiembre,Ceres - PVH,,15.00,,,15
Sebastián Santangelo,RODOLFO OLIVRY,2026,septiembre,Chosica - PVH,,14.00,,,14
Sebastián Santangelo,RODOLFO OLIVRY,2026,septiembre,El Agustino - PVH,,15.00,,,15
Sebastián Santangelo,RODOLFO OLIVRY,2026,septiembre,Grifo Mexico - PVH,,16.00,,,16
Sebastián Santangelo,RODOLFO OLIVRY,2026,septiembre,Guardia Civil - PVH,,13.00,,,13
Sebastián Santangelo,RODOLFO OLIVRY,2026,septiembre,La Curva - PVH,,14.00,,,14
Sebastián Santangelo,RODOLFO OLIVRY,2026,septiembre,LurIn - PVH,,14.00,,,14
Sebastián Santangelo,RODOLFO OLIVRY,2026,septiembre,Primavera - PVH,,13.00,,,13
Sebastián Santangelo,RODOLFO OLIVRY,2026,septiembre,Puruchuco - PVH,,14.00,,,14
Sebastián Santangelo,RODOLFO OLIVRY,2026,septiembre,Santa Clara - PVH,,14.00,,,14
Sebastián Santangelo,RODOLFO OLIVRY,2026,septiembre,SJ Lurigancho - PVH,,14.00,,,14
Sebastián Santangelo,RODOLFO OLIVRY,2026,septiembre,SJL Aventura - PVH,,14.00,,,14
Sebastián Santangelo,RODOLFO OLIVRY,2026,septiembre,Ves Placita - PVH,,14.00,,,14
Sebastián Santangelo,RODOLFO OLIVRY,2026,octubre,Ate - PVH,,14.00,,,14
Sebastián Santangelo,RODOLFO OLIVRY,2026,octubre,Bolichera - PVH,,13.00,,,13
Sebastián Santangelo,RODOLFO OLIVRY,2026,octubre,Ceres - PVH,,15.00,,,15
Sebastián Santangelo,RODOLFO OLIVRY,2026,octubre,Chosica - PVH,,14.00,,,14
Sebastián Santangelo,RODOLFO OLIVRY,2026,octubre,El Agustino - PVH,,15.00,,,15
Sebastián Santangelo,RODOLFO OLIVRY,2026,octubre,Grifo Mexico - PVH,,16.00,,,16
Sebastián Santangelo,RODOLFO OLIVRY,2026,octubre,Guardia Civil - PVH,,13.00,,,13
Sebastián Santangelo,RODOLFO OLIVRY,2026,octubre,La Curva - PVH,,14.00,,,14
Sebastián Santangelo,RODOLFO OLIVRY,2026,octubre,LurIn - PVH,,14.00,,,14
Sebastián Santangelo,RODOLFO OLIVRY,2026,octubre,Primavera - PVH,,13.00,,,13
Sebastián Santangelo,RODOLFO OLIVRY,2026,octubre,Puruchuco - PVH,,14.00,,,14
Sebastián Santangelo,RODOLFO OLIVRY,2026,octubre,Santa Clara - PVH,,14.00,,,14
Sebastián Santangelo,RODOLFO OLIVRY,2026,octubre,SJ Lurigancho - PVH,,14.00,,,14
Sebastián Santangelo,RODOLFO OLIVRY,2026,octubre,SJL Aventura - PVH,,14.00,,,14
Sebastián Santangelo,RODOLFO OLIVRY,2026,octubre,Ves Placita - PVH,,14.00,,,14
Sebastián Santangelo,RODOLFO OLIVRY,2026,noviembre,Ate - PVH,,14.00,,,14
Sebastián Santangelo,RODOLFO OLIVRY,2026,noviembre,Bolichera - PVH,,13.00,,,13
Sebastián Santangelo,RODOLFO OLIVRY,2026,noviembre,Ceres - PVH,,15.00,,,15
Sebastián Santangelo,RODOLFO OLIVRY,2026,noviembre,Chosica - PVH,,14.00,,,14
Sebastián Santangelo,RODOLFO OLIVRY,2026,noviembre,El Agustino - PVH,,15.00,,,15
Sebastián Santangelo,RODOLFO OLIVRY,2026,noviembre,Grifo Mexico - PVH,,16.00,,,16
Sebastián Santangelo,RODOLFO OLIVRY,2026,noviembre,Guardia Civil - PVH,,13.00,,,13
Sebastián Santangelo,RODOLFO OLIVRY,2026,noviembre,La Curva - PVH,,14.00,,,14
Sebastián Santangelo,RODOLFO OLIVRY,2026,noviembre,LurIn - PVH,,14.00,,,14
Sebastián Santangelo,RODOLFO OLIVRY,2026,noviembre,Primavera - PVH,,13.00,,,13
Sebastián Santangelo,RODOLFO OLIVRY,2026,noviembre,Puruchuco - PVH,,14.00,,,14
Sebastián Santangelo,RODOLFO OLIVRY,2026,noviembre,Santa Clara - PVH,,14.00,,,14
Sebastián Santangelo,RODOLFO OLIVRY,2026,noviembre,SJ Lurigancho - PVH,,14.00,,,14
Sebastián Santangelo,RODOLFO OLIVRY,2026,noviembre,SJL Aventura - PVH,,14.00,,,14
Sebastián Santangelo,RODOLFO OLIVRY,2026,noviembre,Ves Placita - PVH,,14.00,,,14
Sebastián Santangelo,RODOLFO OLIVRY,2026,diciembre,Ate - PVH,,14.00,,,14
Sebastián Santangelo,RODOLFO OLIVRY,2026,diciembre,Bolichera - PVH,,13.00,,,13
Sebastián Santangelo,RODOLFO OLIVRY,2026,diciembre,Ceres - PVH,,15.00,,,15
Sebastián Santangelo,RODOLFO OLIVRY,2026,diciembre,Chosica - PVH,,14.00,,,14
Sebastián Santangelo,RODOLFO OLIVRY,2026,diciembre,El Agustino - PVH,,15.00,,,15
Sebastián Santangelo,RODOLFO OLIVRY,2026,diciembre,Grifo Mexico - PVH,,16.00,,,16
Sebastián Santangelo,RODOLFO OLIVRY,2026,diciembre,Guardia Civil - PVH,,13.00,,,13
Sebastián Santangelo,RODOLFO OLIVRY,2026,diciembre,La Curva - PVH,,14.00,,,14
Sebastián Santangelo,RODOLFO OLIVRY,2026,diciembre,LurIn - PVH,,14.00,,,14
Sebastián Santangelo,RODOLFO OLIVRY,2026,diciembre,Primavera - PVH,,13.00,,,13
Sebastián Santangelo,RODOLFO OLIVRY,2026,diciembre,Puruchuco - PVH,,14.00,,,14
Sebastián Santangelo,RODOLFO OLIVRY,2026,diciembre,Santa Clara - PVH,,14.00,,,14
Sebastián Santangelo,RODOLFO OLIVRY,2026,diciembre,SJ Lurigancho - PVH,,14.00,,,14
Sebastián Santangelo,RODOLFO OLIVRY,2026,diciembre,SJL Aventura - PVH,,14.00,,,14
Sebastián Santangelo,RODOLFO OLIVRY,2026,diciembre,Ves Placita - PVH,,14.00,,,14
Sebastián Santangelo,VIK ENCISO,2025,enero,Acho - PVH,14.63,15.00,180500.86700000003,740302,15
Sebastián Santangelo,VIK ENCISO,2025,enero,Alfonso Ugarte - PVH,11.61,14.00,250416.94999999998,1294588,14
Sebastián Santangelo,VIK ENCISO,2025,enero,Brasil - PVH,9.56,13.00,397388.857,2493470,13
Sebastián Santangelo,VIK ENCISO,2025,enero,Brena - PVH,12.39,14.00,725654.6500000005,3514447,14
Sebastián Santangelo,VIK ENCISO,2025,enero,Callao - PVH,10.19,13.00,405511.77600000007,2386631,13
Sebastián Santangelo,VIK ENCISO,2025,enero,Centro Civico - PVH,13.00,15.00,534861.3499999996,2468441,15
Sebastián Santangelo,VIK ENCISO,2025,enero,Colonial - PVH,11.05,14.00,322178.48500000004,1749479,14
Sebastián Santangelo,VIK ENCISO,2025,enero,Comas - PVH,15.75,15.00,644424.7749999999,2455214,15
Sebastián Santangelo,VIK ENCISO,2025,enero,Izaguirre - PVH,12.50,14.00,595739.892,2860052,14
Sebastián Santangelo,VIK ENCISO,2025,enero,Los Olivos - PVH,10.83,14.00,537264.9539999997,2976363,14
Sebastián Santangelo,VIK ENCISO,2025,enero,Pro - PVH,15.69,16.00,913796.015,3495282,16
Sebastián Santangelo,VIK ENCISO,2025,enero,Puente Piedra - PVH,16.11,16.00,1107607.5300000007,4125618,16
Sebastián Santangelo,VIK ENCISO,2025,enero,Rimac Alcazar - PVH,13.68,14.00,644903.2169999997,2828044,14
Sebastián Santangelo,VIK ENCISO,2025,enero,Risso - PVH,11.18,14.00,603438.1510000001,3238700,14
Sebastián Santangelo,VIK ENCISO,2025,enero,San Miguel - PVH,11.05,13.00,502822.60099999956,2730647,13
Sebastián Santangelo,VIK ENCISO,2025,enero,Sucre - PVH,11.21,13.00,903581.95,4834352,13
Sebastián Santangelo,VIK ENCISO,2025,enero,Universitaria - PVH,11.09,14.00,433490.9600000001,2345946,14
Sebastián Santangelo,VIK ENCISO,2025,enero,Ventanilla - PVH,13.67,14.00,741562.9249999998,3255786,14
Sebastián Santangelo,VIK ENCISO,2025,febrero,Acho - PVH,13.34,15.00,191035.03499999997,859258,15
Sebastián Santangelo,VIK ENCISO,2025,febrero,Alfonso Ugarte - PVH,11.27,14.00,261918.37500000006,1393887,14
Sebastián Santangelo,VIK ENCISO,2025,febrero,Brasil - PVH,9.71,13.00,390101.50500000006,2409370,13
Sebastián Santangelo,VIK ENCISO,2025,febrero,Brena - PVH,13.02,14.00,738572.1999999998,3403125,14
Sebastián Santangelo,VIK ENCISO,2025,febrero,Callao - PVH,10.72,13.00,372744.82000000007,2086870,13
Sebastián Santangelo,VIK ENCISO,2025,febrero,Centro Civico - PVH,15.12,15.00,468619.46400000027,1859139,15
Sebastián Santangelo,VIK ENCISO,2025,febrero,Colonial - PVH,11.71,14.00,320528.98,1642716,14
Sebastián Santangelo,VIK ENCISO,2025,febrero,Comas - PVH,12.86,15.00,563855.22,2631739,15
Sebastián Santangelo,VIK ENCISO,2025,febrero,Izaguirre - PVH,12.42,14.00,583218.645,2818529,14
Sebastián Santangelo,VIK ENCISO,2025,febrero,Los Olivos - PVH,11.58,14.00,533586.935,2765799,14
Sebastián Santangelo,VIK ENCISO,2025,febrero,Pro - PVH,16.02,16.00,846124.746,3169318,16
Sebastián Santangelo,VIK ENCISO,2025,febrero,Puente Piedra - PVH,15.44,16.00,1079048.3299999998,4192394,16
Sebastián Santangelo,VIK ENCISO,2025,febrero,Rimac Alcazar - PVH,14.28,14.00,691221.824,2903487,14
Sebastián Santangelo,VIK ENCISO,2025,febrero,Risso - PVH,11.49,14.00,587120.2450000001,3066522,14
Sebastián Santangelo,VIK ENCISO,2025,febrero,San Miguel - PVH,11.40,13.00,502025.28000000026,2642651,13
Sebastián Santangelo,VIK ENCISO,2025,febrero,Sucre - PVH,11.12,13.00,860221.2599999995,4643034,13
Sebastián Santangelo,VIK ENCISO,2025,febrero,Universitaria - PVH,11.38,14.00,444527.32999999996,2343610,14
Sebastián Santangelo,VIK ENCISO,2025,febrero,Ventanilla - PVH,14.27,14.00,787050.51,3309553,14
Sebastián Santangelo,VIK ENCISO,2025,marzo,Acho - PVH,14.08,15.00,199888.37500000003,852074,15
Sebastián Santangelo,VIK ENCISO,2025,marzo,Alfonso Ugarte - PVH,11.32,14.00,290852.31500000006,1541392,14
Sebastián Santangelo,VIK ENCISO,2025,marzo,Brasil - PVH,10.25,13.00,459179.39499999996,2689067,13
Sebastián Santangelo,VIK ENCISO,2025,marzo,Brena - PVH,12.67,14.00,842399.1829999997,3989100,14
Sebastián Santangelo,VIK ENCISO,2025,marzo,Callao - PVH,11.14,13.00,477775.49,2573280,13
Sebastián Santangelo,VIK ENCISO,2025,marzo,Centro Civico - PVH,14.43,15.00,575554.3550000002,2393935,15
Sebastián Santangelo,VIK ENCISO,2025,marzo,Colonial - PVH,11.60,14.00,410083.855,2121738,14
Sebastián Santangelo,VIK ENCISO,2025,marzo,Comas - PVH,13.17,15.00,738108.3320000002,3361659,15
Sebastián Santangelo,VIK ENCISO,2025,marzo,Izaguirre - PVH,12.47,14.00,754220.638,3629663,14
Sebastián Santangelo,VIK ENCISO,2025,marzo,Los Olivos - PVH,11.42,14.00,641837.906,3372311,14
Sebastián Santangelo,VIK ENCISO,2025,marzo,Pro - PVH,15.81,16.00,1072407.041,4069869,16
Sebastián Santangelo,VIK ENCISO,2025,marzo,Puente Piedra - PVH,15.44,16.00,1344615.4039999999,5226662,16
Sebastián Santangelo,VIK ENCISO,2025,marzo,Rimac Alcazar - PVH,14.16,14.00,800551.3330000001,3392614,14
Sebastián Santangelo,VIK ENCISO,2025,marzo,Risso - PVH,11.76,14.00,661473.6210000002,3375656,14
Sebastián Santangelo,VIK ENCISO,2025,marzo,San Miguel - PVH,12.01,13.00,583555.8450000002,2916369,13
Sebastián Santangelo,VIK ENCISO,2025,marzo,Sucre - PVH,11.78,13.00,1005124.337000001,5120680,13
Sebastián Santangelo,VIK ENCISO,2025,marzo,Universitaria - PVH,11.83,14.00,541331.2900000002,2746476,14
Sebastián Santangelo,VIK ENCISO,2025,marzo,Ventanilla - PVH,14.43,14.00,946168.3650000002,3935209,14
Sebastián Santangelo,VIK ENCISO,2025,abril,Acho - PVH,12.43,15.00,192622.39500000008,929567,15
Sebastián Santangelo,VIK ENCISO,2025,abril,Alfonso Ugarte - PVH,11.12,14.00,230628.58999999997,1244875,14
Sebastián Santangelo,VIK ENCISO,2025,abril,Brasil - PVH,11.13,13.00,394433.44099999993,2126838,13
Sebastián Santangelo,VIK ENCISO,2025,abril,Brena - PVH,11.49,14.00,703406.6919999999,3673181,14
Sebastián Santangelo,VIK ENCISO,2025,abril,Callao - PVH,9.56,13.00,382665.56200000003,2402785,13
Sebastián Santangelo,VIK ENCISO,2025,abril,Centro Civico - PVH,13.22,15.00,543303.1330000001,2465166,15
Sebastián Santangelo,VIK ENCISO,2025,abril,Colonial - PVH,10.91,14.00,338793.8959999999,1863616,14
Sebastián Santangelo,VIK ENCISO,2025,abril,Comas - PVH,13.67,15.00,594297.774,2608938,15
Sebastián Santangelo,VIK ENCISO,2025,abril,Izaguirre - PVH,13.40,14.00,593018.7550000001,2654571,14
Sebastián Santangelo,VIK ENCISO,2025,abril,Los Olivos - PVH,11.03,14.00,537244.1680000001,2921510,14
Sebastián Santangelo,VIK ENCISO,2025,abril,Pro - PVH,16.67,16.00,917763.494,3303761,16
Sebastián Santangelo,VIK ENCISO,2025,abril,Puente Piedra - PVH,16.15,16.00,1086585.0720000004,4037517,16
Sebastián Santangelo,VIK ENCISO,2025,abril,Rimac Alcazar - PVH,13.35,14.00,660825.1230000001,2971036,14
Sebastián Santangelo,VIK ENCISO,2025,abril,Risso - PVH,11.49,14.00,560189.74,2925799,14
Sebastián Santangelo,VIK ENCISO,2025,abril,San Miguel - PVH,11.70,13.00,482676.7900000001,2474838,13
Sebastián Santangelo,VIK ENCISO,2025,abril,Sucre - PVH,11.65,13.00,771855.4959999998,3973773,13
Sebastián Santangelo,VIK ENCISO,2025,abril,Universitaria - PVH,11.82,14.00,395442.22199999983,2007951,14
Sebastián Santangelo,VIK ENCISO,2025,abril,Ventanilla - PVH,14.04,14.00,747424.9149999999,3193060,14
Sebastián Santangelo,VIK ENCISO,2025,mayo,Acho - PVH,13.17,15.00,201252.74000000005,917091,15
Sebastián Santangelo,VIK ENCISO,2025,mayo,Alfonso Ugarte - PVH,10.86,14.00,230804.27000000005,1275342,14
Sebastián Santangelo,VIK ENCISO,2025,mayo,Brasil - PVH,11.32,13.00,396729.2399999998,2102132,13
Sebastián Santangelo,VIK ENCISO,2025,mayo,Brena - PVH,11.44,14.00,736117.4099999999,3860636,14
Sebastián Santangelo,VIK ENCISO,2025,mayo,Callao - PVH,9.28,13.00,418319.94,2705282,13
Sebastián Santangelo,VIK ENCISO,2025,mayo,Centro Civico - PVH,12.82,15.00,568103.4599999998,2659477,15
Sebastián Santangelo,VIK ENCISO,2025,mayo,Colonial - PVH,11.23,14.00,343182.30999999994,1833765,14
Sebastián Santangelo,VIK ENCISO,2025,mayo,Comas - PVH,12.96,15.00,585282.73,2710096,15
Sebastián Santangelo,VIK ENCISO,2025,mayo,Izaguirre - PVH,12.73,14.00,623278.6700000003,2937320,14
Sebastián Santangelo,VIK ENCISO,2025,mayo,Los Olivos - PVH,11.16,14.00,535458.5899999999,2879297,14
Sebastián Santangelo,VIK ENCISO,2025,mayo,Pro - PVH,16.44,16.00,936190.8800000001,3417516,16
Sebastián Santangelo,VIK ENCISO,2025,mayo,Puente Piedra - PVH,16.11,16.00,1118033.8000000003,4163927,16
Sebastián Santangelo,VIK ENCISO,2025,mayo,Rimac Alcazar - PVH,13.74,14.00,689913.0699999997,3013146,14
Sebastián Santangelo,VIK ENCISO,2025,mayo,Risso - PVH,10.78,14.00,573110.1799999998,3190668,14
Sebastián Santangelo,VIK ENCISO,2025,mayo,San Miguel - PVH,11.43,13.00,487246.79000000004,2557229,13
Sebastián Santangelo,VIK ENCISO,2025,mayo,Sucre - PVH,10.67,13.00,789586.0299999999,4440391,13
Sebastián Santangelo,VIK ENCISO,2025,mayo,Universitaria - PVH,11.66,14.00,416718.51,2143943,14
Sebastián Santangelo,VIK ENCISO,2025,mayo,Ventanilla - PVH,13.78,14.00,774129.76,3369624,14
Sebastián Santangelo,VIK ENCISO,2025,junio,Acho - PVH,12.47,15.00,196066.97999999995,943646,15
Sebastián Santangelo,VIK ENCISO,2025,junio,Alfonso Ugarte - PVH,10.39,14.00,217075.74000000005,1253005,14
Sebastián Santangelo,VIK ENCISO,2025,junio,Brasil - PVH,11.56,13.00,384229.64,1994972,13
Sebastián Santangelo,VIK ENCISO,2025,junio,Brena - PVH,11.30,14.00,697086.2599999999,3701795,14
Sebastián Santangelo,VIK ENCISO,2025,junio,Callao - PVH,9.63,13.00,390999.4099999999,2436460,13
Sebastián Santangelo,VIK ENCISO,2025,junio,Centro Civico - PVH,13.22,15.00,577144.1799999999,2619942,15
Sebastián Santangelo,VIK ENCISO,2025,junio,Colonial - PVH,10.65,14.00,324750.54000000004,1829742,14
Sebastián Santangelo,VIK ENCISO,2025,junio,Comas - PVH,13.30,15.00,561659.8299999998,2533973,15
Sebastián Santangelo,VIK ENCISO,2025,junio,Izaguirre - PVH,12.86,14.00,572561.4800000002,2671582,14
Sebastián Santangelo,VIK ENCISO,2025,junio,Los Olivos - PVH,11.03,14.00,497322.9099999998,2706067,14
Sebastián Santangelo,VIK ENCISO,2025,junio,Pro - PVH,17.33,16.00,902511.5100000002,3124376,16
Sebastián Santangelo,VIK ENCISO,2025,junio,Puente Piedra - PVH,15.96,16.00,1042039.4099999997,3917051,16
Sebastián Santangelo,VIK ENCISO,2025,junio,Rimac Alcazar - PVH,12.85,14.00,627873.5100000002,2931002,14
Sebastián Santangelo,VIK ENCISO,2025,junio,Risso - PVH,10.48,14.00,550816.3599999996,3152871,14
Sebastián Santangelo,VIK ENCISO,2025,junio,San Miguel - PVH,11.45,13.00,460425.26999999996,2411920,13
Sebastián Santangelo,VIK ENCISO,2025,junio,Sucre - PVH,10.67,13.00,858033.9199999998,4826613,13
Sebastián Santangelo,VIK ENCISO,2025,junio,Universitaria - PVH,10.87,14.00,389197.37,2148278,14
Sebastián Santangelo,VIK ENCISO,2025,junio,Ventanilla - PVH,13.77,14.00,707202.1099999998,3080579,14
Sebastián Santangelo,VIK ENCISO,2025,julio,Acho - PVH,13.53,15.00,198145.73,878471,15
Sebastián Santangelo,VIK ENCISO,2025,julio,Alfonso Ugarte - PVH,10.96,14.00,213107.82,1166463,14
Sebastián Santangelo,VIK ENCISO,2025,julio,Brasil - PVH,11.59,13.00,387141.9199999999,2003533,13
Sebastián Santangelo,VIK ENCISO,2025,julio,Brena - PVH,11.37,14.00,686363.6099999999,3621588,14
Sebastián Santangelo,VIK ENCISO,2025,julio,Callao - PVH,10.22,13.00,406729.04,2388550,13
Sebastián Santangelo,VIK ENCISO,2025,julio,Centro Civico - PVH,14.31,15.00,580141.5799999998,2432256,15
Sebastián Santangelo,VIK ENCISO,2025,julio,Colonial - PVH,11.28,14.00,311121.85,1655114,14
Sebastián Santangelo,VIK ENCISO,2025,julio,Comas - PVH,13.76,15.00,552231.5199999999,2408160,15
Sebastián Santangelo,VIK ENCISO,2025,julio,Izaguirre - PVH,13.17,14.00,564012.98,2570182,14
Sebastián Santangelo,VIK ENCISO,2025,julio,Los Olivos - PVH,11.48,14.00,515838.82,2697111,14
Sebastián Santangelo,VIK ENCISO,2025,julio,Pro - PVH,18.28,16.00,931365.5099999998,3057190,16
Sebastián Santangelo,VIK ENCISO,2025,julio,Puente Piedra - PVH,16.21,16.00,1061281.49,3927502,16
Sebastián Santangelo,VIK ENCISO,2025,julio,Rimac Alcazar - PVH,13.69,14.00,642641.7200000002,2816353,14
Sebastián Santangelo,VIK ENCISO,2025,julio,Risso - PVH,11.31,14.00,556262.0599999998,2951701,14
Sebastián Santangelo,VIK ENCISO,2025,julio,San Miguel - PVH,11.47,13.00,454792.21999999986,2379023,13
Sebastián Santangelo,VIK ENCISO,2025,julio,Sucre - PVH,11.21,13.00,818130.25,4377371,13
Sebastián Santangelo,VIK ENCISO,2025,julio,Universitaria - PVH,11.60,14.00,383225.88999999996,1982873,14
Sebastián Santangelo,VIK ENCISO,2025,julio,Ventanilla - PVH,15.17,14.00,823166.0599999999,3255764,14
Sebastián Santangelo,VIK ENCISO,2025,agosto,Acho - PVH,14.54,15.00,200291.92999999996,826579,15
Sebastián Santangelo,VIK ENCISO,2025,agosto,Alfonso Ugarte - PVH,10.42,14.00,193750.94,1115959,14
Sebastián Santangelo,VIK ENCISO,2025,agosto,Brasil - PVH,10.68,13.00,399896.31999999995,2246837,13
Sebastián Santangelo,VIK ENCISO,2025,agosto,Brena - PVH,11.37,14.00,710223.7499999999,3748620,14
Sebastián Santangelo,VIK ENCISO,2025,agosto,Callao - PVH,10.50,13.00,411178.9800000001,2349097,13
Sebastián Santangelo,VIK ENCISO,2025,agosto,Centro Civico - PVH,13.33,15.00,579010.58,2605890,15
Sebastián Santangelo,VIK ENCISO,2025,agosto,Colonial - PVH,11.32,14.00,305073.63,1616704,14
Sebastián Santangelo,VIK ENCISO,2025,agosto,Comas - PVH,13.93,15.00,503993.32999999996,2171103,15
Sebastián Santangelo,VIK ENCISO,2025,agosto,Izaguirre - PVH,13.57,14.00,550713.9800000001,2435026,14
Sebastián Santangelo,VIK ENCISO,2025,agosto,Los Olivos - PVH,12.46,14.00,537878.52,2590504,14
Sebastián Santangelo,VIK ENCISO,2025,agosto,Pro - PVH,16.95,16.00,847253.8799999998,2999425,16
Sebastián Santangelo,VIK ENCISO,2025,agosto,Puente Piedra - PVH,15.48,16.00,1079758.9999999995,4184014,16
Sebastián Santangelo,VIK ENCISO,2025,agosto,Rimac Alcazar - PVH,12.47,14.00,626379.79,3013377,14
Sebastián Santangelo,VIK ENCISO,2025,agosto,Risso - PVH,11.20,14.00,540199.8600000001,2893283,14
Sebastián Santangelo,VIK ENCISO,2025,agosto,San Miguel - PVH,11.09,13.00,469207.32,2539085,13
Sebastián Santangelo,VIK ENCISO,2025,agosto,Sucre - PVH,11.49,13.00,814572.3899999997,4252549,13
Sebastián Santangelo,VIK ENCISO,2025,agosto,Universitaria - PVH,13.63,14.00,396722.79000000004,1746032,14
Sebastián Santangelo,VIK ENCISO,2025,agosto,Ventanilla - PVH,15.13,14.00,788303.8099999999,3125568,14
Sebastián Santangelo,VIK ENCISO,2025,septiembre,Acho - PVH,14.52,15.00,187693.15000000002,775555,15
Sebastián Santangelo,VIK ENCISO,2025,septiembre,Alfonso Ugarte - PVH,10.00,14.00,167203.27,1003063,14
Sebastián Santangelo,VIK ENCISO,2025,septiembre,Brasil - PVH,11.44,13.00,380783.48,1996544,13
Sebastián Santangelo,VIK ENCISO,2025,septiembre,Brena - PVH,10.69,14.00,660650.2100000002,3707884,14
Sebastián Santangelo,VIK ENCISO,2025,septiembre,Callao - PVH,10.59,13.00,386171.8399999999,2187160,13
Sebastián Santangelo,VIK ENCISO,2025,septiembre,Centro Civico - PVH,13.08,15.00,516233.44999999966,2367946,15
Sebastián Santangelo,VIK ENCISO,2025,septiembre,Colonial - PVH,11.75,14.00,287511.57000000007,1467521,14
Sebastián Santangelo,VIK ENCISO,2025,septiembre,Comas - PVH,14.50,15.00,432573.8,1790303,15
Sebastián Santangelo,VIK ENCISO,2025,septiembre,Izaguirre - PVH,13.66,14.00,470642.27999999997,2067157,14
Sebastián Santangelo,VIK ENCISO,2025,septiembre,Los Olivos - PVH,13.95,14.00,499734.56999999995,2149449,14
Sebastián Santangelo,VIK ENCISO,2025,septiembre,Pro - PVH,16.38,16.00,816399.1299999998,2990967,16
Sebastián Santangelo,VIK ENCISO,2025,septiembre,Puente Piedra - PVH,15.57,16.00,985815.4300000009,3798691,16
Sebastián Santangelo,VIK ENCISO,2025,septiembre,Rimac Alcazar - PVH,12.54,14.00,618540.4599999995,2958484,14
Sebastián Santangelo,VIK ENCISO,2025,septiembre,Risso - PVH,11.62,14.00,514290.9199999997,2656512,14
Sebastián Santangelo,VIK ENCISO,2025,septiembre,San Miguel - PVH,11.75,13.00,405218.7100000001,2069348,13
Sebastián Santangelo,VIK ENCISO,2025,septiembre,Sucre - PVH,11.44,13.00,781757.6400000002,4100544,13
Sebastián Santangelo,VIK ENCISO,2025,septiembre,Universitaria - PVH,14.51,14.00,334282.37999999995,1382168,14
Sebastián Santangelo,VIK ENCISO,2025,septiembre,Ventanilla - PVH,15.06,14.00,739851.35,2948150,14
Sebastián Santangelo,VIK ENCISO,2025,octubre,Acho - PVH,15.71,15.00,196634.86000000002,750855,15
Sebastián Santangelo,VIK ENCISO,2025,octubre,Alfonso Ugarte - PVH,9.76,14.00,175684.91000000003,1080049,14
Sebastián Santangelo,VIK ENCISO,2025,octubre,Brasil - PVH,12.01,13.00,372311.88000000006,1859899,13
Sebastián Santangelo,VIK ENCISO,2025,octubre,Brena - PVH,11.21,14.00,700620.7399999998,3750823,14
Sebastián Santangelo,VIK ENCISO,2025,octubre,Callao - PVH,11.58,13.00,388199.45999999996,2010868,13
Sebastián Santangelo,VIK ENCISO,2025,octubre,Centro Civico - PVH,13.18,15.00,509906.6199999999,2320988,15
Sebastián Santangelo,VIK ENCISO,2025,octubre,Colonial - PVH,12.45,14.00,291002.84999999986,1402488,14
Sebastián Santangelo,VIK ENCISO,2025,octubre,Comas - PVH,14.83,15.00,460354.61000000016,1862169,15
Sebastián Santangelo,VIK ENCISO,2025,octubre,Izaguirre - PVH,14.25,14.00,491613.05999999994,2070668,14
Sebastián Santangelo,VIK ENCISO,2025,octubre,Los Olivos - PVH,14.53,14.00,500855.52,2067726,14
Sebastián Santangelo,VIK ENCISO,2025,octubre,Pro - PVH,18.35,16.00,867310.2400000005,2835819,16
Sebastián Santangelo,VIK ENCISO,2025,octubre,Puente Piedra - PVH,17.38,16.00,1073904.6600000001,3707800,16
Sebastián Santangelo,VIK ENCISO,2025,octubre,Rimac Alcazar - PVH,12.70,14.00,638855.7600000002,3019074,14
Sebastián Santangelo,VIK ENCISO,2025,octubre,Risso - PVH,12.19,14.00,519874.12,2558167,14
Sebastián Santangelo,VIK ENCISO,2025,octubre,San Miguel - PVH,12.68,13.00,406738.9099999999,1925330,13
Sebastián Santangelo,VIK ENCISO,2025,octubre,Sucre - PVH,11.39,13.00,708477.3500000002,3732228,13
Sebastián Santangelo,VIK ENCISO,2025,octubre,Universitaria - PVH,13.83,14.00,328681.26999999996,1425473,14
Sebastián Santangelo,VIK ENCISO,2025,octubre,Ventanilla - PVH,14.93,14.00,756736.09,3040276,14
Sebastián Santangelo,VIK ENCISO,2025,noviembre,Acho - PVH,15.49,15.00,168023.51,650877,15
Sebastián Santangelo,VIK ENCISO,2025,noviembre,Alfonso Ugarte - PVH,9.82,14.00,214928.90000000002,1312928,14
Sebastián Santangelo,VIK ENCISO,2025,noviembre,Brasil - PVH,11.31,13.00,406761.3199999999,2158035,13
Sebastián Santangelo,VIK ENCISO,2025,noviembre,Brena - PVH,11.93,14.00,747627.4999999999,3760833,14
Sebastián Santangelo,VIK ENCISO,2025,noviembre,Callao - PVH,12.19,13.00,406201.1599999999,1999674,13
Sebastián Santangelo,VIK ENCISO,2025,noviembre,Centro Civico - PVH,12.72,15.00,582079.3700000001,2746667,15
Sebastián Santangelo,VIK ENCISO,2025,noviembre,Colonial - PVH,12.54,14.00,316661.95999999996,1515228,14
Sebastián Santangelo,VIK ENCISO,2025,noviembre,Comas - PVH,14.14,15.00,505330.2799999999,2144580,15
Sebastián Santangelo,VIK ENCISO,2025,noviembre,Izaguirre - PVH,13.52,14.00,578566.96,2567445,14
Sebastián Santangelo,VIK ENCISO,2025,noviembre,Los Olivos - PVH,13.88,14.00,524863.1,2268368,14
Sebastián Santangelo,VIK ENCISO,2025,noviembre,Pro - PVH,16.13,16.00,932429.8499999997,3468884,16
Sebastián Santangelo,VIK ENCISO,2025,noviembre,Puente Piedra - PVH,17.30,16.00,1113302.9800000004,3861713,16
Sebastián Santangelo,VIK ENCISO,2025,noviembre,Rimac Alcazar - PVH,13.09,14.00,660339.87,3027623,14
Sebastián Santangelo,VIK ENCISO,2025,noviembre,Risso - PVH,12.46,14.00,541229.97,2605637,14
Sebastián Santangelo,VIK ENCISO,2025,noviembre,San Miguel - PVH,11.06,13.00,432788.19,2347988,13
Sebastián Santangelo,VIK ENCISO,2025,noviembre,Sucre - PVH,10.98,13.00,845004.4899999999,4616343,13
Sebastián Santangelo,VIK ENCISO,2025,noviembre,Universitaria - PVH,13.27,14.00,342288.2,1547911,14
Sebastián Santangelo,VIK ENCISO,2025,noviembre,Ventanilla - PVH,15.34,14.00,805482.92,3150702,14
Sebastián Santangelo,VIK ENCISO,2025,diciembre,Acho - PVH,13.55,15.00,239339.19999999995,1059538,15
Sebastián Santangelo,VIK ENCISO,2025,diciembre,Alfonso Ugarte - PVH,8.83,14.00,319244.38999999996,2169397,14
Sebastián Santangelo,VIK ENCISO,2025,diciembre,Brasil - PVH,10.54,13.00,538321.1100000002,3064799,13
Sebastián Santangelo,VIK ENCISO,2025,diciembre,Brena - PVH,12.03,14.00,920456.7699999997,4589339,14
Sebastián Santangelo,VIK ENCISO,2025,diciembre,Callao - PVH,11.02,13.00,528104.1099999999,2874654,13
Sebastián Santangelo,VIK ENCISO,2025,diciembre,Centro Civico - PVH,13.62,15.00,795521.1399999999,3504380,15
Sebastián Santangelo,VIK ENCISO,2025,diciembre,Colonial - PVH,11.26,14.00,419617.2400000001,2236219,14
Sebastián Santangelo,VIK ENCISO,2025,diciembre,Comas - PVH,14.99,15.00,765436.6700000002,3063256,15
Sebastián Santangelo,VIK ENCISO,2025,diciembre,Izaguirre - PVH,13.17,14.00,959011.52,4370277,14
Sebastián Santangelo,VIK ENCISO,2025,diciembre,Los Olivos - PVH,12.36,14.00,674354.76,3272637,14
Sebastián Santangelo,VIK ENCISO,2025,diciembre,Pro - PVH,15.57,16.00,1279191.0300000003,4930580,16
Sebastián Santangelo,VIK ENCISO,2025,diciembre,Puente Piedra - PVH,16.94,16.00,1549561.9000000001,5486941,16
Sebastián Santangelo,VIK ENCISO,2025,diciembre,Rimac Alcazar - PVH,13.03,14.00,847232.9099999999,3900122,14
Sebastián Santangelo,VIK ENCISO,2025,diciembre,Risso - PVH,11.41,14.00,634088.44,3334492,14
Sebastián Santangelo,VIK ENCISO,2025,diciembre,San Miguel - PVH,10.50,13.00,584770.5600000005,3342552,13
Sebastián Santangelo,VIK ENCISO,2025,diciembre,Sucre - PVH,10.58,13.00,1060364.3799999997,6016221,13
Sebastián Santangelo,VIK ENCISO,2025,diciembre,Universitaria - PVH,11.04,14.00,495301.5299999999,2691428,14
Sebastián Santangelo,VIK ENCISO,2025,diciembre,Ventanilla - PVH,14.58,14.00,1067315.6800000002,4390984,14
Sebastián Santangelo,VIK ENCISO,2026,enero,Acho - PVH,12.41,15.00,189853.98,918194,15
Sebastián Santangelo,VIK ENCISO,2026,enero,Alfonso Ugarte - PVH,8.69,14.00,200732.13000000006,1386566,14
Sebastián Santangelo,VIK ENCISO,2026,enero,Brasil - PVH,10.28,13.00,422465.26,2466710,13
Sebastián Santangelo,VIK ENCISO,2026,enero,Brena - PVH,11.49,14.00,668877.2400000002,3492702,14
Sebastián Santangelo,VIK ENCISO,2026,enero,Callao - PVH,10.59,13.00,373226.72999999975,2114568,13
Sebastián Santangelo,VIK ENCISO,2026,enero,Centro Civico - PVH,12.29,15.00,538692.4200000002,2630064,15
Sebastián Santangelo,VIK ENCISO,2026,enero,Colonial - PVH,11.20,14.00,306529.3200000001,1642726,14
Sebastián Santangelo,VIK ENCISO,2026,enero,Comas - PVH,14.11,15.00,486029.0099999999,2066389,15
Sebastián Santangelo,VIK ENCISO,2026,enero,Izaguirre - PVH,11.55,14.00,490806.84999999986,2548604,14
Sebastián Santangelo,VIK ENCISO,2026,enero,Los Olivos - PVH,12.70,14.00,516156.02000000037,2438972,14
Sebastián Santangelo,VIK ENCISO,2026,enero,Pro - PVH,14.64,16.00,783739.7000000002,3211991,16
Sebastián Santangelo,VIK ENCISO,2026,enero,Puente Piedra - PVH,14.43,16.00,949878.6099999998,3949745,16
Sebastián Santangelo,VIK ENCISO,2026,enero,Rimac Alcazar - PVH,11.92,14.00,613369.0499999999,3088044,14
Sebastián Santangelo,VIK ENCISO,2026,enero,Risso - PVH,10.28,14.00,527049.3300000001,3077297,14
Sebastián Santangelo,VIK ENCISO,2026,enero,San Miguel - PVH,10.94,13.00,473326.9000000001,2595544,13
Sebastián Santangelo,VIK ENCISO,2026,enero,Sucre - PVH,10.77,13.00,864677.9199999997,4816968,13
Sebastián Santangelo,VIK ENCISO,2026,enero,Universitaria - PVH,11.39,14.00,355960.00999999995,1875117,14
Sebastián Santangelo,VIK ENCISO,2026,enero,Ventanilla - PVH,12.84,14.00,707501.22,3305408,14
Sebastián Santangelo,VIK ENCISO,2026,febrero,Acho - PVH,14.70,15.00,188156.15,767924,15
Sebastián Santangelo,VIK ENCISO,2026,febrero,Alfonso Ugarte - PVH,8.82,14.00,209244.11000000013,1423613,14
Sebastián Santangelo,VIK ENCISO,2026,febrero,Brasil - PVH,10.51,13.00,400742.33999999985,2287662,13
Sebastián Santangelo,VIK ENCISO,2026,febrero,Brena - PVH,11.15,14.00,647003.52,3482857,14
Sebastián Santangelo,VIK ENCISO,2026,febrero,Callao - PVH,12.03,13.00,354073.51,1765696,13
Sebastián Santangelo,VIK ENCISO,2026,febrero,Centro Civico - PVH,13.63,15.00,557793.4099999999,2455593,15
Sebastián Santangelo,VIK ENCISO,2026,febrero,Colonial - PVH,12.28,14.00,294048.75000000006,1436341,14
Sebastián Santangelo,VIK ENCISO,2026,febrero,Comas - PVH,15.54,15.00,474777.30000000016,1833173,15
Sebastián Santangelo,VIK ENCISO,2026,febrero,Izaguirre - PVH,13.75,14.00,503305.69999999995,2196171,14
Sebastián Santangelo,VIK ENCISO,2026,febrero,Los Olivos - PVH,13.68,14.00,524825.3000000002,2301094,14
Sebastián Santangelo,VIK ENCISO,2026,febrero,Pro - PVH,15.48,16.00,814482.7399999995,3157053,16
Sebastián Santangelo,VIK ENCISO,2026,febrero,Puente Piedra - PVH,16.15,16.00,995797.0899999999,3698898,16
Sebastián Santangelo,VIK ENCISO,2026,febrero,Rimac Alcazar - PVH,12.89,14.00,626810.8000000002,2918030,14
Sebastián Santangelo,VIK ENCISO,2026,febrero,Risso - PVH,10.64,14.00,533484.3599999994,3008046,14
Sebastián Santangelo,VIK ENCISO,2026,febrero,San Miguel - PVH,11.68,13.00,445408.6999999997,2287929,13
Sebastián Santangelo,VIK ENCISO,2026,febrero,Sucre - PVH,10.91,13.00,850032.4199999997,4672976,13
Sebastián Santangelo,VIK ENCISO,2026,febrero,Universitaria - PVH,12.32,14.00,361700.1300000001,1761398,14
Sebastián Santangelo,VIK ENCISO,2026,febrero,Ventanilla - PVH,13.34,14.00,685306.4800000001,3082357,14
Sebastián Santangelo,VIK ENCISO,2026,marzo,Acho - PVH,15.90,15.00,215365.64000000004,812895,15
Sebastián Santangelo,VIK ENCISO,2026,marzo,Alfonso Ugarte - PVH,10.26,14.00,248727.91,1454462,14
Sebastián Santangelo,VIK ENCISO,2026,marzo,Brasil - PVH,11.50,13.00,480271.48000000004,2506669,13
Sebastián Santangelo,VIK ENCISO,2026,marzo,Brena - PVH,11.47,14.00,781332.3200000001,4087930,14
Sebastián Santangelo,VIK ENCISO,2026,marzo,Callao - PVH,12.08,13.00,443577.71,2202480,13
Sebastián Santangelo,VIK ENCISO,2026,marzo,Centro Civico - PVH,11.08,15.00,644425.4700000001,3489180,15
Sebastián Santangelo,VIK ENCISO,2026,marzo,Colonial - PVH,13.33,14.00,365452.83999999997,1644792,14
Sebastián Santangelo,VIK ENCISO,2026,marzo,Comas - PVH,15.56,15.00,575787.8300000002,2220815,15
Sebastián Santangelo,VIK ENCISO,2026,marzo,Izaguirre - PVH,13.54,14.00,626466.4800000002,2776299,14
Sebastián Santangelo,VIK ENCISO,2026,marzo,Los Olivos - PVH,13.89,14.00,634778.5500000005,2742503,14
Sebastián Santangelo,VIK ENCISO,2026,marzo,Pro - PVH,16.03,16.00,984434.7100000004,3684626,16
Sebastián Santangelo,VIK ENCISO,2026,marzo,Puente Piedra - PVH,15.78,16.00,1180825.2399999998,4488999,16
Sebastián Santangelo,VIK ENCISO,2026,marzo,Rimac Alcazar - PVH,12.79,14.00,765506.89,3592031,14
Sebastián Santangelo,VIK ENCISO,2026,marzo,Risso - PVH,11.91,14.00,599809.6200000002,3021539,14
Sebastián Santangelo,VIK ENCISO,2026,marzo,San Miguel - PVH,12.57,13.00,481074.5900000001,2296333,13
Sebastián Santangelo,VIK ENCISO,2026,marzo,Sucre - PVH,11.56,13.00,974207.0399999999,5056566,13
Sebastián Santangelo,VIK ENCISO,2026,marzo,Universitaria - PVH,12.59,14.00,452349.58999999997,2155030,14
Sebastián Santangelo,VIK ENCISO,2026,marzo,Ventanilla - PVH,14.43,14.00,856569.5800000001,3560561,14
Sebastián Santangelo,VIK ENCISO,2026,abril,Acho - PVH,16.10,15.00,175289.75999999995,653355,15
Sebastián Santangelo,VIK ENCISO,2026,abril,Alfonso Ugarte - PVH,12.90,14.00,219552.68999999997,1021299,14
Sebastián Santangelo,VIK ENCISO,2026,abril,Brasil - PVH,12.06,13.00,397999.66,1980374,13
Sebastián Santangelo,VIK ENCISO,2026,abril,Brena - PVH,11.87,14.00,657469.75,3324307,14
Sebastián Santangelo,VIK ENCISO,2026,abril,Callao - PVH,11.68,13.00,388383.82000000007,1994571,13
Sebastián Santangelo,VIK ENCISO,2026,abril,Centro Civico - PVH,12.54,15.00,536250.8099999998,2565647,15
Sebastián Santangelo,VIK ENCISO,2026,abril,Colonial - PVH,13.64,14.00,282844.01,1243835,14
Sebastián Santangelo,VIK ENCISO,2026,abril,Comas - PVH,15.96,15.00,502325.67000000004,1888856,15
Sebastián Santangelo,VIK ENCISO,2026,abril,Izaguirre - PVH,13.73,14.00,468564.04999999993,2047256,14
Sebastián Santangelo,VIK ENCISO,2026,abril,Los Olivos - PVH,14.06,14.00,506054.4999999999,2159359,14
Sebastián Santangelo,VIK ENCISO,2026,abril,Pro - PVH,16.95,16.00,817396.7100000003,2894125,16
Sebastián Santangelo,VIK ENCISO,2026,abril,Puente Piedra - PVH,17.38,16.00,971684.6299999999,3353806,16
Sebastián Santangelo,VIK ENCISO,2026,abril,Rimac Alcazar - PVH,13.63,14.00,654745.3500000001,2882900,14
Sebastián Santangelo,VIK ENCISO,2026,abril,Risso - PVH,12.61,14.00,474675.8400000002,2258166,14
Sebastián Santangelo,VIK ENCISO,2026,abril,San Miguel - PVH,11.46,13.00,433788.12000000034,2270977,13
Sebastián Santangelo,VIK ENCISO,2026,abril,Sucre - PVH,11.35,13.00,833776.7800000003,4407555,13
Sebastián Santangelo,VIK ENCISO,2026,abril,Universitaria - PVH,12.94,14.00,329962.4200000002,1530362,14
Sebastián Santangelo,VIK ENCISO,2026,abril,Ventanilla - PVH,14.54,14.00,675237.3300000002,2786596,14
Sebastián Santangelo,VIK ENCISO,2026,mayo,Acho - PVH,15.73,15.00,181345.99,691819,15
Sebastián Santangelo,VIK ENCISO,2026,mayo,Alfonso Ugarte - PVH,12.20,14.00,234157.70000000007,1151608,14
Sebastián Santangelo,VIK ENCISO,2026,mayo,Brasil - PVH,12.17,13.00,425225.8200000001,2096484,13
Sebastián Santangelo,VIK ENCISO,2026,mayo,Brena - PVH,12.69,14.00,725177.2200000002,3429020,14
Sebastián Santangelo,VIK ENCISO,2026,mayo,Callao - PVH,11.65,13.00,366517.32999999996,1887183,13
Sebastián Santangelo,VIK ENCISO,2026,mayo,Centro Civico - PVH,13.94,15.00,586183.33,2523092,15
Sebastián Santangelo,VIK ENCISO,2026,mayo,Colonial - PVH,11.85,14.00,325681.12,1648727,14
Sebastián Santangelo,VIK ENCISO,2026,mayo,Comas - PVH,15.00,15.00,515816.60000000003,2062783,15
Sebastián Santangelo,VIK ENCISO,2026,mayo,Izaguirre - PVH,13.73,14.00,510018.6700000001,2228675,14
Sebastián Santangelo,VIK ENCISO,2026,mayo,Los Olivos - PVH,14.18,14.00,530142.5199999997,2243821,14
Sebastián Santangelo,VIK ENCISO,2026,mayo,Pro - PVH,16.40,16.00,901372.9500000002,3298125,16
Sebastián Santangelo,VIK ENCISO,2026,mayo,Puente Piedra - PVH,15.29,16.00,1046974.8899999998,4107590,16
Sebastián Santangelo,VIK ENCISO,2026,mayo,Rimac Alcazar - PVH,14.61,14.00,692186.5500000002,2842643,14
Sebastián Santangelo,VIK ENCISO,2026,mayo,Risso - PVH,12.90,14.00,514084.11,2390958,14
Sebastián Santangelo,VIK ENCISO,2026,mayo,San Miguel - PVH,11.89,13.00,489644.98,2470261,13
Sebastián Santangelo,VIK ENCISO,2026,mayo,Sucre - PVH,11.13,13.00,949042.05,5115701,13
Sebastián Santangelo,VIK ENCISO,2026,mayo,Universitaria - PVH,13.37,14.00,348441.8999999999,1564149,14
Sebastián Santangelo,VIK ENCISO,2026,mayo,Ventanilla - PVH,15.82,14.00,778198.9900000002,2951602,14
Sebastián Santangelo,VIK ENCISO,2026,junio,Acho - PVH,14.93,15.00,171442.37,688911,15
Sebastián Santangelo,VIK ENCISO,2026,junio,Alfonso Ugarte - PVH,11.61,14.00,202890.04999999996,1048351,14
Sebastián Santangelo,VIK ENCISO,2026,junio,Brasil - PVH,12.15,13.00,406088.2699999999,2005359,13
Sebastián Santangelo,VIK ENCISO,2026,junio,Brena - PVH,13.72,14.00,682117.4199999999,2983751,14
Sebastián Santangelo,VIK ENCISO,2026,junio,Callao - PVH,12.02,13.00,376605.94,1879396,13
Sebastián Santangelo,VIK ENCISO,2026,junio,Centro Civico - PVH,13.59,15.00,519102.15,2291863,15
Sebastián Santangelo,VIK ENCISO,2026,junio,Colonial - PVH,11.93,14.00,318877.47,1603845,14
Sebastián Santangelo,VIK ENCISO,2026,junio,Comas - PVH,15.33,15.00,425054.45,1663896,15
Sebastián Santangelo,VIK ENCISO,2026,junio,Izaguirre - PVH,13.54,14.00,470602.97999999975,2086003,14
Sebastián Santangelo,VIK ENCISO,2026,junio,Los Olivos - PVH,13.14,14.00,498041.24,2274150,14
Sebastián Santangelo,VIK ENCISO,2026,junio,Pro - PVH,16.06,16.00,800653.1699999999,2991278,16
Sebastián Santangelo,VIK ENCISO,2026,junio,Puente Piedra - PVH,15.85,16.00,967838.2700000001,3663578,16
Sebastián Santangelo,VIK ENCISO,2026,junio,Rimac Alcazar - PVH,14.20,14.00,629857.5,2661448,14
Sebastián Santangelo,VIK ENCISO,2026,junio,Risso - PVH,12.50,14.00,479863.57,2302679,14
Sebastián Santangelo,VIK ENCISO,2026,junio,San Miguel - PVH,11.61,13.00,462535.78999999963,2389709,13
Sebastián Santangelo,VIK ENCISO,2026,junio,Sucre - PVH,11.60,13.00,888583.67,4595986,13
Sebastián Santangelo,VIK ENCISO,2026,junio,Universitaria - PVH,13.22,14.00,303869.1699999999,1378655,14
Sebastián Santangelo,VIK ENCISO,2026,junio,Ventanilla - PVH,14.81,14.00,689269.2899999998,2792706,14
Sebastián Santangelo,VIK ENCISO,2026,julio,Acho - PVH,,15.00,,,15
Sebastián Santangelo,VIK ENCISO,2026,julio,Alfonso Ugarte - PVH,,14.00,,,14
Sebastián Santangelo,VIK ENCISO,2026,julio,Brasil - PVH,,13.00,,,13
Sebastián Santangelo,VIK ENCISO,2026,julio,Brena - PVH,,14.00,,,14
Sebastián Santangelo,VIK ENCISO,2026,julio,Callao - PVH,,13.00,,,13
Sebastián Santangelo,VIK ENCISO,2026,julio,Centro Civico - PVH,,15.00,,,15
Sebastián Santangelo,VIK ENCISO,2026,julio,Colonial - PVH,,14.00,,,14
Sebastián Santangelo,VIK ENCISO,2026,julio,Comas - PVH,,15.00,,,15
Sebastián Santangelo,VIK ENCISO,2026,julio,Izaguirre - PVH,,14.00,,,14
Sebastián Santangelo,VIK ENCISO,2026,julio,Los Olivos - PVH,,14.00,,,14
Sebastián Santangelo,VIK ENCISO,2026,julio,Pro - PVH,,16.00,,,16
Sebastián Santangelo,VIK ENCISO,2026,julio,Puente Piedra - PVH,,16.00,,,16
Sebastián Santangelo,VIK ENCISO,2026,julio,Rimac Alcazar - PVH,,14.00,,,14
Sebastián Santangelo,VIK ENCISO,2026,julio,Risso - PVH,,14.00,,,14
Sebastián Santangelo,VIK ENCISO,2026,julio,San Miguel - PVH,,13.00,,,13
Sebastián Santangelo,VIK ENCISO,2026,julio,Sucre - PVH,,13.00,,,13
Sebastián Santangelo,VIK ENCISO,2026,julio,Universitaria - PVH,,14.00,,,14
Sebastián Santangelo,VIK ENCISO,2026,julio,Ventanilla - PVH,,14.00,,,14
Sebastián Santangelo,VIK ENCISO,2026,agosto,Acho - PVH,,15.00,,,15
Sebastián Santangelo,VIK ENCISO,2026,agosto,Alfonso Ugarte - PVH,,14.00,,,14
Sebastián Santangelo,VIK ENCISO,2026,agosto,Brasil - PVH,,13.00,,,13
Sebastián Santangelo,VIK ENCISO,2026,agosto,Brena - PVH,,14.00,,,14
Sebastián Santangelo,VIK ENCISO,2026,agosto,Callao - PVH,,13.00,,,13
Sebastián Santangelo,VIK ENCISO,2026,agosto,Centro Civico - PVH,,15.00,,,15
Sebastián Santangelo,VIK ENCISO,2026,agosto,Colonial - PVH,,14.00,,,14
Sebastián Santangelo,VIK ENCISO,2026,agosto,Comas - PVH,,15.00,,,15
Sebastián Santangelo,VIK ENCISO,2026,agosto,Izaguirre - PVH,,14.00,,,14
Sebastián Santangelo,VIK ENCISO,2026,agosto,Los Olivos - PVH,,14.00,,,14
Sebastián Santangelo,VIK ENCISO,2026,agosto,Pro - PVH,,16.00,,,16
Sebastián Santangelo,VIK ENCISO,2026,agosto,Puente Piedra - PVH,,16.00,,,16
Sebastián Santangelo,VIK ENCISO,2026,agosto,Rimac Alcazar - PVH,,14.00,,,14
Sebastián Santangelo,VIK ENCISO,2026,agosto,Risso - PVH,,14.00,,,14
Sebastián Santangelo,VIK ENCISO,2026,agosto,San Miguel - PVH,,13.00,,,13
Sebastián Santangelo,VIK ENCISO,2026,agosto,Sucre - PVH,,13.00,,,13
Sebastián Santangelo,VIK ENCISO,2026,agosto,Universitaria - PVH,,14.00,,,14
Sebastián Santangelo,VIK ENCISO,2026,agosto,Ventanilla - PVH,,14.00,,,14
Sebastián Santangelo,VIK ENCISO,2026,septiembre,Acho - PVH,,15.00,,,15
Sebastián Santangelo,VIK ENCISO,2026,septiembre,Alfonso Ugarte - PVH,,14.00,,,14
Sebastián Santangelo,VIK ENCISO,2026,septiembre,Brasil - PVH,,13.00,,,13
Sebastián Santangelo,VIK ENCISO,2026,septiembre,Brena - PVH,,14.00,,,14
Sebastián Santangelo,VIK ENCISO,2026,septiembre,Callao - PVH,,13.00,,,13
Sebastián Santangelo,VIK ENCISO,2026,septiembre,Centro Civico - PVH,,15.00,,,15
Sebastián Santangelo,VIK ENCISO,2026,septiembre,Colonial - PVH,,14.00,,,14
Sebastián Santangelo,VIK ENCISO,2026,septiembre,Comas - PVH,,15.00,,,15
Sebastián Santangelo,VIK ENCISO,2026,septiembre,Izaguirre - PVH,,14.00,,,14
Sebastián Santangelo,VIK ENCISO,2026,septiembre,Los Olivos - PVH,,14.00,,,14
Sebastián Santangelo,VIK ENCISO,2026,septiembre,Pro - PVH,,16.00,,,16
Sebastián Santangelo,VIK ENCISO,2026,septiembre,Puente Piedra - PVH,,16.00,,,16
Sebastián Santangelo,VIK ENCISO,2026,septiembre,Rimac Alcazar - PVH,,14.00,,,14
Sebastián Santangelo,VIK ENCISO,2026,septiembre,Risso - PVH,,14.00,,,14
Sebastián Santangelo,VIK ENCISO,2026,septiembre,San Miguel - PVH,,13.00,,,13
Sebastián Santangelo,VIK ENCISO,2026,septiembre,Sucre - PVH,,13.00,,,13
Sebastián Santangelo,VIK ENCISO,2026,septiembre,Universitaria - PVH,,14.00,,,14
Sebastián Santangelo,VIK ENCISO,2026,septiembre,Ventanilla - PVH,,14.00,,,14
Sebastián Santangelo,VIK ENCISO,2026,octubre,Acho - PVH,,15.00,,,15
Sebastián Santangelo,VIK ENCISO,2026,octubre,Alfonso Ugarte - PVH,,14.00,,,14
Sebastián Santangelo,VIK ENCISO,2026,octubre,Brasil - PVH,,13.00,,,13
Sebastián Santangelo,VIK ENCISO,2026,octubre,Brena - PVH,,14.00,,,14
Sebastián Santangelo,VIK ENCISO,2026,octubre,Callao - PVH,,13.00,,,13
Sebastián Santangelo,VIK ENCISO,2026,octubre,Centro Civico - PVH,,15.00,,,15
Sebastián Santangelo,VIK ENCISO,2026,octubre,Colonial - PVH,,14.00,,,14
Sebastián Santangelo,VIK ENCISO,2026,octubre,Comas - PVH,,15.00,,,15
Sebastián Santangelo,VIK ENCISO,2026,octubre,Izaguirre - PVH,,14.00,,,14
Sebastián Santangelo,VIK ENCISO,2026,octubre,Los Olivos - PVH,,14.00,,,14
Sebastián Santangelo,VIK ENCISO,2026,octubre,Pro - PVH,,16.00,,,16
Sebastián Santangelo,VIK ENCISO,2026,octubre,Puente Piedra - PVH,,16.00,,,16
Sebastián Santangelo,VIK ENCISO,2026,octubre,Rimac Alcazar - PVH,,14.00,,,14
Sebastián Santangelo,VIK ENCISO,2026,octubre,Risso - PVH,,14.00,,,14
Sebastián Santangelo,VIK ENCISO,2026,octubre,San Miguel - PVH,,13.00,,,13
Sebastián Santangelo,VIK ENCISO,2026,octubre,Sucre - PVH,,13.00,,,13
Sebastián Santangelo,VIK ENCISO,2026,octubre,Universitaria - PVH,,14.00,,,14
Sebastián Santangelo,VIK ENCISO,2026,octubre,Ventanilla - PVH,,14.00,,,14
Sebastián Santangelo,VIK ENCISO,2026,noviembre,Acho - PVH,,15.00,,,15
Sebastián Santangelo,VIK ENCISO,2026,noviembre,Alfonso Ugarte - PVH,,14.00,,,14
Sebastián Santangelo,VIK ENCISO,2026,noviembre,Brasil - PVH,,13.00,,,13
Sebastián Santangelo,VIK ENCISO,2026,noviembre,Brena - PVH,,14.00,,,14
Sebastián Santangelo,VIK ENCISO,2026,noviembre,Callao - PVH,,13.00,,,13
Sebastián Santangelo,VIK ENCISO,2026,noviembre,Centro Civico - PVH,,15.00,,,15
Sebastián Santangelo,VIK ENCISO,2026,noviembre,Colonial - PVH,,14.00,,,14
Sebastián Santangelo,VIK ENCISO,2026,noviembre,Comas - PVH,,15.00,,,15
Sebastián Santangelo,VIK ENCISO,2026,noviembre,Izaguirre - PVH,,14.00,,,14
Sebastián Santangelo,VIK ENCISO,2026,noviembre,Los Olivos - PVH,,14.00,,,14
Sebastián Santangelo,VIK ENCISO,2026,noviembre,Pro - PVH,,16.00,,,16
Sebastián Santangelo,VIK ENCISO,2026,noviembre,Puente Piedra - PVH,,16.00,,,16
Sebastián Santangelo,VIK ENCISO,2026,noviembre,Rimac Alcazar - PVH,,14.00,,,14
Sebastián Santangelo,VIK ENCISO,2026,noviembre,Risso - PVH,,14.00,,,14
Sebastián Santangelo,VIK ENCISO,2026,noviembre,San Miguel - PVH,,13.00,,,13
Sebastián Santangelo,VIK ENCISO,2026,noviembre,Sucre - PVH,,13.00,,,13
Sebastián Santangelo,VIK ENCISO,2026,noviembre,Universitaria - PVH,,14.00,,,14
Sebastián Santangelo,VIK ENCISO,2026,noviembre,Ventanilla - PVH,,14.00,,,14
Sebastián Santangelo,VIK ENCISO,2026,diciembre,Acho - PVH,,15.00,,,15
Sebastián Santangelo,VIK ENCISO,2026,diciembre,Alfonso Ugarte - PVH,,14.00,,,14
Sebastián Santangelo,VIK ENCISO,2026,diciembre,Brasil - PVH,,13.00,,,13
Sebastián Santangelo,VIK ENCISO,2026,diciembre,Brena - PVH,,14.00,,,14
Sebastián Santangelo,VIK ENCISO,2026,diciembre,Callao - PVH,,13.00,,,13
Sebastián Santangelo,VIK ENCISO,2026,diciembre,Centro Civico - PVH,,15.00,,,15
Sebastián Santangelo,VIK ENCISO,2026,diciembre,Colonial - PVH,,14.00,,,14
Sebastián Santangelo,VIK ENCISO,2026,diciembre,Comas - PVH,,15.00,,,15
Sebastián Santangelo,VIK ENCISO,2026,diciembre,Izaguirre - PVH,,14.00,,,14
Sebastián Santangelo,VIK ENCISO,2026,diciembre,Los Olivos - PVH,,14.00,,,14
Sebastián Santangelo,VIK ENCISO,2026,diciembre,Pro - PVH,,16.00,,,16
Sebastián Santangelo,VIK ENCISO,2026,diciembre,Puente Piedra - PVH,,16.00,,,16
Sebastián Santangelo,VIK ENCISO,2026,diciembre,Rimac Alcazar - PVH,,14.00,,,14
Sebastián Santangelo,VIK ENCISO,2026,diciembre,Risso - PVH,,14.00,,,14
Sebastián Santangelo,VIK ENCISO,2026,diciembre,San Miguel - PVH,,13.00,,,13
Sebastián Santangelo,VIK ENCISO,2026,diciembre,Sucre - PVH,,13.00,,,13
Sebastián Santangelo,VIK ENCISO,2026,diciembre,Universitaria - PVH,,14.00,,,14
Sebastián Santangelo,VIK ENCISO,2026,diciembre,Ventanilla - PVH,,14.00,,,14
Sofía Villanueva,JOE HUAMANCONDOR,2025,enero,Arequipa - PVH,8.95,13.00,335664.3909999999,2249618,13
Sofía Villanueva,JOE HUAMANCONDOR,2025,enero,Chincha - PVH,13.81,16.00,415314.8950000001,1803817,16
Sofía Villanueva,JOE HUAMANCONDOR,2025,enero,Cusco Mall - PVH,12.01,14.00,746295.4450000001,3728783,14
Sofía Villanueva,JOE HUAMANCONDOR,2025,enero,Cusco Wanchaq-PVH,12.49,14.00,254675.805,1223479,14
Sofía Villanueva,JOE HUAMANCONDOR,2025,enero,Ica - PVH,10.99,13.00,544576.9549999998,2973447,13
Sofía Villanueva,JOE HUAMANCONDOR,2025,enero,Ilo - PVH,13.10,14.00,548791.845,2512738,14
Sofía Villanueva,JOE HUAMANCONDOR,2025,enero,Juliaca - PVH,15.20,17.00,779839.1589999999,3078121,17
Sofía Villanueva,JOE HUAMANCONDOR,2025,enero,Moquegua - PVH,14.07,14.00,531437.0989999999,2265835,14
Sofía Villanueva,JOE HUAMANCONDOR,2025,enero,Pisco - PVH,16.88,16.00,561481.651,1995542,16
Sofía Villanueva,JOE HUAMANCONDOR,2025,enero,Puno - PVH,15.64,18.00,572382.8949999999,2195784,18
Sofía Villanueva,JOE HUAMANCONDOR,2025,enero,Tacna - PVH,11.10,13.00,995645.5400000006,5382182,13
Sofía Villanueva,JOE HUAMANCONDOR,2025,febrero,Arequipa - PVH,9.04,13.00,310723.0900000001,2061806,13
Sofía Villanueva,JOE HUAMANCONDOR,2025,febrero,Chincha - PVH,14.55,16.00,419546.86499999993,1729894,16
Sofía Villanueva,JOE HUAMANCONDOR,2025,febrero,Cusco Mall - PVH,12.88,14.00,677454.7550000001,3154887,14
Sofía Villanueva,JOE HUAMANCONDOR,2025,febrero,Cusco Wanchaq-PVH,12.85,14.00,230973.535,1078723,14
Sofía Villanueva,JOE HUAMANCONDOR,2025,febrero,Ica - PVH,11.27,13.00,513770.9249999998,2736368,13
Sofía Villanueva,JOE HUAMANCONDOR,2025,febrero,Ilo - PVH,13.73,14.00,527945.48,2307402,14
Sofía Villanueva,JOE HUAMANCONDOR,2025,febrero,Juliaca - PVH,14.97,17.00,685683.098,2747836,17
Sofía Villanueva,JOE HUAMANCONDOR,2025,febrero,Moquegua - PVH,14.58,14.00,493677.69499999995,2031032,14
Sofía Villanueva,JOE HUAMANCONDOR,2025,febrero,Pisco - PVH,16.15,16.00,539326.0200000003,2003253,16
Sofía Villanueva,JOE HUAMANCONDOR,2025,febrero,Puno - PVH,15.75,18.00,558373.8899999999,2127725,18
Sofía Villanueva,JOE HUAMANCONDOR,2025,febrero,Tacna - PVH,10.97,13.00,961008.6149999998,5256030,13
Sofía Villanueva,JOE HUAMANCONDOR,2025,marzo,Arequipa - PVH,9.85,13.00,396804.262,2417771,13
Sofía Villanueva,JOE HUAMANCONDOR,2025,marzo,Chincha - PVH,14.98,16.00,500929.5859999999,2006475,16
Sofía Villanueva,JOE HUAMANCONDOR,2025,marzo,Cusco Mall - PVH,13.53,14.00,854281.5900000001,3789468,14
Sofía Villanueva,JOE HUAMANCONDOR,2025,marzo,Cusco Wanchaq-PVH,12.03,14.00,284886.544,1420299,14
Sofía Villanueva,JOE HUAMANCONDOR,2025,marzo,Ica - PVH,11.61,13.00,625079.9739999998,3231203,13
Sofía Villanueva,JOE HUAMANCONDOR,2025,marzo,Ilo - PVH,13.65,14.00,570941.8490000003,2508920,14
Sofía Villanueva,JOE HUAMANCONDOR,2025,marzo,Juliaca - PVH,15.56,17.00,849689.4750000001,3275895,17
Sofía Villanueva,JOE HUAMANCONDOR,2025,marzo,Moquegua - PVH,14.90,14.00,568812.6349999998,2291198,14
Sofía Villanueva,JOE HUAMANCONDOR,2025,marzo,Pisco - PVH,17.16,16.00,608446.52,2126848,16
Sofía Villanueva,JOE HUAMANCONDOR,2025,marzo,Puno - PVH,16.22,18.00,660838.06,2444024,18
Sofía Villanueva,JOE HUAMANCONDOR,2025,marzo,Tacna - PVH,11.26,13.00,1112407.2399999998,5927248,13
Sofía Villanueva,JOE HUAMANCONDOR,2025,abril,Arequipa - PVH,9.57,13.00,300077.9970000001,1880857,13
Sofía Villanueva,JOE HUAMANCONDOR,2025,abril,Chincha - PVH,13.85,16.00,395910.2899999999,1715199,16
Sofía Villanueva,JOE HUAMANCONDOR,2025,abril,Cusco Mall - PVH,13.77,14.00,741112.1609999997,3229414,14
Sofía Villanueva,JOE HUAMANCONDOR,2025,abril,Cusco Wanchaq-PVH,11.98,14.00,273290.229,1369015,14
Sofía Villanueva,JOE HUAMANCONDOR,2025,abril,Ica - PVH,10.60,13.00,521753.1720000003,2954648,13
Sofía Villanueva,JOE HUAMANCONDOR,2025,abril,Ilo - PVH,13.40,14.00,485593.07499999984,2174885,14
Sofía Villanueva,JOE HUAMANCONDOR,2025,abril,Juliaca - PVH,15.27,17.00,755585.3570000001,2969183,17
Sofía Villanueva,JOE HUAMANCONDOR,2025,abril,Moquegua - PVH,13.97,14.00,493641.35500000004,2119785,14
Sofía Villanueva,JOE HUAMANCONDOR,2025,abril,Pisco - PVH,15.69,16.00,510449.8140000002,1951917,16
Sofía Villanueva,JOE HUAMANCONDOR,2025,abril,Puno - PVH,16.00,18.00,595263.0009999999,2231994,18
Sofía Villanueva,JOE HUAMANCONDOR,2025,abril,Tacna - PVH,11.13,13.00,928047.0999999992,5004358,13
Sofía Villanueva,JOE HUAMANCONDOR,2025,mayo,Arequipa - PVH,9.78,13.00,300410.35,1843714,13
Sofía Villanueva,JOE HUAMANCONDOR,2025,mayo,Chincha - PVH,13.78,16.00,397247.24000000005,1729940,16
Sofía Villanueva,JOE HUAMANCONDOR,2025,mayo,Cusco Mall - PVH,14.33,14.00,787512.9199999999,3298192,14
Sofía Villanueva,JOE HUAMANCONDOR,2025,mayo,Cusco Wanchaq-PVH,12.22,14.00,272217.45,1336687,14
Sofía Villanueva,JOE HUAMANCONDOR,2025,mayo,Ica - PVH,10.49,13.00,523518.07999999996,2994485,13
Sofía Villanueva,JOE HUAMANCONDOR,2025,mayo,Ilo - PVH,13.23,14.00,472245.4200000001,2142421,14
Sofía Villanueva,JOE HUAMANCONDOR,2025,mayo,Juliaca - PVH,16.06,17.00,826488.5799999997,3087436,17
Sofía Villanueva,JOE HUAMANCONDOR,2025,mayo,Moquegua - PVH,14.45,14.00,570695.24,2369916,14
Sofía Villanueva,JOE HUAMANCONDOR,2025,mayo,Pisco - PVH,16.65,16.00,539233.7999999999,1943207,16
Sofía Villanueva,JOE HUAMANCONDOR,2025,mayo,Puno - PVH,16.12,18.00,617084.5,2296917,18
Sofía Villanueva,JOE HUAMANCONDOR,2025,mayo,Tacna - PVH,11.34,13.00,949050.5800000003,5023420,13
Sofía Villanueva,JOE HUAMANCONDOR,2025,junio,Arequipa - PVH,9.63,13.00,313437.70000000007,1951965,13
Sofía Villanueva,JOE HUAMANCONDOR,2025,junio,Chincha - PVH,13.90,16.00,363884.3300000001,1571127,16
Sofía Villanueva,JOE HUAMANCONDOR,2025,junio,Cusco Mall - PVH,14.46,14.00,758992.8099999996,3149019,14
Sofía Villanueva,JOE HUAMANCONDOR,2025,junio,Cusco Wanchaq-PVH,11.87,14.00,272679.05000000005,1378141,14
Sofía Villanueva,JOE HUAMANCONDOR,2025,junio,Ica - PVH,9.90,13.00,517394.4700000001,3137231,13
Sofía Villanueva,JOE HUAMANCONDOR,2025,junio,Ilo - PVH,13.09,14.00,434057.8600000001,1988954,14
Sofía Villanueva,JOE HUAMANCONDOR,2025,junio,Juliaca - PVH,15.40,17.00,755888.3900000002,2945324,17
Sofía Villanueva,JOE HUAMANCONDOR,2025,junio,Moquegua - PVH,13.72,14.00,526020.3000000003,2300103,14
Sofía Villanueva,JOE HUAMANCONDOR,2025,junio,Pisco - PVH,15.74,16.00,480786.78,1833036,16
Sofía Villanueva,JOE HUAMANCONDOR,2025,junio,Puno - PVH,15.72,18.00,591948.79,2259162,18
Sofía Villanueva,JOE HUAMANCONDOR,2025,junio,Tacna - PVH,11.26,13.00,919553.2000000005,4901444,13
Sofía Villanueva,JOE HUAMANCONDOR,2025,julio,Arequipa - PVH,9.99,13.00,309658.97,1859076,13
Sofía Villanueva,JOE HUAMANCONDOR,2025,julio,Chincha - PVH,14.53,16.00,415233.76,1714843,16
Sofía Villanueva,JOE HUAMANCONDOR,2025,julio,Cusco Mall - PVH,15.11,14.00,813125.1999999997,3228841,14
Sofía Villanueva,JOE HUAMANCONDOR,2025,julio,Cusco Wanchaq-PVH,12.39,14.00,296682.16000000003,1437102,14
Sofía Villanueva,JOE HUAMANCONDOR,2025,julio,Ica - PVH,9.85,13.00,510758.98,3112666,13
Sofía Villanueva,JOE HUAMANCONDOR,2025,julio,Ilo - PVH,13.46,14.00,448969.12999999995,2001267,14
Sofía Villanueva,JOE HUAMANCONDOR,2025,julio,Juliaca - PVH,15.94,17.00,797409.59,3001684,17
Sofía Villanueva,JOE HUAMANCONDOR,2025,julio,Moquegua - PVH,13.59,14.00,534332.58,2358673,14
Sofía Villanueva,JOE HUAMANCONDOR,2025,julio,Pisco - PVH,15.96,16.00,516190.08999999997,1940201,16
Sofía Villanueva,JOE HUAMANCONDOR,2025,julio,Puno - PVH,16.09,18.00,622585.7400000002,2321616,18
Sofía Villanueva,JOE HUAMANCONDOR,2025,julio,Tacna - PVH,11.78,13.00,917531.5300000001,4672958,13
Sofía Villanueva,JOE HUAMANCONDOR,2025,agosto,Arequipa - PVH,10.58,13.00,299938.94,1700619,13
Sofía Villanueva,JOE HUAMANCONDOR,2025,agosto,Chincha - PVH,14.63,16.00,401376.09,1646241,16
Sofía Villanueva,JOE HUAMANCONDOR,2025,agosto,Cusco Mall - PVH,13.85,14.00,795965.3500000002,3448678,14
Sofía Villanueva,JOE HUAMANCONDOR,2025,agosto,Cusco Wanchaq-PVH,13.07,14.00,299528.57000000007,1375092,14
Sofía Villanueva,JOE HUAMANCONDOR,2025,agosto,Ica - PVH,9.93,13.00,524345.3800000001,3167812,13
Sofía Villanueva,JOE HUAMANCONDOR,2025,agosto,Ilo - PVH,13.13,14.00,441464.1300000001,2016804,14
Sofía Villanueva,JOE HUAMANCONDOR,2025,agosto,Juliaca - PVH,15.54,17.00,872162.9000000001,3366679,17
Sofía Villanueva,JOE HUAMANCONDOR,2025,agosto,Moquegua - PVH,13.56,14.00,586491.5999999995,2595187,14
Sofía Villanueva,JOE HUAMANCONDOR,2025,agosto,Pisco - PVH,16.54,16.00,504706.12000000005,1830439,16
Sofía Villanueva,JOE HUAMANCONDOR,2025,agosto,Puno - PVH,16.42,18.00,633906.2000000002,2316693,18
Sofía Villanueva,JOE HUAMANCONDOR,2025,agosto,Tacna - PVH,12.79,13.00,931889.6099999999,4370017,13
Sofía Villanueva,JOE HUAMANCONDOR,2025,septiembre,Arequipa - PVH,10.14,13.00,270671.08,1602391,13
Sofía Villanueva,JOE HUAMANCONDOR,2025,septiembre,Chincha - PVH,15.36,16.00,391221.37000000005,1528519,16
Sofía Villanueva,JOE HUAMANCONDOR,2025,septiembre,Cusco Mall - PVH,13.62,14.00,784999.4400000001,3459186,14
Sofía Villanueva,JOE HUAMANCONDOR,2025,septiembre,Cusco Wanchaq-PVH,14.56,14.00,296542.41000000003,1221949,14
Sofía Villanueva,JOE HUAMANCONDOR,2025,septiembre,Ica - PVH,10.18,13.00,496454.15000000026,2926545,13
Sofía Villanueva,JOE HUAMANCONDOR,2025,septiembre,Ilo - PVH,12.98,14.00,455180.8,2104616,14
Sofía Villanueva,JOE HUAMANCONDOR,2025,septiembre,Juliaca - PVH,15.74,17.00,814325.9599999996,3104935,17
Sofía Villanueva,JOE HUAMANCONDOR,2025,septiembre,Moquegua - PVH,14.29,14.00,574872.1300000004,2413170,14
Sofía Villanueva,JOE HUAMANCONDOR,2025,septiembre,Pisco - PVH,17.08,16.00,461465.27999999997,1621350,16
Sofía Villanueva,JOE HUAMANCONDOR,2025,septiembre,Puno - PVH,16.69,18.00,625033.7000000001,2247543,18
Sofía Villanueva,JOE HUAMANCONDOR,2025,septiembre,Tacna - PVH,13.47,13.00,862755.2499999999,3842941,13
Sofía Villanueva,JOE HUAMANCONDOR,2025,octubre,Arequipa - PVH,10.27,13.00,295396.45000000007,1725526,13
Sofía Villanueva,JOE HUAMANCONDOR,2025,octubre,Chincha - PVH,14.63,16.00,371525.85000000003,1523644,16
Sofía Villanueva,JOE HUAMANCONDOR,2025,octubre,Cusco Mall - PVH,14.11,14.00,790059.8400000001,3359361,14
Sofía Villanueva,JOE HUAMANCONDOR,2025,octubre,Cusco Wanchaq-PVH,13.69,14.00,296733.8900000001,1300828,14
Sofía Villanueva,JOE HUAMANCONDOR,2025,octubre,Ica - PVH,10.76,13.00,499696.05999999976,2786965,13
Sofía Villanueva,JOE HUAMANCONDOR,2025,octubre,Ilo - PVH,12.85,14.00,439113.44,2050461,14
Sofía Villanueva,JOE HUAMANCONDOR,2025,octubre,Juliaca - PVH,16.26,17.00,875143.4500000009,3229911,17
Sofía Villanueva,JOE HUAMANCONDOR,2025,octubre,Moquegua - PVH,15.01,14.00,633367.7199999999,2531011,14
Sofía Villanueva,JOE HUAMANCONDOR,2025,octubre,Pisco - PVH,17.18,16.00,491545.1,1716991,16
Sofía Villanueva,JOE HUAMANCONDOR,2025,octubre,Puno - PVH,16.84,18.00,664017.1500000001,2365260,18
Sofía Villanueva,JOE HUAMANCONDOR,2025,octubre,Tacna - PVH,12.66,13.00,967815.2599999999,4587864,13
Sofía Villanueva,JOE HUAMANCONDOR,2025,noviembre,Arequipa - PVH,10.72,13.00,326733.01,1828396,13
Sofía Villanueva,JOE HUAMANCONDOR,2025,noviembre,Chincha - PVH,16.91,16.00,410331.68,1455849,16
Sofía Villanueva,JOE HUAMANCONDOR,2025,noviembre,Cusco Mall - PVH,14.48,14.00,843367.1700000005,3494753,14
Sofía Villanueva,JOE HUAMANCONDOR,2025,noviembre,Cusco Wanchaq-PVH,13.51,14.00,293166.08999999997,1302001,14
Sofía Villanueva,JOE HUAMANCONDOR,2025,noviembre,Ica - PVH,11.07,13.00,545708.4199999999,2957670,13
Sofía Villanueva,JOE HUAMANCONDOR,2025,noviembre,Ilo - PVH,12.62,14.00,470857.7099999999,2237952,14
Sofía Villanueva,JOE HUAMANCONDOR,2025,noviembre,Juliaca - PVH,15.85,17.00,883395.9999999998,3343902,17
Sofía Villanueva,JOE HUAMANCONDOR,2025,noviembre,Moquegua - PVH,14.49,14.00,643057.4999999998,2662167,14
Sofía Villanueva,JOE HUAMANCONDOR,2025,noviembre,Pisco - PVH,17.31,16.00,527014.5299999998,1826471,16
Sofía Villanueva,JOE HUAMANCONDOR,2025,noviembre,Puno - PVH,16.94,18.00,703182.5100000002,2491000,18
Sofía Villanueva,JOE HUAMANCONDOR,2025,noviembre,Tacna - PVH,13.34,13.00,1009142.2299999999,4538795,13
Sofía Villanueva,JOE HUAMANCONDOR,2025,diciembre,Arequipa - PVH,10.02,13.00,486287.4099999998,2911602,13
Sofía Villanueva,JOE HUAMANCONDOR,2025,diciembre,Chincha - PVH,16.67,16.00,622579.82,2240695,16
Sofía Villanueva,JOE HUAMANCONDOR,2025,diciembre,Cusco Mall - PVH,13.81,14.00,1104433.4800000002,4796689,14
Sofía Villanueva,JOE HUAMANCONDOR,2025,diciembre,Cusco Wanchaq-PVH,12.98,14.00,383316.7699999999,1771644,14
Sofía Villanueva,JOE HUAMANCONDOR,2025,diciembre,Ica - PVH,10.56,13.00,742438.6900000003,4218037,13
Sofía Villanueva,JOE HUAMANCONDOR,2025,diciembre,Ilo - PVH,12.66,14.00,627066.9800000001,2971069,14
Sofía Villanueva,JOE HUAMANCONDOR,2025,diciembre,Juliaca - PVH,15.47,17.00,1234084.8800000001,4786129,17
Sofía Villanueva,JOE HUAMANCONDOR,2025,diciembre,Moquegua - PVH,14.59,14.00,795136.6,3270562,14
Sofía Villanueva,JOE HUAMANCONDOR,2025,diciembre,Pisco - PVH,16.20,16.00,829074.1999999998,3069755,16
Sofía Villanueva,JOE HUAMANCONDOR,2025,diciembre,Puno - PVH,16.79,18.00,888249.4500000004,3174604,18
Sofía Villanueva,JOE HUAMANCONDOR,2025,diciembre,Tacna - PVH,12.33,13.00,1267483.6700000009,6166121,13
Sofía Villanueva,JOE HUAMANCONDOR,2026,enero,Arequipa - PVH,9.64,13.00,319013.83,1985226,13
Sofía Villanueva,JOE HUAMANCONDOR,2026,enero,Chincha - PVH,15.46,16.00,422140.20999999996,1638653,16
Sofía Villanueva,JOE HUAMANCONDOR,2026,enero,Cusco Mall - PVH,12.42,14.00,742265.3700000002,3587113,14
Sofía Villanueva,JOE HUAMANCONDOR,2026,enero,Cusco Wanchaq-PVH,11.86,14.00,303011.19000000006,1533519,14
Sofía Villanueva,JOE HUAMANCONDOR,2026,enero,Ica - PVH,10.31,13.00,529918.7300000003,3082955,13
Sofía Villanueva,JOE HUAMANCONDOR,2026,enero,Ilo - PVH,12.25,14.00,549644.45,2693102,14
Sofía Villanueva,JOE HUAMANCONDOR,2026,enero,Juliaca - PVH,14.78,17.00,863553.79,3504885,17
Sofía Villanueva,JOE HUAMANCONDOR,2026,enero,Moquegua - PVH,13.67,14.00,583136.29,2559416,14
Sofía Villanueva,JOE HUAMANCONDOR,2026,enero,Pisco - PVH,13.77,16.00,514018.2300000001,2239405,16
Sofía Villanueva,JOE HUAMANCONDOR,2026,enero,Puno - PVH,15.29,18.00,615926.8999999999,2416363,18
Sofía Villanueva,JOE HUAMANCONDOR,2026,enero,Tacna - PVH,12.47,13.00,1046895.8099999997,5035652,13
Sofía Villanueva,JOE HUAMANCONDOR,2026,febrero,Arequipa - PVH,10.30,13.00,299911.08999999997,1746249,13
Sofía Villanueva,JOE HUAMANCONDOR,2026,febrero,Chincha - PVH,16.21,16.00,408930.2,1513516,16
Sofía Villanueva,JOE HUAMANCONDOR,2026,febrero,Cusco Mall - PVH,12.42,14.00,689012.1899999997,3329809,14
Sofía Villanueva,JOE HUAMANCONDOR,2026,febrero,Cusco Wanchaq-PVH,12.06,14.00,251880.21999999997,1253303,14
Sofía Villanueva,JOE HUAMANCONDOR,2026,febrero,Ica - PVH,11.03,13.00,522564.5700000002,2843455,13
Sofía Villanueva,JOE HUAMANCONDOR,2026,febrero,Ilo - PVH,13.31,14.00,486384.84999999986,2192566,14
Sofía Villanueva,JOE HUAMANCONDOR,2026,febrero,Juliaca - PVH,14.78,17.00,812279.93,3296906,17
Sofía Villanueva,JOE HUAMANCONDOR,2026,febrero,Moquegua - PVH,12.81,14.00,525015.87,2459151,14
Sofía Villanueva,JOE HUAMANCONDOR,2026,febrero,Pisco - PVH,14.28,16.00,476994.1600000004,2004659,16
Sofía Villanueva,JOE HUAMANCONDOR,2026,febrero,Puno - PVH,15.55,18.00,626596.3899999999,2417221,18
Sofía Villanueva,JOE HUAMANCONDOR,2026,febrero,Tacna - PVH,12.75,13.00,1024683.8399999996,4822549,13
Sofía Villanueva,JOE HUAMANCONDOR,2026,marzo,Arequipa - PVH,11.85,13.00,362246.6499999999,1834839,13
Sofía Villanueva,JOE HUAMANCONDOR,2026,marzo,Chincha - PVH,16.94,16.00,486235.6900000002,1722663,16
Sofía Villanueva,JOE HUAMANCONDOR,2026,marzo,Cusco Mall - PVH,13.16,14.00,797590.9199999997,3636522,14
Sofía Villanueva,JOE HUAMANCONDOR,2026,marzo,Cusco Wanchaq-PVH,13.85,14.00,323972.1299999999,1403108,14
Sofía Villanueva,JOE HUAMANCONDOR,2026,marzo,Ica - PVH,11.50,13.00,630264.51,3288113,13
Sofía Villanueva,JOE HUAMANCONDOR,2026,marzo,Ilo - PVH,13.72,14.00,559819.2300000001,2448574,14
Sofía Villanueva,JOE HUAMANCONDOR,2026,marzo,Juliaca - PVH,15.53,17.00,988806.9299999997,3821154,17
Sofía Villanueva,JOE HUAMANCONDOR,2026,marzo,Moquegua - PVH,14.33,14.00,678256.2299999997,2840509,14
Sofía Villanueva,JOE HUAMANCONDOR,2026,marzo,Pisco - PVH,15.85,16.00,543353.9,2057207,16
Sofía Villanueva,JOE HUAMANCONDOR,2026,marzo,Puno - PVH,15.20,18.00,709869.3399999999,2801903,18
Sofía Villanueva,JOE HUAMANCONDOR,2026,marzo,Tacna - PVH,12.87,13.00,1221069.4100000004,5692388,13
Sofía Villanueva,JOE HUAMANCONDOR,2026,abril,Arequipa - PVH,11.25,13.00,277709.89,1481608,13
Sofía Villanueva,JOE HUAMANCONDOR,2026,abril,Chincha - PVH,16.14,16.00,392310.55000000005,1458299,16
Sofía Villanueva,JOE HUAMANCONDOR,2026,abril,Cusco Mall - PVH,13.19,14.00,666640.2699999998,3031543,14
Sofía Villanueva,JOE HUAMANCONDOR,2026,abril,Cusco Wanchaq-PVH,15.22,14.00,310288.9800000001,1223233,14
Sofía Villanueva,JOE HUAMANCONDOR,2026,abril,Ica - PVH,11.54,13.00,525023.14,2730823,13
Sofía Villanueva,JOE HUAMANCONDOR,2026,abril,Ilo - PVH,13.64,14.00,430607.82000000007,1893813,14
Sofía Villanueva,JOE HUAMANCONDOR,2026,abril,Juliaca - PVH,15.21,17.00,759527.89,2995952,17
Sofía Villanueva,JOE HUAMANCONDOR,2026,abril,Moquegua - PVH,15.00,14.00,572257.3499999999,2288530,14
Sofía Villanueva,JOE HUAMANCONDOR,2026,abril,Pisco - PVH,16.32,16.00,437953.07000000007,1609959,16
Sofía Villanueva,JOE HUAMANCONDOR,2026,abril,Puno - PVH,16.78,18.00,578982.67,2070765,18
Sofía Villanueva,JOE HUAMANCONDOR,2026,abril,Tacna - PVH,12.81,13.00,992267.9300000005,4646248,13
Sofía Villanueva,JOE HUAMANCONDOR,2026,mayo,Arequipa - PVH,11.57,13.00,334177.47999999986,1733627,13
Sofía Villanueva,JOE HUAMANCONDOR,2026,mayo,Chincha - PVH,16.19,16.00,417350.73000000004,1547100,16
Sofía Villanueva,JOE HUAMANCONDOR,2026,mayo,Cusco Mall - PVH,12.91,14.00,697717.4600000002,3242900,14
Sofía Villanueva,JOE HUAMANCONDOR,2026,mayo,Cusco Wanchaq-PVH,14.17,14.00,300284.9800000002,1271248,14
Sofía Villanueva,JOE HUAMANCONDOR,2026,mayo,Ica - PVH,11.78,13.00,510101.12999999995,2597313,13
Sofía Villanueva,JOE HUAMANCONDOR,2026,mayo,Ilo - PVH,12.80,14.00,439488.65,2060134,14
Sofía Villanueva,JOE HUAMANCONDOR,2026,mayo,Juliaca - PVH,15.46,17.00,879793.59,3414747,17
Sofía Villanueva,JOE HUAMANCONDOR,2026,mayo,Moquegua - PVH,14.26,14.00,625527.5299999999,2631410,14
Sofía Villanueva,JOE HUAMANCONDOR,2026,mayo,Pisco - PVH,16.46,16.00,445082.7099999999,1622032,16
Sofía Villanueva,JOE HUAMANCONDOR,2026,mayo,Puno - PVH,16.99,18.00,638508.8199999997,2254337,18
Sofía Villanueva,JOE HUAMANCONDOR,2026,mayo,Tacna - PVH,12.80,13.00,1065926.2299999997,4997295,13
Sofía Villanueva,JOE HUAMANCONDOR,2026,junio,Arequipa - PVH,12.72,13.00,305003.05999999994,1439119,13
Sofía Villanueva,JOE HUAMANCONDOR,2026,junio,Chincha - PVH,17.02,16.00,380132.12000000005,1340111,16
Sofía Villanueva,JOE HUAMANCONDOR,2026,junio,Cusco Mall - PVH,13.35,14.00,662225.39,2975190,14
Sofía Villanueva,JOE HUAMANCONDOR,2026,junio,Cusco Wanchaq-PVH,14.33,14.00,288317.55,1207007,14
Sofía Villanueva,JOE HUAMANCONDOR,2026,junio,Ica - PVH,11.64,13.00,462678.0099999999,2384236,13
Sofía Villanueva,JOE HUAMANCONDOR,2026,junio,Ilo - PVH,13.12,14.00,419059.64000000013,1916631,14
Sofía Villanueva,JOE HUAMANCONDOR,2026,junio,Juliaca - PVH,15.75,17.00,875389.1900000002,3335578,17
Sofía Villanueva,JOE HUAMANCONDOR,2026,junio,Moquegua - PVH,14.85,14.00,628998.8200000002,2541274,14
Sofía Villanueva,JOE HUAMANCONDOR,2026,junio,Pisco - PVH,16.23,16.00,368649.89,1362948,16
Sofía Villanueva,JOE HUAMANCONDOR,2026,junio,Puno - PVH,17.29,18.00,627959.4299999998,2178615,18
Sofía Villanueva,JOE HUAMANCONDOR,2026,junio,Tacna - PVH,12.41,13.00,997465.4500000002,4822605,13
Sofía Villanueva,JOE HUAMANCONDOR,2026,julio,Arequipa - PVH,,13.00,,,13
Sofía Villanueva,JOE HUAMANCONDOR,2026,julio,Chincha - PVH,,16.00,,,16
Sofía Villanueva,JOE HUAMANCONDOR,2026,julio,Cusco Mall - PVH,,14.00,,,14
Sofía Villanueva,JOE HUAMANCONDOR,2026,julio,Cusco Wanchaq-PVH,,14.00,,,14
Sofía Villanueva,JOE HUAMANCONDOR,2026,julio,Ica - PVH,,13.00,,,13
Sofía Villanueva,JOE HUAMANCONDOR,2026,julio,Ilo - PVH,,14.00,,,14
Sofía Villanueva,JOE HUAMANCONDOR,2026,julio,Juliaca - PVH,,17.00,,,17
Sofía Villanueva,JOE HUAMANCONDOR,2026,julio,Moquegua - PVH,,14.00,,,14
Sofía Villanueva,JOE HUAMANCONDOR,2026,julio,Pisco - PVH,,16.00,,,16
Sofía Villanueva,JOE HUAMANCONDOR,2026,julio,Puno - PVH,,18.00,,,18
Sofía Villanueva,JOE HUAMANCONDOR,2026,julio,Tacna - PVH,,13.00,,,13
Sofía Villanueva,JOE HUAMANCONDOR,2026,agosto,Arequipa - PVH,,13.00,,,13
Sofía Villanueva,JOE HUAMANCONDOR,2026,agosto,Chincha - PVH,,16.00,,,16
Sofía Villanueva,JOE HUAMANCONDOR,2026,agosto,Cusco Mall - PVH,,14.00,,,14
Sofía Villanueva,JOE HUAMANCONDOR,2026,agosto,Cusco Wanchaq-PVH,,14.00,,,14
Sofía Villanueva,JOE HUAMANCONDOR,2026,agosto,Ica - PVH,,13.00,,,13
Sofía Villanueva,JOE HUAMANCONDOR,2026,agosto,Ilo - PVH,,14.00,,,14
Sofía Villanueva,JOE HUAMANCONDOR,2026,agosto,Juliaca - PVH,,17.00,,,17
Sofía Villanueva,JOE HUAMANCONDOR,2026,agosto,Moquegua - PVH,,14.00,,,14
Sofía Villanueva,JOE HUAMANCONDOR,2026,agosto,Pisco - PVH,,16.00,,,16
Sofía Villanueva,JOE HUAMANCONDOR,2026,agosto,Puno - PVH,,18.00,,,18
Sofía Villanueva,JOE HUAMANCONDOR,2026,agosto,Tacna - PVH,,13.00,,,13
Sofía Villanueva,JOE HUAMANCONDOR,2026,septiembre,Arequipa - PVH,,13.00,,,13
Sofía Villanueva,JOE HUAMANCONDOR,2026,septiembre,Chincha - PVH,,16.00,,,16
Sofía Villanueva,JOE HUAMANCONDOR,2026,septiembre,Cusco Mall - PVH,,14.00,,,14
Sofía Villanueva,JOE HUAMANCONDOR,2026,septiembre,Cusco Wanchaq-PVH,,14.00,,,14
Sofía Villanueva,JOE HUAMANCONDOR,2026,septiembre,Ica - PVH,,13.00,,,13
Sofía Villanueva,JOE HUAMANCONDOR,2026,septiembre,Ilo - PVH,,14.00,,,14
Sofía Villanueva,JOE HUAMANCONDOR,2026,septiembre,Juliaca - PVH,,17.00,,,17
Sofía Villanueva,JOE HUAMANCONDOR,2026,septiembre,Moquegua - PVH,,14.00,,,14
Sofía Villanueva,JOE HUAMANCONDOR,2026,septiembre,Pisco - PVH,,16.00,,,16
Sofía Villanueva,JOE HUAMANCONDOR,2026,septiembre,Puno - PVH,,18.00,,,18
Sofía Villanueva,JOE HUAMANCONDOR,2026,septiembre,Tacna - PVH,,13.00,,,13
Sofía Villanueva,JOE HUAMANCONDOR,2026,octubre,Arequipa - PVH,,13.00,,,13
Sofía Villanueva,JOE HUAMANCONDOR,2026,octubre,Chincha - PVH,,16.00,,,16
Sofía Villanueva,JOE HUAMANCONDOR,2026,octubre,Cusco Mall - PVH,,14.00,,,14
Sofía Villanueva,JOE HUAMANCONDOR,2026,octubre,Cusco Wanchaq-PVH,,14.00,,,14
Sofía Villanueva,JOE HUAMANCONDOR,2026,octubre,Ica - PVH,,13.00,,,13
Sofía Villanueva,JOE HUAMANCONDOR,2026,octubre,Ilo - PVH,,14.00,,,14
Sofía Villanueva,JOE HUAMANCONDOR,2026,octubre,Juliaca - PVH,,17.00,,,17
Sofía Villanueva,JOE HUAMANCONDOR,2026,octubre,Moquegua - PVH,,14.00,,,14
Sofía Villanueva,JOE HUAMANCONDOR,2026,octubre,Pisco - PVH,,16.00,,,16
Sofía Villanueva,JOE HUAMANCONDOR,2026,octubre,Puno - PVH,,18.00,,,18
Sofía Villanueva,JOE HUAMANCONDOR,2026,octubre,Tacna - PVH,,13.00,,,13
Sofía Villanueva,JOE HUAMANCONDOR,2026,noviembre,Arequipa - PVH,,13.00,,,13
Sofía Villanueva,JOE HUAMANCONDOR,2026,noviembre,Chincha - PVH,,16.00,,,16
Sofía Villanueva,JOE HUAMANCONDOR,2026,noviembre,Cusco Mall - PVH,,14.00,,,14
Sofía Villanueva,JOE HUAMANCONDOR,2026,noviembre,Cusco Wanchaq-PVH,,14.00,,,14
Sofía Villanueva,JOE HUAMANCONDOR,2026,noviembre,Ica - PVH,,13.00,,,13
Sofía Villanueva,JOE HUAMANCONDOR,2026,noviembre,Ilo - PVH,,14.00,,,14
Sofía Villanueva,JOE HUAMANCONDOR,2026,noviembre,Juliaca - PVH,,17.00,,,17
Sofía Villanueva,JOE HUAMANCONDOR,2026,noviembre,Moquegua - PVH,,14.00,,,14
Sofía Villanueva,JOE HUAMANCONDOR,2026,noviembre,Pisco - PVH,,16.00,,,16
Sofía Villanueva,JOE HUAMANCONDOR,2026,noviembre,Puno - PVH,,18.00,,,18
Sofía Villanueva,JOE HUAMANCONDOR,2026,noviembre,Tacna - PVH,,13.00,,,13
Sofía Villanueva,JOE HUAMANCONDOR,2026,diciembre,Arequipa - PVH,,13.00,,,13
Sofía Villanueva,JOE HUAMANCONDOR,2026,diciembre,Chincha - PVH,,16.00,,,16
Sofía Villanueva,JOE HUAMANCONDOR,2026,diciembre,Cusco Mall - PVH,,14.00,,,14
Sofía Villanueva,JOE HUAMANCONDOR,2026,diciembre,Cusco Wanchaq-PVH,,14.00,,,14
Sofía Villanueva,JOE HUAMANCONDOR,2026,diciembre,Ica - PVH,,13.00,,,13
Sofía Villanueva,JOE HUAMANCONDOR,2026,diciembre,Ilo - PVH,,14.00,,,14
Sofía Villanueva,JOE HUAMANCONDOR,2026,diciembre,Juliaca - PVH,,17.00,,,17
Sofía Villanueva,JOE HUAMANCONDOR,2026,diciembre,Moquegua - PVH,,14.00,,,14
Sofía Villanueva,JOE HUAMANCONDOR,2026,diciembre,Pisco - PVH,,16.00,,,16
Sofía Villanueva,JOE HUAMANCONDOR,2026,diciembre,Puno - PVH,,18.00,,,18
Sofía Villanueva,JOE HUAMANCONDOR,2026,diciembre,Tacna - PVH,,13.00,,,13
Sofía Villanueva,MELANY ALVARADO,2025,enero,Chiclayo - PVH,13.27,14.00,812041.776,3671941,14
Sofía Villanueva,MELANY ALVARADO,2025,enero,Chiclayo Aventura - PVH,14.27,14.00,491047.2199999998,2064861,14
Sofía Villanueva,MELANY ALVARADO,2025,enero,Chimbote - PVH,14.55,15.00,614479.8350000002,2533365,15
Sofía Villanueva,MELANY ALVARADO,2025,enero,El Chacarero - PVH,15.62,14.00,646067.3500000001,2481965,14
Sofía Villanueva,MELANY ALVARADO,2025,enero,Multiplaza - PVS,,13.00,,,13
Sofía Villanueva,MELANY ALVARADO,2025,enero,Nvo Chimbote - PVH,11.97,14.00,428990.20999999985,2149925,14
Sofía Villanueva,MELANY ALVARADO,2025,enero,Paita - PVH,12.11,14.00,446636.93999999977,2213443,14
Sofía Villanueva,MELANY ALVARADO,2025,enero,Piura - PVH,12.89,14.00,902606.2549999994,4201273,14
Sofía Villanueva,MELANY ALVARADO,2025,enero,Sullana - PVH,30.94,28.00,636104.601,1233361,28
Sofía Villanueva,MELANY ALVARADO,2025,enero,Talara - PVH,11.58,14.00,420766.66000000015,2179442,14
Sofía Villanueva,MELANY ALVARADO,2025,enero,Talara Municipalidad - PVH,13.13,14.00,563150.1910000001,2574359,14
Sofía Villanueva,MELANY ALVARADO,2025,enero,Trujillo - PVH,,14.00,,,14
Sofía Villanueva,MELANY ALVARADO,2025,enero,Tumbes - PVH,13.55,14.00,546791.5299999999,2420845,14
Sofía Villanueva,MELANY ALVARADO,2025,febrero,Chiclayo - PVH,12.80,14.00,714226.56,3349003,14
Sofía Villanueva,MELANY ALVARADO,2025,febrero,Chiclayo Aventura - PVH,14.01,14.00,472512.14499999996,2023176,14
Sofía Villanueva,MELANY ALVARADO,2025,febrero,Chimbote - PVH,13.95,15.00,566171.525,2434518,15
Sofía Villanueva,MELANY ALVARADO,2025,febrero,El Chacarero - PVH,16.36,14.00,709755.165,2603342,14
Sofía Villanueva,MELANY ALVARADO,2025,febrero,Multiplaza - PVS,,13.00,,,13
Sofía Villanueva,MELANY ALVARADO,2025,febrero,Nvo Chimbote - PVH,13.03,14.00,411147.985,1893903,14
Sofía Villanueva,MELANY ALVARADO,2025,febrero,Paita - PVH,13.31,14.00,526632.08,2374397,14
Sofía Villanueva,MELANY ALVARADO,2025,febrero,Piura - PVH,12.54,14.00,837460.463,4006871,14
Sofía Villanueva,MELANY ALVARADO,2025,febrero,Sullana - PVH,29.50,28.00,638149.3249999998,1297721,28
Sofía Villanueva,MELANY ALVARADO,2025,febrero,Talara - PVH,12.24,14.00,451269.58,2211881,14
Sofía Villanueva,MELANY ALVARADO,2025,febrero,Talara Municipalidad - PVH,12.86,14.00,451282.75000000006,2105663,14
Sofía Villanueva,MELANY ALVARADO,2025,febrero,Trujillo - PVH,,14.00,,,14
Sofía Villanueva,MELANY ALVARADO,2025,febrero,Tumbes - PVH,14.79,14.00,526534.6600000001,2136645,14
Sofía Villanueva,MELANY ALVARADO,2025,marzo,Chiclayo - PVH,12.74,14.00,899086.7859999998,4234421,14
Sofía Villanueva,MELANY ALVARADO,2025,marzo,Chiclayo Aventura - PVH,14.73,14.00,509732.68499999994,2076699,14
Sofía Villanueva,MELANY ALVARADO,2025,marzo,Chimbote - PVH,15.50,15.00,763688.1000000001,2956375,15
Sofía Villanueva,MELANY ALVARADO,2025,marzo,El Chacarero - PVH,17.00,14.00,1017982.6320000007,3592800,14
Sofía Villanueva,MELANY ALVARADO,2025,marzo,Multiplaza - PVS,,13.00,,,13
Sofía Villanueva,MELANY ALVARADO,2025,marzo,Nvo Chimbote - PVH,13.49,14.00,548374.4749999999,2439644,14
Sofía Villanueva,MELANY ALVARADO,2025,marzo,Paita - PVH,14.01,14.00,671698.165,2875856,14
Sofía Villanueva,MELANY ALVARADO,2025,marzo,Piura - PVH,13.43,14.00,1239770.2899999993,5536951,14
Sofía Villanueva,MELANY ALVARADO,2025,marzo,Sullana - PVH,28.47,28.00,717472.0750000002,1512169,28
Sofía Villanueva,MELANY ALVARADO,2025,marzo,Talara - PVH,11.91,14.00,544388.645,2741948,14
Sofía Villanueva,MELANY ALVARADO,2025,marzo,Talara Municipalidad - PVH,13.57,14.00,594026.1140000001,2625799,14
Sofía Villanueva,MELANY ALVARADO,2025,marzo,Trujillo - PVH,,14.00,,,14
Sofía Villanueva,MELANY ALVARADO,2025,marzo,Tumbes - PVH,15.12,14.00,683093.0700000002,2710324,14
Sofía Villanueva,MELANY ALVARADO,2025,abril,Chiclayo - PVH,12.04,14.00,743348.0139999999,3705486,14
Sofía Villanueva,MELANY ALVARADO,2025,abril,Chiclayo Aventura - PVH,13.97,14.00,454729.35399999993,1953455,14
Sofía Villanueva,MELANY ALVARADO,2025,abril,Chimbote - PVH,16.38,15.00,623053.4249999998,2282156,15
Sofía Villanueva,MELANY ALVARADO,2025,abril,El Chacarero - PVH,15.15,14.00,831906.9099999998,3295595,14
Sofía Villanueva,MELANY ALVARADO,2025,abril,Multiplaza - PVS,,13.00,,,13
Sofía Villanueva,MELANY ALVARADO,2025,abril,Nvo Chimbote - PVH,13.47,14.00,446024.4699999999,1986586,14
Sofía Villanueva,MELANY ALVARADO,2025,abril,Paita - PVH,14.63,14.00,567033.868,2326142,14
Sofía Villanueva,MELANY ALVARADO,2025,abril,Piura - PVH,13.66,14.00,966659.3449999996,4245288,14
Sofía Villanueva,MELANY ALVARADO,2025,abril,Sullana - PVH,28.65,28.00,571418.314,1196716,28
Sofía Villanueva,MELANY ALVARADO,2025,abril,Talara - PVH,11.44,14.00,409224.6249999999,2145855,14
Sofía Villanueva,MELANY ALVARADO,2025,abril,Talara Municipalidad - PVH,13.24,14.00,529717.832,2401370,14
Sofía Villanueva,MELANY ALVARADO,2025,abril,Trujillo - PVH,,14.00,,,14
Sofía Villanueva,MELANY ALVARADO,2025,abril,Tumbes - PVH,15.04,14.00,575922.2250000001,2297552,14
Sofía Villanueva,MELANY ALVARADO,2025,mayo,Chiclayo - PVH,12.08,14.00,765855.2100000001,3805460,14
Sofía Villanueva,MELANY ALVARADO,2025,mayo,Chiclayo Aventura - PVH,13.59,14.00,455018.4599999999,2009273,14
Sofía Villanueva,MELANY ALVARADO,2025,mayo,Chimbote - PVH,15.07,15.00,582907.0100000001,2320343,15
Sofía Villanueva,MELANY ALVARADO,2025,mayo,El Chacarero - PVH,15.40,14.00,820432.7899999999,3196896,14
Sofía Villanueva,MELANY ALVARADO,2025,mayo,Multiplaza - PVS,,13.00,,,13
Sofía Villanueva,MELANY ALVARADO,2025,mayo,Nvo Chimbote - PVH,12.91,14.00,451925.74999999994,2100315,14
Sofía Villanueva,MELANY ALVARADO,2025,mayo,Paita - PVH,14.97,14.00,583209.82,2337303,14
Sofía Villanueva,MELANY ALVARADO,2025,mayo,Piura - PVH,13.79,14.00,988602.4899999999,4302886,14
Sofía Villanueva,MELANY ALVARADO,2025,mayo,Sullana - PVH,33.01,28.00,667395.56,1213139,28
Sofía Villanueva,MELANY ALVARADO,2025,mayo,Talara - PVH,11.57,14.00,441045.82000000007,2287016,14
Sofía Villanueva,MELANY ALVARADO,2025,mayo,Talara Municipalidad - PVH,13.40,14.00,556324.67,2491288,14
Sofía Villanueva,MELANY ALVARADO,2025,mayo,Trujillo - PVH,,14.00,,,14
Sofía Villanueva,MELANY ALVARADO,2025,mayo,Tumbes - PVH,14.98,14.00,592522.2300000002,2372684,14
Sofía Villanueva,MELANY ALVARADO,2025,junio,Chiclayo - PVH,12.01,14.00,721906.1699999999,3607537,14
Sofía Villanueva,MELANY ALVARADO,2025,junio,Chiclayo Aventura - PVH,13.56,14.00,397994.20999999985,1760584,14
Sofía Villanueva,MELANY ALVARADO,2025,junio,Chimbote - PVH,14.94,15.00,549935.9600000002,2208772,15
Sofía Villanueva,MELANY ALVARADO,2025,junio,El Chacarero - PVH,15.32,14.00,774654.9999999999,3032993,14
Sofía Villanueva,MELANY ALVARADO,2025,junio,Multiplaza - PVS,,13.00,,,13
Sofía Villanueva,MELANY ALVARADO,2025,junio,Nvo Chimbote - PVH,12.22,14.00,428107.6599999999,2101393,14
Sofía Villanueva,MELANY ALVARADO,2025,junio,Paita - PVH,13.74,14.00,517086.45999999996,2257238,14
Sofía Villanueva,MELANY ALVARADO,2025,junio,Piura - PVH,12.95,14.00,943874.1699999998,4374482,14
Sofía Villanueva,MELANY ALVARADO,2025,junio,Sullana - PVH,29.28,28.00,554812.1200000001,1136756,28
Sofía Villanueva,MELANY ALVARADO,2025,junio,Talara - PVH,11.96,14.00,423751.48000000004,2125163,14
Sofía Villanueva,MELANY ALVARADO,2025,junio,Talara Municipalidad - PVH,12.99,14.00,505014.2399999998,2332190,14
Sofía Villanueva,MELANY ALVARADO,2025,junio,Trujillo - PVH,,14.00,,,14
Sofía Villanueva,MELANY ALVARADO,2025,junio,Tumbes - PVH,13.66,14.00,534941.45,2349138,14
Sofía Villanueva,MELANY ALVARADO,2025,julio,Chiclayo - PVH,11.57,14.00,729681.75,3782489,14
Sofía Villanueva,MELANY ALVARADO,2025,julio,Chiclayo Aventura - PVH,15.07,14.00,433817.2899999999,1727050,14
Sofía Villanueva,MELANY ALVARADO,2025,julio,Chimbote - PVH,15.52,15.00,581281.8799999999,2247330,15
Sofía Villanueva,MELANY ALVARADO,2025,julio,El Chacarero - PVH,15.65,14.00,771659.9599999997,2957518,14
Sofía Villanueva,MELANY ALVARADO,2025,julio,Multiplaza - PVS,,13.00,,,13
Sofía Villanueva,MELANY ALVARADO,2025,julio,Nvo Chimbote - PVH,11.97,14.00,404177.67000000004,2025633,14
Sofía Villanueva,MELANY ALVARADO,2025,julio,Paita - PVH,14.31,14.00,503975.05,2113233,14
Sofía Villanueva,MELANY ALVARADO,2025,julio,Piura - PVH,13.06,14.00,934431.0400000003,4293160,14
Sofía Villanueva,MELANY ALVARADO,2025,julio,Sullana - PVH,32.05,28.00,623388.9099999999,1167101,28
Sofía Villanueva,MELANY ALVARADO,2025,julio,Talara - PVH,11.98,14.00,433565.8799999999,2172172,14
Sofía Villanueva,MELANY ALVARADO,2025,julio,Talara Municipalidad - PVH,13.42,14.00,560063.3,2503407,14
Sofía Villanueva,MELANY ALVARADO,2025,julio,Trujillo - PVH,,14.00,,,14
Sofía Villanueva,MELANY ALVARADO,2025,julio,Tumbes - PVH,14.28,14.00,543006.9800000001,2280929,14
Sofía Villanueva,MELANY ALVARADO,2025,agosto,Chiclayo - PVH,13.16,14.00,754751.0399999998,3441476,14
Sofía Villanueva,MELANY ALVARADO,2025,agosto,Chiclayo Aventura - PVH,13.81,14.00,425236.16000000003,1847545,14
Sofía Villanueva,MELANY ALVARADO,2025,agosto,Chimbote - PVH,15.39,15.00,536705.08,2092030,15
Sofía Villanueva,MELANY ALVARADO,2025,agosto,El Chacarero - PVH,15.70,14.00,818720.4500000002,3128262,14
Sofía Villanueva,MELANY ALVARADO,2025,agosto,Multiplaza - PVS,,13.00,,,13
Sofía Villanueva,MELANY ALVARADO,2025,agosto,Nvo Chimbote - PVH,11.66,14.00,368053.9799999999,1893566,14
Sofía Villanueva,MELANY ALVARADO,2025,agosto,Paita - PVH,12.83,14.00,468753.49,2192911,14
Sofía Villanueva,MELANY ALVARADO,2025,agosto,Piura - PVH,12.55,14.00,907849.9500000001,4340226,14
Sofía Villanueva,MELANY ALVARADO,2025,agosto,Sullana - PVH,30.91,28.00,573372.9800000001,1112976,28
Sofía Villanueva,MELANY ALVARADO,2025,agosto,Talara - PVH,11.23,14.00,386498.8200000001,2064113,14
Sofía Villanueva,MELANY ALVARADO,2025,agosto,Talara Municipalidad - PVH,12.58,14.00,514312.8399999999,2452492,14
Sofía Villanueva,MELANY ALVARADO,2025,agosto,Trujillo - PVH,,14.00,,,14
Sofía Villanueva,MELANY ALVARADO,2025,agosto,Tumbes - PVH,14.31,14.00,566822.8099999998,2376945,14
Sofía Villanueva,MELANY ALVARADO,2025,septiembre,Chiclayo - PVH,14.09,14.00,664260.49,2829544,14
Sofía Villanueva,MELANY ALVARADO,2025,septiembre,Chiclayo Aventura - PVH,14.95,14.00,433569.31,1740038,14
Sofía Villanueva,MELANY ALVARADO,2025,septiembre,Chimbote - PVH,14.43,15.00,575251.2600000001,2391455,15
Sofía Villanueva,MELANY ALVARADO,2025,septiembre,El Chacarero - PVH,15.82,14.00,780681.2800000001,2960083,14
Sofía Villanueva,MELANY ALVARADO,2025,septiembre,Multiplaza - PVS,,13.00,,,13
Sofía Villanueva,MELANY ALVARADO,2025,septiembre,Nvo Chimbote - PVH,11.95,14.00,357142.69999999984,1793747,14
Sofía Villanueva,MELANY ALVARADO,2025,septiembre,Paita - PVH,14.20,14.00,499364.17,2109357,14
Sofía Villanueva,MELANY ALVARADO,2025,septiembre,Piura - PVH,15.52,14.00,851350.1700000002,3290542,14
Sofía Villanueva,MELANY ALVARADO,2025,septiembre,Sullana - PVH,33.13,28.00,518327.55000000005,938594,28
Sofía Villanueva,MELANY ALVARADO,2025,septiembre,Talara - PVH,12.78,14.00,369596.6700000001,1734865,14
Sofía Villanueva,MELANY ALVARADO,2025,septiembre,Talara Municipalidad - PVH,15.73,14.00,480721.70999999996,1833612,14
Sofía Villanueva,MELANY ALVARADO,2025,septiembre,Trujillo - PVH,,14.00,,,14
Sofía Villanueva,MELANY ALVARADO,2025,septiembre,Tumbes - PVH,14.28,14.00,489626.90999999986,2057658,14
Sofía Villanueva,MELANY ALVARADO,2025,octubre,Chiclayo - PVH,13.38,14.00,686784.7199999996,3080333,14
Sofía Villanueva,MELANY ALVARADO,2025,octubre,Chiclayo Aventura - PVH,13.80,14.00,379505.14,1650088,14
Sofía Villanueva,MELANY ALVARADO,2025,octubre,Chimbote - PVH,14.68,15.00,578528.3599999999,2365125,15
Sofía Villanueva,MELANY ALVARADO,2025,octubre,El Chacarero - PVH,15.72,14.00,770796.4799999997,2942390,14
Sofía Villanueva,MELANY ALVARADO,2025,octubre,Multiplaza - PVS,,13.00,,,13
Sofía Villanueva,MELANY ALVARADO,2025,octubre,Nvo Chimbote - PVH,11.93,14.00,386971.8899999999,1946813,14
Sofía Villanueva,MELANY ALVARADO,2025,octubre,Paita - PVH,16.65,14.00,564043.2000000001,2032803,14
Sofía Villanueva,MELANY ALVARADO,2025,octubre,Piura - PVH,15.23,14.00,915739.5699999996,3607755,14
Sofía Villanueva,MELANY ALVARADO,2025,octubre,Sullana - PVH,29.63,28.00,495461.8300000001,1003344,28
Sofía Villanueva,MELANY ALVARADO,2025,octubre,Talara - PVH,14.04,14.00,391113.4299999998,1670965,14
Sofía Villanueva,MELANY ALVARADO,2025,octubre,Talara Municipalidad - PVH,15.05,14.00,476895.7100000001,1901054,14
Sofía Villanueva,MELANY ALVARADO,2025,octubre,Trujillo - PVH,,14.00,,,14
Sofía Villanueva,MELANY ALVARADO,2025,octubre,Tumbes - PVH,13.71,14.00,516210.99,2259845,14
Sofía Villanueva,MELANY ALVARADO,2025,noviembre,Chiclayo - PVH,13.18,14.00,732914.3300000003,3335710,14
Sofía Villanueva,MELANY ALVARADO,2025,noviembre,Chiclayo Aventura - PVH,13.90,14.00,325975.12,1406970,14
Sofía Villanueva,MELANY ALVARADO,2025,noviembre,Chimbote - PVH,14.62,15.00,594015.6099999999,2437828,15
Sofía Villanueva,MELANY ALVARADO,2025,noviembre,El Chacarero - PVH,16.17,14.00,863793.2200000001,3204674,14
Sofía Villanueva,MELANY ALVARADO,2025,noviembre,Multiplaza - PVS,,13.00,,,13
Sofía Villanueva,MELANY ALVARADO,2025,noviembre,Nvo Chimbote - PVH,12.44,14.00,425680.97000000015,2053460,14
Sofía Villanueva,MELANY ALVARADO,2025,noviembre,Paita - PVH,17.56,14.00,546468.53,1866930,14
Sofía Villanueva,MELANY ALVARADO,2025,noviembre,Piura - PVH,15.41,14.00,940382.9899999999,3662031,14
Sofía Villanueva,MELANY ALVARADO,2025,noviembre,Sullana - PVH,32.68,28.00,577209.5,1059656,28
Sofía Villanueva,MELANY ALVARADO,2025,noviembre,Talara - PVH,13.50,14.00,377547.10000000003,1678224,14
Sofía Villanueva,MELANY ALVARADO,2025,noviembre,Talara Municipalidad - PVH,14.35,14.00,519527.33000000013,2172225,14
Sofía Villanueva,MELANY ALVARADO,2025,noviembre,Trujillo - PVH,,14.00,,,14
Sofía Villanueva,MELANY ALVARADO,2025,noviembre,Tumbes - PVH,12.85,14.00,565542.4800000001,2639765,14
Sofía Villanueva,MELANY ALVARADO,2025,diciembre,Chiclayo - PVH,12.28,14.00,970028.7500000001,4738502,14
Sofía Villanueva,MELANY ALVARADO,2025,diciembre,Chiclayo Aventura - PVH,11.72,14.00,521808.4600000001,2671796,14
Sofía Villanueva,MELANY ALVARADO,2025,diciembre,Chimbote - PVH,15.41,15.00,853243.1100000003,3323081,15
Sofía Villanueva,MELANY ALVARADO,2025,diciembre,El Chacarero - PVH,15.34,14.00,1161533.6300000004,4542355,14
Sofía Villanueva,MELANY ALVARADO,2025,diciembre,Multiplaza - PVS,,13.00,,,13
Sofía Villanueva,MELANY ALVARADO,2025,diciembre,Nvo Chimbote - PVH,11.25,14.00,518704.0200000001,2766203,14
Sofía Villanueva,MELANY ALVARADO,2025,diciembre,Paita - PVH,16.66,14.00,727889.8199999998,2620851,14
Sofía Villanueva,MELANY ALVARADO,2025,diciembre,Piura - PVH,13.93,14.00,1263722.15,5441395,14
Sofía Villanueva,MELANY ALVARADO,2025,diciembre,Sullana - PVH,35.64,28.00,871490.0799999994,1467328,28
Sofía Villanueva,MELANY ALVARADO,2025,diciembre,Talara - PVH,14.10,14.00,522123.06000000023,2221876,14
Sofía Villanueva,MELANY ALVARADO,2025,diciembre,Talara Municipalidad - PVH,13.84,14.00,704099.0999999996,3053454,14
Sofía Villanueva,MELANY ALVARADO,2025,diciembre,Trujillo - PVH,,14.00,,,14
Sofía Villanueva,MELANY ALVARADO,2025,diciembre,Tumbes - PVH,12.14,14.00,786868.2099999996,3888447,14
Sofía Villanueva,MELANY ALVARADO,2026,enero,Chiclayo - PVH,12.18,14.00,778727.1599999999,3836350,14
Sofía Villanueva,MELANY ALVARADO,2026,enero,Chiclayo Aventura - PVH,11.96,14.00,466736.73000000004,2340590,14
Sofía Villanueva,MELANY ALVARADO,2026,enero,Chimbote - PVH,13.56,15.00,557545.7999999998,2467893,15
Sofía Villanueva,MELANY ALVARADO,2026,enero,El Chacarero - PVH,13.79,14.00,778361.3400000002,3385515,14
Sofía Villanueva,MELANY ALVARADO,2026,enero,Multiplaza - PVS,,13.00,,,13
Sofía Villanueva,MELANY ALVARADO,2026,enero,Nvo Chimbote - PVH,11.32,14.00,424344.80000000005,2249217,14
Sofía Villanueva,MELANY ALVARADO,2026,enero,Paita - PVH,15.23,14.00,510477.04000000004,2010666,14
Sofía Villanueva,MELANY ALVARADO,2026,enero,Piura - PVH,13.35,14.00,768778.72,3455250,14
Sofía Villanueva,MELANY ALVARADO,2026,enero,Sullana - PVH,24.40,28.00,467009.86,1148248,28
Sofía Villanueva,MELANY ALVARADO,2026,enero,Talara - PVH,12.26,14.00,331733.57000000007,1623438,14
Sofía Villanueva,MELANY ALVARADO,2026,enero,Talara Municipalidad - PVH,14.00,14.00,478762.48,2051368,14
Sofía Villanueva,MELANY ALVARADO,2026,enero,Trujillo - PVH,,14.00,,,14
Sofía Villanueva,MELANY ALVARADO,2026,enero,Tumbes - PVH,12.83,14.00,535984.6300000001,2506085,14
Sofía Villanueva,MELANY ALVARADO,2026,febrero,Chiclayo - PVH,12.80,14.00,779473.9499999998,3654710,14
Sofía Villanueva,MELANY ALVARADO,2026,febrero,Chiclayo Aventura - PVH,12.31,14.00,462567.39999999985,2253767,14
Sofía Villanueva,MELANY ALVARADO,2026,febrero,Chimbote - PVH,15.00,15.00,548459.2199999996,2194155,15
Sofía Villanueva,MELANY ALVARADO,2026,febrero,El Chacarero - PVH,14.67,14.00,823112.2100000004,3366453,14
Sofía Villanueva,MELANY ALVARADO,2026,febrero,Multiplaza - PVS,,13.00,,,13
Sofía Villanueva,MELANY ALVARADO,2026,febrero,Nvo Chimbote - PVH,12.34,14.00,401309.5899999999,1950657,14
Sofía Villanueva,MELANY ALVARADO,2026,febrero,Paita - PVH,16.45,14.00,540652.29,1971851,14
Sofía Villanueva,MELANY ALVARADO,2026,febrero,Piura - PVH,13.84,14.00,746975.4700000004,3238335,14
Sofía Villanueva,MELANY ALVARADO,2026,febrero,Sullana - PVH,26.89,28.00,499758.55000000005,1115280,28
Sofía Villanueva,MELANY ALVARADO,2026,febrero,Talara - PVH,12.36,14.00,336816.4399999998,1634678,14
Sofía Villanueva,MELANY ALVARADO,2026,febrero,Talara Municipalidad - PVH,14.24,14.00,492297.5600000001,2074627,14
Sofía Villanueva,MELANY ALVARADO,2026,febrero,Trujillo - PVH,,14.00,,,14
Sofía Villanueva,MELANY ALVARADO,2026,febrero,Tumbes - PVH,12.44,14.00,502609.87,2424191,14
Sofía Villanueva,MELANY ALVARADO,2026,marzo,Chiclayo - PVH,12.74,14.00,903644.0399999998,4254795,14
Sofía Villanueva,MELANY ALVARADO,2026,marzo,Chiclayo Aventura - PVH,13.34,14.00,512001.76999999984,2303273,14
Sofía Villanueva,MELANY ALVARADO,2026,marzo,Chimbote - PVH,14.81,15.00,678294.8299999998,2748705,15
Sofía Villanueva,MELANY ALVARADO,2026,marzo,El Chacarero - PVH,15.43,14.00,1028562.0599999998,3999836,14
Sofía Villanueva,MELANY ALVARADO,2026,marzo,Multiplaza - PVS,,13.00,,,13
Sofía Villanueva,MELANY ALVARADO,2026,marzo,Nvo Chimbote - PVH,13.39,14.00,481908.2400000001,2158948,14
Sofía Villanueva,MELANY ALVARADO,2026,marzo,Paita - PVH,16.68,14.00,688490.4200000002,2476124,14
Sofía Villanueva,MELANY ALVARADO,2026,marzo,Piura - PVH,13.51,14.00,997040.0100000002,4426598,14
Sofía Villanueva,MELANY ALVARADO,2026,marzo,Sullana - PVH,22.12,28.00,565789.38,1534739,28
Sofía Villanueva,MELANY ALVARADO,2026,marzo,Talara - PVH,12.60,14.00,427396.47,2034873,14
Sofía Villanueva,MELANY ALVARADO,2026,marzo,Talara Municipalidad - PVH,14.43,14.00,564332.4200000002,2346517,14
Sofía Villanueva,MELANY ALVARADO,2026,marzo,Trujillo - PVH,,14.00,,,14
Sofía Villanueva,MELANY ALVARADO,2026,marzo,Tumbes - PVH,13.38,14.00,615529.0100000002,2760108,14
Sofía Villanueva,MELANY ALVARADO,2026,abril,Chiclayo - PVH,12.32,14.00,678326.3800000002,3302273,14
Sofía Villanueva,MELANY ALVARADO,2026,abril,Chiclayo Aventura - PVH,14.31,14.00,389529.6999999999,1632850,14
Sofía Villanueva,MELANY ALVARADO,2026,abril,Chimbote - PVH,14.38,15.00,516435.51,2154839,15
Sofía Villanueva,MELANY ALVARADO,2026,abril,El Chacarero - PVH,14.64,14.00,798688.9,3273127,14
Sofía Villanueva,MELANY ALVARADO,2026,abril,Multiplaza - PVS,,13.00,,,13
Sofía Villanueva,MELANY ALVARADO,2026,abril,Nvo Chimbote - PVH,13.37,14.00,401456.92000000004,1801379,14
Sofía Villanueva,MELANY ALVARADO,2026,abril,Paita - PVH,16.36,14.00,555275.5499999999,2036630,14
Sofía Villanueva,MELANY ALVARADO,2026,abril,Piura - PVH,13.15,14.00,804196.7799999997,3670338,14
Sofía Villanueva,MELANY ALVARADO,2026,abril,Sullana - PVH,21.58,28.00,414763.1499999999,1152950,28
Sofía Villanueva,MELANY ALVARADO,2026,abril,Talara - PVH,13.37,14.00,341736.8500000001,1533314,14
Sofía Villanueva,MELANY ALVARADO,2026,abril,Talara Municipalidad - PVH,14.14,14.00,455498.34,1932259,14
Sofía Villanueva,MELANY ALVARADO,2026,abril,Trujillo - PVH,,14.00,,,14
Sofía Villanueva,MELANY ALVARADO,2026,abril,Tumbes - PVH,14.64,14.00,502234.4199999999,2058057,14
Sofía Villanueva,MELANY ALVARADO,2026,mayo,Chiclayo - PVH,12.52,14.00,753566.8200000001,3611981,14
Sofía Villanueva,MELANY ALVARADO,2026,mayo,Chiclayo Aventura - PVH,13.59,14.00,417436.2899999999,1842449,14
Sofía Villanueva,MELANY ALVARADO,2026,mayo,Chimbote - PVH,14.26,15.00,569979.0499999998,2397674,15
Sofía Villanueva,MELANY ALVARADO,2026,mayo,El Chacarero - PVH,14.44,14.00,869422.6600000001,3613366,14
Sofía Villanueva,MELANY ALVARADO,2026,mayo,Multiplaza - PVS,,13.00,,,13
Sofía Villanueva,MELANY ALVARADO,2026,mayo,Nvo Chimbote - PVH,13.40,14.00,434736.72,1947134,14
Sofía Villanueva,MELANY ALVARADO,2026,mayo,Paita - PVH,16.32,14.00,599588.4,2204519,14
Sofía Villanueva,MELANY ALVARADO,2026,mayo,Piura - PVH,13.80,14.00,877447.3599999996,3814064,14
Sofía Villanueva,MELANY ALVARADO,2026,mayo,Sullana - PVH,21.20,28.00,437175.54000000004,1237111,28
Sofía Villanueva,MELANY ALVARADO,2026,mayo,Talara - PVH,12.15,14.00,316145.68000000005,1561481,14
Sofía Villanueva,MELANY ALVARADO,2026,mayo,Talara Municipalidad - PVH,14.37,14.00,532488.8500000003,2223331,14
Sofía Villanueva,MELANY ALVARADO,2026,mayo,Trujillo - PVH,,14.00,,,14
Sofía Villanueva,MELANY ALVARADO,2026,mayo,Tumbes - PVH,14.33,14.00,536802.9900000002,2248231,14
Sofía Villanueva,MELANY ALVARADO,2026,junio,Chiclayo - PVH,13.19,14.00,664937.25,3025268,14
Sofía Villanueva,MELANY ALVARADO,2026,junio,Chiclayo Aventura - PVH,14.25,14.00,360917.47,1519878,14
Sofía Villanueva,MELANY ALVARADO,2026,junio,Chimbote - PVH,14.25,15.00,491465.7299999999,2070030,15
Sofía Villanueva,MELANY ALVARADO,2026,junio,El Chacarero - PVH,14.89,14.00,818321.7399999998,3298408,14
Sofía Villanueva,MELANY ALVARADO,2026,junio,Multiplaza - PVS,,13.00,,,13
Sofía Villanueva,MELANY ALVARADO,2026,junio,Nvo Chimbote - PVH,12.27,14.00,345125.33,1687145,14
Sofía Villanueva,MELANY ALVARADO,2026,junio,Paita - PVH,15.75,14.00,505276.48999999993,1924856,14
Sofía Villanueva,MELANY ALVARADO,2026,junio,Piura - PVH,14.51,14.00,795016.23,3288386,14
Sofía Villanueva,MELANY ALVARADO,2026,junio,Sullana - PVH,19.86,28.00,393140.72000000003,1187666,28
Sofía Villanueva,MELANY ALVARADO,2026,junio,Talara - PVH,12.07,14.00,256828.63999999996,1276860,14
Sofía Villanueva,MELANY ALVARADO,2026,junio,Talara Municipalidad - PVH,14.50,14.00,470391.19999999995,1946760,14
Sofía Villanueva,MELANY ALVARADO,2026,junio,Trujillo - PVH,,14.00,,,14
Sofía Villanueva,MELANY ALVARADO,2026,junio,Tumbes - PVH,14.51,14.00,458537.7400000001,1896210,14
Sofía Villanueva,MELANY ALVARADO,2026,julio,Chiclayo - PVH,,14.00,,,14
Sofía Villanueva,MELANY ALVARADO,2026,julio,Chiclayo Aventura - PVH,,14.00,,,14
Sofía Villanueva,MELANY ALVARADO,2026,julio,Chimbote - PVH,,15.00,,,15
Sofía Villanueva,MELANY ALVARADO,2026,julio,El Chacarero - PVH,,14.00,,,14
Sofía Villanueva,MELANY ALVARADO,2026,julio,Multiplaza - PVS,,13.00,,,13
Sofía Villanueva,MELANY ALVARADO,2026,julio,Nvo Chimbote - PVH,,14.00,,,14
Sofía Villanueva,MELANY ALVARADO,2026,julio,Paita - PVH,,14.00,,,14
Sofía Villanueva,MELANY ALVARADO,2026,julio,Piura - PVH,,14.00,,,14
Sofía Villanueva,MELANY ALVARADO,2026,julio,Sullana - PVH,,28.00,,,28
Sofía Villanueva,MELANY ALVARADO,2026,julio,Talara - PVH,,14.00,,,14
Sofía Villanueva,MELANY ALVARADO,2026,julio,Talara Municipalidad - PVH,,14.00,,,14
Sofía Villanueva,MELANY ALVARADO,2026,julio,Trujillo - PVH,,14.00,,,14
Sofía Villanueva,MELANY ALVARADO,2026,julio,Tumbes - PVH,,14.00,,,14
Sofía Villanueva,MELANY ALVARADO,2026,agosto,Chiclayo - PVH,,14.00,,,14
Sofía Villanueva,MELANY ALVARADO,2026,agosto,Chiclayo Aventura - PVH,,14.00,,,14
Sofía Villanueva,MELANY ALVARADO,2026,agosto,Chimbote - PVH,,15.00,,,15
Sofía Villanueva,MELANY ALVARADO,2026,agosto,El Chacarero - PVH,,14.00,,,14
Sofía Villanueva,MELANY ALVARADO,2026,agosto,Multiplaza - PVS,,13.00,,,13
Sofía Villanueva,MELANY ALVARADO,2026,agosto,Nvo Chimbote - PVH,,14.00,,,14
Sofía Villanueva,MELANY ALVARADO,2026,agosto,Paita - PVH,,14.00,,,14
Sofía Villanueva,MELANY ALVARADO,2026,agosto,Piura - PVH,,14.00,,,14
Sofía Villanueva,MELANY ALVARADO,2026,agosto,Sullana - PVH,,28.00,,,28
Sofía Villanueva,MELANY ALVARADO,2026,agosto,Talara - PVH,,14.00,,,14
Sofía Villanueva,MELANY ALVARADO,2026,agosto,Talara Municipalidad - PVH,,14.00,,,14
Sofía Villanueva,MELANY ALVARADO,2026,agosto,Trujillo - PVH,,14.00,,,14
Sofía Villanueva,MELANY ALVARADO,2026,agosto,Tumbes - PVH,,14.00,,,14
Sofía Villanueva,MELANY ALVARADO,2026,septiembre,Chiclayo - PVH,,14.00,,,14
Sofía Villanueva,MELANY ALVARADO,2026,septiembre,Chiclayo Aventura - PVH,,14.00,,,14
Sofía Villanueva,MELANY ALVARADO,2026,septiembre,Chimbote - PVH,,15.00,,,15
Sofía Villanueva,MELANY ALVARADO,2026,septiembre,El Chacarero - PVH,,14.00,,,14
Sofía Villanueva,MELANY ALVARADO,2026,septiembre,Multiplaza - PVS,,13.00,,,13
Sofía Villanueva,MELANY ALVARADO,2026,septiembre,Nvo Chimbote - PVH,,14.00,,,14
Sofía Villanueva,MELANY ALVARADO,2026,septiembre,Paita - PVH,,14.00,,,14
Sofía Villanueva,MELANY ALVARADO,2026,septiembre,Piura - PVH,,14.00,,,14
Sofía Villanueva,MELANY ALVARADO,2026,septiembre,Sullana - PVH,,28.00,,,28
Sofía Villanueva,MELANY ALVARADO,2026,septiembre,Talara - PVH,,14.00,,,14
Sofía Villanueva,MELANY ALVARADO,2026,septiembre,Talara Municipalidad - PVH,,14.00,,,14
Sofía Villanueva,MELANY ALVARADO,2026,septiembre,Trujillo - PVH,,14.00,,,14
Sofía Villanueva,MELANY ALVARADO,2026,septiembre,Tumbes - PVH,,14.00,,,14
Sofía Villanueva,MELANY ALVARADO,2026,octubre,Chiclayo - PVH,,14.00,,,14
Sofía Villanueva,MELANY ALVARADO,2026,octubre,Chiclayo Aventura - PVH,,14.00,,,14
Sofía Villanueva,MELANY ALVARADO,2026,octubre,Chimbote - PVH,,15.00,,,15
Sofía Villanueva,MELANY ALVARADO,2026,octubre,El Chacarero - PVH,,14.00,,,14
Sofía Villanueva,MELANY ALVARADO,2026,octubre,Multiplaza - PVS,,13.00,,,13
Sofía Villanueva,MELANY ALVARADO,2026,octubre,Nvo Chimbote - PVH,,14.00,,,14
Sofía Villanueva,MELANY ALVARADO,2026,octubre,Paita - PVH,,14.00,,,14
Sofía Villanueva,MELANY ALVARADO,2026,octubre,Piura - PVH,,14.00,,,14
Sofía Villanueva,MELANY ALVARADO,2026,octubre,Sullana - PVH,,28.00,,,28
Sofía Villanueva,MELANY ALVARADO,2026,octubre,Talara - PVH,,14.00,,,14
Sofía Villanueva,MELANY ALVARADO,2026,octubre,Talara Municipalidad - PVH,,14.00,,,14
Sofía Villanueva,MELANY ALVARADO,2026,octubre,Trujillo - PVH,,14.00,,,14
Sofía Villanueva,MELANY ALVARADO,2026,octubre,Tumbes - PVH,,14.00,,,14
Sofía Villanueva,MELANY ALVARADO,2026,noviembre,Chiclayo - PVH,,14.00,,,14
Sofía Villanueva,MELANY ALVARADO,2026,noviembre,Chiclayo Aventura - PVH,,14.00,,,14
Sofía Villanueva,MELANY ALVARADO,2026,noviembre,Chimbote - PVH,,15.00,,,15
Sofía Villanueva,MELANY ALVARADO,2026,noviembre,El Chacarero - PVH,,14.00,,,14
Sofía Villanueva,MELANY ALVARADO,2026,noviembre,Multiplaza - PVS,,13.00,,,13
Sofía Villanueva,MELANY ALVARADO,2026,noviembre,Nvo Chimbote - PVH,,14.00,,,14
Sofía Villanueva,MELANY ALVARADO,2026,noviembre,Paita - PVH,,14.00,,,14
Sofía Villanueva,MELANY ALVARADO,2026,noviembre,Piura - PVH,,14.00,,,14
Sofía Villanueva,MELANY ALVARADO,2026,noviembre,Sullana - PVH,,28.00,,,28
Sofía Villanueva,MELANY ALVARADO,2026,noviembre,Talara - PVH,,14.00,,,14
Sofía Villanueva,MELANY ALVARADO,2026,noviembre,Talara Municipalidad - PVH,,14.00,,,14
Sofía Villanueva,MELANY ALVARADO,2026,noviembre,Trujillo - PVH,,14.00,,,14
Sofía Villanueva,MELANY ALVARADO,2026,noviembre,Tumbes - PVH,,14.00,,,14
Sofía Villanueva,MELANY ALVARADO,2026,diciembre,Chiclayo - PVH,,14.00,,,14
Sofía Villanueva,MELANY ALVARADO,2026,diciembre,Chiclayo Aventura - PVH,,14.00,,,14
Sofía Villanueva,MELANY ALVARADO,2026,diciembre,Chimbote - PVH,,15.00,,,15
Sofía Villanueva,MELANY ALVARADO,2026,diciembre,El Chacarero - PVH,,14.00,,,14
Sofía Villanueva,MELANY ALVARADO,2026,diciembre,Multiplaza - PVS,,13.00,,,13
Sofía Villanueva,MELANY ALVARADO,2026,diciembre,Nvo Chimbote - PVH,,14.00,,,14
Sofía Villanueva,MELANY ALVARADO,2026,diciembre,Paita - PVH,,14.00,,,14
Sofía Villanueva,MELANY ALVARADO,2026,diciembre,Piura - PVH,,14.00,,,14
Sofía Villanueva,MELANY ALVARADO,2026,diciembre,Sullana - PVH,,28.00,,,28
Sofía Villanueva,MELANY ALVARADO,2026,diciembre,Talara - PVH,,14.00,,,14
Sofía Villanueva,MELANY ALVARADO,2026,diciembre,Talara Municipalidad - PVH,,14.00,,,14
Sofía Villanueva,MELANY ALVARADO,2026,diciembre,Trujillo - PVH,,14.00,,,14
Sofía Villanueva,MELANY ALVARADO,2026,diciembre,Tumbes - PVH,,14.00,,,14
Sofía Villanueva,PEPE ARAMBURU,2025,enero,Barranca - PVH,17.93,18.00,261054.28999999998,873590,18
Sofía Villanueva,PEPE ARAMBURU,2025,enero,Cajamarca - PVH,15.46,16.00,587622.8649999996,2280088,16
Sofía Villanueva,PEPE ARAMBURU,2025,enero,Huacho - PVH,12.99,14.00,558684.8799999999,2581485,14
Sofía Villanueva,PEPE ARAMBURU,2025,enero,Huancayo - PVH,19.33,18.00,1133447.3800000004,3518109,18
Sofía Villanueva,PEPE ARAMBURU,2025,enero,Huanuco - PVO,15.10,14.50,854551.6799999996,3396460,14.5
Sofía Villanueva,PEPE ARAMBURU,2025,enero,Huaral - PVH,11.23,14.00,364092.49000000005,1945174,14
Sofía Villanueva,PEPE ARAMBURU,2025,enero,Jaen - PVO,18.98,16.50,554976.8550000002,1754095,16.5
Sofía Villanueva,PEPE ARAMBURU,2025,enero,Pucallpa - PVO,10.46,13.00,788712.5380000002,4524090,13
Sofía Villanueva,PEPE ARAMBURU,2025,enero,SJB Ayacucho - PVH,,13.00,,,13
Sofía Villanueva,PEPE ARAMBURU,2025,enero,Tarapoto - PVO,12.64,14.00,940268.3800000002,4463156,14
Sofía Villanueva,PEPE ARAMBURU,2025,enero,Tarapoto 2 - PVO,,13.00,,,13
Sofía Villanueva,PEPE ARAMBURU,2025,febrero,Barranca - PVH,16.59,18.00,254787.92000000004,921636,18
Sofía Villanueva,PEPE ARAMBURU,2025,febrero,Cajamarca - PVH,15.99,16.00,536744.62,2014096,16
Sofía Villanueva,PEPE ARAMBURU,2025,febrero,Huacho - PVH,13.16,14.00,451791.5699999999,2059495,14
Sofía Villanueva,PEPE ARAMBURU,2025,febrero,Huancayo - PVH,17.33,18.00,759549.9200000002,2629926,18
Sofía Villanueva,PEPE ARAMBURU,2025,febrero,Huanuco - PVO,14.80,14.50,653212.2799999999,2647826,14.5
Sofía Villanueva,PEPE ARAMBURU,2025,febrero,Huaral - PVH,11.67,14.00,418108.0599999999,2149963,14
Sofía Villanueva,PEPE ARAMBURU,2025,febrero,Jaen - PVO,17.60,16.50,525955.5599999999,1793385,16.5
Sofía Villanueva,PEPE ARAMBURU,2025,febrero,Pucallpa - PVO,10.30,13.00,684656.9799999997,3986535,13
Sofía Villanueva,PEPE ARAMBURU,2025,febrero,SJB Ayacucho - PVH,,13.00,,,13
Sofía Villanueva,PEPE ARAMBURU,2025,febrero,Tarapoto - PVO,12.42,14.00,876514.7199999997,4233936,14
Sofía Villanueva,PEPE ARAMBURU,2025,febrero,Tarapoto 2 - PVO,,13.00,,,13
Sofía Villanueva,PEPE ARAMBURU,2025,marzo,Barranca - PVH,17.91,18.00,330116.78,1105971,18
Sofía Villanueva,PEPE ARAMBURU,2025,marzo,Cajamarca - PVH,17.64,16.00,719711.8589999999,2448163,16
Sofía Villanueva,PEPE ARAMBURU,2025,marzo,Huacho - PVH,13.60,14.00,428631.48199999996,1890685,14
Sofía Villanueva,PEPE ARAMBURU,2025,marzo,Huancayo - PVH,17.88,18.00,473800.5090000001,1589647,18
Sofía Villanueva,PEPE ARAMBURU,2025,marzo,Huanuco - PVO,14.24,14.50,827335.4650000002,3484853,14.5
Sofía Villanueva,PEPE ARAMBURU,2025,marzo,Huaral - PVH,12.03,14.00,500216.69500000007,2494496,14
Sofía Villanueva,PEPE ARAMBURU,2025,marzo,Jaen - PVO,17.19,16.50,750198.44,2618082,16.5
Sofía Villanueva,PEPE ARAMBURU,2025,marzo,Pucallpa - PVO,10.91,13.00,878650.3149999996,4834211,13
Sofía Villanueva,PEPE ARAMBURU,2025,marzo,SJB Ayacucho - PVH,,13.00,,,13
Sofía Villanueva,PEPE ARAMBURU,2025,marzo,Tarapoto - PVO,12.60,14.00,1055132.5120000008,5023661,14
Sofía Villanueva,PEPE ARAMBURU,2025,marzo,Tarapoto 2 - PVO,,13.00,,,13
Sofía Villanueva,PEPE ARAMBURU,2025,abril,Barranca - PVH,19.07,18.00,274832.34,864789,18
Sofía Villanueva,PEPE ARAMBURU,2025,abril,Cajamarca - PVH,16.62,16.00,609034.6359999998,2198345,16
Sofía Villanueva,PEPE ARAMBURU,2025,abril,Huacho - PVH,13.67,14.00,494440.35499999975,2170377,14
Sofía Villanueva,PEPE ARAMBURU,2025,abril,Huancayo - PVH,18.34,18.00,984000.1780000003,3219787,18
Sofía Villanueva,PEPE ARAMBURU,2025,abril,Huanuco - PVO,13.98,14.50,766158.781,3287319,14.5
Sofía Villanueva,PEPE ARAMBURU,2025,abril,Huaral - PVH,12.82,14.00,427519.3599999999,2001480,14
Sofía Villanueva,PEPE ARAMBURU,2025,abril,Jaen - PVO,17.64,16.50,551164.5620000003,1874822,16.5
Sofía Villanueva,PEPE ARAMBURU,2025,abril,Pucallpa - PVO,11.47,13.00,796510.4779999994,4164985,13
Sofía Villanueva,PEPE ARAMBURU,2025,abril,SJB Ayacucho - PVH,,13.00,,,13
Sofía Villanueva,PEPE ARAMBURU,2025,abril,Tarapoto - PVO,12.23,14.00,900313.5139999997,4418160,14
Sofía Villanueva,PEPE ARAMBURU,2025,abril,Tarapoto 2 - PVO,,13.00,,,13
Sofía Villanueva,PEPE ARAMBURU,2025,mayo,Barranca - PVH,19.58,18.00,287995.07999999996,882458,18
Sofía Villanueva,PEPE ARAMBURU,2025,mayo,Cajamarca - PVH,15.75,16.00,591800.48,2254075,16
Sofía Villanueva,PEPE ARAMBURU,2025,mayo,Huacho - PVH,13.10,14.00,524412.12,2401248,14
Sofía Villanueva,PEPE ARAMBURU,2025,mayo,Huancayo - PVH,18.86,18.00,1108258.8399999999,3526408,18
Sofía Villanueva,PEPE ARAMBURU,2025,mayo,Huanuco - PVO,15.26,14.50,871030.4400000002,3424718,14.5
Sofía Villanueva,PEPE ARAMBURU,2025,mayo,Huaral - PVH,12.08,14.00,388760.97,1930894,14
Sofía Villanueva,PEPE ARAMBURU,2025,mayo,Jaen - PVO,18.81,16.50,633081.8199999998,2019011,16.5
Sofía Villanueva,PEPE ARAMBURU,2025,mayo,Pucallpa - PVO,11.13,13.00,815853.7799999996,4396517,13
Sofía Villanueva,PEPE ARAMBURU,2025,mayo,SJB Ayacucho - PVH,,13.00,,,13
Sofía Villanueva,PEPE ARAMBURU,2025,mayo,Tarapoto - PVO,12.21,14.00,915814.38,4501391,14
Sofía Villanueva,PEPE ARAMBURU,2025,mayo,Tarapoto 2 - PVO,,13.00,,,13
Sofía Villanueva,PEPE ARAMBURU,2025,junio,Barranca - PVH,18.79,18.00,278474.05999999994,889416,18
Sofía Villanueva,PEPE ARAMBURU,2025,junio,Cajamarca - PVH,15.33,16.00,589012.4099999999,2305768,16
Sofía Villanueva,PEPE ARAMBURU,2025,junio,Huacho - PVH,13.77,14.00,548237.5900000001,2388711,14
Sofía Villanueva,PEPE ARAMBURU,2025,junio,Huancayo - PVH,18.11,18.00,1046103.5100000001,3466296,18
Sofía Villanueva,PEPE ARAMBURU,2025,junio,Huanuco - PVO,15.36,14.50,836865.6599999999,3268290,14.5
Sofía Villanueva,PEPE ARAMBURU,2025,junio,Huaral - PVH,11.98,14.00,384115.48000000004,1924288,14
Sofía Villanueva,PEPE ARAMBURU,2025,junio,Jaen - PVO,18.93,16.50,617815.2399999999,1957762,16.5
Sofía Villanueva,PEPE ARAMBURU,2025,junio,Pucallpa - PVO,11.47,13.00,828706.98,4334520,13
Sofía Villanueva,PEPE ARAMBURU,2025,junio,SJB Ayacucho - PVH,,13.00,,,13
Sofía Villanueva,PEPE ARAMBURU,2025,junio,Tarapoto - PVO,12.27,14.00,921491.52,4504748,14
Sofía Villanueva,PEPE ARAMBURU,2025,junio,Tarapoto 2 - PVO,,13.00,,,13
Sofía Villanueva,PEPE ARAMBURU,2025,julio,Barranca - PVH,19.71,18.00,276953.02,843142,18
Sofía Villanueva,PEPE ARAMBURU,2025,julio,Cajamarca - PVH,16.02,16.00,601430.7900000002,2252075,16
Sofía Villanueva,PEPE ARAMBURU,2025,julio,Huacho - PVH,15.11,14.00,566833.3399999999,2251269,14
Sofía Villanueva,PEPE ARAMBURU,2025,julio,Huancayo - PVH,18.95,18.00,1123218.4900000002,3556655,18
Sofía Villanueva,PEPE ARAMBURU,2025,julio,Huanuco - PVO,15.58,14.50,865433.6699999999,3333476,14.5
Sofía Villanueva,PEPE ARAMBURU,2025,julio,Huaral - PVH,12.97,14.00,411591.05000000005,1904241,14
Sofía Villanueva,PEPE ARAMBURU,2025,julio,Jaen - PVO,19.67,16.50,633690.91,1933103,16.5
Sofía Villanueva,PEPE ARAMBURU,2025,julio,Pucallpa - PVO,11.76,13.00,853960.9299999997,4355340,13
Sofía Villanueva,PEPE ARAMBURU,2025,julio,SJB Ayacucho - PVH,,13.00,,,13
Sofía Villanueva,PEPE ARAMBURU,2025,julio,Tarapoto - PVO,12.53,14.00,987341.93,4729289,14
Sofía Villanueva,PEPE ARAMBURU,2025,julio,Tarapoto 2 - PVO,,13.00,,,13
Sofía Villanueva,PEPE ARAMBURU,2025,agosto,Barranca - PVH,19.46,18.00,292066.5800000001,900502,18
Sofía Villanueva,PEPE ARAMBURU,2025,agosto,Cajamarca - PVH,15.98,16.00,641625.4299999999,2409270,16
Sofía Villanueva,PEPE ARAMBURU,2025,agosto,Huacho - PVH,13.70,14.00,516630.52999999985,2262014,14
Sofía Villanueva,PEPE ARAMBURU,2025,agosto,Huancayo - PVH,17.79,18.00,1060825.33,3578332,18
Sofía Villanueva,PEPE ARAMBURU,2025,agosto,Huanuco - PVO,16.32,14.50,919392.7800000003,3379351,14.5
Sofía Villanueva,PEPE ARAMBURU,2025,agosto,Huaral - PVH,15.88,14.00,408752.9,1544517,14
Sofía Villanueva,PEPE ARAMBURU,2025,agosto,Jaen - PVO,19.42,16.50,665945.3999999997,2057199,16.5
Sofía Villanueva,PEPE ARAMBURU,2025,agosto,Pucallpa - PVO,11.87,13.00,869358.74,4393623,13
Sofía Villanueva,PEPE ARAMBURU,2025,agosto,SJB Ayacucho - PVH,,13.00,,,13
Sofía Villanueva,PEPE ARAMBURU,2025,agosto,Tarapoto - PVO,11.93,14.00,935747.6,4706251,14
Sofía Villanueva,PEPE ARAMBURU,2025,agosto,Tarapoto 2 - PVO,,13.00,,,13
Sofía Villanueva,PEPE ARAMBURU,2025,septiembre,Barranca - PVH,18.32,18.00,260555.46,853216,18
Sofía Villanueva,PEPE ARAMBURU,2025,septiembre,Cajamarca - PVH,15.24,16.00,565867.7399999999,2228079,16
Sofía Villanueva,PEPE ARAMBURU,2025,septiembre,Huacho - PVH,13.29,14.00,479756.59,2165414,14
Sofía Villanueva,PEPE ARAMBURU,2025,septiembre,Huancayo - PVH,17.65,18.00,928425.3900000007,3156299,18
Sofía Villanueva,PEPE ARAMBURU,2025,septiembre,Huanuco - PVO,16.93,14.50,880447.9199999999,3119898,14.5
Sofía Villanueva,PEPE ARAMBURU,2025,septiembre,Huaral - PVH,15.56,14.00,352565.56000000006,1359730,14
Sofía Villanueva,PEPE ARAMBURU,2025,septiembre,Jaen - PVO,21.70,16.50,657019.0000000001,1816409,16.5
Sofía Villanueva,PEPE ARAMBURU,2025,septiembre,Pucallpa - PVO,11.15,13.00,787947.5300000004,4238666,13
Sofía Villanueva,PEPE ARAMBURU,2025,septiembre,SJB Ayacucho - PVH,,13.00,,,13
Sofía Villanueva,PEPE ARAMBURU,2025,septiembre,Tarapoto - PVO,11.47,14.00,851845.7800000005,4454819,14
Sofía Villanueva,PEPE ARAMBURU,2025,septiembre,Tarapoto 2 - PVO,,13.00,,,13
Sofía Villanueva,PEPE ARAMBURU,2025,octubre,Barranca - PVH,20.49,18.00,301559.98,882995,18
Sofía Villanueva,PEPE ARAMBURU,2025,octubre,Cajamarca - PVH,15.66,16.00,572245.5699999997,2193105,16
Sofía Villanueva,PEPE ARAMBURU,2025,octubre,Huacho - PVH,15.10,14.00,489740.8300000001,1945792,14
Sofía Villanueva,PEPE ARAMBURU,2025,octubre,Huancayo - PVH,19.19,18.00,1054437.4400000004,3296491,18
Sofía Villanueva,PEPE ARAMBURU,2025,octubre,Huanuco - PVO,16.50,14.50,872086.4200000002,3170598,14.5
Sofía Villanueva,PEPE ARAMBURU,2025,octubre,Huaral - PVH,15.97,14.00,380629.3500000001,1430103,14
Sofía Villanueva,PEPE ARAMBURU,2025,octubre,Jaen - PVO,20.63,16.50,632716.3499999999,1839980,16.5
Sofía Villanueva,PEPE ARAMBURU,2025,octubre,Pucallpa - PVO,11.32,13.00,845859.8299999996,4484580,13
Sofía Villanueva,PEPE ARAMBURU,2025,octubre,SJB Ayacucho - PVH,2.57,13.00,113,2641,13
Sofía Villanueva,PEPE ARAMBURU,2025,octubre,Tarapoto - PVO,11.24,14.00,850424.48,4541161,14
Sofía Villanueva,PEPE ARAMBURU,2025,octubre,Tarapoto 2 - PVO,6.99,13.00,22511.86,193273,13
Sofía Villanueva,PEPE ARAMBURU,2025,noviembre,Barranca - PVH,17.08,18.00,276617.35,971962,18
Sofía Villanueva,PEPE ARAMBURU,2025,noviembre,Cajamarca - PVH,15.56,16.00,607401.4500000001,2341843,16
Sofía Villanueva,PEPE ARAMBURU,2025,noviembre,Huacho - PVH,14.48,14.00,491728.5600000001,2038102,14
Sofía Villanueva,PEPE ARAMBURU,2025,noviembre,Huancayo - PVH,17.45,18.00,1002168.9099999995,3444883,18
Sofía Villanueva,PEPE ARAMBURU,2025,noviembre,Huanuco - PVO,15.81,14.50,886122.1400000001,3363224,14.5
Sofía Villanueva,PEPE ARAMBURU,2025,noviembre,Huaral - PVH,16.27,14.00,428636.35000000003,1581105,14
Sofía Villanueva,PEPE ARAMBURU,2025,noviembre,Jaen - PVO,18.59,16.50,597944.0399999998,1929633,16.5
Sofía Villanueva,PEPE ARAMBURU,2025,noviembre,Pucallpa - PVO,11.23,13.00,882505.8200000001,4714615,13
Sofía Villanueva,PEPE ARAMBURU,2025,noviembre,SJB Ayacucho - PVH,8.32,13.00,560264.2,4041219,13
Sofía Villanueva,PEPE ARAMBURU,2025,noviembre,Tarapoto - PVO,10.56,14.00,642007.8500000003,3647014,14
Sofía Villanueva,PEPE ARAMBURU,2025,noviembre,Tarapoto 2 - PVO,9.07,13.00,672164.21,4448208,13
Sofía Villanueva,PEPE ARAMBURU,2025,diciembre,Barranca - PVH,18.58,18.00,403652.2500000002,1303602,18
Sofía Villanueva,PEPE ARAMBURU,2025,diciembre,Cajamarca - PVH,15.98,16.00,816006.6400000004,3064616,16
Sofía Villanueva,PEPE ARAMBURU,2025,diciembre,Huacho - PVH,14.76,14.00,709119.8,2882217,14
Sofía Villanueva,PEPE ARAMBURU,2025,diciembre,Huancayo - PVH,16.77,18.00,1418165.0300000007,5073623,18
Sofía Villanueva,PEPE ARAMBURU,2025,diciembre,Huanuco - PVO,15.35,14.50,1218619.9399999995,4763112,14.5
Sofía Villanueva,PEPE ARAMBURU,2025,diciembre,Huaral - PVH,15.74,14.00,584903.2499999997,2229908,14
Sofía Villanueva,PEPE ARAMBURU,2025,diciembre,Jaen - PVO,17.37,16.50,795579.1600000004,2748278,16.5
Sofía Villanueva,PEPE ARAMBURU,2025,diciembre,Pucallpa - PVO,10.55,13.00,1019437.8600000001,5796803,13
Sofía Villanueva,PEPE ARAMBURU,2025,diciembre,SJB Ayacucho - PVH,9.81,13.00,893105.7100000007,5461694,13
Sofía Villanueva,PEPE ARAMBURU,2025,diciembre,Tarapoto - PVO,11.11,14.00,838067.8200000001,4526222,14
Sofía Villanueva,PEPE ARAMBURU,2025,diciembre,Tarapoto 2 - PVO,10.57,13.00,700980.9500000004,3980641,13
Sofía Villanueva,PEPE ARAMBURU,2026,enero,Barranca - PVH,15.64,18.00,249359.69,956481,18
Sofía Villanueva,PEPE ARAMBURU,2026,enero,Cajamarca - PVH,15.18,16.00,596535.9700000002,2357877,16
Sofía Villanueva,PEPE ARAMBURU,2026,enero,Huacho - PVH,13.66,14.00,487467.1599999999,2140658,14
Sofía Villanueva,PEPE ARAMBURU,2026,enero,Huancayo - PVH,16.19,18.00,989937.3200000005,3668182,18
Sofía Villanueva,PEPE ARAMBURU,2026,enero,Huanuco - PVO,13.95,14.50,797782.6599999998,3431642,14.5
Sofía Villanueva,PEPE ARAMBURU,2026,enero,Huaral - PVH,14.18,14.00,373406.87,1580328,14
Sofía Villanueva,PEPE ARAMBURU,2026,enero,Jaen - PVO,17.37,16.50,519943.9799999999,1796251,16.5
Sofía Villanueva,PEPE ARAMBURU,2026,enero,Pucallpa - PVO,9.97,13.00,760990.4600000001,4581110,13
Sofía Villanueva,PEPE ARAMBURU,2026,enero,SJB Ayacucho - PVH,10.40,13.00,552263.2599999998,3185448,13
Sofía Villanueva,PEPE ARAMBURU,2026,enero,Tarapoto - PVO,10.49,14.00,600683.6400000001,3436311,14
Sofía Villanueva,PEPE ARAMBURU,2026,enero,Tarapoto 2 - PVO,11.08,13.00,514315.76999999967,2785524,13
Sofía Villanueva,PEPE ARAMBURU,2026,febrero,Barranca - PVH,16.07,18.00,226302.68000000002,845047,18
Sofía Villanueva,PEPE ARAMBURU,2026,febrero,Cajamarca - PVH,15.84,16.00,595237.6599999999,2254324,16
Sofía Villanueva,PEPE ARAMBURU,2026,febrero,Huacho - PVH,13.10,14.00,435092.01999999996,1992141,14
Sofía Villanueva,PEPE ARAMBURU,2026,febrero,Huancayo - PVH,15.64,18.00,925622.1999999994,3551109,18
Sofía Villanueva,PEPE ARAMBURU,2026,febrero,Huanuco - PVO,13.54,14.50,709499.5900000001,3143564,14.5
Sofía Villanueva,PEPE ARAMBURU,2026,febrero,Huaral - PVH,14.36,14.00,339267.7599999998,1417919,14
Sofía Villanueva,PEPE ARAMBURU,2026,febrero,Jaen - PVO,17.02,16.50,459267.06999999983,1618575,16.5
Sofía Villanueva,PEPE ARAMBURU,2026,febrero,Pucallpa - PVO,10.32,13.00,708880.2999999996,4122090,13
Sofía Villanueva,PEPE ARAMBURU,2026,febrero,SJB Ayacucho - PVH,11.54,13.00,506065.0099999998,2631458,13
Sofía Villanueva,PEPE ARAMBURU,2026,febrero,Tarapoto - PVO,10.89,14.00,570453.0600000003,3144435,14
Sofía Villanueva,PEPE ARAMBURU,2026,febrero,Tarapoto 2 - PVO,11.18,13.00,488635.24000000017,2621767,13
Sofía Villanueva,PEPE ARAMBURU,2026,marzo,Barranca - PVH,16.57,18.00,283310.35000000003,1025620,18
Sofía Villanueva,PEPE ARAMBURU,2026,marzo,Cajamarca - PVH,14.78,16.00,696306.2499999998,2827377,16
Sofía Villanueva,PEPE ARAMBURU,2026,marzo,Huacho - PVH,13.75,14.00,531603.3699999999,2319643,14
Sofía Villanueva,PEPE ARAMBURU,2026,marzo,Huancayo - PVH,15.94,18.00,1112228.5300000003,4186626,18
Sofía Villanueva,PEPE ARAMBURU,2026,marzo,Huanuco - PVO,13.09,14.50,818061.3599999999,3750359,14.5
Sofía Villanueva,PEPE ARAMBURU,2026,marzo,Huaral - PVH,15.13,14.00,436583.98000000004,1730906,14
Sofía Villanueva,PEPE ARAMBURU,2026,marzo,Jaen - PVO,15.73,16.50,547432.5900000002,2088427,16.5
Sofía Villanueva,PEPE ARAMBURU,2026,marzo,Pucallpa - PVO,11.24,13.00,893413.5199999998,4770257,13
Sofía Villanueva,PEPE ARAMBURU,2026,marzo,SJB Ayacucho - PVH,13.52,13.00,620213.3500000001,2752192,13
Sofía Villanueva,PEPE ARAMBURU,2026,marzo,Tarapoto - PVO,12.50,14.00,675961.1599999998,3244284,14
Sofía Villanueva,PEPE ARAMBURU,2026,marzo,Tarapoto 2 - PVO,12.39,13.00,622360.8600000001,3013454,13
Sofía Villanueva,PEPE ARAMBURU,2026,abril,Barranca - PVH,16.24,18.00,227333.65999999997,839901,18
Sofía Villanueva,PEPE ARAMBURU,2026,abril,Cajamarca - PVH,14.80,16.00,610104.0700000003,2472886,16
Sofía Villanueva,PEPE ARAMBURU,2026,abril,Huacho - PVH,13.35,14.00,434635.6400000001,1952902,14
Sofía Villanueva,PEPE ARAMBURU,2026,abril,Huancayo - PVH,15.76,18.00,882044.0799999998,3357314,18
Sofía Villanueva,PEPE ARAMBURU,2026,abril,Huanuco - PVO,14.08,14.50,664877.2499999998,2832479,14.5
Sofía Villanueva,PEPE ARAMBURU,2026,abril,Huaral - PVH,15.37,14.00,321466.8,1255047,14
Sofía Villanueva,PEPE ARAMBURU,2026,abril,Jaen - PVO,16.91,16.50,460248.4299999998,1633274,16.5
Sofía Villanueva,PEPE ARAMBURU,2026,abril,Pucallpa - PVO,12.39,13.00,753635.7599999995,3648681,13
Sofía Villanueva,PEPE ARAMBURU,2026,abril,SJB Ayacucho - PVH,13.35,13.00,501297.7199999998,2252406,13
Sofía Villanueva,PEPE ARAMBURU,2026,abril,Tarapoto - PVO,12.74,14.00,555954.5699999998,2618545,14
Sofía Villanueva,PEPE ARAMBURU,2026,abril,Tarapoto 2 - PVO,13.25,13.00,487893.99,2208697,13
Sofía Villanueva,PEPE ARAMBURU,2026,mayo,Barranca - PVH,16.02,18.00,262792.86999999994,984531,18
Sofía Villanueva,PEPE ARAMBURU,2026,mayo,Cajamarca - PVH,16.23,16.00,659225.6799999999,2436420,16
Sofía Villanueva,PEPE ARAMBURU,2026,mayo,Huacho - PVH,13.99,14.00,454058.69000000006,1946993,14
Sofía Villanueva,PEPE ARAMBURU,2026,mayo,Huancayo - PVH,15.30,18.00,963715.2500000005,3780221,18
Sofía Villanueva,PEPE ARAMBURU,2026,mayo,Huanuco - PVO,14.30,14.50,734716.55,3082189,14.5
Sofía Villanueva,PEPE ARAMBURU,2026,mayo,Huaral - PVH,14.69,14.00,377838.17999999993,1543040,14
Sofía Villanueva,PEPE ARAMBURU,2026,mayo,Jaen - PVO,17.55,16.50,531103.8099999998,1815427,16.5
Sofía Villanueva,PEPE ARAMBURU,2026,mayo,Pucallpa - PVO,12.15,13.00,763479.3900000001,3769026,13
Sofía Villanueva,PEPE ARAMBURU,2026,mayo,SJB Ayacucho - PVH,14.00,13.00,555713.3099999998,2381615,13
Sofía Villanueva,PEPE ARAMBURU,2026,mayo,Tarapoto - PVO,13.24,14.00,616584.2400000002,2793441,14
Sofía Villanueva,PEPE ARAMBURU,2026,mayo,Tarapoto 2 - PVO,13.16,13.00,517389.63000000006,2359376,13
Sofía Villanueva,PEPE ARAMBURU,2026,junio,Barranca - PVH,15.59,18.00,226992.90999999997,873498,18
Sofía Villanueva,PEPE ARAMBURU,2026,junio,Cajamarca - PVH,17.41,16.00,619920.31,2136903,16
Sofía Villanueva,PEPE ARAMBURU,2026,junio,Huacho - PVH,14.35,14.00,446237.6199999999,1865832,14
Sofía Villanueva,PEPE ARAMBURU,2026,junio,Huancayo - PVH,15.21,18.00,859842.0299999998,3392742,18
Sofía Villanueva,PEPE ARAMBURU,2026,junio,Huanuco - PVO,15.30,14.50,666390.5399999999,2612961,14.5
Sofía Villanueva,PEPE ARAMBURU,2026,junio,Huaral - PVH,14.44,14.00,330078.3900000001,1371675,14
Sofía Villanueva,PEPE ARAMBURU,2026,junio,Jaen - PVO,16.35,16.50,474789.07000000007,1742274,16.5
Sofía Villanueva,PEPE ARAMBURU,2026,junio,Pucallpa - PVO,12.00,13.00,673753.2099999998,3369940,13
Sofía Villanueva,PEPE ARAMBURU,2026,junio,SJB Ayacucho - PVH,14.23,13.00,463778.8500000001,1955796,13
Sofía Villanueva,PEPE ARAMBURU,2026,junio,Tarapoto - PVO,13.43,14.00,538079.68,2403929,14
Sofía Villanueva,PEPE ARAMBURU,2026,junio,Tarapoto 2 - PVO,14.07,13.00,466592.91000000027,1989713,13
Sofía Villanueva,PEPE ARAMBURU,2026,julio,Barranca - PVH,,18.00,,,18
Sofía Villanueva,PEPE ARAMBURU,2026,julio,Cajamarca - PVH,,16.00,,,16
Sofía Villanueva,PEPE ARAMBURU,2026,julio,Huacho - PVH,,14.00,,,14
Sofía Villanueva,PEPE ARAMBURU,2026,julio,Huancayo - PVH,,18.00,,,18
Sofía Villanueva,PEPE ARAMBURU,2026,julio,Huanuco - PVO,,14.50,,,14.5
Sofía Villanueva,PEPE ARAMBURU,2026,julio,Huaral - PVH,,14.00,,,14
Sofía Villanueva,PEPE ARAMBURU,2026,julio,Jaen - PVO,,16.50,,,16.5
Sofía Villanueva,PEPE ARAMBURU,2026,julio,Pucallpa - PVO,,13.00,,,13
Sofía Villanueva,PEPE ARAMBURU,2026,julio,SJB Ayacucho - PVH,,13.00,,,13
Sofía Villanueva,PEPE ARAMBURU,2026,julio,Tarapoto - PVO,,14.00,,,14
Sofía Villanueva,PEPE ARAMBURU,2026,julio,Tarapoto 2 - PVO,,13.00,,,13
Sofía Villanueva,PEPE ARAMBURU,2026,agosto,Barranca - PVH,,18.00,,,18
Sofía Villanueva,PEPE ARAMBURU,2026,agosto,Cajamarca - PVH,,16.00,,,16
Sofía Villanueva,PEPE ARAMBURU,2026,agosto,Huacho - PVH,,14.00,,,14
Sofía Villanueva,PEPE ARAMBURU,2026,agosto,Huancayo - PVH,,18.00,,,18
Sofía Villanueva,PEPE ARAMBURU,2026,agosto,Huanuco - PVO,,14.50,,,14.5
Sofía Villanueva,PEPE ARAMBURU,2026,agosto,Huaral - PVH,,14.00,,,14
Sofía Villanueva,PEPE ARAMBURU,2026,agosto,Jaen - PVO,,16.50,,,16.5
Sofía Villanueva,PEPE ARAMBURU,2026,agosto,Pucallpa - PVO,,13.00,,,13
Sofía Villanueva,PEPE ARAMBURU,2026,agosto,SJB Ayacucho - PVH,,13.00,,,13
Sofía Villanueva,PEPE ARAMBURU,2026,agosto,Tarapoto - PVO,,14.00,,,14
Sofía Villanueva,PEPE ARAMBURU,2026,agosto,Tarapoto 2 - PVO,,13.00,,,13
Sofía Villanueva,PEPE ARAMBURU,2026,septiembre,Barranca - PVH,,18.00,,,18
Sofía Villanueva,PEPE ARAMBURU,2026,septiembre,Cajamarca - PVH,,16.00,,,16
Sofía Villanueva,PEPE ARAMBURU,2026,septiembre,Huacho - PVH,,14.00,,,14
Sofía Villanueva,PEPE ARAMBURU,2026,septiembre,Huancayo - PVH,,18.00,,,18
Sofía Villanueva,PEPE ARAMBURU,2026,septiembre,Huanuco - PVO,,14.50,,,14.5
Sofía Villanueva,PEPE ARAMBURU,2026,septiembre,Huaral - PVH,,14.00,,,14
Sofía Villanueva,PEPE ARAMBURU,2026,septiembre,Jaen - PVO,,16.50,,,16.5
Sofía Villanueva,PEPE ARAMBURU,2026,septiembre,Pucallpa - PVO,,13.00,,,13
Sofía Villanueva,PEPE ARAMBURU,2026,septiembre,SJB Ayacucho - PVH,,13.00,,,13
Sofía Villanueva,PEPE ARAMBURU,2026,septiembre,Tarapoto - PVO,,14.00,,,14
Sofía Villanueva,PEPE ARAMBURU,2026,septiembre,Tarapoto 2 - PVO,,13.00,,,13
Sofía Villanueva,PEPE ARAMBURU,2026,octubre,Barranca - PVH,,18.00,,,18
Sofía Villanueva,PEPE ARAMBURU,2026,octubre,Cajamarca - PVH,,16.00,,,16
Sofía Villanueva,PEPE ARAMBURU,2026,octubre,Huacho - PVH,,14.00,,,14
Sofía Villanueva,PEPE ARAMBURU,2026,octubre,Huancayo - PVH,,18.00,,,18
Sofía Villanueva,PEPE ARAMBURU,2026,octubre,Huanuco - PVO,,14.50,,,14.5
Sofía Villanueva,PEPE ARAMBURU,2026,octubre,Huaral - PVH,,14.00,,,14
Sofía Villanueva,PEPE ARAMBURU,2026,octubre,Jaen - PVO,,16.50,,,16.5
Sofía Villanueva,PEPE ARAMBURU,2026,octubre,Pucallpa - PVO,,13.00,,,13
Sofía Villanueva,PEPE ARAMBURU,2026,octubre,SJB Ayacucho - PVH,,13.00,,,13
Sofía Villanueva,PEPE ARAMBURU,2026,octubre,Tarapoto - PVO,,14.00,,,14
Sofía Villanueva,PEPE ARAMBURU,2026,octubre,Tarapoto 2 - PVO,,13.00,,,13
Sofía Villanueva,PEPE ARAMBURU,2026,noviembre,Barranca - PVH,,18.00,,,18
Sofía Villanueva,PEPE ARAMBURU,2026,noviembre,Cajamarca - PVH,,16.00,,,16
Sofía Villanueva,PEPE ARAMBURU,2026,noviembre,Huacho - PVH,,14.00,,,14
Sofía Villanueva,PEPE ARAMBURU,2026,noviembre,Huancayo - PVH,,18.00,,,18
Sofía Villanueva,PEPE ARAMBURU,2026,noviembre,Huanuco - PVO,,14.50,,,14.5
Sofía Villanueva,PEPE ARAMBURU,2026,noviembre,Huaral - PVH,,14.00,,,14
Sofía Villanueva,PEPE ARAMBURU,2026,noviembre,Jaen - PVO,,16.50,,,16.5
Sofía Villanueva,PEPE ARAMBURU,2026,noviembre,Pucallpa - PVO,,13.00,,,13
Sofía Villanueva,PEPE ARAMBURU,2026,noviembre,SJB Ayacucho - PVH,,13.00,,,13
Sofía Villanueva,PEPE ARAMBURU,2026,noviembre,Tarapoto - PVO,,14.00,,,14
Sofía Villanueva,PEPE ARAMBURU,2026,noviembre,Tarapoto 2 - PVO,,13.00,,,13
Sofía Villanueva,PEPE ARAMBURU,2026,diciembre,Barranca - PVH,,18.00,,,18
Sofía Villanueva,PEPE ARAMBURU,2026,diciembre,Cajamarca - PVH,,16.00,,,16
Sofía Villanueva,PEPE ARAMBURU,2026,diciembre,Huacho - PVH,,14.00,,,14
Sofía Villanueva,PEPE ARAMBURU,2026,diciembre,Huancayo - PVH,,18.00,,,18
Sofía Villanueva,PEPE ARAMBURU,2026,diciembre,Huanuco - PVO,,14.50,,,14.5
Sofía Villanueva,PEPE ARAMBURU,2026,diciembre,Huaral - PVH,,14.00,,,14
Sofía Villanueva,PEPE ARAMBURU,2026,diciembre,Jaen - PVO,,16.50,,,16.5
Sofía Villanueva,PEPE ARAMBURU,2026,diciembre,Pucallpa - PVO,,13.00,,,13
Sofía Villanueva,PEPE ARAMBURU,2026,diciembre,SJB Ayacucho - PVH,,13.00,,,13
Sofía Villanueva,PEPE ARAMBURU,2026,diciembre,Tarapoto - PVO,,14.00,,,14
Sofía Villanueva,PEPE ARAMBURU,2026,diciembre,Tarapoto 2 - PVO,,13.00,,,13
